243859314462
243890145395
243846436689
243890200611
243857728655
243891528665
243857656726
243894753031
243856948005
243897740665
243853163895
243893175488
243844193251
243893441319
243853962127
243893532861
243841411434
243898621985
243858473162
243899355950
243854028977
243895971177
243857974558
243895825072
243844640909
243895501187
243849199038
243897495975
243844044468
243891078113
243847253965
243892471363
243857010112
243890702976
243857895152
243898061418
243847508754
243890438515
243846100428
243898815625
243853070892
243891838783
243844350148
243897646497
243858599651
243899258642
243852956514
243892364041
243853488300
243895712280
243848432492
243898462338
243840754303
243897611313
243856712202
243890374043
243849279008
243890450650
243859048723
243891100921
243857237172
243893285642
243842502227
243896329679
243856452888
243898703833
243844035003
243899928169
243844573871
243893063178
243845163770
243892232532
243855686047
243896221995
243858887913
243898365885
243850357742
243898059405
243853723958
243895741024
243845735482
243897122381
243855553017
243892096430
243841713008
243893637881
243845603018
243892323197
243848552506
243893611391
243857989077
243899749002
243841307079
243899890888
243846087626
243891044609
243853495254
243891786777
243858061446
243892610217
243846399187
243895744917
243858557440
243894300843
243858839658
243899696968
243852002817
243896832593
243856390513
243892312775
243840563883
243899581818
243855567436
243891160097
243849375256
243893780394
243854015753
243895506777
243847494881
243899894830
243859252214
243890742267
243851395212
243896159722
243845478969
243890791140
243856116442
243897318403
243853014790
243894138107
243852801263
243898995281
243853039534
243896463118
243847518982
243891355036
243844796881
243890411437
243851918295
243897039671
243840065620
243892022331
243850195727
243893015739
243858006870
243891863557
243842465532
243896244202
243844209660
243895854298
243859671750
243892216592
243854558333
243894112972
243844043018
243899306832
243850695993
243890759885
243843387270
243892745349
243849886997
243897872123
243852499100
243899466893
243844657735
243895837946
243850889462
243899258348
243858776778
243890421701
243857812176
243891937599
243847671493
243895757842
243847711522
243897278287
243852834838
243894443747
243850540861
243898872205
243845562619
243899929577
243843511969
243890174265
243848639524
243893675258
243849997707
243896465619
243843405513
243899157115
243846028013
243892342892
243853743907
243891211481
243849855337
243891452491
243842393738
243891368780
243844126924
243891219168
243856449724
243899101110
243844717195
243895645425
243855474681
243895467170
243854560682
243895526631
243853930445
243895005282
243856256317
243894341605
243842751497
243890690324
243841839690
243897185233
243841833940
243892591377
243857443429
243894931924
243850882934
243896842391
243852378658
243893751787
243845016386
243894510880
243858920183
243893955123
243843485120
243891776553
243856511263
243894496625
243854702056
243894032137
243847025226
243890142887
243853234609
243897832679
243853448940
243894524702
243848635764
243897224997
243844015018
243891332414
243842732700
243894484059
243840204616
243897832203
243859393122
243896924228
243841583663
243891048047
243841238640
243893535091
243850621450
243891160893
243843413589
243899178451
243843825516
243895560141
243848583479
243893936512
243846365784
243895045346
243846010627
243896292297
243850261551
243898785201
243856539834
243892091712
243844296976
243892234166
243856077917
243898592791
243842814642
243897194495
243845457819
243895841773
243845150414
243896206673
243850968093
243899307474
243858227227
243895288720
243853654235
243892231128
243857865618
243891675180
243845177419
243895262353
243846142737
243898979346
243849469469
243896316822
243853900753
243893998270
243852163036
243891341611
243848447533
243891888021
243854298945
243899608233
243859106965
243890231047
243852465733
243890223901
243845404245
243891433294
243848829052
243899138773
243845034685
243899869498
243856261604
243894788004
243841449200
243891279032
243854740371
243898821962
243850267005
243896730753
243859644024
243895719018
243845974556
243891222747
243846936551
243892888169
243857194927
243894384224
243846876554
243890231370
243858326323
243890054485
243853928175
243896490186
243849469968
243895995230
243845782888
243897942517
243848388977
243896460130
243858849521
243899676655
243840553742
243891862043
243841110035
243892418084
243850013995
243892547061
243844336248
243894814889
243840922885
243896761016
243848487402
243890274537
243847304385
243892748969
243858750857
243896697838
243854906974
243892270123
243841355998
243895532093
243849812312
243897777251
243856991133
243896122470
243850429201
243896959845
243858506431
243892441678
243858186645
243892981846
243849979821
243899618457
243840721776
243899497457
243852400741
243896364955
243859989157
243897610184
243855780563
243893696682
243849535346
243893671082
243844977229
243890112226
243845600657
243898821835
243858438496
243896953135
243852622763
243890853506
243852178487
243894979835
243851437398
243895986361
243859622900
243895185654
243843987119
243897168992
243843927026
243892471866
243849215117
243899489415
243858232043
243899369374
243841918127
243899999190
243851432689
243898734617
243844646064
243899400958
243854696104
243891441040
243842923709
243898592405
243852520837
243892069372
243840797876
243895037285
243857045638
243899741091
243857281656
243893923819
243858019269
243899184865
243859898191
243899807041
243840517054
243892470005
243851516733
243892543273
243854925958
243892213321
243855931752
243897128935
243840556169
243899853847
243850086502
243892785929
243855315983
243892861169
243857748830
243896536802
243844175428
243897054843
243851464390
243891090088
243851919353
243895682212
243851583404
243891067841
243855446186
243894153518
243849165600
243895780756
243845697768
243890423607
243853432110
243897294771
243842366601
243896858775
243841829648
243893873417
243848896446
243899879040
243843112274
243890449702
243848258716
243890717204
243843926368
243893681371
243844638192
243894635617
243850284239
243895369735
243855282490
243899653413
243859951232
243897937120
243852949002
243894441370
243845615102
243898831014
243842831446
243898231365
243842627374
243898221281
243841485111
243893751133
243840132518
243892753462
243849647026
243893484414
243845988181
243893077255
243850977083
243898811587
243846061750
243895720455
243859300093
243896630898
243855930174
243893077090
243851299985
243898782072
243849664956
243898954326
243859104774
243890469932
243840889450
243896481030
243855886506
243894062642
243845972732
243899404411
243846068135
243893581519
243840047767
243892981665
243840497614
243894967379
243846970076
243899847156
243844677897
243898040613
243841316869
243897566026
243850056197
243890649407
243853157537
243897792489
243850334748
243892132479
243849345501
243890897326
243856229884
243899313945
243840657936
243896993611
243853661528
243890458085
243849528075
243896925221
243848897950
243899974761
243859403631
243893668034
243846124971
243892002131
243851119454
243896121729
243858089765
243896379320
243857604811
243891429050
243848687039
243890494739
243854622755
243891134944
243856242125
243893395185
243849388400
243899619857
243853605939
243894493762
243859811040
243895469623
243854681539
243891178443
243856139164
243897870541
243859935476
243895056907
243853798755
243895724228
243843226846
243894239689
243856554487
243893015574
243848523132
243891802826
243849155161
243895361255
243842715227
243898276352
243855797939
243897403567
243843860074
243898781868
243858809059
243892661402
243852709949
243890613778
243845692734
243893747846
243855803513
243895842438
243854878923
243898991435
243846019490
243892813432
243851270991
243899308433
243851195079
243895690584
243849446466
243897990272
243850903956
243892287412
243854903540
243894295081
243853140389
243894112771
243846084616
243893997301
243857100644
243892508052
243853283757
243893791789
243851206915
243896076930
243852603011
243894884787
243845973141
243898119210
243858095282
243890144761
243843990601
243891625095
243850793277
243891008717
243847950432
243899174785
243857442721
243895194877
243855925176
243892376849
243850639903
243890147238
243851624579
243897030203
243840820300
243898497877
243850670877
243898358846
243854014293
243891218312
243859500153
243891503668
243856640100
243899559419
243846005405
243893625138
243846945910
243898529788
243849936578
243895085903
243843652018
243896610297
243859828081
243894209431
243852580587
243895923881
243846261782
243890150066
243845959573
243898452027
243859060748
243895855217
243844909137
243896209950
243853370365
243896691264
243856711776
243890710065
243859712646
243896197971
243840871909
243895260770
243847470118
243898421453
243842631529
243891249507
243840172742
243898156144
243840182940
243895033674
243854634999
243898795961
243857494007
243895726015
243851615206
243891409292
243850256975
243899128054
243852205093
243897260772
243840332315
243898351416
243845879636
243892038759
243851952154
243897604421
243851841857
243895808832
243850720924
243899734095
243849428632
243892054002
243840361402
243894242929
243847740148
243890182623
243845045416
243899394869
243853359048
243893588529
243859436393
243893382383
243853337514
243895002929
243843407685
243895172699
243845302872
243890716541
243847060000
243891835985
243848235074
243897631925
243851848537
243897886276
243858131898
243893508427
243840780299
243897378289
243851808649
243896964380
243853003329
243892874561
243850171369
243891421298
243855353793
243899758360
243852323612
243892797717
243845526294
243897704190
243853869912
243893673571
243857240198
243893518313
243850717026
243894579029
243849360194
243895440606
243846479174
243895870824
243848981400
243890981461
243851672829
243897455327
243842918909
243897206943
243859936947
243899851392
243854236092
243891780832
243850578741
243897839580
243858833563
243899146779
243850984862
243896579248
243856436569
243899532233
243841226417
243897587260
243852657141
243894708474
243845842019
243890956679
243856646044
243892112152
243856104157
243896946626
243842836878
243897400456
243851585113
243895501868
243843261322
243893913350
243856442632
243899909461
243854510130
243896100605
243858242460
243899071192
243848791628
243893749974
243858598554
243890866409
243855756624
243898086047
243840334656
243898405209
243841998296
243890620091
243849463973
243898902269
243842848524
243893047280
243847726450
243892456787
243852349016
243896336895
243840537737
243896458122
243854343376
243895997491
243855848258
243897699124
243841778811
243891240390
243842437705
243895887138
243843387802
243896934074
243854776841
243891982604
243847960066
243892187070
243844649142
243896709346
243851273869
243899175964
243859874142
243892740612
243856577618
243898683164
243845081853
243897651449
243850583666
243891193973
243845645789
243890878983
243856412132
243899448194
243853168539
243897903584
243853662156
243895648379
243858430581
243896845153
243848346662
243890443034
243851792015
243896712186
243857540967
243890518527
243855291005
243895901248
243848651674
243895522881
243846475659
243892573539
243840119341
243899821166
243856178761
243893955197
243841842099
243894723154
243845304870
243892594694
243844737267
243897178606
243843630516
243895521255
243857264421
243897533437
243841260651
243895006851
243843474355
243895540800
243854287929
243897811252
243848247754
243892643529
243846508253
243892691640
243846668428
243896880498
243849893924
243896757122
243843112825
243891899762
243853882193
243896513914
243854395676
243897437330
243853623591
243890904691
243859916106
243896881592
243852233011
243898475352
243846811635
243894819978
243849248145
243896991994
243848791816
243890030278
243859734222
243897888809
243854522322
243894206395
243843052267
243892939827
243848739487
243894664556
243845209563
243899593750
243851235652
243894670014
243849361842
243892035804
243841776843
243896673980
243853609080
243897480537
243852391182
243895104514
243842323026
243890834905
243841117388
243892569004
243855132561
243897204630
243855229822
243896932959
243851514650
243897762946
243841974889
243896402375
243848443827
243894690121
243857996522
243892435572
243858484188
243897737369
243852823962
243895278407
243840327914
243896744506
243850970600
243893325464
243850455505
243897756192
243847210987
243891807383
243853469266
243894911013
243842808957
243893930694
243850380276
243898189848
243858083008
243898126581
243846716592
243893177446
243848192855
243896329699
243847111502
243891189069
243843667785
243893364331
243846196417
243892451788
243841994647
243890907574
243851926337
243896875011
243849129589
243890060359
243845956789
243898871930
243857588845
243890194311
243852089058
243897914612
243846090991
243896962923
243854218335
243892174766
243846404936
243898255336
243852165178
243897547178
243841171288
243898094838
243857526950
243893570727
243844424929
243897693102
243849755812
243894563965
243846275560
243891141041
243852071578
243896220550
243847749304
243895993247
243849018250
243899251366
243855376508
243898821451
243852940412
243890886866
243854575163
243898128223
243840491781
243896675096
243857388948
243893194094
243857391725
243893081118
243843748421
243897449299
243847055919
243897806365
243852049270
243891637647
243842615995
243895077249
243854608853
243898628534
243851354759
243899804712
243850826529
243892837649
243840537627
243893264037
243847437147
243894560133
243852229531
243898186033
243849671569
243891963041
243848723533
243893154853
243841317861
243896386359
243856594153
243896297018
243852915973
243890206987
243857748036
243899400090
243841241582
243894698820
243842434426
243890841168
243850113946
243891694599
243846528167
243894250128
243842618343
243898335173
243843787792
243894233384
243843226725
243894066177
243840258321
243895889382
243853566827
243891231038
243853843147
243891613698
243855959185
243899332187
243842374471
243893689782
243847078206
243898367047
243846628523
243890344246
243841318695
243894905351
243859151450
243891661046
243852563154
243891455428
243854025745
243896991327
243847680664
243894279044
243858341100
243893469254
243845411708
243898047219
243845930908
243893613761
243846112536
243893832865
243850315093
243894035951
243842932399
243899243460
243857501648
243893631450
243859926650
243898842616
243840764012
243899145165
243846576988
243895081376
243849492466
243892084586
243850327161
243894670873
243854690877
243892139970
243859022807
243896082122
243847596574
243898652695
243859263293
243897890283
243842107587
243891450054
243844061861
243894640131
243859883964
243894716980
243848488272
243894670813
243848425629
243890597136
243848495612
243898336785
243848883319
243897610107
243854807874
243890419922
243851672402
243898285099
243858642330
243896695632
243844747875
243891447052
243858801975
243890837541
243854348186
243897941620
243853486504
243897421025
243850816316
243896281948
243843726201
243891797459
243853153301
243893282380
243849589857
243896041859
243855839191
243899870799
243849818842
243895439757
243858202453
243895686319
243856716925
243895736804
243846151715
243897408331
243844431085
243891198949
243849964563
243891605902
243847957284
243898110572
243857411280
243891061977
243852075720
243895288709
243850044984
243890938644
243853051043
243890011621
243851126390
243898504121
243856762821
243896743955
243853340033
243899644731
243849355392
243897335038
243844170370
243896317609
243853616238
243892541132
243845038346
243894628081
243845073601
243897536821
243842985277
243895053724
243859896894
243897038651
243854896704
243892294002
243848513949
243894938368
243850382043
243896423955
243853263754
243898619597
243853141979
243892070430
243846553659
243894029690
243854096511
243895666438
243840404024
243899459591
243848720034
243899793989
243850162554
243890223583
243851036455
243896872401
243853680257
243895443091
243850493398
243895936438
243842222911
243897794066
243846363819
243893941501
243841572664
243898972846
243851033463
243890713405
243851976093
243897387046
243850547770
243891428104
243843381739
243896511372
243852746812
243896494908
243849694124
243894974632
243859027363
243891742893
243854469435
243892930031
243845196642
243897799849
243848984422
243892342896
243841965437
243891406892
243858985056
243894172005
243855618437
243890235692
243858446546
243894365848
243849040015
243896813844
243853318577
243891710739
243840828588
243890891021
243854574053
243891657701
243856687547
243891801261
243848518330
243896131783
243841197517
243893582015
243852865564
243895785271
243849601657
243893078228
243853741109
243895419690
243844064495
243899659001
243858026660
243899045624
243848575549
243893185636
243845913874
243895181565
243841614868
243895674301
243844772086
243899529235
243848615666
243892948649
243850048112
243898344303
243848139374
243893666713
243859400860
243893785837
243850789304
243891742013
243857486499
243895392837
243844485060
243892134713
243846572361
243892146330
243845817621
243895984657
243859802832
243895333791
243857027441
243892291757
243841587488
243893106696
243857406505
243899526724
243841032392
243893753077
243850399351
243894635034
243852501283
243895574010
243856192418
243892943377
243850528103
243894151279
243854674458
243899373616
243851408696
243892311879
243841711343
243894989421
243841513996
243890966636
243842230767
243890451923
243849759301
243897761844
243850035563
243897852530
243854423510
243892637397
243852307174
243896077013
243849842766
243897989908
243843285567
243892781829
243858871725
243892404320
243850745085
243892203472
243841665591
243899046252
243856272764
243890095565
243853275038
243895383883
243848656567
243895246640
243841711821
243897696108
243845360453
243892884618
243856520984
243894358880
243853091628
243897875711
243858313147
243898561218
243849457220
243897437401
243856170987
243898316385
243852498533
243898846027
243851440907
243896216477
243858338459
243899076544
243849588726
243894285325
243846816990
243898881918
243844036274
243897326213
243846640182
243891601657
243859867571
243896731655
243858076863
243897375455
243857786478
243895945708
243853275920
243895666431
243847133229
243898271173
243842201253
243896146986
243850189903
243894670121
243842983490
243894772159
243844983712
243897039807
243856704714
243893863200
243850231678
243891959635
243851633547
243899658786
243852589472
243898726251
243858617955
243890246277
243846228757
243893246494
243849821486
243899949319
243843179869
243894900197
243845586928
243897388586
243858224470
243892859470
243848135632
243892774746
243840278998
243894977213
243842317505
243896180458
243841568092
243896154068
243854972855
243893036212
243859540882
243897880726
243842815491
243898115627
243853024314
243899873782
243843285909
243897394821
243855969530
243896590170
243849469793
243894688071
243857755489
243898152690
243840409622
243892939613
243850040927
243894916448
243858686973
243892955634
243842534761
243896693119
243852338246
243891052691
243857190057
243893638772
243856062061
243899566682
243840947206
243893085675
243841745404
243896727087
243858452823
243895803184
243847647290
243898380698
243850633602
243893706283
243853547559
243890678814
243845998453
243897151424
243850426655
243898991879
243855799477
243899455677
243858279591
243891482627
243852611225
243891474850
243840902172
243895438940
243850136710
243892468307
243856695743
243893891955
243856427748
243894740075
243854703153
243892868679
243849197197
243893760779
243843149586
243894075351
243847402310
243893288968
243840996578
243893371577
243854964151
243898879996
243850848198
243897636846
243845947703
243897628146
243858513684
243891714989
243841155896
243896188674
243850600248
243896418179
243847202736
243897525792
243848706128
243891203949
243847546906
243890770563
243852961999
243898115982
243843285984
243899074727
243857567611
243891099931
243853428737
243890542533
243847174077
243894530647
243846916256
243891639742
243849372993
243894701280
243841535837
243897259350
243845738921
243897916141
243858407616
243893813075
243852799791
243895853761
243856413068
243896895418
243859157763
243890903926
243845132954
243894007403
243859396058
243898067268
243849988322
243893506630
243855135473
243899286214
243847937071
243895556357
243848389368
243890872559
243842741552
243892630365
243856223306
243899220783
243852322610
243894704398
243859378579
243899477154
243854856763
243892281782
243857688882
243892766091
243849987906
243895899298
243857592497
243892520643
243857303224
243896855501
243854607824
243899112449
243854668045
243894398573
243852510706
243897914460
243859513363
243894005489
243854812379
243893568235
243853421230
243893211497
243850135279
243895514733
243842956644
243890925807
243854362233
243897607848
243847048508
243890617354
243853714040
243893692446
243857595367
243892268272
243852057043
243894694268
243858204950
243894815799
243846211925
243895258995
243850095213
243894694934
243842783104
243896530277
243848182060
243890888033
243859845471
243894924452
243845061150
243895134757
243849750163
243897515990
243842101886
243898438838
243855436757
243892552206
243845637702
243896683570
243842648174
243897412339
243851698544
243893673791
243852802527
243891379102
243844097198
243890234978
243852652855
243894676270
243840074817
243891642584
243845595202
243890644767
243840390548
243891379430
243852277394
243890929061
243855409833
243896516575
243849808823
243895071306
243843768570
243890082855
243858285872
243894310425
243857368617
243895988762
243840563197
243892668194
243851561202
243895822311
243844989395
243890163889
243849192523
243896580637
243847907638
243892031433
243844612081
243897075879
243850203693
243891961662
243843489126
243890065551
243841044178
243898082970
243848397155
243892340916
243848790953
243898328904
243841891676
243890728812
243848281403
243897473109
243844935999
243891511906
243854019363
243897938920
243844423202
243899406876
243846002445
243891315765
243842690649
243896665911
243841289010
243894299303
243840578049
243895703198
243854943578
243897495138
243842004707
243891374014
243844205498
243899233219
243852571766
243890804305
243845681000
243897011157
243853639096
243893458149
243859102757
243896946010
243856373436
243895100929
243840647779
243897273285
243846310136
243898739700
243858549026
243890935075
243855548605
243890867998
243852014664
243892800934
243850068043
243895721180
243851564892
243894481112
243846496788
243899557529
243849388812
243893500048
243859190208
243890351535
243856143261
243891305594
243859365634
243899785973
243858719648
243898124923
243857978582
243891366918
243847241734
243896299240
243858453306
243890747619
243859721043
243890778080
243847937489
243893921651
243844659893
243892146914
243854833997
243897625250
243852459222
243898713989
243842374620
243897041584
243850676623
243894157019
243840216394
243899729525
243854459344
243895418438
243843718345
243894311540
243842058739
243897878309
243849840323
243896092910
243857737659
243891383768
243855252546
243892965292
243840017836
243896186796
243854894137
243895809152
243846385558
243891209756
243853182693
243895158327
243848260005
243890820812
243854575147
243899507440
243853108011
243898942648
243844118896
243899041475
243848770870
243896122905
243843522671
243893888152
243854855944
243896580254
243859158292
243899563202
243854042276
243892416351
243843481432
243890380716
243854544219
243891295951
243848486739
243896015103
243857946370
243891881183
243859259240
243896459280
243843431434
243896824471
243846375102
243892091984
243859246108
243895024542
243842953717
243893206737
243843538000
243890925927
243852291787
243891625317
243855804303
243899456838
243852703244
243891513394
243858284643
243894453217
243846856039
243896701347
243851481197
243895259130
243841697979
243897616975
243846899054
243892153819
243846157017
243895527563
243851370503
243897598196
243846413289
243890576122
243843430026
243892252595
243840577861
243899021122
243843992931
243896726913
243846807903
243892175868
243854089906
243899263363
243841418362
243894685100
243840756558
243891400624
243843999447
243894400642
243857584847
243890270884
243850710146
243899569742
243859340700
243896046767
243840856619
243896492549
243840733748
243897703052
243843689199
243891302339
243859181025
243891243609
243842895381
243897032395
243840230574
243897412853
243850426264
243890218256
243849038037
243899079719
243848973079
243896315692
243854027757
243895083160
243852733274
243897491368
243850708669
243898100901
243844683612
243898404537
243851078110
243898250013
243843282686
243892234232
243840182900
243891739277
243848104849
243899596568
243844751893
243895431133
243840793708
243891122607
243851463404
243895529891
243847398986
243892438618
243851939883
243893790758
243841939694
243895841666
243852454841
243891781901
243841502406
243891137308
243859508953
243893191320
243843799097
243892646845
243848156053
243890571653
243849830251
243896805289
243841212186
243892450910
243840936787
243899459175
243848522683
243898861619
243856066153
243895615657
243844883669
243897070817
243856453416
243893712345
243847502799
243892333647
243848910629
243890159699
243855082809
243897718356
243857336215
243893135379
243849104291
243892746084
243856688742
243892703846
243846395518
243897353512
243858131249
243892012602
243852514549
243897946436
243855399181
243893770430
243843703397
243891025161
243844393692
243896450792
243856343046
243890814337
243850783244
243893551250
243851389403
243896467202
243855803303
243898833383
243843819194
243894768717
243858853784
243899449212
243846196114
243890112872
243842226031
243893666605
243848692385
243892992881
243858943125
243890834349
243842082536
243893549674
243857780049
243898836682
243842228300
243892224874
243843907321
243896168918
243841772333
243895610487
243851912072
243891091515
243856184073
243891576260
243859644471
243898364811
243844090619
243897549041
243844589425
243893095209
243852194183
243891209781
243842184754
243895239066
243853574667
243897209234
243849921995
243894223611
243856481247
243897922616
243854360446
243895440067
243840042026
243896900977
243852182946
243891871090
243845187676
243899343742
243842384224
243896635164
243846694385
243896733883
243841424035
243893383350
243854028882
243890092575
243857456548
243898848327
243856700901
243893681989
243841900665
243894305393
243854687781
243890099609
243852588818
243896764481
243841280276
243896905823
243853475636
243897724795
243858541968
243899174919
243857996812
243897846658
243845887850
243892579950
243854676820
243893342453
243859576306
243894586447
243841291176
243895967371
243846764770
243892322181
243854208402
243899631420
243854026061
243898908612
243842970443
243893099636
243858656866
243896310919
243840258003
243891637959
243851768082
243893781753
243844760229
243893327411
243857286248
243892240673
243847028109
243899815955
243853155457
243893331292
243840199905
243894581468
243846719919
243896245800
243852555463
243890777632
243854385220
243894542584
243840360429
243894066490
243858780637
243890691733
243844603149
243893481936
243852839240
243896380138
243844611851
243899748965
243847262771
243899754778
243859220053
243896168217
243855040048
243891082021
243854674513
243895389068
243856504067
243891948406
243846628758
243894216371
243855715296
243893616411
243852850619
243896465348
243846921837
243899776143
243851876688
243893144894
243845467827
243892964608
243858538748
243897035504
243841567358
243897879109
243857586083
243891611333
243858301974
243897226276
243841660153
243892784187
243849147879
243890890910
243848021590
243892401911
243852429189
243892933529
243848893843
243893294978
243841052960
243898036691
243851850880
243892381439
243857377591
243890238708
243855771143
243894677944
243852786672
243892858754
243841004795
243898217265
243856906871
243894257972
243847348800
243893934010
243846738046
243898545902
243849903189
243893255665
243848378990
243894312406
243859025622
243894069805
243858516702
243893550804
243859576126
243891611069
243857935621
243896948485
243844533028
243896896124
243859597310
243898342964
243850942604
243895739944
243856388267
243892666194
243851084625
243892482387
243845804852
243894055822
243859520944
243898456719
243844718045
243892995282
243848302324
243898726335
243853733930
243894555923
243840580155
243899050430
243851975723
243899502193
243842543673
243898737281
243843051766
243892044585
243853977900
243896385133
243854440661
243896717031
243840581234
243895396718
243857244444
243896936404
243844572008
243898673385
243846544106
243898331252
243855966603
243896309270
243859813667
243892479321
243850439792
243899555367
243841946374
243891314435
243856909798
243895677284
243854573494
243896713096
243859823629
243899662758
243844766197
243899869937
243854135350
243898429459
243851936105
243896037970
243842503739
243890099374
243844561332
243898041538
243846330207
243892023898
243847830924
243894576555
243859674075
243892560894
243851796448
243896122407
243843489509
243899193540
243845632661
243893187969
243858709789
243895599707
243855914862
243893820809
243858029992
243898910298
243850095156
243893999701
243843402392
243897836435
243849780177
243899287974
243849601243
243891791176
243849685059
243899760544
243840051776
243897454147
243840940031
243890214470
243844630837
243893204369
243856441394
243896059916
243842837761
243893340089
243855411050
243895776029
243859844635
243895855633
243848730884
243895026164
243858656798
243897837378
243848538947
243899549566
243844764022
243892599885
243840349130
243892077400
243848859393
243891274603
243857379778
243896115649
243850981319
243890584086
243852962722
243898483912
243850096254
243893464178
243858300846
243895401674
243855311514
243892033128
243844913377
243894291794
243841987497
243894137994
243848467819
243890662381
243856414970
243894783897
243841302945
243899191280
243850933603
243898529743
243849800191
243896142464
243850770425
243897362567
243853693196
243897055147
243844152105
243890630901
243858389225
243896963258
243842779854
243892804440
243850246094
243893449298
243845277979
243898026863
243844944689
243890021583
243859643631
243893439938
243859525070
243899434372
243848480546
243892483417
243851495253
243899938545
243857960537
243890195718
243853671370
243893675265
243857892510
243899693348
243844510096
243892321366
243853757474
243892320892
243845508847
243897687405
243843879382
243897164886
243853206266
243893321388
243846134223
243897042280
243848611732
243892462846
243850640149
243897508078
243840838722
243895706561
243848704912
243895441396
243847681144
243895771962
243857787216
243895821067
243855371557
243896690115
243851426283
243896550502
243856050520
243890882648
243842229263
243897955988
243854776989
243891233041
243858598697
243899850506
243852663233
243892687193
243847850275
243892959240
243847104282
243894574624
243845891010
243891149275
243848207191
243891165346
243851917231
243894143909
243843864276
243894033849
243857148670
243897774647
243851621039
243891823744
243845266016
243890403496
243846644158
243894146346
243843042481
243897844406
243849439823
243894194219
243853358040
243897083519
243851631809
243893575378
243854615566
243891516416
243850628684
243897754254
243850147367
243895197794
243857084302
243896152740
243853738824
243898791620
243844922702
243893623417
243859122244
243891278483
243853375034
243897016741
243854178157
243895262132
243843159017
243895873326
243844439175
243895301377
243844217324
243899633146
243858949468
243899741562
243856092322
243897288117
243844653559
243893929966
243857635409
243891723293
243857852495
243894925690
243842329805
243893145073
243843427230
243894852675
243847035633
243898962925
243848217380
243891459712
243840902140
243893677587
243848250469
243898152175
243850455544
243899555721
243849778712
243895372838
243857790828
243896393612
243858293718
243896324293
243855746838
243890177697
243847028937
243890900816
243854813374
243896902855
243840423122
243892832171
243853760289
243894576406
243847781317
243891394625
243840574217
243898466345
243840902923
243891855816
243840398566
243899377995
243852912421
243892614163
243846986442
243894857064
243851350045
243890123458
243845582363
243890287731
243852562319
243894849843
243851788675
243891966560
243848478901
243899255851
243841090221
243894554831
243856487196
243895453858
243847460153
243892116370
243858284770
243895575756
243859533148
243893300817
243844240856
243899669191
243852291231
243898722890
243849680049
243898739879
243852760769
243896605975
243856161844
243891768848
243848271430
243894711488
243855628178
243892760292
243852190719
243899747814
243851339927
243898668726
243857708945
243891362063
243842699243
243892054634
243857077121
243898106198
243859647196
243890981098
243856712807
243896714538
243849884887
243892525380
243850702098
243897341966
243859608785
243895434435
243849699224
243898543453
243852662131
243896396040
243854456388
243890110108
243857860208
243897026718
243844480311
243895140458
243849992858
243890693603
243851776096
243897705302
243856296899
243892135140
243848253990
243898823650
243857050933
243895406668
243857224236
243891306398
243856472057
243899759401
243845061491
243893078394
243841774223
243893383841
243858789078
243895659709
243842650902
243893392242
243850253007
243899210104
243848272798
243897588283
243845130227
243898138615
243845380916
243897123647
243844042552
243890280657
243847528644
243899441496
243850845476
243897609014
243847678163
243892983481
243840363765
243891793780
243846779484
243890163063
243858477248
243896597490
243853773845
243899660477
243853825164
243891587616
243858871605
243891929038
243846471878
243897261364
243851660783
243895698368
243842851978
243890690004
243857021943
243890803173
243843403197
243890442403
243859388395
243894907406
243854189926
243895685535
243858234381
243891874204
243843822404
243892939494
243848491247
243898615318
243850391632
243899292232
243843159210
243894150789
243849367888
243892167510
243843610276
243892914379
243850387201
243897749745
243840505962
243891947645
243846086862
243895197908
243843079884
243894765729
243858282724
243895528971
243840364446
243897920148
243854256951
243898387494
243851180342
243899387548
243857989946
243897225962
243853424805
243891065822
243858639571
243890773995
243852333343
243895294364
243848778139
243897702505
243859876274
243893702908
243858095085
243895091101
243848031724
243894951306
243848276962
243895987361
243840694922
243899143194
243856421973
243893759553
243850181751
243892655182
243847165098
243893646681
243853059253
243898955994
243850952149
243892062309
243845298459
243896971654
243849956213
243899444279
243849709892
243891646617
243859878321
243898778708
243855401111
243897729922
243841689573
243892310881
243855179245
243891350737
243850949881
243896483855
243854189473
243897075620
243855522752
243899603027
243856230073
243894664892
243854027477
243891276686
243846296688
243899333959
243846902849
243894923450
243853962816
243895551435
243855144480
243898180072
243853455681
243895723422
243850222830
243898018957
243842341173
243892532712
243842240890
243891688209
243842300881
243895709592
243848244988
243899514486
243850718275
243893206462
243854170418
243895680853
243853944626
243892218235
243842561172
243891703800
243843570544
243898276066
243847696919
243897215380
243858649495
243898044630
243842920943
243899319395
243855784007
243897877486
243855252020
243895661144
243840859581
243892195562
243854080067
243892940466
243840373448
243893439547
243857615329
243890225477
243845710179
243898045287
243855046272
243890293611
243851927427
243895514419
243854754115
243896550117
243845104355
243897265898
243856996869
243891217319
243855569011
243898481242
243843077688
243899519687
243840178448
243899818783
243842332141
243893140190
243849238344
243898095169
243841925209
243894839030
243858198975
243893317072
243840217092
243899342839
243849651778
243896278635
243846217192
243899765020
243845376923
243896297796
243840798291
243897549037
243845225946
243893890389
243852892674
243899723743
243855682614
243892225921
243853954575
243898686871
243854635529
243899878888
243843806213
243890766796
243841079719
243895224476
243859688181
243896052986
243856795979
243893316704
243846223692
243896945704
243856741889
243891222735
243859814504
243890273739
243853704212
243895962693
243852006072
243898956621
243840571392
243892839834
243847171459
243898163450
243841655597
243899890162
243840523451
243891002138
243848707015
243893167793
243855200825
243892845118
243846183574
243897572738
243857631367
243898363715
243849888895
243894495677
243842852681
243897342613
243855586827
243899160413
243854162901
243896233840
243849588511
243896161140
243845168906
243895081971
243851271785
243891820467
243857591398
243893208422
243842796213
243899389521
243854722979
243896521826
243841385547
243896717987
243855502971
243899145666
243843091311
243899034590
243844594478
243892359882
243848105189
243893911760
243859570264
243892625137
243853867404
243898445235
243855370763
243899055753
243859726914
243891461363
243855497456
243897181838
243847011914
243893755631
243844408941
243892841551
243852505550
243890992955
243853192748
243898023129
243842843701
243896351697
243849570985
243893697962
243857781889
243892512278
243848826555
243894205297
243857160280
243893133804
243856529662
243890750307
243851088318
243898019529
243847121110
243895871988
243855487709
243892716053
243855081181
243894063869
243848359972
243899413093
243851611517
243892294739
243840260564
243894040948
243840633270
243891436635
243850320023
243893108524
243854254267
243894262903
243852117583
243897134655
243853435884
243892732717
243849260035
243893129913
243840303352
243892110930
243858090067
243898232213
243845826381
243894692764
243851169280
243894933444
243852564937
243894854435
243845428430
243891683636
243857321766
243898130840
243856208556
243893581229
243855187993
243895089488
243849485849
243891851497
243841808326
243895153693
243847440730
243895077912
243840529350
243890186002
243853935076
243896301185
243851044001
243894488133
243849443208
243894612031
243852408647
243890775555
243847032212
243891379078
243840460123
243897282584
243856989708
243891845184
243852542579
243899628845
243855895393
243890966689
243845008091
243895738003
243858993267
243890578990
243853557256
243891561202
243853191630
243892028583
243855070938
243897105321
243849693562
243896976175
243848332343
243890381692
243848688875
243895963823
243856159571
243895849176
243845479860
243895787939
243840684604
243896230371
243859781467
243899227279
243855913366
243898325969
243840632788
243895109685
243851393369
243892976765
243854549238
243893675105
243844540529
243893847532
243844361961
243899557399
243859748139
243897321078
243854797603
243891123922
243854638496
243894100957
243848933926
243899760053
243841474405
243896106078
243856646256
243896257232
243855386900
243893213451
243850688382
243897953238
243850893385
243892862437
243845764521
243890082501
243858158223
243896185943
243855876829
243890275635
243847309002
243890024098
243856788096
243897021806
243856239716
243899331880
243851110296
243892499507
243858386379
243897685435
243849302503
243897622087
243858264192
243894041879
243857819432
243895563142
243848319997
243897230304
243845724464
243895662971
243846843132
243891231648
243842357234
243892660123
243847632741
243899839910
243840789240
243894727555
243840026747
243899181975
243843686951
243894838083
243849173523
243893658621
243840239420
243896699586
243849281379
243893376380
243845185240
243894055137
243844781591
243899288720
243851738753
243890074167
243843552076
243899936797
243857574274
243890846499
243855029064
243899830605
243848075198
243898136831
243857404781
243897865995
243841418626
243897796973
243842339459
243898359756
243846558665
243895184882
243850471616
243894136008
243856867872
243897184122
243857229467
243892153041
243843558509
243899433957
243855055650
243892807335
243852044485
243893313194
243845998863
243899658793
243845117123
243896542801
243840838395
243890989379
243850643830
243892967882
243840868310
243891318196
243858566026
243894614863
243847033360
243892276948
243844480378
243895275046
243850343618
243898897805
243847874039
243897610047
243848297160
243892949558
243849266449
243897320911
243849998265
243891336780
243840150354
243895000797
243843612290
243897826927
243858717573
243899505812
243841013357
243896971234
243844384804
243892055494
243859373440
243890295296
243840434597
243898068659
243857503134
243899218736
243852528236
243894834103
243840435275
243897285817
243848494794
243897078547
243843622621
243895807271
243859346966
243899496208
243849794916
243894659657
243857708920
243895036386
243842277232
243897393714
243857534510
243891093689
243849120414
243899993748
243845611792
243894974864
243852395012
243893524824
243841923307
243892304526
243848967110
243895978787
243848849950
243893195124
243844706106
243893293151
243843365259
243896244499
243841663419
243894227637
243857557264
243896424633
243851129712
243899378514
243840557395
243891981814
243859107019
243891118943
243844524803
243895851387
243859063435
243890755728
243844591709
243899131091
243856263076
243892127113
243856189898
243896856358
243856587187
243892091721
243850589832
243897197839
243844146735
243897472090
243853506116
243899813471
243845573240
243896645232
243850020521
243894080333
243853848433
243894938842
243841020441
243899240856
243855318546
243895371642
243843389302
243893045507
243840053625
243899200490
243859406757
243896315196
243852590677
243896836691
243857257730
243891490734
243845025860
243894770595
243852429264
243894682747
243849201840
243898067018
243852606264
243897470792
243855295819
243897662909
243850280008
243896187288
243850128311
243893223814
243855801499
243892835868
243850947801
243897524365
243848577082
243898553740
243843409789
243890504072
243847776504
243890757041
243851037400
243896114288
243842441873
243897836962
243855732336
243892759040
243849172824
243893367189
243844256313
243895964225
243846366400
243896580826
243851880562
243895168089
243841671471
243890607996
243858314528
243899261589
243856109415
243895480898
243840531188
243893561760
243856139193
243894494970
243843051311
243899485955
243853986947
243894254468
243858509414
243898494114
243853157388
243895208563
243849615653
243896116380
243845080242
243895036069
243854280620
243893212544
243840696895
243899323191
243849448923
243898472186
243852922001
243897173294
243843206812
243897419599
243857896257
243893957665
243855438060
243892048256
243850544580
243892078062
243847619407
243897799821
243841574285
243890209513
243840377285
243892047405
243846195406
243894245317
243840076329
243896716157
243841852977
243894579127
243843229305
243892318969
243851509316
243890890072
243851592226
243890250531
243847711063
243892359911
243840915533
243895664072
243856318145
243893100836
243858689159
243897525699
243841020758
243891061832
243855563659
243892010913
243842395536
243892878073
243851890016
243896588719
243852089888
243897980382
243840822430
243899019057
243856643971
243899343387
243849334242
243894300527
243857690594
243896102173
243851126932
243894309445
243841175593
243898607907
243849077434
243893942546
243848801961
243899359915
243852349318
243895666459
243842895332
243897594493
243845596860
243891899574
243843747694
243897962719
243858814930
243899031084
243845536798
243892775395
243844807882
243890048870
243851708573
243891198373
243851012905
243897164891
243849314365
243898513801
243845307199
243896482752
243845872892
243890850158
243851059444
243897954178
243845214465
243898534844
243858172470
243898434954
243856983917
243891123509
243857812123
243894397036
243845431846
243890850190
243855157698
243890719114
243841518400
243895188954
243859746295
243893192066
243853389599
243896123774
243848426952
243896003923
243853287370
243897629941
243854553841
243894125338
243852266305
243894046278
243844709698
243893876632
243842641924
243892459740
243848216888
243899102979
243858554869
243896814806
243841908422
243892472225
243856338772
243893746764
243840243989
243891062431
243844638517
243890292347
243840961326
243892546665
243844393068
243894334126
243846226045
243896325750
243859757558
243895836348
243841485131
243898661367
243852710811
243892039037
243841549059
243899750892
243849380141
243894228203
243854252201
243899469370
243859482702
243890732427
243857959092
243891768404
243840656655
243897475493
243857322244
243894692869
243857167573
243899730060
243847943831
243896853108
243842076854
243891562146
243853631062
243896458684
243846049690
243893540751
243845942946
243891372162
243851822380
243895444143
243852495556
243897693694
243850516035
243897608213
243840929940
243892608475
243859866334
243899193965
243857733559
243895959824
243840185408
243897149054
243844255552
243894559680
243842029226
243897240860
243859755160
243893195328
243846392885
243896585773
243850032562
243893297073
243847605452
243898385934
243840078354
243898440723
243844411576
243892695106
243849955691
243894882061
243855636263
243898964374
243841031887
243896331047
243846864533
243894389797
243857911282
243894244342
243840371693
243892265833
243848851882
243892238205
243855730899
243894246683
243845827645
243897277096
243842900507
243899971045
243856054048
243890611929
243842890948
243896861782
243853360909
243898417016
243852778533
243895125379
243845488950
243897296240
243855606189
243896947570
243844346509
243892929827
243857559575
243896991049
243859197237
243891472495
243845730034
243899228893
243857439086
243894267230
243847714267
243899107400
243842001775
243891759029
243846747088
243891017417
243840685120
243895573831
243854636592
243896869883
243854605686
243893235143
243852593961
243899025776
243859269695
243897488184
243849010802
243894950578
243854634031
243895490907
243857059109
243894792545
243846934836
243899795828
243852965550
243890850743
243855673932
243891752266
243843186706
243890971789
243842151622
243893609666
243845574136
243896944865
243844430938
243893304088
243856631876
243890044137
243843402966
243891246275
243856269266
243894251697
243856396892
243895834071
243844847704
243893180783
243847946955
243899530622
243850698077
243898246507
243858183944
243893628020
243856698056
243892223692
243844624296
243899440861
243846034564
243892738901
243859572131
243896573338
243840100828
243898922126
243841651782
243891394821
243845542181
243895313566
243845888699
243897708443
243844713430
243890727135
243846303524
243895495854
243849030184
243895992263
243844763453
243891537793
243852056360
243893376321
243853241383
243894646057
243845232654
243890732435
243850707471
243898432749
243846704261
243891460283
243844741144
243895361902
243859789191
243895554929
243853287328
243897264988
243857699256
243891915479
243851424330
243895698780
243848947672
243894777774
243845573429
243894753971
243847470631
243899410955
243858679952
243895080890
243852601538
243894677818
243855979011
243894954271
243841511985
243898549243
243855133426
243890801838
243842300402
243890745669
243855612568
243892930191
243840262196
243897490542
243841931191
243899989572
243844994117
243897121919
243853593004
243893638492
243852613609
243890406604
243850011273
243896055382
243854401684
243896164560
243857903239
243895364044
243848308965
243895762807
243841244072
243893622347
243848245833
243897500825
243842601512
243899396264
243855056325
243898306067
243841315645
243893936816
243852306771
243894647379
243853747372
243898963266
243846672258
243897302175
243846020422
243892137271
243856191848
243890811066
243852611384
243891388247
243856138099
243899699375
243851700300
243893986725
243847499273
243893106368
243850551415
243897421361
243850963248
243899796085
243849603889
243895648807
243844297375
243897190655
243848761120
243892282750
243859683938
243899743943
243859117802
243897989212
243859670188
243892998960
243853137396
243898208938
243848076608
243899233758
243845706191
243891752882
243847599235
243890929199
243856997321
243895275807
243852552297
243894750892
243845367834
243897873928
243853932506
243893987528
243859213337
243890448258
243842402440
243893054596
243843535587
243897899488
243842180609
243898216089
243850798178
243894393968
243853468183
243899800049
243840270578
243893554919
243851816304
243891716943
243842617524
243893641457
243845143705
243897609940
243850667283
243895536384
243843444889
243899391844
243850571335
243899646462
243854622029
243898688093
243848718948
243897188305
243853846687
243893855381
243842758042
243897745801
243855217353
243891471865
243853167072
243898905355
243854773256
243895366015
243842970764
243894509781
243856317603
243896736316
243848934232
243896698369
243848255861
243890143225
243845289546
243893136396
243846631297
243896894280
243849193873
243898718203
243850725674
243893438845
243849663371
243897868609
243846691251
243898328040
243858002248
243891895674
243857540570
243896150023
243843806930
243898635163
243854679359
243893431859
243842139520
243896144249
243850299822
243897133485
243856039083
243895455377
243841366018
243895274225
243851897465
243897438706
243850553756
243895563782
243850954238
243897067374
243840212517
243898594136
243859054029
243892239939
243842128380
243897699409
243843927107
243894588240
243850263732
243894413641
243841402185
243897589708
243858389249
243896715914
243856717575
243897442076
243852819773
243896002924
243855792199
243894498388
243859795094
243899146896
243847864965
243891625011
243851148181
243899201092
243855592927
243893563092
243848879180
243891781653
243853510996
243896813346
243841268130
243892813204
243842024305
243898878198
243840867291
243891784432
243855373652
243896895233
243847719795
243890916765
243850217738
243892840675
243853154763
243891312891
243850087852
243891648314
243846201063
243895077974
243853940422
243894805592
243840038407
243898874335
243843687913
243894918859
243854686763
243898283081
243845652160
243898257638
243856521338
243895673503
243858404670
243894385288
243841731000
243899114456
243840691230
243899547969
243844634378
243897720233
243853954981
243890772993
243843849163
243897529188
243856173441
243897390937
243851472091
243896053131
243856069052
243892654657
243852032818
243899407726
243859191228
243894638389
243842886067
243896466368
243841357818
243899394202
243850373911
243892235044
243857545770
243897299509
243852475618
243897886077
243855973427
243899587975
243858440602
243899982196
243845883721
243891066477
243846388774
243890415703
243850127407
243897495886
243849053163
243897358273
243848339533
243890189393
243857292857
243894758322
243848148407
243897219703
243858784924
243898562231
243840055515
243892850026
243849744490
243898390677
243859553352
243895377700
243840943710
243891755367
243856853372
243895629270
243853560734
243894547953
243849181370
243892317232
243851120167
243890954554
243842726994
243899308054
243847363490
243897055042
243841994747
243895683587
243856515159
243892185531
243855144340
243895943582
243841763104
243893462273
243852618615
243898803833
243857078925
243893112971
243845819939
243899615964
243843646477
243890343872
243846940028
243891911996
243856240178
243898762827
243854235417
243896547356
243857520651
243896721373
243845168471
243896554082
243856259403
243892493756
243842130465
243896657536
243854249864
243892343330
243851217478
243896129642
243854917504
243896943658
243854831064
243898934016
243845726784
243894335279
243841083247
243899006462
243857152555
243890822822
243846788482
243895643368
243840019761
243895682132
243857301228
243897016811
243844173385
243894615595
243857186594
243896607668
243858794026
243899517284
243852378746
243893689950
243841024852
243895763428
243852299182
243892168164
243858305328
243899951571
243853978567
243898176344
243843047866
243891672693
243846614300
243899051538
243855705613
243895081928
243858323428
243897159542
243840552224
243896263583
243847629518
243894701221
243855728118
243897214749
243853449451
243890010292
243859466525
243897159862
243859878807
243896973771
243855529087
243892552670
243844402070
243898348121
243846480798
243892647848
243842988125
243897032074
243849667808
243892544062
243858047232
243893046813
243840599419
243892102444
243850384515
243890300640
243857308339
243896818830
243844011900
243891206515
243853760187
243895915493
243851041624
243896543954
243853664225
243896006959
243853921916
243893148913
243846926002
243895835525
243846896536
243898053363
243845543801
243893794196
243846955008
243891756691
243844786439
243893994012
243850661254
243897394733
243854382691
243893397934
243858326828
243895441690
243844276396
243897365215
243849979234
243896870855
243847196425
243891624047
243850737771
243897162678
243858117931
243892449576
243844769033
243898192808
243859796297
243890771224
243859705578
243898807836
243841106065
243898368125
243853645336
243896413721
243840274653
243893770634
243845821914
243891244188
243840385756
243892632678
243859062211
243896472643
243847981635
243898059699
243856849788
243899505361
243840136699
243893496938
243845460525
243891075289
243857974384
243899543431
243857769077
243893741261
243859834692
243891840834
243846984253
243897783778
243846140724
243898952350
243848154289
243896839176
243854828401
243893961150
243850912294
243892414365
243852920040
243899230560
243853864255
243893321359
243855441415
243894675172
243852381579
243894901170
243846479291
243897998642
243844717068
243892115641
243854525673
243897550124
243851669204
243891060766
243842806445
243891892319
243846721934
243895799680
243842627377
243896476465
243854185025
243895429748
243847631278
243895566365
243859410451
243899922802
243842487361
243890233189
243840969032
243898829936
243845364426
243899408531
243848856097
243893798927
243850655585
243892560146
243844139714
243899583611
243855376822
243890120120
243859784001
243893963953
243849206874
243898830676
243840311885
243895836396
243849542733
243890755736
243851877349
243893130580
243854371596
243899061687
243841260178
243898090690
243859785556
243897857943
243854428662
243896537847
243854338293
243895358519
243844803682
243896119777
243842151876
243899396103
243849898051
243899631668
243844607559
243890292281
243858822280
243895871801
243844602272
243891874763
243852010363
243893905480
243850482675
243897576732
243849054577
243897627275
243840184234
243892823131
243852979783
243895668618
243850903232
243897110537
243850583703
243899183164
243857407989
243896932540
243840974584
243891514332
243855428179
243894593980
243846166147
243891907754
243841306474
243897715005
243857949465
243895151457
243844693467
243895211972
243859339129
243895616003
243859044156
243891683028
243849547003
243894186309
243847157318
243895307914
243845205883
243896107638
243857320974
243896866254
243849039646
243890642107
243856043727
243898770673
243859389304
243895878884
243848391548
243891755087
243857817267
243898750602
243846813154
243894817527
243851031451
243896210277
243848547441
243893272321
243856461698
243892808837
243844491319
243897529782
243851934599
243891516658
243845859939
243891996999
243847766929
243896955858
243856450506
243891005517
243842692219
243892263789
243851759005
243892907477
243856489691
243890681986
243858249543
243892325079
243857357789
243895200520
243844920601
243896323845
243844294514
243897534767
243849053189
243894378306
243849934593
243890566995
243846744432
243897438032
243850867299
243890931976
243850275705
243891938137
243853186085
243895448589
243841940455
243895554159
243846989794
243892814049
243858595421
243890287631
243859278422
243897578425
243855671691
243898938786
243857652641
243893596957
243844168033
243893741011
243856386445
243898011599
243841713906
243898042441
243857530430
243897081754
243855484065
243895820296
243851381762
243891231086
243842207893
243893394340
243859695023
243899192725
243851339171
243890862230
243847513717
243897454867
243854371562
243895373600
243842609306
243899997211
243857905890
243897958322
243840519937
243899166527
243857552562
243894044329
243855820825
243897427418
243846025199
243898521673
243851451724
243899743526
243851499928
243895814309
243846651157
243893758116
243840736641
243892915785
243851099762
243894931424
243843687411
243896680149
243848572379
243892800717
243841335763
243893160939
243856022134
243897168579
243854255925
243893191033
243848335057
243898133914
243846821916
243897700082
243840871409
243899110997
243856538279
243891957813
243851150151
243892332938
243855807884
243892512724
243853701545
243891648507
243841849101
243890490267
243853061844
243894715954
243841520315
243896186299
243844675513
243891923870
243841189228
243890569781
243848841322
243896797037
243855312016
243892678007
243851108609
243898306038
243840647215
243890092888
243846730531
243894524269
243851876520
243892264954
243851574197
243892390744
243847752557
243893982484
243847134293
243898758277
243846523917
243899373757
243845977290
243891561784
243840377770
243894032480
243850282337
243890229413
243858312322
243898310850
243845803230
243899507210
243848624557
243890698517
243843294963
243895216672
243844872604
243895236566
243850417422
243898132751
243840611300
243892163851
243841796126
243895505250
243851001834
243898640711
243846003897
243890226890
243859591697
243892186869
243856997544
243895700305
243844669526
243890639972
243843364694
243895295902
243849482382
243892741444
243855619973
243894056414
243844570371
243894831675
243843279312
243891678184
243850476008
243896898982
243849230497
243896918417
243845595490
243890455207
243853751403
243893453720
243857581718
243899026647
243855579634
243895789656
243847389900
243891442205
243852532172
243892427205
243850279054
243898021309
243857175919
243891667714
243849242317
243896069506
243859654814
243898814849
243845931288
243891069452
243856795808
243898181778
243845254520
243896708201
243854048719
243898570559
243855422155
243894979222
243854528709
243892633494
243852063885
243899444881
243857242744
243894675107
243844962408
243895319234
243859504297
243896380916
243859911357
243893965696
243853669996
243897570270
243852314800
243898197056
243852645887
243899902717
243849565384
243897537804
243844210830
243890642155
243851772935
243894746955
243856528656
243899785970
243848852209
243896460012
243855183803
243897877890
243858074747
243894687436
243840556282
243893800988
243858985796
243899523972
243852872111
243890091539
243856063647
243897958566
243855892571
243894627463
243854350035
243895601695
243847789081
243895271412
243850149903
243897475849
243841555857
243890221823
243851947570
243896255801
243848369742
243898989643
243848582273
243892711216
243844037380
243893790752
243856698655
243897234043
243842434862
243894617304
243840941748
243898089677
243852838622
243890397132
243850570734
243892780820
243840357267
243891870102
243840865583
243890943182
243859693359
243892009052
243858592781
243896137791
243847922871
243896157993
243856555706
243896439583
243845629689
243899754230
243847471196
243893299691
243852319440
243892732415
243858178628
243891694359
243846412870
243893972071
243855743501
243898284921
243857499349
243895926536
243859621947
243896547554
243856750188
243890724532
243846757898
243895325618
243858824322
243893749129
243851498088
243892697725
243850074243
243892989407
243854330883
243896449685
243846712926
243897110468
243858846727
243891726749
243857646227
243891267354
243850129142
243899094932
243843024938
243894258631
243842270419
243894185594
243845317472
243893497183
243854110123
243895138122
243853147056
243890309381
243846261855
243895774617
243851985515
243892103533
243848821678
243891956007
243845504765
243892218768
243847870327
243898459190
243840177502
243894553484
243840748988
243891687690
243845927638
243893331737
243842270834
243899758074
243859552519
243895607646
243847765709
243890129154
243855609686
243890656434
243840051356
243896285002
243858253461
243893435812
243842128535
243895964247
243851871676
243897435754
243857960812
243892159551
243851800829
243898834074
243855243029
243898869576
243853385863
243896103869
243856845113
243893223545
243850519900
243891850062
243850684347
243890404051
243846099546
243894745064
243856201241
243893088412
243858608598
243896117113
243859316896
243893201333
243854141986
243894564444
243849958300
243891539817
243846083267
243896646407
243843339338
243891272731
243843843059
243895799264
243857464777
243893110766
243844301318
243896022729
243840945955
243899219316
243845602143
243890246516
243844426784
243898442424
243858020508
243899247125
243840602660
243890667991
243850097414
243899230173
243854166729
243899019709
243840699116
243893300144
243851621467
243895468702
243855623032
243890744011
243846712055
243896601155
243855344465
243895267097
243855029184
243898921739
243843879082
243893065881
243858239293
243894168488
243850649596
243895170200
243858697796
243892836093
243843615412
243892493583
243847396604
243893942011
243852263579
243892461459
243842527293
243892631082
243846398079
243890548800
243854404532
243896837820
243848093313
243891288149
243846456298
243895243301
243854048674
243895630757
243851803041
243895539138
243856518657
243897305881
243843031992
243897762169
243843256924
243890957294
243853810440
243897293063
243844535305
243892138890
243851082070
243895246102
243849620804
243895700423
243840414911
243899724962
243844761537
243894256936
243847093523
243897004653
243858169990
243895570861
243856798073
243892480269
243842838239
243894963528
243856369563
243893312125
243854577965
243896985534
243845327336
243895273136
243851642743
243890512817
243842577375
243897185479
243858086886
243893823199
243855276314
243897310935
243840027437
243895178251
243859496436
243892133337
243845913200
243892588179
243847853583
243893360081
243852618171
243896757748
243846839465
243890949536
243843950947
243891993956
243852247927
243894521668
243856218927
243892326792
243850912456
243891119691
243852270527
243893022476
243845232884
243897566642
243858159410
243899752011
243859678060
243893905855
243844955056
243894968036
243842357045
243898120695
243857033522
243891151676
243841090743
243892469811
243853680145
243897839383
243842031473
243895966400
243845811586
243896455041
243853357673
243890305966
243847303253
243897703060
243845059547
243899311287
243850156226
243891252202
243852346169
243897669567
243852740325
243897039022
243850543589
243894686358
243844651775
243892725801
243848030155
243892527106
243848908261
243895488383
243844403366
243892925942
243844399822
243898306603
243845937352
243894457217
243848669330
243895488747
243846219295
243894487863
243849865762
243890872575
243849313619
243895339554
243849624347
243891798543
243856719611
243895592221
243854220115
243895982114
243842652748
243894620325
243841097083
243898232877
243846772729
243897300793
243847459013
243890084212
243857829588
243893331927
243856269046
243894786507
243850771160
243893496646
243842142917
243897380677
243859645590
243897398604
243843143159
243890018262
243848490792
243894589875
243840631686
243893961478
243847476517
243890934201
243852400478
243899195300
243852620216
243891634840
243849841730
243896138114
243849296763
243893974140
243840972007
243895890437
243859638297
243890326552
243853162876
243899589533
243842776505
243890279291
243855242305
243890545711
243844790933
243894946070
243842972251
243891078565
243852284122
243897643645
243858313950
243898607903
243852134518
243899596579
243856172636
243892282362
243858655849
243890208900
243851808837
243895456828
243851391852
243898825105
243845870974
243891036130
243858112279
243892010836
243840055399
243897992901
243859583025
243899395202
243856032137
243891247063
243842456125
243891360158
243853728229
243895294765
243847616770
243895757019
243846485182
243897390777
243847384355
243898660734
243844326818
243893431035
243852993802
243891470035
243855468097
243899273960
243849075829
243896289334
243857365835
243895798864
243843645995
243897409260
243856062691
243890616406
243841372047
243892076963
243841916560
243892484922
243842618918
243899344750
243843632098
243891257707
243859527460
243895775588
243853019430
243898993836
243846654481
243890400130
243852129772
243899767249
243853912460
243894562943
243850496066
243890692379
243841953754
243899051098
243854056332
243894755250
243855743253
243899256347
243859034232
243894459201
243849078303
243899154013
243846231548
243896053092
243849755171
243891286416
243841844267
243892426047
243848065453
243893824656
243848475461
243895122985
243856264562
243898149813
243847438273
243893327004
243840688710
243896753202
243856154815
243899760707
243854482716
243894245830
243841048397
243896889762
243845995272
243893148496
243841952080
243893565305
243858501417
243895029605
243853817154
243898331639
243855202451
243890490296
243850205030
243890624845
243840356808
243891040877
243857492839
243890416899
243844265168
243890998637
243851879934
243896698370
243844001833
243893469581
243854079666
243893741185
243859699520
243895612254
243849000468
243898668260
243844949357
243890109506
243844980585
243891394869
243859140136
243898624327
243840958476
243896515485
243841386180
243892301371
243853566586
243894015936
243859707625
243892011085
243851701993
243891449399
243858650231
243890478025
243852874487
243896877990
243852460819
243891065230
243854342076
243893860890
243846466743
243891339596
243857631069
243892421261
243856333247
243892043681
243841735536
243890017236
243849192304
243893858526
243840842595
243899437379
243851049481
243896458029
243848642599
243895832403
243852188896
243898233104
243857141141
243896111291
243840802102
243897373801
243855188351
243892699751
243850330077
243897974248
243842681163
243892870220
243859426917
243899498720
243848875223
243897628425
243842438821
243891338256
243850973782
243896340867
243855570107
243892823269
243849025327
243891061102
243847539172
243895380103
243856241306
243899484151
243852412246
243892152683
243852229279
243890323525
243858076973
243893530524
243857395559
243899456054
243844579600
243899488447
243840160718
243890357509
243854907202
243890941950
243843049193
243894018887
243854925940
243895314663
243851730270
243890529564
243852209974
243892941331
243846561251
243898841589
243853228506
243891689543
243848824363
243893484284
243853450951
243895542715
243852584187
243892288476
243847562965
243899421955
243841602797
243896153870
243850846753
243894221138
243852936294
243891451020
243841217648
243893292304
243849465204
243892043540
243858056548
243899187127
243853490243
243892494431
243856794306
243890346249
243854463473
243895638065
243841044127
243898331724
243855872034
243898857091
243850806875
243891384795
243856796986
243892698144
243856835160
243897654871
243852694964
243891159808
243847418247
243897826845
243853006178
243897828436
243845170557
243895032032
243842943477
243896201515
243854674544
243899296022
243852192670
243899958141
243849093187
243898641236
243847208377
243890008161
243851473317
243893598749
243840695288
243892265106
243848970609
243896347947
243843488005
243893454783
243851795048
243898755268
243846792646
243893792169
243855989974
243899125700
243854148503
243898399225
243854830789
243895283702
243851365687
243894657955
243859623502
243899432736
243858476176
243899761693
243857337786
243897397952
243845306397
243892771118
243853876583
243894383939
243854121663
243899708141
243858258277
243894579593
243850792839
243891145444
243849542417
243899742824
243858977475
243893269436
243842875626
243896263526
243851554676
243892488379
243840645669
243899742956
243841079180
243896311286
243843626751
243895936776
243849110708
243895587523
243841865440
243896613118
243858530214
243890892382
243855547765
243895170877
243855006121
243897500950
243846939291
243899410931
243843128738
243891576817
243853394802
243894676298
243845511881
243895594684
243853698521
243893954267
243843491735
243891717754
243854392986
243895025252
243848291524
243896774067
243857074321
243897005795
243856840329
243890755099
243843593611
243893756636
243848870355
243897731208
243850723303
243894550765
243853692265
243894396631
243844243475
243892200735
243843731366
243899529873
243856024747
243898564963
243850407099
243891499548
243848923705
243899930557
243857879710
243898180927
243841235262
243895900990
243845622013
243899774698
243841366420
243890078541
243851602106
243895673231
243859331538
243895239879
243840798430
243894008496
243843803613
243897743249
243841019609
243898541091
243842662001
243893609655
243849527079
243891220409
243845391993
243892580594
243841882435
243892766437
243848632910
243895887433
243859030294
243894020899
243850353432
243897246428
243840930232
243895037726
243851252474
243893153026
243841904762
243893528147
243849658485
243893288679
243855329415
243894286018
243848498232
243890859089
243857063181
243897470198
243854393512
243898815106
243859186344
243894765128
243855664616
243891150487
243857497373
243897062134
243855831336
243893712077
243849574099
243897957447
243850685513
243895456643
243856120534
243895155082
243854004240
243891581605
243844470786
243891129486
243840351335
243897390068
243854079526
243893337772
243846030751
243894008950
243847374176
243896064541
243859240064
243891766000
243856555010
243890052987
243849363811
243891057266
243858564662
243896136602
243851659711
243894897249
243859748562
243890492913
243846807373
243898914394
243856704574
243897605936
243849561965
243898627465
243847993168
243893981954
243841894599
243892558311
243843893824
243894712913
243844956626
243896864001
243848908436
243893653168
243849613674
243897781714
243859817252
243891108460
243857654437
243899907539
243847466763
243890965070
243844292020
243894625255
243840005507
243895245409
243859588669
243898964019
243842296674
243894335030
243847189179
243896698709
243846106331
243890705107
243842040440
243893561488
243842614423
243899671791
243847882626
243896828574
243840900820
243899742064
243853746693
243895544362
243849413509
243899146661
243857148762
243899541980
243852680735
243893496680
243843534094
243899158005
243842730029
243894616678
243850327630
243893030370
243855889134
243892410160
243851325955
243899421916
243845307756
243899314712
243859733134
243890921450
243842906538
243899420103
243845247811
243897375292
243843860101
243893329782
243849591798
243893561647
243846840331
243894892075
243853680320
243896607751
243857468096
243893607319
243844137488
243891197003
243856081503
243897812888
243844031430
243892982444
243846783265
243899663996
243840876750
243890093704
243845018143
243898064721
243850201892
243892537408
243858714361
243893247837
243848779464
243899596801
243841612069
243898798437
243845668905
243896419114
243846125896
243899083816
243841752949
243891760087
243853982075
243891028281
243848257443
243898843316
243841424890
243890404489
243849544875
243891666701
243856879879
243896062510
243856895973
243896410247
243842235263
243891295636
243849038160
243899396174
243844538395
243898736323
243850785157
243890875453
243845058575
243897927588
243855811990
243890929641
243858076188
243891970349
243847479796
243896035390
243853786869
243891902517
243851345780
243898020292
243843618914
243890885952
243854135570
243893713372
243840540421
243890811240
243856045530
243898292897
243847588244
243897786612
243857818757
243894429912
243849602898
243893560819
243851515023
243896961956
243846782245
243890214444
243841703570
243897304905
243845561107
243895070821
243857448484
243890736309
243842584884
243897317286
243855004617
243894964090
243858902814
243894545866
243849460330
243891294724
243847409991
243895806103
243840581775
243899674085
243841486557
243893691136
243845401818
243892250314
243853219443
243890988105
243842705682
243891758766
243858782077
243897299528
243847013897
243896957124
243847067598
243897570834
243859268232
243894942695
243841588598
243893914477
243842442873
243893388502
243845720708
243895756063
243840384632
243897670024
243858863923
243898884579
243845256457
243892147045
243850490668
243899640207
243841427840
243891329687
243844613048
243896683898
243847367280
243896574770
243856347388
243897260392
243843075495
243893953192
243843994751
243893048230
243841162178
243898049972
243846672813
243890150630
243845867356
243890066239
243859225877
243899220644
243851233373
243893803506
243854196278
243890007516
243842371060
243895222603
243856545908
243895375817
243846859411
243899545355
243852252101
243899427007
243855716769
243892082862
243851951520
243890607533
243844219463
243894173080
243859623607
243896907410
243840826537
243890369936
243852993765
243896953087
243854517495
243895666537
243859198113
243890013161
243858127632
243898494722
243844144123
243897986076
243853632419
243898465694
243855773689
243896637554
243856788404
243894399964
243859001876
243899935900
243857309390
243898764938
243844101656
243892646627
243841626787
243890782121
243858885211
243894573827
243856846689
243893227331
243859985519
243890717744
243854994031
243896395572
243859434552
243898228865
243848366187
243892662983
243849532675
243890637883
243848628369
243893242681
243856882973
243890447176
243848842873
243895101393
243850675667
243896157643
243852946219
243895773183
243847257459
243890025521
243851914536
243893235406
243844313219
243892205123
243854776238
243896709535
243842985150
243895454931
243845724518
243899342696
243857872863
243894593696
243849031936
243892958903
243852437612
243891314878
243840658733
243894720477
243847178684
243894695080
243855584428
243897247176
243847885828
243897274215
243841646954
243899813282
243851688131
243893867989
243858344635
243897366855
243856115886
243897921075
243858296778
243896697846
243840604335
243893394771
243840735899
243891307041
243850390502
243899273427
243843429408
243896655778
243858231240
243896449903
243841844108
243898441271
243843274104
243893667253
243848714026
243893598976
243854810963
243899031414
243853994115
243897705605
243855912047
243891292027
243846995017
243896157914
243844210785
243896188130
243856026527
243890902817
243848389055
243891877202
243851191768
243890776269
243853019790
243893950228
243844101718
243891638081
243844731185
243893346458
243851565752
243898629202
243841613360
243891976061
243843591337
243898044491
243856270023
243894062811
243858433298
243896980933
243851966762
243899951503
243858062647
243898631835
243852620770
243893834371
243851777167
243896336148
243859492998
243892435467
243848842028
243898267292
243854935913
243898264767
243841089194
243892267990
243849391536
243890896236
243854682643
243895700029
243846460539
243896128695
243849513421
243897729947
243857972908
243893634418
243844892065
243892933207
243855023122
243896913096
243858412149
243891095898
243843596820
243897652657
243856543053
243892722735
243848556005
243897658951
243855947387
243890825315
243858378328
243892566324
243849744745
243897093296
243848418526
243896682451
243841148597
243890282364
243857033516
243892986181
243856960579
243894165092
243845184504
243894849256
243843710040
243891794637
243851971420
243893979840
243857300375
243890176960
243846878249
243892548913
243859011389
243892891438
243856471498
243894244514
243840502663
243894970953
243841242384
243896777567
243857072933
243894427413
243859048835
243895130506
243841600923
243890774006
243842597090
243892034888
243847902381
243891382843
243851703642
243893142131
243846229204
243898084731
243845996273
243899194005
243857197342
243894774327
243842931748
243896033623
243840546257
243898956097
243859583193
243892713952
243843332522
243892618611
243855867263
243899508375
243841451187
243894983773
243845313171
243891926393
243842955959
243895266870
243850192377
243898249018
243840023976
243891879021
243854229330
243899049860
243845121436
243891953025
243855946542
243890886447
243857303210
243890175075
243853438387
243892933233
243856649765
243895898321
243848572550
243890905378
243844497357
243893560977
243844582432
243890797941
243848874560
243895268291
243852014564
243893754414
243851447115
243896100372
243857466213
243898743511
243846922057
243890736671
243843424544
243894655609
243849797853
243893052499
243851231966
243893928570
243850609762
243893550083
243854793844
243890129799
243850637518
243898110393
243849969719
243892004273
243842395241
243896911740
243842712560
243899534500
243848103090
243898680144
243842890303
243897212713
243842912633
243890556300
243840657314
243892686660
243848040455
243897500090
243844795427
243896504053
243849352676
243896839531
243845923930
243891716432
243851343848
243897603647
243859207238
243898543979
243855300336
243895907500
243853430136
243895463315
243840058370
243891422530
243857981772
243890837157
243850194648
243891954514
243848669170
243894575343
243849808197
243892311785
243852980192
243892256698
243843999277
243895180055
243847968915
243892423280
243855980704
243894343591
243853998796
243895462771
243853873991
243890436825
243855616291
243899310483
243841111749
243896972347
243855575805
243894996009
243846627667
243893950066
243849643658
243893162099
243851248779
243892926558
243846304483
243897726050
243859039682
243899442553
243854062482
243890545945
243850331878
243897704105
243842454149
243896324076
243843275860
243895437987
243846802166
243898571848
243856334547
243899571974
243855195388
243895456593
243847467947
243895821116
243842704374
243899867137
243853935595
243892007444
243856800666
243893973950
243858639929
243891005707
243855707322
243892132270
243859015471
243895459348
243848047879
243895311725
243852552617
243891161965
243845490266
243896715796
243845227212
243892633142
243850377521
243892220691
243851539605
243892886546
243841484425
243898936208
243846327445
243897004769
243843053557
243892991484
243846419098
243899918883
243859895610
243892622036
243844415540
243892039466
243845445599
243894200865
243847785239
243899229586
243848072965
243890508143
243856595555
243894455275
243842113216
243892401925
243842396218
243892934581
243848279515
243893759430
243854479393
243896300153
243848143791
243898399518
243847789920
243890666106
243845582209
243892897892
243856780445
243899019127
243857285292
243892009880
243850156857
243899711595
243856454684
243892743215
243857453873
243891732597
243857843403
243895094265
243851605354
243893171793
243854052482
243893071287
243855680068
243895880885
243847642338
243891502409
243856073495
243896568190
243852063954
243898921841
243852564896
243896539777
243850892055
243893779443
243859873113
243892903280
243859894687
243899493944
243857640761
243898826413
243856055110
243894637532
243844686461
243891206526
243854903383
243894053504
243842320738
243899999436
243844613906
243893139214
243843333406
243894996448
243847457825
243898445729
243850187413
243899976289
243841734871
243896579175
243858917755
243899056795
243848170518
243892883418
243844737081
243890861398
243857131064
243891684649
243851253554
243897092445
243845595557
243893098776
243851842348
243892065127
243846216906
243897803100
243859147998
243896684022
243841039614
243890784042
243853562224
243896049317
243849992402
243893100476
243841003180
243893065528
243859062397
243891687142
243846481822
243895149392
243845714848
243894589765
243854480553
243897427549
243840520156
243890636032
243855539458
243891152031
243857639633
243892183626
243854256971
243891678137
243855311274
243893784075
243840155013
243896003784
243859442605
243891428115
243843069891
243892098120
243849828445
243892477745
243856037240
243897328518
243846537777
243893765869
243849356223
243896305951
243851437775
243899742214
243840303828
243891707871
243844827323
243894567344
243858407528
243897743237
243853424333
243899517976
243856992737
243898856517
243857993918
243894822454
243850966242
243891600746
243850742725
243899065158
243843637257
243897976910
243849074928
243890656273
243842808807
243890643936
243843232308
243891140189
243850422232
243891728967
243858660383
243892237480
243856786702
243893412426
243855523438
243897146624
243856813892
243892172713
243850997661
243892863175
243840253226
243897296178
243853352238
243894233012
243845896269
243898968634
243843677786
243894131367
243841150151
243896080164
243856676997
243890584137
243843605312
243898207332
243846196913
243893524708
243844005711
243896732758
243841720654
243893154180
243859400887
243894411366
243841513043
243891803167
243845766536
243898133191
243855112612
243898224485
243848855241
243899030756
243857242893
243897925267
243843828932
243897626739
243858240195
243899315861
243845817696
243895915714
243852776923
243895895820
243858466392
243898735060
243858011519
243898300549
243858983681
243890833599
243858022787
243893796971
243851023827
243894079998
243846861476
243892444608
243846786828
243897617400
243856486484
243898045522
243849508675
243893172886
243850633209
243891653456
243846486966
243895609354
243853671224
243895545837
243858869586
243894698558
243846276570
243897799983
243842448571
243891496987
243846758935
243896835320
243846812894
243892550480
243844585124
243890722357
243854195998
243891836914
243852909273
243899387724
243858378142
243899194834
243853264341
243892856744
243847065328
243896542281
243857884286
243896840843
243852513926
243891737794
243843032725
243896974800
243855498373
243893589454
243842087139
243895842482
243849681985
243899522153
243844101665
243896348144
243851421107
243890739028
243841743094
243892642883
243853602238
243895153474
243855326554
243896992948
243847544074
243891998988
243844099797
243890022708
243856412625
243898409624
243844573579
243894447879
243858795911
243894188545
243849922309
243895703654
243852485670
243897804555
243849140190
243895885589
243856741779
243897284553
243859177305
243894276031
243855408605
243896422592
243856521611
243890731688
243854826031
243891607193
243846651216
243899574048
243850542187
243894417680
243847408114
243890501861
243841016722
243898949006
243845700773
243892990013
243850540912
243896191079
243846185869
243899441098
243852154180
243894108961
243852917082
243892556293
243849208868
243893272519
243854828357
243898640608
243850521981
243897385829
243855312607
243893260758
243843050741
243898254749
243844447693
243891575362
243842382018
243893753241
243848165215
243896265375
243857774472
243897732717
243856647520
243898853411
243854634130
243894806348
243853549605
243893287287
243855122451
243899869963
243850891572
243892099411
243842247120
243896474538
243857182177
243894955359
243851059097
243898666117
243842356536
243895286674
243842602000
243890066461
243857709997
243891754345
243856169957
243890485401
243847855580
243894250595
243850105838
243892912081
243843468177
243893822717
243856450962
243892758677
243850505616
243892325233
243848475100
243897082480
243843304496
243891583409
243852109058
243894011584
243853567733
243895510992
243843605799
243896728901
243857914802
243898734682
243847450163
243895263032
243847154708
243893884879
243850364641
243899665434
243851617041
243896014908
243857837113
243894957428
243855601971
243896127035
243842683716
243898245464
243858975819
243898833872
243843356995
243897175202
243848926601
243897782392
243852348601
243897606645
243847614911
243894511123
243852178945
243897719947
243844572008
243890467274
243841009032
243899209357
243845588608
243892975012
243841241213
243898378656
243844020335
243896294161
243849358317
243898321892
243859969130
243891318444
243849944629
243898424030
243859703446
243892253056
243856929313
243891040067
243843279420
243893334012
243859302222
243894952074
243851623888
243898106593
243846888084
243896787575
243850782292
243899278126
243852591991
243897864141
243848960505
243890156639
243852658522
243895677292
243851076449
243896835486
243842930131
243893488820
243857374471
243895479711
243853602256
243894014968
243856671107
243898564275
243850886320
243896839400
243854775155
243891801794
243857196909
243894757099
243842703754
243899798913
243847104385
243898322393
243854361132
243899957394
243857971671
243893597871
243854973081
243893132826
243852479208
243891909218
243858265256
243897355483
243846036820
243898618903
243854135217
243890769041
243854062457
243899075115
243856433502
243896093763
243851627110
243899491262
243857466903
243891179807
243851862711
243899690136
243840397933
243893669947
243856695452
243894759810
243840310759
243893137103
243856827455
243893327504
243851486400
243897093594
243842342846
243899516755
243843843176
243894137246
243851469584
243897154809
243848610098
243898478945
243847612213
243896142058
243846303923
243891142483
243846902850
243898508588
243848488587
243890207281
243840644765
243897277745
243851155727
243898443266
243852823345
243895597047
243857374217
243897559396
243855216736
243898871777
243840575739
243892385887
243846901933
243892621858
243844668959
243892213687
243847137426
243893176649
243852293485
243897026740
243841324655
243899661849
243851253139
243896440454
243853431538
243892810262
243844353309
243890827976
243843491652
243893239709
243850475015
243891156079
243854951344
243899037696
243847973544
243890110615
243846488337
243890511298
243841780716
243899503726
243840084154
243892180851
243841352680
243891043285
243842459830
243895742866
243855739850
243895098863
243843402048
243899306298
243844522424
243892760324
243843829277
243899266038
243840570481
243894329286
243841941715
243890136900
243847030542
243890011672
243859351241
243898910557
243850609155
243899954354
243842171835
243893119259
243859351947
243890373435
243848460619
243892659078
243853336360
243893666957
243856615873
243893946715
243852874517
243898229556
243842079564
243899790276
243847798342
243896419770
243859247806
243896859279
243857905783
243895840933
243858418936
243894720629
243843577911
243898549148
243846082266
243890318017
243852191828
243891127482
243844635081
243892559455
243852839939
243890827589
243845849404
243892736526
243852981932
243894915974
243855420123
243895746069
243854183509
243896901576
243841650913
243890394766
243845079760
243891852460
243842884831
243899121172
243857813399
243892118833
243852450948
243891913944
243852610441
243899014091
243848651443
243895525732
243847118458
243893074861
243856450658
243899511367
243844566348
243897686740
243852740536
243896895518
243844136822
243899461044
243854845943
243893481543
243850821621
243893088762
243851471912
243890188707
243847686749
243890960755
243853830180
243898015997
243858198715
243891720056
243844544444
243893775159
243843214224
243894427708
243852336928
243899847808
243847639965
243897800936
243856242501
243895423129
243840742633
243895291496
243852753915
243896844925
243847026847
243897951727
243853103865
243894126065
243856503652
243896381124
243841941996
243897161557
243856670519
243898205237
243851569289
243895361039
243855244887
243897371012
243846100544
243898401109
243846156513
243894969477
243858360204
243898731627
243856719752
243897697647
243847169829
243893424377
243851329909
243891852309
243846787695
243893739412
243855955580
243893760153
243854860359
243891309509
243855164204
243898812313
243853071389
243898859285
243852067597
243895705059
243857457916
243896905927
243849296502
243896641843
243855592554
243891254976
243856793031
243898696580
243848289669
243897069665
243849450476
243896696298
243853305970
243893816440
243841771276
243894532490
243851305646
243894594457
243844123332
243895830253
243844827644
243892307908
243855402458
243899992463
243845636793
243891088554
243855578996
243894266956
243849697575
243894196041
243857270956
243898054892
243842557968
243897011677
243852113221
243895186999
243840563950
243896321160
243851193056
243891384771
243857778949
243899304665
243848975819
243899177145
243854459866
243896943472
243842251823
243890582579
243854213698
243892520062
243847311953
243893909372
243858477421
243890846204
243848647383
243892711368
243840042666
243895731850
243842766078
243896033758
243851491603
243893399477
243857765655
243894803316
243843181256
243897538191
243855167491
243894955292
243856275795
243898206661
243852028931
243894044910
243855994395
243893546823
243851425888
243899151705
243852940453
243895107029
243854866399
243891613270
243848679457
243894173798
243851963878
243895384966
243846318256
243891950430
243857465102
243892457080
243843672323
243896175545
243851409321
243895699763
243848639065
243894403665
243853077261
243896661278
243858415044
243891463975
243841952716
243894597889
243841919314
243898689756
243850829696
243893808728
243855674044
243890537886
243842531425
243893021320
243858744559
243890629352
243858991436
243899614894
243848445662
243895420139
243856528440
243897601247
243858041215
243897879890
243845628008
243894814437
243847368909
243897821861
243850028217
243899423379
243845340940
243898311937
243840026403
243891155139
243858495258
243897496941
243843262916
243897163152
243840650067
243893369423
243850889150
243898030757
243856889544
243894658722
243850795330
243899196569
243857078931
243894805995
243844795281
243892439136
243850086831
243895333802
243855616697
243892549553
243850842792
243893071071
243850640069
243896299690
243857485700
243893054911
243846148374
243894474162
243853488177
243894462763
243850612260
243898312673
243846504190
243891173007
243852737857
243895627180
243849634173
243896047459
243852749106
243891350106
243846211047
243892947959
243857387894
243898958357
243857168719
243897091527
243858419057
243897267666
243852908600
243895106176
243843873522
243897533203
243854057152
243899804858
243858581746
243891530081
243843089983
243895180388
243840553508
243890095550
243847988897
243894072677
243847266610
243895065335
243843737642
243893088706
243857500499
243891330485
243842952183
243892257061
243842511463
243895471448
243848849152
243894530535
243840829589
243894875319
243851939490
243894071013
243856415691
243892402750
243849660033
243890695479
243847725969
243895867708
243845172956
243896665998
243847075788
243899275154
243840367924
243892177293
243849243948
243897390634
243841948203
243891230561
243855558063
243890636769
243853434276
243894926199
243852691745
243891438659
243847048926
243892445993
243840570052
243892310786
243843267557
243891672526
243854668294
243899318770
243847359253
243897246666
243856756287
243893459630
243848012492
243892130616
243851839692
243898891846
243854265250
243891076695
243843972458
243898766574
243851452233
243897322132
243848053459
243894248959
243858704773
243891383872
243850727037
243897883431
243842376450
243894437333
243855427187
243890198952
243853022254
243896863029
243853975576
243899195807
243844358633
243893121116
243851125719
243892297410
243852793784
243895997313
243847265889
243895785028
243855587120
243899399277
243842867882
243898406600
243854358648
243892951456
243841903214
243898664181
243845359743
243890102704
243840774492
243894333327
243845888217
243896622917
243853409760
243893077038
243847388366
243892763383
243850932395
243893258998
243847605552
243895240876
243851858132
243898377913
243859639827
243896594080
243851964869
243896706786
243850756043
243891284880
243844260821
243892276786
243850043089
243893550999
243846283961
243893040232
243855224175
243897870166
243857635502
243892082115
243850094818
243899773877
243842683985
243894419106
243841350283
243898430308
243859365349
243893776341
243843665245
243897783485
243842988606
243892956565
243849435562
243895227300
243855467447
243891786773
243859844957
243898430931
243842021550
243897347615
243855345863
243897894452
243851851385
243892751666
243840647972
243895164842
243856779226
243896948068
243842307204
243892446270
243850738799
243894467190
243854843126
243899957019
243855046546
243891891975
243847832462
243893565911
243858185403
243896457463
243845889926
243899982897
243850994006
243899672270
243844208605
243892708348
243844614141
243893614278
243847858789
243899634548
243855102452
243893671234
243846349544
243893054883
243850949248
243890861896
243844077509
243891526403
243841718787
243898533692
243859511296
243891540809
243840126623
243898534321
243848002488
243896673082
243855204884
243896162853
243851945873
243898630097
243853892148
243891315858
243846329060
243896366508
243851287953
243896069282
243849963321
243897897369
243855379350
243897920051
243846473506
243894121407
243856869558
243897788261
243857796633
243892181669
243852524296
243898180576
243852424797
243899963822
243848890988
243893524214
243847024314
243897815837
243851882493
243892008663
243858962733
243894747543
243854044090
243893289011
243846108678
243895622270
243856449163
243897496701
243840529767
243890437666
243853839918
243897555594
243849603012
243898380294
243847116174
243896795014
243843846973
243897889223
243852571720
243892246064
243847688942
243894052392
243855501208
243897951823
243844770645
243897377220
243851403909
243897666071
243846572229
243899344112
243855887518
243893997610
243844327952
243893034969
243848278122
243897382503
243855317185
243894725933
243858906792
243898978353
243859351372
243896351450
243855675728
243894709089
243855760209
243893009830
243854781888
243895216194
243841045543
243895851327
243851649670
243899692322
243848210340
243895521322
243847701525
243897206517
243852294924
243892602055
243854946690
243895981067
243840975328
243891893648
243852638050
243894391314
243850105139
243898507156
243853262078
243891860174
243853022951
243896902788
243846289508
243894814593
243854745442
243893435013
243847655436
243896892064
243848011253
243893579108
243848003426
243898827990
243842479642
243899604575
243845046259
243891736702
243857756902
243891860738
243844832321
243898647420
243840199309
243893880044
243858731195
243894837465
243849334685
243896588415
243858946655
243896600551
243852840867
243898467284
243847858571
243891892327
243856461394
243896114904
243845261749
243892545444
243847287461
243895437167
243841980410
243895376033
243856547185
243898708395
243843316692
243890772302
243841416989
243894826210
243850399035
243894491712
243844053739
243892931530
243851814437
243898695838
243847670722
243898319096
243857371653
243893552713
243849342581
243898827518
243840941868
243895993460
243853295142
243897240366
243840823758
243892898681
243857370084
243896712618
243843578124
243895280269
243846509070
243891299299
243841547605
243892188582
243848968702
243891142958
243843186606
243898263600
243851010436
243892842256
243857529838
243895244187
243841564924
243897607818
243845690996
243893446072
243846134478
243896742972
243843234372
243899614110
243850261282
243893756691
243858369206
243899733874
243851010318
243892621019
243843271952
243895008985
243850476732
243891021679
243851566279
243896047356
243846192206
243891870914
243842450294
243899350082
243858936281
243892897168
243841844015
243891917805
243851422527
243894516445
243857563226
243891329261
243859712290
243893877030
243855149021
243896008041
243852872691
243890246670
243855690827
243892444188
243857027621
243893607518
243842109871
243894221796
243859718597
243893060094
243851434624
243895982151
243841589922
243894100421
243845500303
243890890473
243850276692
243896144381
243852132748
243892757793
243850695158
243898056614
243849186596
243896449190
243848196924
243899733164
243850708573
243890393153
243859977302
243892987846
243848348273
243899125774
243856929448
243896751753
243840713066
243897504122
243851254680
243893229914
243843524112
243890705613
243857708450
243898473219
243847200026
243890745730
243850298860
243894305846
243852694360
243892954653
243848546302
243894090757
243841756403
243899898846
243844249996
243894206932
243840235604
243891276423
243841586774
243897047716
243850922465
243893721062
243840920862
243890713643
243844002688
243894091918
243854359999
243895823081
243852611515
243890088195
243842373531
243894562081
243849942118
243895414266
243848799298
243895462930
243846269211
243895729373
243859144867
243898293987
243840438886
243897355177
243843119051
243895247669
243858413354
243892005033
243854412297
243890284345
243849154092
243894748230
243841553869
243899296589
243859685443
243891015193
243855951844
243894098011
243847723317
243895762497
243844348205
243893407967
243853651956
243898691384
243849816966
243894453511
243840495009
243897205324
243850826191
243898290078
243858798885
243891839103
243858341314
243893715454
243846621464
243898279589
243846687565
243897903305
243845512908
243896704579
243847254231
243899593987
243844840924
243892494744
243843986083
243894692929
243854761184
243891275000
243859931248
243899465049
243849075778
243890892483
243845829121
243892177524
243853255882
243896442610
243848231329
243892367846
243850354430
243898078114
243853854919
243891529400
243840154458
243893177791
243857281742
243896380466
243850903916
243898924314
243854892126
243894024290
243845698611
243890563981
243858327345
243898051436
243841676903
243890642156
243850088375
243895382766
243856705697
243892574851
243859974713
243893698788
243850173760
243897313611
243854982975
243896639557
243844007437
243895466775
243852004078
243893594724
243854157657
243897585871
243851099664
243891233337
243852477837
243896029837
243842698313
243899283758
243856868603
243895895805
243846008855
243898408987
243844322417
243890289232
243841281510
243891483403
243852864775
243896216185
243855543837
243896762501
243852930668
243892765579
243848166510
243897814367
243840134281
243893473647
243857397815
243890521774
243840065331
243892539697
243841086308
243896212713
243848112241
243893151555
243845649341
243891415225
243857195607
243892427251
243851571572
243897228327
243850785199
243897780601
243850420646
243896598871
243847752864
243897785791
243853781773
243894729143
243841177553
243896636980
243849240693
243897140705
243848283427
243893979631
243853652214
243891213851
243859583042
243895775224
243841327681
243899402469
243846453093
243894151360
243841363463
243895503801
243840287460
243891687597
243854933532
243895812886
243846754514
243895038421
243840315128
243899886994
243853468857
243891756779
243854439419
243898260623
243847668026
243896016831
243846683415
243898593504
243844611201
243890354477
243844942096
243897462128
243857214488
243896300485
243844159483
243899848430
243848104210
243896624913
243857960887
243891441212
243849889084
243897381834
243841019011
243897185826
243842454640
243898604137
243847252500
243895721650
243857914935
243894640820
243857352131
243891824134
243847435924
243896539682
243848114013
243891255268
243843646617
243896211518
243859215888
243898749585
243845919261
243895621899
243857587157
243892177299
243857868860
243892126539
243844476325
243897322765
243854066471
243898783488
243859132869
243891593057
243844752033
243893939444
243852622768
243894917044
243859429758
243898290464
243845639372
243894578872
243852429715
243893333413
243841126334
243892590849
243853557759
243898970048
243858242093
243890588411
243857253108
243896908251
243848114861
243894763632
243842660760
243893790766
243846721978
243895311627
243841747005
243890264654
243849517452
243891891684
243844557148
243899431646
243855698143
243899578571
243851192171
243890864719
243857874671
243899463951
243852922516
243893438037
243852648287
243899781285
243859000442
243892423188
243846397002
243896308430
243858424095
243892153677
243845649513
243892885948
243842781500
243893132870
243854146879
243899189757
243842862576
243897104073
243853169286
243892941233
243847387433
243897131652
243859437740
243898037450
243849183160
243892210203
243844915146
243894662636
243858048194
243893904516
243848195095
243890731465
243855768252
243899973229
243842068407
243892434249
243859304248
243896191471
243840326931
243897276666
243856843889
243894014718
243852726714
243899424431
243846999322
243895019664
243852122025
243892047962
243846289695
243895572902
243859421061
243890668628
243851747353
243897874851
243858282068
243899696073
243843757028
243893851448
243855868750
243893587908
243842357198
243890321522
243850856887
243895160198
243849826588
243899543897
243857794848
243892880955
243844792914
243898746639
243857968749
243899305125
243841160169
243899696504
243852485368
243891078501
243850076832
243899677883
243841694057
243899304631
243851935379
243894997786
243858390434
243894143605
243854261298
243895135923
243847271590
243894132981
243853766712
243896565935
243858065809
243894064552
243851658096
243896563972
243855477757
243898651005
243852954381
243898377406
243841470112
243894288227
243854033903
243896529861
243858896979
243895427095
243853154810
243897632548
243855288161
243898044683
243843998597
243894686633
243856479838
243899800749
243848826139
243897726347
243848678269
243899479616
243850426779
243895608145
243846056858
243891647514
243841155553
243896712461
243842618994
243899947143
243849116247
243897716619
243852705966
243897988944
243858600380
243893978604
243856409552
243898352619
243845943423
243897810782
243856116291
243899283069
243847188963
243898060243
243846942912
243898826452
243858366052
243898810619
243847685785
243894545516
243844939412
243897501098
243844708363
243891929195
243851762515
243899563938
243854308990
243894870109
243857520958
243896651857
243850414764
243890157651
243855249963
243891318803
243844071815
243894545687
243846747504
243893519175
243849612378
243893374234
243841921609
243890846580
243848366747
243899974195
243844381916
243899054596
243852347768
243896873667
243849509472
243896262393
243840967571
243890115585
243850745098
243899490985
243848943011
243891511208
243858918079
243896607341
243852031754
243890315114
243844100384
243892912670
243852178044
243897927144
243850016638
243897062315
243853534803
243897604695
243842065907
243893878034
243844028188
243895862316
243854705018
243898772213
243848652523
243893991680
243849488873
243895222474
243846048308
243899199077
243843789662
243894933028
243859123696
243896299781
243841368756
243893736250
243845875075
243897908646
243854361374
243890374611
243849549698
243898479385
243857189857
243894994766
243854352088
243891532167
243857715538
243891506067
243841218995
243892285715
243850942924
243897163804
243856323695
243895035180
243856070272
243890528192
243842211749
243890743003
243851582610
243890769019
243854023564
243891459292
243842078101
243894005370
243854394897
243894935136
243853744943
243897895110
243844468385
243897637550
243859678021
243895831319
243857225952
243894510998
243857818909
243897879892
243852187612
243894193940
243855121112
243895626102
243846369709
243893226905
243840500907
243893397188
243841371220
243898414996
243848343197
243890315480
243843182471
243897374651
243856365505
243896173439
243855407485
243892308889
243852681700
243894261675
243853908544
243895429836
243850055672
243894425143
243848004818
243893836920
243850960965
243896992030
243858454038
243899450151
243846568182
243893184920
243843824313
243890576716
243849921553
243899665257
243846927389
243899206007
243856573356
243890355061
243840812733
243890280420
243853097606
243891970671
243845701246
243892769841
243856926958
243896327749
243842503259
243898905124
243855151880
243897343788
243849804118
243899015442
243857475375
243896884273
243851065341
243894462031
243840499028
243897264756
243846033986
243890239023
243855087798
243893269297
243853190192
243894418976
243852733959
243891777783
243842420120
243898639255
243843360221
243892025158
243845023992
243899896586
243853196331
243891374066
243843036871
243893249946
243852373439
243892240974
243856242986
243892764339
243840933999
243891487850
243844901878
243891052533
243847783896
243897703536
243859229128
243896936919
243852548711
243891544835
243842720859
243893597971
243840571344
243894421791
243847403686
243899132523
243840270074
243893426775
243843991386
243896977224
243845537643
243893304201
243840528049
243892242183
243859353141
243899313597
243848821963
243890148236
243858207670
243892512005
243845230564
243893435985
243845223294
243893479225
243848988940
243897401359
243858533955
243891144214
243842927571
243895654245
243845430074
243899853980
243852306345
243898439036
243850762088
243896918809
243857836465
243890996611
243848251767
243893977227
243841982821
243899967195
243841585330
243892639487
243849514669
243898336181
243852333849
243890084013
243850173726
243895678604
243853295006
243891636748
243851353350
243891010647
243852759966
243891026007
243855922745
243892977452
243857878722
243895661327
243856762843
243898137616
243859201756
243890001497
243859103669
243897929391
243847292929
243897040962
243855389450
243897733230
243841981974
243892881163
243852965116
243893742439
243845838828
243893353235
243852979044
243893590609
243846247120
243891950346
243849663259
243894507075
243857070791
243897495414
243840907538
243890443962
243859771085
243899921814
243843122999
243894102342
243846156655
243899185311
243857233535
243893635374
243852999542
243898233709
243848137897
243895917360
243852042856
243891405784
243849439327
243895119253
243848109095
243890481523
243854415518
243890826620
243859496060
243894905451
243841784572
243892541879
243856896450
243892325693
243853806481
243892644903
243856264972
243894097655
243859938635
243890314668
243858236774
243897435889
243859550747
243892216304
243857334606
243891051399
243840494087
243891867935
243840089225
243895875732
243854590833
243891814341
243851210465
243890518201
243859912043
243899274806
243840360288
243890588568
243853320860
243893650891
243841730724
243890262373
243852460763
243893947345
243858040833
243894314500
243842586900
243892539289
243854438959
243890893504
243851754439
243895213410
243849648209
243898615631
243847542612
243893146703
243850472398
243896116145
243841639240
243894719194
243844901925
243894511282
243849697136
243890890189
243842107208
243891449048
243851730668
243896489125
243845942303
243892900413
243843871758
243893997027
243847777569
243893476720
243847282954
243898911481
243840490062
243892855278
243856922610
243899661763
243847308822
243898086409
243856854762
243895283121
243856182072
243892921891
243858544949
243898554509
243841715818
243897826987
243857046188
243896687074
243856662037
243894348343
243842067367
243896596157
243855990084
243894819608
243845142579
243893540510
243849631405
243895299644
243858829685
243894169239
243851056453
243893347343
243847963657
243894619763
243859325085
243898338211
243855526198
243893357322
243842281754
243891708819
243844503767
243896429541
243846589504
243895736400
243846631231
243898566205
243855284826
243897498035
243851807760
243891230245
243850557838
243895187996
243848117822
243896498595
243848467835
243893750937
243850394949
243893471879
243848606399
243895100308
243859395274
243892553770
243845116335
243899974109
243850895433
243894573970
243850212949
243893564368
243845719026
243899247174
243857287598
243896699513
243855148109
243891752198
243841892146
243899295241
243840095656
243899312078
243857284989
243899560675
243840029059
243896772834
243843589118
243895468086
243858562623
243894349057
243846508205
243894024637
243858801690
243895055304
243846862925
243891093777
243855747666
243895698642
243843611714
243891559272
243848787008
243895257970
243856416604
243895717552
243859352006
243897725959
243851768569
243896138312
243851020538
243898025758
243848576071
243897916669
243845077899
243894227316
243844128175
243897927554
243841733333
243895808991
243844914168
243898720979
243846426798
243892893980
243854747474
243895935120
243850726013
243898720019
243849895765
243899615483
243844262441
243890307135
243845429794
243894787534
243852703699
243894707715
243857464151
243893773926
243852532362
243897361274
243855146946
243895923140
243847757288
243891652236
243844587556
243899259679
243854880416
243895511480
243857471112
243892038148
243855441596
243898849461
243856003814
243893891574
243847594745
243893556409
243844379192
243894830076
243856948299
243893176601
243843405184
243895247788
243853568424
243899396503
243851545039
243893485656
243855238537
243899321891
243847222817
243895846098
243842026860
243895459378
243842759931
243898219737
243856005375
243899119492
243855911007
243895622704
243848890423
243892274132
243855372830
243895696866
243858065847
243894170306
243852376896
243896130782
243841176880
243897707438
243857290280
243890537228
243857366563
243892337895
243850272012
243896261476
243851924419
243890480907
243846588461
243898645196
243852968182
243898493799
243855687222
243892494607
243842859419
243894833477
243848356467
243898965136
243840534967
243896522885
243847523361
243898106774
243841492585
243895872586
243846309121
243899209581
243840051903
243894913825
243846955861
243890338017
243840203913
243894444762
243857084996
243896672152
243848920548
243898837138
243840311006
243897012387
243844708445
243897557619
243859691659
243896326351
243849812208
243893969015
243850852609
243898777572
243841581856
243896692516
243856442983
243895581945
243840120154
243893375313
243847692482
243898975880
243850095608
243899156912
243842785445
243893426900
243857661846
243892295398
243848238072
243891518020
243840032986
243899424736
243850389978
243890735920
243858605503
243894876985
243859211449
243891342332
243849794054
243891784062
243845778929
243891175422
243854180207
243894464098
243856871745
243895047648
243845190501
243895340668
243848516819
243899337309
243855997976
243897451630
243855528909
243895676000
243841031630
243891239881
243853605388
243899494059
243846799171
243899524334
243854127478
243895712005
243855156734
243891860812
243840716055
243897980219
243848140275
243890466920
243844062536
243891328629
243859663319
243895158988
243857678819
243890178045
243843904456
243898293185
243851532370
243898806876
243858922134
243892516882
243849526143
243890249031
243844800176
243897058929
243847382855
243892014075
243849743887
243892274412
243843341190
243891195046
243853757309
243892735427
243853586977
243892069902
243850553926
243892850025
243841952364
243897608746
243841717084
243890971842
243852137980
243899672216
243842477175
243894048167
243858652110
243895169124
243848386251
243898326969
243844126618
243898713390
243845669909
243890537222
243855463244
243896094148
243847668716
243897287422
243850991517
243892907870
243851640051
243891657879
243858822746
243893279470
243847487845
243894092680
243855883729
243898205309
243853332407
243891877351
243847311502
243892665036
243840531160
243898462601
243843641029
243894691552
243854645450
243897519237
243846580357
243895822496
243845050015
243893593093
243853773905
243890991810
243846132840
243896357471
243855107086
243899728536
243856885017
243898189441
243842544569
243893873912
243858536169
243899980895
243840130799
243891584402
243841672770
243893460327
243857944684
243896326078
243841253593
243891577854
243854680524
243892904695
243840042348
243897845361
243848561851
243891945958
243858003315
243897714751
243848801931
243899306083
243855762049
243896041612
243858329275
243891876797
243852656777
243894158801
243847313402
243892486296
243843513784
243891842061
243854473724
243891206925
243841334005
243895803173
243852428115
243894398101
243841556640
243893927960
243859531475
243898943032
243844953323
243891997000
243840235011
243894004050
243842499309
243899198733
243842194947
243896512578
243845626580
243899794090
243852075725
243896739274
243854120905
243897624102
243855188634
243894325200
243853018905
243891310000
243859917529
243898403134
243843971533
243890348356
243856047739
243892345883
243855730916
243890653692
243850692865
243896535065
243859841730
243890236647
243851120337
243890688384
243841020742
243892325703
243857857114
243895816086
243853967669
243894931410
243845566933
243891090170
243850113245
243890758544
243847608940
243895252798
243843756117
243890112594
243842518172
243892283549
243859329924
243895595296
243851857323
243894800567
243853522758
243894918443
243859978665
243893741166
243850792103
243898243377
243855961959
243890185186
243851305777
243898922163
243857510661
243898574044
243847373662
243896262919
243848318865
243890001225
243851633047
243899920879
243840707735
243890557792
243858744441
243896004941
243858959333
243891150079
243849989040
243893360455
243855051606
243896500104
243859762123
243890574719
243847030273
243890171647
243840656680
243892789266
243848496429
243894754135
243855418797
243893794904
243852886178
243891973704
243856301962
243891562134
243849838228
243897572885
243847775444
243891030432
243850902989
243898747953
243856824901
243897206825
243842978308
243895339157
243840029434
243893671484
243841357006
243898110975
243856998238
243897172920
243854303006
243898688407
243852169663
243893488531
243847107528
243896178897
243851343831
243894382726
243842248641
243894174622
243857026058
243890267941
243858432301
243896806638
243849082316
243895164121
243857428018
243896824077
243844348589
243896784821
243845125200
243894595417
243851708843
243891950326
243845538826
243895034107
243859694663
243893176822
243850489825
243891545995
243858468957
243891342503
243853365587
243890135500
243850031828
243893829984
243840419939
243893938328
243854731400
243896255843
243849144204
243899017876
243843083469
243895079511
243846598797
243892043000
243841632070
243897484159
243853386824
243893566721
243850481857
243896176963
243851135139
243891201154
243847944461
243892086203
243844928788
243896389832
243846821818
243896978726
243849765045
243893858011
243854544880
243891364612
243851919668
243891109852
243848449034
243894948256
243846398990
243895906418
243842525098
243896295673
243843436974
243899559817
243853330862
243894815892
243846982717
243898248967
243850367295
243899033774
243845030095
243894729093
243850775274
243897517224
243853051068
243892528472
243858865763
243891720155
243851491863
243898675575
243849960299
243899808519
243840081169
243897784277
243846363236
243897223536
243842924990
243894566813
243858543219
243896772967
243846159676
243895153602
243858736538
243890371408
243848182825
243898982604
243852469668
243894390559
243854968984
243896240650
243857002266
243891397881
243855783411
243891948405
243854850771
243893452797
243856065140
243893441378
243841361060
243896996913
243857846384
243897946175
243853321581
243892465928
243858396232
243898829695
243858526910
243895859771
243845257711
243895697026
243847418810
243893963715
243854297293
243899980087
243845393999
243895032522
243841473759
243896469982
243855487446
243895365463
243853545369
243899290805
243843025098
243899993757
243847790758
243891834187
243855370415
243894894830
243850072375
243898033450
243842345311
243895196222
243844307843
243897826645
243851035341
243894695653
243841351033
243893432118
243850617321
243890322689
243841895541
243898888025
243849882148
243893542211
243845777346
243893802401
243850896751
243891656627
243858667283
243891555578
243856804128
243898273141
243841538824
243895943485
243845649499
243892724509
243842545767
243890266416
243858778414
243894755468
243842009182
243891794654
243851322847
243897851319
243845753308
243894979149
243857683787
243892200097
243848885226
243898884471
243842109712
243897906685
243846287435
243899010303
243852811775
243895281792
243841802671
243890962007
243858702928
243895958362
243842367566
243896454494
243858367298
243894386240
243856988855
243893245657
243848333028
243893654757
243854820677
243892643240
243844066180
243895403812
243858425693
243894866863
243845755539
243894815252
243851938690
243890041023
243850952438
243899591118
243859981558
243890572574
243851030512
243897855034
243859836143
243896065483
243856446033
243899728704
243842188455
243897261794
243841593308
243890452255
243846308814
243892789084
243846176614
243895241781
243856252345
243896171127
243856041152
243895829645
243859356071
243893077652
243855762533
243896041352
243859776495
243896822653
243842438069
243896227992
243848309057
243891098564
243846322456
243898858811
243848073991
243890934556
243855626640
243898591260
243850992891
243897132777
243851334022
243892586655
243844490805
243896359885
243847721802
243892885963
243849519673
243892943755
243852573074
243897470051
243856965289
243895558757
243844779378
243897394390
243849183356
243894928954
243844155635
243890096144
243842713786
243893412519
243851768755
243892724023
243841771031
243896287872
243849095439
243899913206
243848271410
243893864650
243845901672
243893535041
243859495495
243898333453
243851353255
243896782243
243852665906
243898788861
243857614929
243892930046
243841901415
243892828651
243846547000
243895952166
243856449128
243896591461
243841914960
243894008541
243842417431
243890694319
243852943064
243898803689
243853961108
243894275489
243847444736
243897418390
243856736103
243895791419
243843237488
243892392244
243845598091
243893795048
243847391993
243897721412
243849559032
243892871158
243849685454
243894097346
243842068441
243892020337
243859065702
243896099732
243858213747
243891888797
243847244412
243891239670
243843503831
243893655520
243853943696
243890479854
243845292452
243890910861
243841239634
243893259885
243850622267
243899155666
243856317269
243898361731
243857119962
243896367068
243846065345
243892327658
243847314127
243891647440
243844102423
243897707478
243842027979
243899926449
243857160271
243893249768
243845358244
243892364990
243843576503
243898285122
243856604200
243893191097
243853355300
243894182151
243845477884
243891087218
243854344908
243898491741
243848838363
243890876269
243848694649
243896512720
243852834654
243895544893
243847029318
243898355232
243844600350
243893446502
243848203381
243893694005
243853705945
243895283094
243856687987
243897266600
243840609799
243896982440
243857526895
243899872151
243843960921
243896103503
243855015817
243898132432
243851804092
243893136129
243843231000
243893875975
243859828390
243896260848
243850188422
243898560438
243840399420
243890343152
243843515256
243891234997
243846571427
243894410430
243849163852
243891228835
243855868978
243892011411
243859191392
243891513392
243856677894
243896555996
243852738633
243891870073
243848634035
243897492719
243848356567
243890588043
243854582872
243897020015
243858638808
243892635618
243842910430
243899736877
243844892962
243893791157
243840778302
243895804115
243858300713
243895907796
243852224663
243895495281
243845380413
243893456375
243854594336
243893627570
243843875957
243897374966
243858543819
243895056251
243854963866
243893264066
243846946137
243898055493
243843153192
243895963163
243844019597
243890505128
243858658058
243894339415
243849564162
243892309576
243852128541
243897817338
243844466474
243897778346
243842323945
243898849084
243852263343
243898233653
243844577517
243896209974
243844457451
243897067503
243851368018
243899376793
243856347435
243895084408
243843326970
243897873240
243844324485
243898456470
243853932421
243898801130
243842818483
243890909207
243848488406
243895060188
243856494427
243890561085
243849046818
243892520821
243843227280
243898571920
243841471370
243894057069
243847239734
243890050039
243854601203
243898789860
243845994600
243893576063
243842709629
243898274249
243842287759
243898283022
243856053208
243890132763
243851035509
243892235635
243845446630
243898175252
243859811835
243899148034
243854865612
243891561765
243850949814
243897310425
243857685959
243899194749
243855730187
243896000143
243843019014
243891604327
243854321641
243891064300
243853244405
243890741775
243856147496
243890033417
243855675594
243898166101
243858357545
243890389170
243845407971
243897064199
243843874611
243893517944
243850921614
243897863211
243854200627
243897122390
243854926493
243895432755
243847901603
243897746861
243843084149
243893648682
243844966010
243894035846
243840549630
243892927929
243845311812
243895714028
243847178097
243892416292
243840818563
243897815378
243853021379
243892393860
243840130946
243892240385
243844361677
243891032237
243843130296
243892646703
243856305558
243891153228
243843025531
243897055671
243855417671
243899676832
243852297493
243891996635
243841164989
243890146902
243858607729
243897316780
243846516424
243899543683
243845125534
243893354045
243846940343
243893820026
243859056378
243896727012
243853748911
243891443600
243859789598
243897935881
243855682542
243890466478
243854529127
243898588338
243850276428
243893818801
243850761491
243895214915
243859790539
243899841427
243846683311
243891698899
243855167249
243893132920
243851361822
243897094812
243843344658
243893298010
243856898703
243891261059
243851756585
243895431234
243842319621
243899582006
243847099315
243895324870
243859681874
243892071884
243852853563
243894218909
243845535697
243899171080
243847978680
243898018779
243848582452
243894180243
243843158697
243896521908
243843923213
243890582599
243841973512
243893780859
243853424636
243891298981
243841761654
243896571942
243842382376
243894812516
243858608835
243899879062
243841541218
243897371689
243857550151
243895429629
243852838771
243891411974
243856063014
243899279290
243850688842
243899613916
243842705122
243892588735
243842207381
243899169483
243844733972
243894445555
243851807451
243895621381
243856388253
243897575370
243856933513
243894057550
243847028570
243898824009
243858189992
243895516656
243850836074
243892830217
243855615821
243895692389
243851600359
243897198025
243858184456
243896168432
243852232361
243896164211
243846407392
243891803994
243852938915
243896403421
243858545009
243895690819
243846774856
243896456723
243847322048
243897744031
243858135792
243895487468
243842964929
243891377846
243844890199
243891364120
243847670386
243896061416
243853103798
243899935324
243850172390
243892618707
243858048723
243891045558
243851928998
243894791178
243843271408
243899233504
243857478800
243891650538
243854041825
243896575718
243844022524
243898487621
243858231200
243895719037
243850589147
243890742337
243844765516
243899320907
243845703501
243892487899
243859267833
243898094357
243843589972
243892589705
243858612897
243892496582
243858383912
243895085349
243843570712
243890578986
243851910898
243896525870
243846286419
243890533208
243850228317
243899146677
243841304699
243899975035
243856700536
243894474089
243856582038
243890659431
243853914498
243892558926
243851297923
243893191407
243840933037
243893103394
243841105672
243890230477
243851792910
243890289025
243854641151
243890485038
243846968508
243897666012
243859367979
243894108630
243847103054
243896652889
243854197707
243894601152
243841313706
243893373173
243842736937
243896898701
243845375047
243891934739
243850590030
243898872515
243840343515
243892901260
243849437320
243896216703
243842824679
243899934490
243852032555
243895454552
243848389792
243893051866
243842747219
243896831315
243859796146
243899946027
243853397646
243896668011
243847535801
243893823262
243856932711
243894938714
243851241016
243894066691
243853009829
243899362908
243840863135
243893885257
243859610005
243896486486
243857237401
243897048466
243850105480
243893632728
243841158094
243891405805
243855568856
243895990287
243854023522
243896937463
243840479159
243897019724
243850689627
243893361706
243847788268
243891709850
243849457054
243891112154
243846930965
243892317683
243850940618
243892587837
243840196676
243899075729
243848731101
243896689523
243840345510
243890138371
243849453685
243892702698
243849374282
243893666529
243840690482
243898015821
243848124238
243892476165
243846936909
243893077098
243850903285
243898831266
243856281777
243896798715
243854088370
243898172614
243847009484
243891272068
243855325710
243899190605
243856733157
243895234732
243846666434
243890973979
243841097707
243892505584
243858103315
243896932295
243841119702
243896551022
243853274038
243890427810
243848839605
243899279375
243851783409
243893896644
243852112223
243896647375
243842958139
243896932315
243851826665
243893439282
243858516328
243896521909
243854032993
243890939157
243848036854
243895480604
243849657319
243896840537
243847402813
243895200656
243852612733
243892619976
243846950143
243893916772
243853994125
243891944543
243854589724
243898505507
243854222074
243898992211
243849133446
243898965835
243844767988
243890303514
243856268573
243891075055
243854878597
243897309669
243851497599
243895157844
243846392066
243899698476
243856704073
243891695859
243855341849
243898031814
243841973315
243898130354
243857087924
243891642362
243844101944
243891733176
243842924848
243891013754
243841552688
243891896198
243854002373
243894858180
243853614284
243893734039
243850451166
243896205234
243853809284
243893532833
243851426547
243891131153
243841211425
243895716645
243851561610
243894443175
243845951373
243891283668
243841739946
243890988496
243846704329
243898855836
243852623167
243896571739
243846394681
243890125189
243859938955
243898963594
243843410790
243898796504
243851190469
243898306234
243849238498
243899151352
243847201593
243895709500
243851740287
243892114731
243845933802
243896448524
243849006897
243897769040
243853372913
243899050581
243846006899
243896728217
243848254074
243896414469
243847942301
243897641115
243857145870
243890602377
243852191333
243893513627
243858050001
243897429540
243859261550
243899929823
243847376676
243895661143
243857293610
243897054949
243845673285
243899103251
243846982136
243895679873
243840543137
243890006657
243854626320
243892263848
243841497345
243898834062
243856349020
243893697439
243840938812
243895535638
243841116454
243894408882
243855000442
243892852818
243856992583
243894453750
243848029078
243893943064
243855478223
243890578547
243855330246
243897896455
243848473150
243896447267
243842897722
243891520427
243859015694
243895744651
243859961674
243891425539
243851105098
243894885497
243856524911
243895362172
243855394823
243899222788
243844524317
243890473555
243856593263
243897577941
243842687730
243898641961
243858718461
243890074205
243858567559
243891747613
243853698979
243891785113
243856417110
243890667455
243849205188
243897099427
243852530689
243897237767
243843934852
243895408835
243848246794
243898985423
243840125073
243895277197
243851450160
243892240006
243847172719
243890408388
243851630392
243892813202
243846663450
243899308463
243859383036
243897821667
243852643262
243897625712
243857463829
243899253902
243840385326
243890768146
243850715904
243892442090
243843809063
243894984225
243853053061
243897653862
243850568477
243890107968
243844761238
243899173683
243856395137
243892777400
243857932038
243894627839
243856715493
243892332424
243856919805
243895696345
243846120925
243897835832
243853893064
243895935166
243844985290
243892516860
243853026018
243897255713
243859770328
243897384433
243857258946
243895994549
243843770720
243892640997
243848212757
243895740592
243856113193
243895573276
243857221127
243898645501
243856309913
243894426103
243848923463
243891198246
243844037966
243897353185
243848290933
243899377001
243855065802
243895804724
243855442031
243890430436
243855780003
243894219260
243846333645
243896491572
243846718913
243890483420
243846853932
243895854783
243858117787
243898069528
243856583597
243892481073
243848437307
243895326128
243859793084
243891714161
243843595994
243897517989
243853006077
243890733222
243854108852
243890540389
243842472053
243894304079
243845136653
243898026517
243852100284
243895033057
243841885838
243895775870
243849696081
243897504686
243855210051
243892454460
243857907906
243898347519
243842771663
243892449212
243840871639
243891159884
243842366296
243891500600
243848768818
243898443056
243845162640
243892300604
243843092807
243899771696
243859190290
243891053205
243854321846
243896839122
243847256819
243891028390
243841115843
243893906019
243840658809
243899475458
243846813408
243890309131
243858593705
243897437459
243855276069
243899988936
243842315179
243895662558
243843945725
243894324824
243840447377
243892911630
243847313370
243893136748
243851776244
243898785457
243843818182
243895549805
243855360994
243897477665
243847896443
243897506261
243845983248
243893479758
243852762458
243895835594
243854340218
243894832292
243855100696
243891673657
243852245517
243898667527
243840045303
243891461613
243844601923
243897471589
243848072096
243894278201
243844839399
243894985533
243841174311
243894078526
243858876212
243899938317
243856062453
243891186916
243847267738
243896958706
243847498763
243894508907
243841582132
243891882805
243854085425
243890402156
243854625620
243897261279
243857843789
243890211488
243841113127
243898863864
243848747721
243893737881
243859004564
243893816392
243848671626
243890436003
243856007558
243890128595
243852592885
243894512902
243842722095
243890396881
243852394228
243894149146
243843090303
243898118797
243848974975
243899229463
243847258777
243890334687
243848746825
243897972916
243847184355
243890504379
243857442024
243890789420
243846638704
243893617572
243853408843
243892995806
243858141074
243891303612
243841237408
243891256730
243840907823
243898689413
243847789737
243898513216
243853565267
243892345394
243858824065
243891416234
243845733555
243896754456
243842930446
243892662990
243842419936
243898660472
243849529170
243892636200
243856498520
243899533243
243856667038
243890101536
243847305951
243896883810
243857976984
243895213506
243845790678
243895641554
243842441630
243894198109
243850629380
243895804781
243855720961
243896511918
243855959564
243892479100
243853182351
243896699010
243853738131
243894338792
243859631390
243894204971
243847388910
243895116911
243859381592
243891395853
243845183390
243898138137
243855850841
243892440966
243853546451
243897240517
243857868385
243899782060
243850035598
243894308731
243840780394
243893721003
243859103362
243896078783
243847887446
243899273128
243848035179
243891210892
243840017167
243899529440
243852785961
243891656022
243854425125
243894664428
243847979341
243894418484
243840483860
243893483932
243843392358
243899811080
243858132749
243892138346
243846976726
243894564139
243851246453
243896951421
243850739494
243892396159
243847413558
243892943281
243858300208
243891185335
243848154420
243892285997
243850526325
243899334064
243851742550
243891249367
243840752559
243890953765
243859541828
243894898727
243849413625
243891827119
243856533048
243896822808
243855927211
243890725954
243850515338
243898063541
243842592353
243899083868
243854311716
243897643412
243848175598
243894848696
243840282933
243894527088
243853572568
243892435101
243840133036
243899266007
243840318400
243894855450
243843768427
243899005442
243842398631
243893512920
243846058917
243892621714
243853348676
243890572637
243849066382
243893640347
243854912634
243898152223
243854487521
243897761868
243846627386
243892223521
243846170902
243893655265
243859389480
243898801156
243840337575
243890199619
243853536259
243890363731
243857482408
243891589549
243856407732
243893001934
243853873622
243896959523
243857790559
243893511366
243858888653
243896914200
243852478726
243896438859
243851162131
243894777032
243847227316
243895721551
243846273361
243898400661
243845417007
243895766031
243840450369
243894204307
243857683879
243891036218
243846442564
243897876875
243852962457
243897683019
243852834271
243899022230
243854625594
243895700897
243851015103
243895827934
243847603034
243890350929
243854983239
243890859396
243844130124
243891659112
243849246121
243890650434
243859375730
243893500038
243853426145
243892271228
243849699830
243894120818
243859546657
243899550259
243848474630
243894395974
243844923783
243898038793
243852502610
243892309644
243841985772
243890669929
243852934651
243893988678
243846970196
243897927863
243841836804
243899784451
243840467740
243891841002
243855290827
243898629617
243844749892
243897438545
243846986285
243899410766
243841164207
243898612703
243842197090
243895160794
243848593856
243899706553
243848621244
243897901031
243842216808
243893931414
243851510552
243895426946
243841521831
243899144007
243845205338
243894845159
243858964438
243895513861
243856550787
243898019112
243847025214
243897740314
243843023468
243894142979
243850003126
243890998270
243850121686
243898477935
243846622122
243893584926
243852361897
243897191335
243840820479
243891554434
243847451414
243892516457
243853949093
243899942154
243842043436
243899333026
243842659910
243894259197
243840531592
243899050145
243858017626
243897734748
243847374353
243895060934
243844140957
243893158863
243853302589
243899582391
243849453763
243895005546
243855196068
243891488488
243842074797
243891303991
243847748891
243896465324
243849000648
243890157170
243841418684
243896456599
243857867833
243890762670
243854437906
243892052211
243855371013
243898720263
243852523934
243892453833
243846633036
243891418505
243855650504
243898704786
243851322611
243893542574
243849492202
243892422127
243846644187
243891958143
243852016414
243895890417
243845360619
243898479247
243848945030
243894267258
243848226621
243893247494
243848618334
243897518139
243853658597
243893962459
243844381389
243899746300
243856280679
243891500037
243858012391
243892137568
243842741436
243890598345
243854312942
243890926417
243859600848
243897973568
243859129298
243899716919
243844867386
243893689604
243856043836
243898138543
243852583195
243898994750
243856980435
243897494405
243841681476
243896191732
243846236411
243897456992
243842788527
243895910350
243840451089
243892475504
243856811288
243897638652
243843420660
243897395641
243850498813
243892962892
243847603674
243893995825
243858549088
243896579372
243843400023
243892057966
243858306421
243890498598
243858674612
243897252184
243858223566
243893196246
243840218589
243891338622
243841271811
243896330222
243848488755
243899984592
243856537090
243899867782
243850773247
243894784073
243849917281
243890762361
243844191115
243898726143
243858235570
243891343400
243850415679
243895855221
243858862043
243894943671
243841238815
243895976331
243845025025
243898781808
243856570766
243890919413
243846278094
243897804478
243854357448
243897769294
243845366146
243891301391
243841693254
243899715379
243859115946
243895723414
243855282960
243890053418
243855160114
243892767896
243841177621
243897235913
243840617668
243898010022
243843722646
243893523410
243850407073
243893660695
243840771409
243891283862
243840282756
243898807042
243840433148
243891455659
243844383461
243895719361
243842559852
243892728954
243841292572
243893792928
243855047721
243893940612
243850483162
243893318686
243855006808
243897342477
243856846625
243897227389
243841703477
243892434844
243858278500
243892569770
243852388806
243890383798
243856385972
243895641037
243855348028
243898469881
243852740785
243890000068
243845696640
243892128439
243843400711
243897685066
243840866531
243891336549
243858049581
243894564179
243845374054
243893324604
243859835076
243895551953
243859502755
243892357244
243857321957
243890177116
243844236888
243898760812
243852422366
243894126438
243842115911
243899140609
243848587162
243891082589
243849363159
243892453168
243852468991
243899518388
243855718797
243892755408
243858031710
243898661868
243851702771
243899474612
243855648386
243895876077
243854975186
243896624936
243845295901
243892767368
243842883334
243894499762
243851568664
243893156674
243856441308
243893550463
243847269843
243892101879
243842294855
243896547337
243856371002
243890504714
243855815742
243890129671
243841536124
243894925869
243853703992
243891433589
243841363967
243891802750
243859237470
243897345352
243852425310
243893944128
243845667355
243894427055
243847597084
243891697605
243841036662
243893683389
243849453274
243897648067
243857330117
243892627123
243854855741
243891538234
243854722143
243895754734
243840144015
243891661163
243853516487
243892042049
243857007130
243894621594
243857302322
243890501270
243855834818
243899624694
243857535332
243893394441
243841959208
243897797755
243844782368
243894927297
243847040527
243890896254
243853020687
243897624672
243844314392
243890189603
243844159473
243890429872
243849939982
243895936644
243858388554
243898309855
243842400764
243895640356
243852301949
243890845945
243856214066
243896109949
243854041277
243899270720
243842556646
243895082962
243851323630
243890281564
243854904866
243898015995
243853095121
243899572220
243842813324
243896889944
243851234046
243892511919
243844901748
243897749763
243856084569
243899488532
243840047376
243896853938
243849871536
243899491784
243855379929
243899176995
243854800334
243899424060
243858686576
243892872069
243842405489
243895180761
243849775037
243893746413
243858425598
243899373453
243853623666
243894762000
243858926851
243894942290
243858801499
243893336295
243847179428
243894655049
243850892601
243895253492
243853508846
243894697905
243852948275
243893610389
243842256639
243898197950
243841958698
243892250184
243855009411
243898665283
243841092458
243891770479
243854412700
243897636317
243857660910
243894556199
243855661935
243895045946
243843085436
243894675864
243856680397
243896086094
243845270115
243891827861
243846960896
243893117910
243843351842
243896749173
243843761429
243898770899
243857705505
243897711193
243850056766
243898690312
243854341725
243893245195
243850337315
243890457430
243845941650
243893954417
243840494907
243897777699
243848336466
243898695641
243855991049
243893709182
243841465669
243899719787
243841995336
243893021079
243843295702
243898438732
243856538511
243896837373
243859708438
243895108676
243840085670
243890634419
243850255916
243890881815
243840963522
243898580879
243853557488
243894584658
243850060213
243897171012
243852632265
243892843973
243845113288
243890567289
243840895870
243892176712
243848111360
243893492154
243855276462
243892429067
243858776866
243891418515
243847040852
243890458329
243850032120
243893705362
243847707988
243898604874
243859730085
243896335972
243840073477
243895551750
243856661430
243899230138
243859452696
243898320097
243844398462
243895524310
243849679083
243897144226
243843554472
243895097537
243852457528
243897431470
243856194161
243898697466
243852718313
243892026522
243847578636
243890078628
243850487621
243891567415
243855940068
243899713032
243857374839
243893692853
243856619926
243897900636
243855180579
243898282511
243842032187
243892332490
243859889402
243897802949
243849813302
243894904239
243845308048
243893614410
243852191468
243891014481
243852056392
243895017044
243853151818
243892590378
243843879411
243890333177
243854882792
243895623111
243853783643
243891671796
243847323478
243898292355
243846176817
243895784590
243851852249
243896581665
243858910235
243895517411
243855594760
243897960517
243855714998
243893035014
243843866901
243892931192
243847571095
243894115930
243857644025
243892599993
243849896806
243899044360
243841717535
243893851891
243852914112
243898922950
243851614996
243891295811
243840255328
243891351549
243857096327
243893556219
243848971645
243899546941
243842075736
243899184869
243857157863
243892474636
243858850411
243890057618
243858313627
243898993677
243846478172
243890018671
243850211039
243897460223
243853783256
243891935828
243857314326
243891929033
243859919711
243890498886
243850815406
243899453352
243858946760
243891408227
243853565751
243894274570
243852698729
243897469943
243849045329
243893692714
243843746849
243895811461
243844734835
243898023535
243848999927
243895307583
243855787816
243892965375
243848924208
243894657098
243858572883
243894056166
243850906025
243892233492
243857355621
243899688160
243852389564
243894267066
243847681812
243898601465
243849596677
243897906611
243840151045
243895513070
243855808321
243891049748
243858011797
243896931755
243842265878
243898263033
243849813929
243896535812
243851532611
243894959794
243856512793
243893572370
243856960872
243891655535
243856292569
243899397534
243846613077
243897168557
243851144041
243894801439
243841459668
243897238108
243851278956
243894008967
243847303661
243896392478
243840634913
243894386359
243856446018
243891426718
243841310696
243891675347
243856578825
243899751501
243857195350
243893440594
243847935393
243892781106
243842817175
243890587476
243849526182
243897037873
243840369824
243894011181
243841614894
243893317763
243844007797
243892464864
243853556635
243891046268
243851297446
243890347009
243850665659
243899615122
243852903609
243891424730
243847499116
243896648025
243852994029
243896861203
243846888154
243893472213
243845341622
243892907083
243852378092
243892771391
243853840202
243893074297
243850427983
243891052769
243854113962
243897256470
243859682685
243898277788
243850708179
243894410887
243850083782
243892247596
243847050661
243899189837
243841902663
243898198300
243844502594
243891193485
243843935064
243893043260
243854081716
243895345851
243856031680
243891943047
243859221516
243897368081
243858890834
243898659094
243852253802
243898988136
243848936882
243892652262
243852442984
243899254830
243858088807
243896788317
243848664200
243896775408
243854037842
243898351948
243858664923
243894265179
243850978763
243899087334
243844020778
243898193234
243849285222
243892551083
243846799182
243891653401
243845307414
243899549490
243856135896
243891769104
243840265739
243899561358
243844783150
243899866941
243841684802
243891429975
243849273168
243892749434
243853136386
243897255899
243856992031
243891186708
243847433698
243893125862
243844708237
243897333404
243859928315
243898328757
243859401255
243895058841
243856765185
243890866696
243847203632
243897669466
243850446788
243897832943
243844681371
243892633101
243842055071
243898983952
243842639668
243891975152
243842708884
243894959726
243840881889
243897227441
243852558276
243893608365
243851229923
243895806141
243840199708
243899527556
243845064935
243894461192
243842756158
243896219725
243857632609
243897238871
243848287150
243896384295
243840265392
243893544727
243853347447
243892300145
243857834973
243892088764
243856068408
243896737893
243855926458
243897904966
243843937272
243892438866
243849687088
243894128032
243843979779
243892486160
243855099148
243892310176
243844061098
243890725203
243849313811
243895467740
243857897893
243890759552
243857050546
243896047765
243842751873
243893129101
243856579629
243899076735
243844035751
243891094172
243845300180
243897242944
243852200437
243897235945
243848202922
243894463117
243848985681
243896135587
243848472828
243891289942
243854587366
243894952171
243840831308
243890991424
243854625903
243890994110
243857887948
243894659598
243849983086
243893448508
243847465325
243892786616
243856689892
243892187679
243849708939
243899349419
243853887561
243894360487
243843187204
243891100057
243844507195
243895685335
243848341702
243893068495
243841127355
243898159615
243850299540
243899053532
243852881967
243896499218
243851613747
243891545324
243845902545
243895224745
243846959600
243893884927
243859834769
243898971903
243853958586
243898156021
243854839986
243895007400
243858241813
243898662271
243853796713
243898558329
243854393054
243892156710
243851338559
243897867542
243858408423
243896550347
243855805261
243899510358
243858616070
243896871103
243847567032
243891240545
243843913831
243894003389
243844125110
243899317552
243859657621
243898293106
243852752051
243897147221
243844539127
243896244227
243840608104
243893006608
243850642743
243896375922
243847880035
243897813067
243846733017
243899349967
243851262582
243892040370
243846678020
243890118132
243846564055
243895921016
243852948748
243893985438
243859433391
243892644814
243857726516
243893407951
243857522614
243891126720
243850051025
243897970475
243855749039
243893311092
243857580599
243891537523
243842743939
243896684372
243852058114
243890556304
243852098279
243890966396
243857189828
243896128295
243856746191
243898262524
243856270543
243892669916
243855949483
243896606831
243855594545
243897286600
243846393808
243899864358
243851827493
243893171710
243850016419
243897697554
243844440897
243899078868
243844176441
243892908974
243852389393
243891726491
243846185856
243899387092
243853282923
243895960009
243845360547
243895066119
243841350830
243891146916
243845794689
243890875370
243856553772
243896836154
243852562588
243892403769
243843844042
243891595627
243841822725
243895939603
243858019780
243891427762
243854429240
243890363557
243845173444
243893661427
243859359239
243898197214
243853005277
243890452835
243854234995
243892687679
243857158787
243891460473
243850624376
243899304616
243856133946
243892141507
243857243494
243896919591
243843304420
243892146168
243855017459
243896185991
243854687176
243898952248
243855664803
243890129747
243841039131
243890489615
243847101587
243892612650
243851150903
243890867696
243851989285
243899210629
243847031581
243891225931
243852011797
243897584216
243840683450
243897964885
243858213128
243890067459
243851756804
243890742429
243845679461
243897708260
243856185869
243896853468
243854080660
243893215118
243846195656
243890334518
243843629233
243892793205
243858258180
243891244275
243849929612
243897706227
243857481722
243893320498
243859059689
243894935907
243854042530
243893797802
243853715422
243891155764
243854685957
243899425637
243859965681
243892695372
243855231686
243899694806
243842484007
243898158714
243845106071
243895829067
243847169965
243894417568
243849820905
243899248998
243856762608
243894838342
243851990886
243899552850
243851503469
243894357262
243853790427
243897972840
243840425513
243898405619
243851231150
243890653618
243854027573
243893659311
243846085655
243894310006
243850727964
243897584520
243857605540
243890645356
243858006240
243899517778
243840543416
243890531980
243854208311
243897847980
243858347082
243891891913
243850229386
243899544368
243840937848
243898524060
243843844339
243898676455
243846243050
243895583315
243840259062
243897166196
243848867697
243892965835
243859558172
243890278588
243841006048
243899359318
243840938875
243892737910
243852280831
243890891651
243843468837
243892802670
243845921658
243893387787
243852877129
243899672320
243858591400
243892360949
243853643497
243891928962
243842362092
243892232874
243849122422
243890708000
243846432136
243893423281
243844512921
243892049497
243852025917
243892087054
243847580424
243893285680
243854017641
243894602507
243853240897
243895539079
243857928769
243891693435
243859219423
243899410125
243840065741
243897522980
243846920454
243898957901
243841846446
243898383028
243843500451
243896828534
243859962297
243898509470
243845809040
243892000824
243847444160
243890524236
243853171885
243895702967
243841140810
243896234260
243849844562
243890681511
243842377213
243891549885
243856143516
243899610118
243840302525
243899298372
243847225051
243893916366
243842222313
243895352000
243857886011
243894105002
243841977069
243892942730
243854556869
243897625179
243843081054
243894799828
243852112895
243893777153
243852664976
243894020312
243846048666
243894476346
243841983000
243891308958
243858168613
243898792158
243853095739
243896643102
243846762545
243896158419
243852008885
243898758264
243853251018
243890239714
243842486470
243898588024
243855945118
243898017168
243842969428
243890376158
243849148688
243898049758
243840675638
243894512444
243842654326
243899956392
243857004240
243895547542
243855155743
243890326151
243854429947
243898600392
243850373921
243897032865
243855843046
243890053297
243855784634
243898830232
243858087666
243897177542
243853070505
243899934356
243850711354
243892171643
243843984700
243893369167
243843656353
243895211001
243858462989
243899444340
243856995496
243897320711
243859322847
243894374400
243843572950
243894476560
243859007777
243895489244
243853804091
243892082448
243848495211
243898855197
243857401930
243894684298
243858905315
243898385897
243846324608
243891516993
243854198725
243898604432
243849462003
243898146812
243857161225
243894573410
243850583547
243894519227
243842929233
243890049089
243857453649
243892707817
243854704566
243895011465
243848783776
243894806056
243854644581
243898084124
243840957225
243894445722
243844125159
243899872308
243848455744
243897052939
243844598316
243891672689
243845794809
243898925917
243853131834
243891958068
243840119415
243890458852
243850407222
243897907556
243850910475
243891379949
243853955906
243893434918
243855575617
243898247838
243847210258
243891162474
243857343807
243899697022
243851164737
243896432342
243854603240
243894142043
243855862591
243894389960
243841257657
243893896806
243845509783
243890878526
243847173381
243897397571
243845492656
243890842689
243842970968
243898580759
243857404068
243898297821
243856673965
243891103445
243854400833
243890648664
243853099494
243897239558
243856160369
243891233150
243844179395
243890624218
243852423517
243892034757
243847157421
243896907493
243854153013
243896015449
243848363516
243898232787
243841853614
243894557657
243859236485
243897224652
243841110633
243895033810
243859616018
243893205033
243842080375
243893458738
243858717259
243893914527
243859790076
243898837921
243841451106
243899792367
243852746609
243891983059
243857286137
243891096832
243859928255
243895558816
243850099411
243896145694
243851976530
243894962094
243853960161
243899742638
243857971042
243894603008
243848227995
243894087925
243853676280
243899233196
243848000030
243890259282
243853942479
243891025062
243844012368
243890604660
243849470595
243890667615
243842585930
243895079595
243851029939
243892887727
243852629542
243892241418
243850783493
243892798273
243842981002
243896153952
243851548221
243896806192
243844771398
243898749610
243844043878
243894225145
243846403076
243899872595
243844804114
243893272023
243858375636
243899358400
243858084419
243891315447
243845646080
243898008506
243842359411
243894533997
243841827705
243894206544
243857148768
243895069056
243842076542
243893102305
243847115150
243898720183
243856961984
243890627652
243857908244
243893176015
243843747062
243899079566
243841316579
243893223080
243852407529
243899418928
243844872085
243891901442
243848572340
243891782146
243855531647
243894317469
243850899416
243894198353
243858583229
243896203159
243842523388
243897957425
243845178847
243896469676
243849058461
243896347808
243848421059
243894917718
243849959510
243892708282
243855140970
243894573237
243850929153
243895474167
243840134861
243890143613
243850637683
243897511944
243849039257
243893807219
243854358128
243898121559
243853141705
243899435600
243841986441
243891918044
243844076745
243896050709
243850612932
243898916965
243850731000
243890860311
243854225441
243893325388
243844566007
243897058095
243853727735
243893584135
243859378000
243894108315
243847519496
243898740936
243859910578
243896703715
243843331634
243897097241
243856427225
243899607927
243844659133
243892788958
243853096953
243892004771
243859614610
243893169117
243859266438
243894397576
243842443553
243896392971
243845457404
243891774742
243843026679
243894301739
243844574404
243898402647
243849805222
243891065760
243858937102
243894928335
243845002329
243895892032
243857343814
243894230969
243853910548
243891257213
243842463887
243894366169
243849121527
243891196788
243844033105
243892730717
243848800376
243895381919
243847539647
243893187496
243855090954
243896402032
243854960109
243899364476
243859697491
243892266002
243846737287
243899404375
243848642643
243891730379
243858077652
243894910801
243847529445
243891010888
243849790822
243894383365
243850079376
243895830339
243841071794
243892491093
243843024822
243893856379
243857516135
243898884510
243844969505
243899341150
243853123141
243895751081
243853132836
243895038656
243843257989
243890506656
243846346742
243892557018
243848603881
243898987465
243858616704
243892690983
243858783193
243895427107
243855915349
243894894663
243854959668
243894041930
243852305969
243890031159
243855240069
243898905282
243858181540
243895553888
243843984950
243892257662
243850628590
243897625252
243854848241
243899020107
243857393082
243896333725
243846732692
243897266901
243851413575
243897361164
243859337003
243896899903
243849037175
243896480179
243849060013
243898361477
243853575067
243896914965
243844063139
243898048171
243844456006
243892755394
243846262983
243891425297
243846739744
243892679913
243842800384
243890843731
243852165040
243890742886
243842155774
243892858743
243859582975
243894861473
243845876977
243898442531
243843337717
243895567240
243848597176
243894436604
243857124840
243899462916
243843122549
243893141119
243852696542
243897561620
243845763545
243898556408
243851585089
243897926284
243849757366
243891913058
243843624620
243896133570
243856038794
243891509443
243857298069
243890897585
243850456789
243898047925
243858816505
243897294661
243851412117
243894003295
243852648024
243897966944
243847466592
243895110468
243859027929
243893034980
243854371183
243898780513
243850270506
243897643154
243852109098
243898855740
243842240781
243894400300
243859101290
243894018699
243853737387
243896971059
243845424600
243898190964
243850224732
243891674691
243844656242
243891203742
243854922540
243891540725
243844714950
243894206176
243848941954
243891904388
243854429695
243894256935
243856317472
243893503075
243855389376
243893999760
243853991582
243890985644
243852979170
243895306202
243850946157
243890785991
243844093977
243890158578
243845076229
243892438296
243844438741
243899326703
243842029892
243894419695
243847385566
243890979331
243849693620
243897327481
243842998316
243899675057
243849092012
243895192589
243844013953
243893337426
243857259529
243897401702
243843104074
243897268490
243840407364
243899970860
243851726230
243893241559
243858955020
243895058970
243842932378
243893264080
243859011490
243896378439
243856430626
243895678166
243845505988
243891127920
243853595012
243892330168
243840786871
243890805436
243853843759
243893805235
243854199528
243890948711
243850428239
243899618042
243857539118
243894263044
243852193329
243899034520
243850790428
243899201489
243857124914
243891035730
243850538360
243894895211
243859188767
243894128148
243859408167
243890278037
243848500931
243894494045
243847389463
243892412542
243858644570
243899638676
243857539585
243898144223
243848453836
243897177155
243854816087
243898189074
243842888393
243894812463
243858710044
243891512293
243854234126
243897652761
243849469716
243897752753
243846069357
243890685621
243858161359
243891746803
243843506788
243890468066
243846843183
243893909506
243856730022
243893263505
243848981737
243898911516
243841161474
243891597217
243856786638
243892168145
243857765711
243897014935
243850055345
243891053813
243845750097
243896887179
243855492450
243896167068
243851161807
243893752255
243844193776
243898655990
243854664499
243890741221
243850027835
243895878086
243858361768
243897700223
243859124484
243898180893
243855033051
243892810749
243848147846
243898606340
243855058987
243894244548
243856485234
243894672735
243845912330
243896739977
243854979379
243897569026
243841894420
243893083958
243843275597
243896216557
243854650010
243898265337
243846821519
243895217763
243843492743
243895566078
243854691508
243896561571
243850882458
243897150657
243850317693
243892469890
243841467036
243891839216
243844367347
243894477153
243844524867
243895830727
243849765120
243893904921
243853452368
243892499988
243859157832
243893451244
243858492509
243898390475
243846943916
243899795264
243842397980
243891365436
243841142151
243898210929
243844279330
243894330661
243842494883
243896036144
243846461626
243891545563
243842803101
243895376200
243840347318
243892496112
243857380109
243896250186
243857771956
243896475857
243854155109
243897490418
243853596339
243898564108
243842388974
243897859347
243840430297
243890228111
243852903096
243895055675
243841356584
243896488540
243844000015
243891566625
243850511585
243897539389
243843285592
243897265405
243856843383
243894850773
243840625264
243891721877
243849720921
243899355279
243847687924
243892295060
243847239599
243895072069
243844374661
243899378932
243857471766
243898498826
243844144668
243895665351
243841375095
243895270914
243851711825
243893874535
243851853467
243898798582
243853630992
243896246909
243859634069
243894189532
243846648671
243896321405
243840736571
243897755021
243854609126
243896245210
243841324202
243899951012
243842903000
243897656649
243857103886
243890039230
243858493497
243890351192
243854109337
243894989085
243850757640
243897276422
243845771947
243899508824
243843036183
243897398003
243845193118
243898105011
243849994475
243892518138
243858741675
243895914641
243849671065
243899837854
243846241746
243890372314
243854228518
243891434216
243859416138
243897320312
243857069691
243899677397
243849161444
243897124055
243845142487
243897404454
243857700504
243893353324
243859126925
243891849320
243843711861
243890126976
243859877242
243896735697
243843872234
243894262307
243845533060
243897441641
243850244516
243894592089
243855906440
243894273713
243845590230
243893192879
243849314991
243893488232
243853870593
243890635498
243841474103
243896884400
243845757623
243894172559
243850828739
243892371129
243849141284
243899236307
243854871575
243891390477
243857623582
243897348454
243846277453
243892012301
243857578446
243891270086
243855711151
243892579653
243842651394
243891567446
243850994881
243896102257
243858874959
243896340491
243841749386
243893444078
243843265781
243897140382
243844395632
243890138276
243846210763
243890730202
243859359580
243897212968
243840237191
243895026970
243845422105
243899359994
243844876118
243890318152
243848644741
243898633875
243843501581
243890663347
243848881827
243892498270
243859614830
243898361260
243842900426
243890072783
243857863885
243895710623
243853025980
243890731830
243853454701
243894061511
243847461891
243896977058
243857486101
243897202814
243843806000
243896813318
243840090365
243892922595
243853715449
243891977596
243849406298
243897559045
243843554414
243898268516
243853144860
243892521768
243850694842
243893565954
243856270990
243896219456
243841461935
243896014848
243859364812
243890740966
243852898109
243899922234
243846828599
243894933319
243858049812
243894162281
243856765965
243897426764
243852615812
243891149829
243849925516
243897442062
243842461350
243895046862
243843882815
243899896945
243850892650
243894689666
243858048942
243896529842
243857241070
243898548606
243849970520
243893725984
243847898347
243897912395
243852459031
243892200299
243854098259
243899917588
243852902359
243890456801
243853262003
243892338050
243859328334
243890608310
243852668070
243891006908
243841156544
243895447544
243855327758
243896457759
243855002614
243891600731
243841452310
243893929589
243849969501
243899478952
243844580634
243892419848
243851078544
243897695932
243846955702
243892118630
243841718229
243899964962
243859402377
243895506262
243841187481
243898904947
243858615012
243895004317
243853572852
243891279040
243850634472
243891725737
243841158428
243898745466
243854637990
243892118684
243848646566
243890891614
243842571008
243890824031
243856882378
243895588386
243853777089
243899214687
243847618414
243890108033
243848824971
243891073696
243859614532
243895931085
243845268132
243898185911
243852468030
243892089098
243856601269
243897336206
243849840120
243891861887
243843625106
243899474024
243848530446
243897698510
243858841864
243891991253
243840329114
243892403739
243841339069
243896415772
243852382228
243897418752
243851849882
243894982095
243855119756
243892366168
243856656947
243892051737
243841480609
243890425444
243841400257
243896407459
243847877340
243890168291
243858146786
243897392116
243850135390
243895732993
243847796471
243897281568
243843860163
243895032640
243841468813
243892531879
243845977470
243895739645
243848963493
243895157661
243842898440
243896243825
243857715884
243895355436
243846496934
243890696343
243845432428
243892368009
243856330621
243898168102
243851091597
243897284710
243858881195
243897231433
243849561142
243898927946
243842206689
243898401537
243846241229
243896465556
243842244286
243897755648
243841521272
243899385563
243844245625
243897517542
243853820827
243892456895
243850367604
243894755018
243846429121
243897538540
243848293442
243897545017
243848339977
243899394424
243858224649
243898409937
243855315926
243899420082
243841888301
243896619860
243853035342
243896328955
243859193906
243899594464
243856530285
243891206942
243859693445
243897112426
243847719899
243898658525
243859769422
243891110065
243843016613
243893338858
243851526106
243899817726
243844555177
243893927115
243858836351
243898449521
243843291882
243892972858
243852490840
243898503480
243852667401
243899460176
243846464530
243890479476
243847239449
243898503570
243854789156
243891768456
243850029779
243890958794
243855247427
243899742496
243845779119
243898242639
243856881016
243892565378
243843120728
243899913291
243847877252
243897216439
243840674451
243895202110
243846740136
243891431810
243856460993
243897320676
243853706531
243895972612
243846574200
243895530843
243848873324
243895592576
243841762256
243898978296
243842226145
243893143013
243856987940
243893079629
243856535221
243894324254
243840581164
243890177164
243855939258
243896049104
243843602305
243891536828
243849616773
243896203824
243841850535
243893951189
243847612802
243898121890
243843236335
243898079413
243858650104
243896868946
243858795084
243896363829
243849934926
243898647241
243840545435
243899914108
243849618781
243899352699
243846096348
243898763283
243858150307
243896460849
243840858246
243897711108
243845869341
243892069510
243848563558
243897004265
243853704159
243893961611
243853628755
243898021508
243841899207
243891772655
243840838016
243893378156
243843635816
243891297002
243854279204
243895279606
243851673471
243895964546
243852885340
243894604882
243845663522
243892898193
243840230964
243896238235
243855068067
243892486760
243857345029
243898022593
243859778999
243896365593
243855006292
243896564536
243851597567
243897829910
243848718763
243895894165
243856845214
243897180527
243857557719
243891751475
243849932030
243896975627
243845855442
243890542479
243856572469
243892752189
243848062116
243898699519
243847156742
243890467642
243857452506
243897862916
243852226569
243892780781
243850020362
243891369573
243841861680
243894356609
243847205535
243893295224
243856420834
243891946565
243849639246
243891607342
243840237304
243893798049
243846938712
243895279688
243845636710
243894885771
243853118283
243896722696
243849348713
243891092215
243853950577
243892617677
243854751201
243891693547
243857337456
243895926830
243858632337
243890388419
243851161516
243890780638
243844591338
243891710979
243859420370
243896249389
243841868172
243896904982
243858505237
243899569247
243845587642
243892642116
243840550325
243890812642
243855706520
243896171434
243843689825
243898812929
243849878829
243890396810
243855653196
243891288478
243854079683
243899855596
243846120421
243893779452
243850533844
243896816781
243859965056
243895278960
243854074959
243897296246
243848985794
243892148270
243855004931
243890342454
243846425887
243895438725
243852249003
243899361542
243843015316
243893436112
243849587739
243895419054
243852009354
243890684542
243847813417
243893306963
243854649962
243896267680
243851761360
243890480411
243842570424
243891878573
243858645663
243895071032
243856562031
243896726548
243843994440
243898430308
243854337291
243892024310
243847248321
243897296969
243858643698
243891810679
243859873364
243894340014
243848676828
243893347570
243840812642
243892713336
243849397518
243894401353
243854460506
243894721665
243852031332
243891198054
243849256585
243890016991
243843057714
243898947126
243847436225
243897650744
243859511998
243895397926
243846059986
243891999132
243842685114
243891822056
243857116578
243893082514
243844185705
243897881217
243847999839
243893732750
243849725554
243893127941
243840338911
243890129039
243854756859
243895480611
243849352468
243895232287
243846298923
243897660326
243852426638
243897428096
243848919907
243896144124
243853524680
243896319726
243858596986
243895963402
243853632772
243892417030
243842053304
243895054637
243840786305
243890679555
243843546705
243893214659
243843294407
243896096526
243850627427
243894071251
243845782296
243894504364
243852261105
243893269476
243849165218
243897955699
243848343551
243893433179
243856475742
243893127574
243854134401
243896752784
243843554255
243890331351
243854594288
243895906672
243851892303
243894121283
243852232143
243894949013
243854864613
243895758262
243849282614
243892709126
243855448211
243895003118
243845961070
243890394298
243845807345
243895720046
243847368629
243895281355
243847466741
243896195002
243850448264
243894405752
243854876401
243899384182
243843491453
243894546137
243859706233
243896441103
243853794597
243895462700
243844309336
243899907782
243853438185
243899189933
243853070853
243893893685
243848565523
243899914769
243858651228
243895050637
243856332566
243891176969
243844297085
243891102912
243854890396
243893909360
243856645982
243890304955
243840698009
243894869171
243840257703
243890314667
243846990727
243899693920
243857493921
243894446842
243847805741
243893743080
243854847838
243892416152
243845633745
243893230456
243843356875
243891505026
243848882348
243897712144
243848749188
243898498729
243856609386
243899116237
243852704081
243894704132
243841990583
243891783343
243858950490
243893736834
243856695808
243898152866
243852444023
243898424578
243844592898
243891599017
243844888973
243899416380
243851936303
243891339574
243856177736
243898602223
243844689824
243894464646
243842685237
243893645073
243853031962
243893124900
243859234797
243894618383
243848813113
243899633826
243842195179
243898696521
243855108404
243899030421
243847876377
243890288439
243842637640
243891186447
243853189731
243891526723
243847428022
243893307387
243844535292
243890339501
243840825004
243898145562
243847993004
243892677494
243848214453
243890126308
243844915519
243893327520
243846458474
243897070290
243842345551
243892180765
243859637714
243898894254
243857713804
243891851195
243859394142
243890018607
243849707377
243897518182
243850597514
243893321308
243853711748
243899783267
243858600182
243895477563
243851305594
243890458367
243843023992
243891268241
243849412228
243892098602
243856106161
243896059751
243859999173
243897788470
243857532743
243890106343
243858807323
243891424879
243856626571
243895681882
243855116966
243897680630
243853962540
243899342750
243843151439
243893467529
243852115740
243892220284
243857613764
243894519536
243857904621
243899148979
243841371521
243892140678
243842017379
243896692444
243853812718
243898484302
243842026168
243893668864
243851539905
243895255418
243856845253
243896021437
243840747898
243898630969
243854333970
243891920931
243855853239
243893454263
243851774585
243891063925
243849692599
243890289740
243855761762
243894887507
243847767295
243890152310
243848580777
243893315750
243850569887
243897793135
243856056912
243897035414
243840725207
243896854650
243851135225
243894581678
243859797533
243899607886
243850923738
243895888051
243854683587
243897316527
243847838548
243892544065
243850347495
243895736153
243852643651
243898823066
243840818478
243898429877
243858183416
243897521368
243857965550
243895193213
243853885900
243897396136
243851988647
243896002786
243843860674
243898867067
243851371112
243895337350
243853124410
243898470669
243842899783
243892094650
243855007298
243894811258
243854171240
243896267763
243853029189
243893338598
243853551754
243892244740
243858448948
243894248316
243857440369
243894772978
243843992660
243899444717
243847653447
243893895968
243842216540
243894377318
243856689803
243893756227
243850592627
243899464444
243840347349
243899002970
243854499925
243894113225
243853189627
243897326365
243856606600
243892129067
243848210666
243898971219
243850834180
243897828586
243848020924
243891768462
243840285856
243891955887
243847920502
243892176496
243847547326
243897367721
243840237311
243895590334
243855559276
243893229863
243854080777
243894521927
243859306294
243890401136
243854394090
243896698593
243850896087
243894871357
243844444837
243893513337
243848415173
243892419694
243858319836
243899895341
243858525877
243896089937
243849310222
243892449418
243843076375
243898445082
243842296798
243894222141
243851377514
243894409625
243844187576
243892616655
243845020173
243898861461
243857176454
243897248275
243845601253
243890303595
243845746356
243895665729
243841469053
243894418765
243857298787
243899036479
243857367475
243898085308
243847339202
243899708020
243851791003
243895782519
243847063179
243897974313
243844276389
243898238280
243855378191
243894766857
243858184704
243893846373
243844490996
243892559876
243841892000
243894936408
243848337100
243891784950
243853787573
243891278165
243858264768
243896806390
243844191594
243898352372
243844891669
243899677194
243857584294
243899692127
243855152494
243898798004
243852898718
243890141067
243842251020
243894964076
243846860672
243891180637
243852039663
243896509321
243842463930
243899203766
243858317214
243895850930
243841320329
243896494159
243853579147
243890081433
243844254231
243894213085
243847367028
243898972243
243847637761
243891947560
243846076299
243894252666
243853220937
243891682365
243852194677
243890086758
243854070120
243899501620
243857487560
243897009832
243854842543
243892796696
243850906068
243891393274
243847729010
243896186393
243856204466
243899531243
243843811924
243894845497
243855502651
243890088971
243856009969
243896061061
243849117422
243898326722
243844904271
243893761830
243856925327
243899288406
243855012294
243891103365
243851684426
243899208981
243855652490
243897154794
243855792108
243892613734
243848452331
243891614943
243844187267
243898417335
243840099183
243891432701
243843539821
243899882308
243850537678
243894700245
243842787855
243892101110
243852872648
243892300083
243852093207
243897700899
243859785308
243897420929
243850536342
243899811743
243857484695
243895607133
243847114191
243893531521
243859089718
243895588083
243848769116
243898889380
243847916569
243897875704
243855532865
243898628515
243848554919
243892569456
243852044080
243899169318
243859835813
243896441017
243851807916
243899546292
243845134628
243896186373
243841460569
243898449273
243853282391
243897266542
243859465736
243896277506
243847697948
243895651834
243859495721
243892353009
243847801351
243898726110
243854318208
243892524282
243850708725
243892533926
243842932057
243896371434
243847724329
243895817361
243850267433
243896199992
243857297934
243895796560
243847106556
243893582388
243850604212
243895310698
243853579720
243892588373
243855327972
243892794392
243852376225
243892530526
243850056955
243893803273
243855218652
243894578776
243841769021
243897986905
243841143606
243892685891
243850556207
243899801311
243854830506
243899285192
243842196245
243899686232
243840215005
243890380036
243842935614
243898607925
243840017910
243898578584
243844668548
243898879539
243857000611
243899732527
243859240196
243892177974
243856573386
243894663875
243843981561
243894851551
243858788160
243898743295
243853214266
243899987335
243848200868
243892353017
243842691712
243893709649
243847965862
243890145669
243857178254
243894918659
243848868601
243890154727
243856374424
243892130747
243853223356
243897954975
243858415345
243897701806
243847578068
243890748033
243848984287
243898004649
243842492357
243898836703
243841804277
243895438335
243845055185
243896049291
243849477066
243899512424
243850820667
243894652797
243840439872
243899780608
243846598217
243898685176
243849934042
243893825326
243842759278
243891018851
243846172348
243898099179
243840611238
243890437425
243842854972
243897748059
243849401730
243899120114
243852741027
243891264524
243852048866
243899955576
243852400243
243897089649
243859145680
243896199533
243844874240
243897961577
243848877823
243896688719
243845842512
243891951179
243853723534
243894812843
243853653123
243895001028
243851358101
243898437642
243843403264
243897084329
243852960479
243896244946
243856698955
243895960415
243841075171
243897762441
243846660954
243897867383
243853273948
243891292297
243859902384
243892428521
243858516254
243893638477
243844197578
243897319923
243843220314
243893639953
243853658867
243895508126
243844151291
243899211548
243850149528
243895860572
243851417577
243895829960
243840309923
243898630908
243853057347
243898197910
243842081220
243899631185
243855499631
243892290809
243858828469
243892162818
243858310997
243894806759
243856547856
243893227685
243844155385
243893755789
243859397122
243898482123
243844857620
243892375578
243855893464
243893004434
243852617865
243890622877
243858853873
243895151950
243841259935
243893512502
243847712335
243890221768
243846487137
243898145686
243847437695
243895436560
243848033585
243896502192
243854353098
243891912898
243841283194
243892850651
243850287038
243894019639
243856182860
243894194164
243848829226
243899593641
243856357408
243891367533
243846587850
243892954144
243857690507
243896979108
243851723404
243899147181
243840324084
243898551641
243843277888
243894988160
243846494270
243893854509
243847811672
243891799249
243842716686
243895582813
243841468962
243890830821
243845629296
243898602459
243848669289
243894582759
243849514003
243897433320
243840005832
243896419980
243847830312
243893024287
243859936810
243898508554
243842932867
243892224092
243846579035
243892444185
243843475512
243896825396
243847672463
243894663195
243859892641
243899590571
243851211380
243899734061
243850543312
243898635697
243843720958
243892904929
243852152001
243894676329
243856770805
243890091049
243844533660
243895649792
243858385992
243892450410
243850875303
243899344451
243844178946
243898300389
243846611433
243894957894
243851523821
243893879838
243841711385
243892903160
243855224698
243896570275
243845535175
243898938250
243854746182
243897128814
243855908855
243891202316
243843265208
243895339046
243859998266
243891086835
243853378146
243899691733
243849924562
243896570140
243844365499
243899648475
243847101184
243898816855
243842271952
243891576474
243858737549
243890670288
243848390422
243894001488
243846687219
243899546761
243841774714
243892195821
243851672561
243890671876
243851349491
243898528024
243854201669
243895739814
243845939605
243896949209
243855174683
243896796357
243843339725
243892534490
243850799197
243893848485
243840274366
243891920006
243855185967
243894053666
243848988190
243892325022
243841168682
243896156750
243851851804
243894135617
243851022229
243899895864
243843377399
243893928764
243849468870
243894506273
243852359760
243898107347
243842584280
243892016517
243849814872
243890772494
243851595231
243892125593
243858932374
243894693664
243842755029
243899879370
243858796005
243892218684
243849987148
243896050416
243851015101
243895109706
243846139461
243894762924
243856740417
243897908342
243856718084
243895128657
243849607268
243895789281
243854727100
243897714686
243848510272
243894370024
243853567232
243898679228
243857665101
243897197578
243858377931
243893830674
243857164950
243897421018
243842362506
243899578610
243850612743
243893334815
243850084333
243895582479
243850470277
243890477521
243842125034
243895018525
243854013732
243894669328
243850533305
243893184084
243849438813
243897903864
243845238952
243897164565
243852480778
243895524658
243854518273
243897727737
243853549299
243894525823
243851494508
243899731130
243855771923
243893563017
243845083233
243896312339
243841675208
243899643908
243850814291
243895396956
243855369391
243895147621
243842638672
243895457309
243842110880
243890679361
243841489943
243899274463
243856361431
243898539333
243856189460
243899683003
243847024788
243898743202
243849067066
243895401797
243852991046
243892669183
243841545352
243892434352
243841238280
243897039688
243855130328
243895049527
243850223650
243892705876
243844669916
243895051767
243853736374
243896610523
243847157524
243893857965
243859813800
243894731909
243853426958
243891342885
243850222975
243899940208
243844896679
243891000109
243849998675
243899751616
243852093095
243898029604
243844502594
243896548187
243850368017
243890576360
243846791854
243896494689
243841310502
243898974263
243854019816
243893132823
243840168441
243890220053
243844465542
243892168509
243853337057
243898095555
243843962268
243895847772
243848805926
243899038270
243840878912
243898641841
243841078173
243891165456
243858695129
243899214688
243844643511
243897493117
243858331052
243896794200
243845969642
243893379543
243851796098
243899119831
243855676987
243890236005
243857163053
243898803429
243843592928
243890956833
243855739353
243894421154
243840633476
243891124904
243848492481
243892056037
243848214968
243894191554
243857571005
243890436274
243840887342
243896400643
243858151077
243899556931
243848588082
243895399716
243857450175
243891846477
243855559800
243892171030
243854232586
243899433501
243854802707
243892393026
243851767355
243897476297
243846817402
243895420671
243844027328
243891843986
243851902723
243891246609
243840383569
243894924336
243846865862
243890428490
243845130859
243896629149
243855793516
243899698527
243846004841
243891664605
243855009239
243897241635
243845013416
243897918082
243858759180
243891027217
243843936859
243891482322
243850790890
243890287896
243844465731
243893562617
243857536267
243894853292
243853930068
243899815670
243856069717
243891273626
243856356350
243898147718
243859550809
243896801441
243840024986
243893760692
243841043334
243893493327
243843240593
243896321937
243853715889
243895606792
243840363211
243891419023
243844752718
243898235164
243853457876
243890983815
243851087178
243896684757
243850377512
243898068570
243859818185
243898905154
243855677525
243892128139
243848037230
243898596595
243841533255
243891669396
243859317211
243895625415
243847182936
243894858129
243851861114
243899924996
243854608593
243895680577
243841216791
243894378794
243845392227
243894542960
243853922034
243896380067
243841651077
243897574936
243843755945
243899047331
243843657081
243898016769
243849104348
243893870738
243841387273
243893852216
243852488070
243894694535
243850140761
243894459665
243840296897
243898275540
243849418746
243896976467
243852456357
243894306525
243854636463
243890703173
243846889215
243896958703
243849438490
243894680939
243859301223
243893443725
243844938787
243899884446
243854561750
243892071195
243845736887
243894099733
243844622087
243898920609
243857835359
243892132979
243856562174
243898630036
243844215623
243890656723
243859335287
243899919215
243843628022
243892369169
243858963030
243891476947
243840073780
243890382465
243855058122
243899399027
243842850586
243895675554
243849076694
243892503844
243857071020
243893433751
243844309131
243898643125
243857946394
243896595828
243857107812
243898196305
243841347230
243892601379
243850627800
243897738486
243843313400
243893417969
243853214296
243895817243
243855421989
243896832430
243841344348
243893481413
243853024977
243893347117
243854802166
243899245010
243857474528
243896565535
243847543868
243891092160
243844686739
243891861914
243858614888
243897813659
243850492132
243893803152
243848105823
243895432824
243856568157
243893559826
243850940771
243890399389
243842430300
243890900525
243840206780
243899713409
243846612660
243893742192
243851729846
243892950716
243851639084
243899729274
243844499525
243892832060
243851106533
243892204789
243847918162
243895943734
243844137179
243895878490
243844653428
243893937145
243852564081
243896575840
243849412877
243893247326
243857781413
243890570372
243855741124
243899736918
243851469096
243894720189
243859234561
243896997533
243842217281
243898298606
243846334338
243897022917
243855283351
243893170587
243840502309
243892081817
243841865901
243892548462
243843650992
243892531173
243853140174
243893216757
243855155197
243894586665
243840698596
243899003781
243858089908
243892234696
243846246574
243890174586
243845341321
243890224664
243852598444
243896714840
243850533885
243892672690
243850734863
243893689892
243852991395
243898647514
243844884121
243898781144
243843001859
243895138892
243856447479
243898820399
243858751468
243898914158
243851667252
243892779952
243842264767
243897854815
243851970404
243890536479
243840476182
243895310496
243844715039
243899273908
243842969650
243898691708
243846456212
243890604069
243854045067
243894436498
243859330299
243899922200
243850753689
243895280830
243847916769
243892043456
243859036573
243893691629
243856004561
243893456490
243845658744
243898534294
243847532447
243890950303
243855390564
243897832010
243840425026
243895100790
243858648241
243891879622
243855486712
243891592763
243853382515
243895789429
243844530589
243898088875
243858759805
243896022206
243857377366
243898526966
243842923479
243892616547
243854569917
243890130634
243855649817
243891050327
243845539581
243894559058
243852222949
243891837264
243856105820
243897299699
243843476369
243894213062
243847429478
243891005903
243850340335
243897814877
243856276531
243894046442
243850814622
243893702654
243849279382
243890163415
243840585199
243890655223
243858423655
243897634881
243853516529
243897179622
243850453426
243899544175
243842803323
243893043967
243857671623
243898264062
243845170515
243899210458
243840210778
243899228976
243859159829
243896258952
243841686327
243899343127
243844830254
243890403060
243841323409
243892724228
243849564432
243893049122
243858201677
243898274041
243858713153
243896304469
243841623033
243896112872
243840507552
243891886686
243851412728
243895968477
243844709931
243898166883
243859182129
243891877059
243844649665
243898886287
243841986897
243890101651
243851961443
243898294638
243856523473
243893644919
243850573195
243896383227
243846473869
243891422967
243853646197
243890691273
243845425390
243895792302
243857114146
243899888747
243852705161
243892139192
243853416539
243896936015
243848418310
243896944650
243854859707
243899053818
243846034564
243892056680
243857054777
243899959971
243856229168
243892803476
243850671330
243898399105
243855607064
243890600007
243841195373
243892363494
243843927755
243894859743
243853809758
243895404767
243848711401
243893627495
243842990016
243891391704
243848945772
243899727032
243852589564
243895673839
243856098999
243893199795
243854657308
243894927175
243859135794
243894327252
243853263394
243893576599
243841566599
243899046074
243849918419
243898525239
243852815194
243898059868
243848831508
243890000744
243841920931
243892652528
243850799679
243896631634
243854088059
243894501373
243853402844
243891064531
243846307908
243898391017
243846972127
243898210850
243843186791
243894729227
243855744064
243890448510
243854535677
243899393335
243843590924
243894783695
243858114312
243894341829
243859382906
243899090236
243857389159
243899221749
243844239192
243891761858
243859464012
243899441046
243850838777
243894727340
243841890357
243895865751
243858866896
243894721913
243856269114
243899968908
243844292682
243896954220
243854339093
243896885246
243855571134
243893078249
243843605257
243896072735
243845439570
243895684086
243847561055
243893220042
243847552000
243890740286
243859531487
243890624440
243857352999
243893850142
243846529667
243892170479
243856132771
243896317338
243850764563
243895211846
243851179424
243891328796
243849785600
243896593145
243853605925
243899850041
243851855602
243890659091
243853423416
243890211613
243846055124
243896388111
243854838102
243895508822
243851850745
243891634725
243840307179
243895185163
243858164569
243893771649
243854634694
243895596695
243840163093
243892963841
243852203923
243894923945
243843161593
243899710241
243852290799
243895645299
243843872495
243893616994
243844385030
243895678556
243854334962
243895924746
243843342234
243892829350
243847010962
243893724808
243844766975
243894400292
243846482209
243897162416
243848379388
243891727643
243849798201
243893648889
243856221649
243893042421
243848033791
243893263161
243840316134
243894438087
243858959443
243897635044
243843886196
243892361841
243856884039
243897124824
243857189289
243894284941
243845603851
243897717892
243841858167
243894139381
243850638973
243898321481
243844479094
243898893987
243859239212
243893085614
243854407959
243893526470
243850130036
243894587849
243847847170
243891160313
243859655522
243890617488
243846906609
243890324497
243856894525
243898347661
243851844417
243892279828
243855845761
243892853840
243852026065
243898546122
243850406269
243892203675
243854839011
243899866498
243841727787
243890217741
243859020728
243890787349
243841146861
243891484267
243849223160
243893939847
243840769773
243893123935
243858871071
243895951217
243841094475
243892464819
243848638145
243892560075
243855915761
243895114313
243849946056
243899636195
243857787485
243898825030
243857827788
243897228199
243848622585
243891977136
243842365017
243895667500
243842430751
243897427550
243853444255
243898003629
243859023166
243895918619
243849427978
243896608532
243850587344
243890209359
243859851353
243891230048
243843921887
243896503144
243849200066
243893559211
243849968647
243898054655
243853314041
243893315458
243857427622
243896976203
243842347584
243895340977
243846425309
243893219378
243842130161
243899382863
243843159155
243891171260
243845658194
243890952066
243851806211
243892711886
243856930526
243894032648
243851243761
243896860263
243850231363
243897533629
243840399206
243892836796
243852151672
243898220554
243846729751
243896621825
243841219344
243899736926
243840916009
243894877758
243854744154
243899411993
243842438701
243896951779
243857299054
243897203987
243846385646
243894384214
243845514467
243894657126
243852423459
243894551536
243852760462
243899130736
243858603647
243898987873
243848666705
243895156127
243847778175
243890572816
243856813094
243893265790
243844813447
243894347335
243847523750
243890659009
243858073779
243893717670
243853591574
243890536673
243849938395
243899371065
243848169480
243899051893
243852081834
243891454481
243856481402
243891988651
243857293020
243895006023
243840736949
243895458384
243855499664
243897629471
243844280966
243895039930
243858330510
243892134622
243851755500
243893641316
243857160259
243898247027
243856088265
243897007334
243854139673
243895654381
243855029799
243896263914
243855837076
243893424045
243849935689
243897304290
243840088439
243899023727
243848632713
243896230581
243843217577
243892482168
243852802195
243896960244
243854726274
243893707239
243847080959
243892606605
243849885106
243893691336
243850924471
243895973854
243843792215
243893915209
243850517711
243893458104
243848552325
243898491289
243859963288
243893075612
243859043311
243892017271
243854193409
243891129832
243853086135
243895755428
243845010205
243892302244
243847194876
243898668236
243845157623
243896149762
243845227395
243895787532
243841938652
243896311479
243845616155
243898509625
243850327838
243895888003
243850112785
243897449509
243857222799
243890729646
243858139482
243891973729
243842719860
243895128381
243852234459
243890546034
243846969438
243897116293
243859696555
243899742900
243851226046
243893030553
243853008365
243897686135
243854309846
243894282436
243854231041
243897804099
243846464111
243896486863
243849575491
243891923146
243855340814
243898964432
243859622245
243896131987
243845691071
243898294765
243845023386
243897705714
243855389521
243894166127
243853083266
243899989239
243855962021
243897326108
243848911489
243890781192
243843184476
243893689172
243854998469
243893978759
243854625438
243896795223
243845976729
243897140977
243846371509
243891729803
243846584965
243894328868
243846907219
243894335377
243844395121
243898358592
243857260142
243897461487
243850261836
243894503058
243849356783
243894236794
243842677771
243894388233
243859057120
243897896605
243846202673
243898220107
243842869729
243894065961
243844727416
243897145452
243844358372
243894972838
243852145363
243895638834
243850448921
243895031863
243842941772
243891345288
243857436354
243895364087
243843112539
243899466800
243853251947
243892378052
243854593205
243892290170
243858738096
243890570701
243842686771
243895040340
243856457411
243897064959
243852131357
243893907047
243848040236
243899143927
243846514529
243892331282
243856698869
243896794944
243841369261
243899694940
243853753057
243899807124
243859523406
243897822609
243846059183
243895297528
243857919306
243894153198
243840356829
243893273866
243846432243
243898214309
243849363191
243894813747
243858602176
243893469601
243854766439
243897535696
243847983033
243892569098
243842063540
243891310914
243843096520
243892318665
243842440002
243891527108
243847679540
243892803714
243857457421
243896590482
243855113507
243899297404
243846514904
243899753750
243849046682
243891546774
243854780650
243898667374
243844147297
243890171348
243852030001
243897744883
243854943730
243899553075
243840582409
243897022798
243850494453
243896195972
243854396759
243894073836
243847286099
243891457864
243841535401
243894401691
243855288290
243894348298
243852333979
243894736376
243853214049
243896131436
243840352168
243898596350
243859741676
243893135835
243847795430
243892875095
243840531386
243891171044
243856447268
243899925745
243840990726
243898028617
243841954055
243892530885
243846812792
243891952746
243846821068
243890557167
243856063555
243899766524
243853908115
243892550145
243848755453
243894542275
243846787217
243895999284
243853952079
243897209338
243845736616
243894582606
243842046857
243894465477
243843364806
243898899853
243842954436
243890030937
243841411864
243897505682
243856234452
243896833857
243843341772
243891862664
243841883055
243898366345
243851726249
243890696011
243845893933
243897448303
243845929458
243899817837
243845115994
243899003848
243858151724
243892438774
243842306109
243890762749
243859481564
243893699355
243843660133
243893791335
243845050272
243897970000
243846247844
243893590884
243844824069
243895412089
243855497029
243896216481
243858530886
243891065514
243858585280
243891961128
243855262700
243892634555
243856894479
243897235163
243842072882
243895911598
243858765999
243890629155
243845512412
243890288824
243853915643
243893677234
243847916143
243890681390
243842472511
243897565753
243849364632
243893996808
243857808665
243899790117
243852642832
243895448784
243841434768
243890307286
243851090894
243892600732
243858759594
243892748344
243843877948
243898605309
243856620390
243896735667
243844436339
243899341507
243846284152
243895636871
243856737299
243890281516
243841778976
243891351342
243857598724
243893349347
243857213693
243896331756
243858541826
243891638424
243858261674
243894808093
243857683302
243894596751
243848264052
243898330665
243858518349
243891732220
243842586784
243894013678
243847595056
243893490403
243840161319
243894424661
243852738666
243897580893
243842759372
243892262147
243857320024
243892215155
243845429636
243893321177
243855035658
243891011751
243858525854
243896167969
243850573437
243899111567
243856466441
243899612404
243852307585
243896696075
243853914754
243894304774
243856622555
243898478363
243840487355
243897148756
243853606182
243895024296
243848473148
243894129013
243845379446
243890264070
243848603778
243890256918
243850059014
243896306894
243857631038
243896270084
243845536228
243896417954
243845872679
243895430082
243853033071
243890568641
243840256458
243897592714
243849639092
243897134955
243841576283
243891564400
243859077288
243895325245
243840864259
243891620773
243855372295
243891715090
243846412391
243893224043
243840720630
243898446711
243852838395
243895181266
243842507129
243894225821
243848909877
243898347587
243850607074
243893823330
243855425204
243891677471
243852576161
243896917231
243847915216
243894720560
243857140665
243897704693
243859113970
243893477566
243844140164
243896188582
243856076397
243894023022
243842688564
243892387510
243850088698
243898006932
243849893728
243896686298
243859822261
243891977580
243852154869
243895021096
243850164373
243898918133
243856921835
243895058253
243845084648
243899572723
243856036759
243898162791
243840632523
243891235970
243852079885
243897781169
243848760209
243895875962
243850887963
243892786750
243850060617
243891352837
243848458418
243890293563
243855472400
243897385079
243854024634
243895230322
243854406070
243898763874
243854046626
243897046311
243854354546
243899621391
243841047477
243896557769
243859376705
243893680059
243841007255
243897908871
243855254768
243891580833
243859056494
243894114747
243857185312
243896196534
243842373358
243896930015
243857332215
243892254336
243840684911
243893953652
243854700757
243899821655
243840859690
243892093147
243858524080
243890130527
243859798981
243895263514
243846466065
243899406006
243843159015
243892161623
243850728054
243897218512
243859768440
243896704540
243853352734
243890876304
243858900960
243892908907
243841119326
243895549475
243850403529
243894040528
243841325300
243892317055
243854088024
243893313624
243855988379
243899686870
243850825880
243891339101
243856439000
243893024109
243846923027
243898993389
243843443562
243899280053
243847117532
243895331670
243850646604
243896587671
243851985761
243890986739
243857371799
243892851107
243857191440
243895134493
243841067933
243893997800
243843471797
243891089877
243849615331
243893954689
243841127510
243891962726
243842938992
243896552948
243857114623
243898137971
243847506727
243899145315
243842656191
243896861522
243852751792
243892909516
243857723744
243892374061
243842542876
243890117630
243842419792
243898176655
243853060190
243896628977
243840374278
243890900352
243844344595
243895993391
243859041885
243893159669
243854757101
243898226110
243849044832
243891326050
243850134148
243897325102
243848523285
243891404986
243859319608
243891605602
243851290658
243894515112
243855253968
243896048238
243853360181
243893741416
243848167531
243891223746
243856535082
243890124562
243849671907
243897542005
243843105240
243893310009
243859813044
243898447417
243858559478
243899826876
243852607115
243892183815
243849971608
243890786108
243841127022
243899999590
243840235529
243893048992
243848699882
243891289724
243858145797
243897449582
243846584245
243898650790
243853967691
243893271451
243847808272
243894577373
243845085724
243898407661
243841334518
243890004188
243845358480
243898078534
243844568239
243898220311
243850922162
243899314962
243856245255
243899432902
243853334071
243893573678
243844502922
243897029028
243844377454
243899583533
243845917374
243899568624
243859201561
243899492023
243853168689
243895593038
243847404170
243893511202
243845594573
243892419728
243855502743
243894081573
243854283693
243899058067
243856482695
243896795616
243855268206
243897596935
243843907268
243895595499
243859415932
243890712659
243857030333
243896771070
243841661082
243893457434
243841331333
243890467431
243856002982
243891954305
243859002082
243898383892
243859933978
243895050576
243856946116
243897558423
243852662438
243892124214
243856451772
243891070528
243846873915
243890861353
243845712092
243899395078
243843696131
243894074929
243842523088
243894728645
243847270799
243896825126
243841549120
243893175919
243851863617
243899474441
243840070188
243890208157
243851348269
243893658120
243855286121
243898392243
243840354643
243899303697
243845777208
243893422966
243841487560
243897049463
243848886447
243893826359
243840642007
243898034976
243850876215
243897634398
243857765269
243899179455
243851259331
243890192727
243853700674
243899762989
243852694572
243899558330
243851029828
243896863211
243847605000
243890144237
243845336940
243890656538
243845209196
243890516131
243842144028
243896240210
243851827987
243891562805
243859458042
243897571837
243856238656
243897088077
243853781587
243896381049
243855000640
243899966382
243858572000
243899990962
243856058786
243891837431
243856618527
243893009637
243855368289
243898059986
243843210343
243899824734
243844713391
243899407775
243847888145
243897681695
243859507306
243894888313
243850024999
243895189752
243859182589
243897363961
243844048396
243898876527
243845524615
243899636044
243844347941
243898717900
243858566291
243892313549
243841619855
243894756765
243855140248
243894099677
243851041699
243890563997
243847519351
243895552888
243858806487
243891963190
243855226421
243898929787
243850392328
243899665966
243852174794
243890293761
243857815655
243897729667
243847898791
243891319516
243857661034
243890419652
243856299389
243891983428
243842154640
243896494647
243858827943
243894267657
243858766718
243892403590
243851047272
243890869953
243849750271
243894947276
243841462913
243896506550
243858890891
243897260455
243841185520
243890786804
243841226577
243896799761
243846109653
243894790949
243850078528
243897510649
243851342866
243890086408
243850401181
243899200857
243844620849
243896180510
243840008760
243891822166
243846387778
243892587808
243841076926
243897958838
243851492637
243892197593
243848923828
243895922660
243841615721
243893705597
243858386507
243893082695
243851243000
243896695373
243854167417
243896687689
243844812610
243891002402
243856616671
243893611591
243846686710
243891298598
243854614547
243892825086
243848680114
243897981545
243843066184
243896711516
243842222029
243894352396
243845953085
243893346089
243851583887
243899648321
243842080093
243896298420
243858864080
243892717106
243844905142
243891553318
243853457505
243899739404
243856374224
243899297757
243847828533
243893869494
243852960310
243893134451
243854224338
243896738311
243852043107
243898532653
243857234656
243893095711
243844741528
243894814575
243853498521
243891399314
243843805634
243893352242
243858787555
243898651740
243856745481
243899922084
243858351822
243890921453
243849837092
243892900628
243844090723
243895453627
243851098091
243890568737
243856620421
243895825877
243857418205
243894000865
243853949531
243893800299
243846279051
243893008077
243859093741
243890618893
243858210101
243895994671
243855676262
243890358569
243849472087
243892625214
243842831843
243892667321
243851876946
243896591344
243848930756
243893669461
243843099937
243894570364
243851872272
243899092424
243851675331
243895406284
243840231774
243898971764
243846400948
243896515756
243853037941
243894861533
243848508886
243897303607
243843011725
243892694306
243852786521
243892372521
243854377345
243898972968
243848149788
243890802895
243854788771
243899746432
243854630362
243890970266
243855159330
243898966994
243842986807
243895709260
243846712196
243893092889
243854592978
243895639484
243847518399
243892844398
243853240529
243894372543
243844552096
243898755101
243845220374
243892976362
243856261766
243894159155
243858709802
243892886658
243858865800
243892177467
243857515148
243898935749
243855290451
243894995883
243853750711
243896328498
243847744581
243897422190
243843555057
243891084238
243856049287
243896134997
243846597022
243899047851
243858823682
243895507368
243842281607
243896742486
243859670490
243893560638
243841839975
243891672299
243850115744
243898106279
243844631489
243895564038
243856324852
243898124669
243843720476
243899632690
243856091825
243891339376
243855461045
243892797256
243857402287
243893838480
243859356964
243890727364
243853705886
243893373503
243841138773
243898756864
243858331130
243894222402
243849555135
243890370139
243856940328
243899367018
243846574040
243896022525
243845805835
243894225395
243848486726
243898902378
243844669105
243898307478
243857075716
243890655329
243855384928
243892242115
243851323979
243895487322
243841188817
243893055225
243856745154
243898242305
243859486882
243894550164
243854438973
243899717642
243850954559
243899559238
243859954230
243891910431
243854066474
243893784325
243850165143
243897236380
243852562719
243897494360
243852292375
243893068488
243853814851
243891317284
243851231497
243899129233
243845347770
243894304078
243846994132
243895347476
243848438268
243891714163
243847023838
243891571161
243852057473
243899782168
243849285349
243898426670
243856711098
243899399965
243851354028
243898336473
243849600752
243897969668
243847995909
243899693352
243853016191
243891029226
243855324018
243891699402
243843940192
243897330930
243845397150
243890540801
243854465398
243893577195
243854995687
243895090838
243847731555
243898891031
243842382482
243891471600
243845177738
243897014741
243849413964
243899582057
243852904987
243898099723
243858205284
243897804386
243848662745
243896564017
243848835981
243894947386
243845157375
243891667248
243844080124
243895713769
243841220436
243890258844
243852929974
243894211816
243857966577
243898296994
243845701698
243899714276
243858502943
243897476635
243859475786
243896398019
243854248019
243895298785
243849206516
243892364311
243858067732
243898715396
243856020451
243890993236
243845295070
243893156518
243852450628
243895233946
243843550173
243895739411
243840085963
243896023216
243850809346
243895396702
243854410827
243897643805
243842877482
243894668054
243853780477
243894878594
243857195574
243897499660
243850276313
243897004865
243851846173
243895241615
243852655871
243892978920
243856521088
243898988612
243852576008
243890586486
243856526129
243896250619
243850441646
243890498161
243847681175
243892505442
243848873956
243895260003
243845579061
243891020234
243856629778
243892251654
243851757141
243899388007
243850411240
243897446570
243849939446
243893041846
243852122546
243892344663
243840406316
243896270486
243856855900
243892391434
243843663878
243893313737
243859565650
243890724840
243854032096
243894887257
243848254105
243895725679
243843528054
243895264689
243857314442
243892700692
243859097848
243894956276
243844459441
243897625796
243840622730
243897651757
243850491091
243898524989
243858046336
243892244960
243848157633
243897629788
243855262668
243890114474
243851590119
243894783332
243848234710
243897543968
243859223598
243898476149
243858079721
243897684917
243852941674
243895557340
243843388606
243895846686
243855479364
243899323207
243856559428
243898143180
243843945902
243897760338
243848955284
243897842141
243854634156
243893658806
243847607980
243897416717
243853258879
243897888072
243854043804
243892596020
243859225108
243891848969
243845805038
243895216318
243853143515
243893306587
243851199209
243899335483
243859358726
243893976963
243849978412
243896000922
243846707107
243891121224
243843202785
243897966785
243842061286
243894541416
243855472760
243892015075
243856523018
243897418607
243847454129
243894558342
243856724277
243895498033
243854699654
243892840881
243844355641
243893400644
243855207002
243896283503
243853944231
243891758205
243842338005
243890130712
243845794532
243899504051
243842258281
243894556197
243844074265
243892711292
243846867692
243895718093
243853710908
243890130952
243854934024
243896390752
243842386832
243892181111
243853984599
243894432288
243850759715
243897077865
243854347874
243897072338
243850216709
243897919782
243841659269
243890336402
243853803690
243891642463
243843917318
243891571372
243849333890
243894626897
243853863762
243891317046
243844717031
243896891785
243847200047
243896147935
243859875318
243895977117
243841817671
243898590371
243848508375
243896365987
243842785736
243895116325
243841831581
243893817339
243840743099
243895257100
243849943409
243890751279
243848293837
243898203834
243856053497
243890148401
243858924481
243896666948
243844208648
243890072401
243847172324
243891064690
243844580693
243894176064
243853875492
243895029556
243840150707
243896063526
243840818175
243898990964
243849906636
243891994100
243849948168
243894805581
243854000951
243894561295
243842361637
243892823066
243841856656
243893740216
243853407653
243898401922
243853924234
243899470658
243843296062
243895417017
243857167803
243896181329
243855264270
243899226185
243859235471
243897903941
243854137920
243898332614
243850781928
243894542076
243849735439
243897695013
243854763131
243895550804
243842510637
243897176582
243858716117
243891802718
243850694573
243892457400
243843881524
243892818466
243858997411
243892856551
243847516644
243890908672
243858944682
243894361396
243852455358
243899907216
243846423604
243893457698
243850798050
243899520273
243843557455
243898235063
243848459139
243898611661
243849362603
243893511082
243858878698
243899249914
243855974429
243895409824
243843316971
243895190560
243848773164
243895276170
243852484082
243899193784
243857463984
243899617096
243843640847
243896121189
243841527047
243892639127
243848570518
243899059931
243850202971
243895995527
243845192360
243891239666
243854322341
243893454160
243849964188
243897482930
243852251254
243896954565
243851576008
243891211456
243849978770
243893074291
243857366416
243893116170
243850264206
243899158959
243855482495
243898796008
243854283623
243899937155
243850801136
243895506189
243842207534
243890605616
243856658801
243895316003
243858619255
243892636013
243850596327
243895227644
243846200252
243897185259
243843108757
243899956258
243846345012
243899911378
243849988548
243894927304
243847458955
243893644951
243853389689
243891373586
243856511285
243895106757
243841750965
243897523573
243844835840
243893336525
243844507619
243898884310
243843072686
243890833018
243847657498
243897708925
243849491971
243894408023
243845834015
243894939648
243851928004
243895009290
243846822836
243891887435
243859346534
243896934048
243851231099
243890243336
243847720725
243891211109
243853522458
243898277380
243854750297
243891147421
243848899397
243895624710
243851816520
243891471397
243844930755
243894014192
243856966577
243899086964
243850331587
243893430550
243840394530
243898963011
243851015818
243895410683
243847714555
243896107144
243841246764
243893612608
243842702211
243897979749
243858235380
243892760856
243855185264
243890180323
243841372212
243893446804
243843465095
243890021866
243854931005
243895196409
243843624828
243893023788
243854031543
243890461368
243843061942
243893141430
243845717348
243895898274
243859000904
243895863274
243845002452
243894085009
243855580062
243897274605
243846364871
243898844582
243846233492
243893076911
243848053500
243895340146
243858083277
243893264781
243859640278
243895587393
243859961539
243893891823
243857074386
243890947052
243859153573
243892173380
243840219068
243895332249
243853464438
243899919778
243840968397
243892626263
243854433465
243897109043
243849467380
243894607626
243847687771
243893502279
243847037497
243892707747
243852180376
243899844020
243851002026
243896291250
243846439170
243891802092
243856250637
243893614570
243840095172
243891558144
243841052876
243895427844
243855554533
243899589945
243850759203
243891106272
243857740400
243890434300
243844460596
243890362779
243851139018
243895950897
243840022418
243894523105
243851017441
243896236027
243845550427
243890712680
243841819157
243895298977
243851292847
243893868426
243852545966
243893305133
243859131539
243898657010
243848412811
243890615811
243854766146
243891119725
243852166824
243896388033
243858946082
243898376569
243858377793
243899317735
243857226319
243899782488
243847238877
243899801524
243851132692
243893907932
243858356778
243898004968
243842422321
243892984485
243846605335
243895718616
243846040811
243890295386
243857282958
243891381712
243846401173
243898535867
243841325487
243899554803
243858397077
243890776317
243841828061
243895319736
243859779443
243898936929
243844731227
243892252750
243840848078
243895464074
243855540448
243898469644
243842684884
243898270101
243846926536
243896529305
243856542676
243899087802
243859078173
243892198028
243859646358
243895300681
243856370929
243898879748
243841180386
243892563852
243855821915
243894856817
243856431830
243895324191
243847814180
243895393028
243840317547
243891342357
243858221783
243892572586
243841380536
243894397719
243841757525
243899673518
243853578597
243890299031
243844550432
243893587427
243841255045
243891169089
243859164729
243893052683
243848146764
243896593890
243847394689
243894383528
243846621093
243890330813
243848996713
243892054000
243858465149
243898109391
243855725194
243895888712
243856202390
243899157851
243847266090
243899006240
243854353898
243895013586
243859118953
243890416597
243845752122
243896903266
243842839078
243891153128
243849582593
243898581664
243842310626
243891912252
243840405072
243897291417
243846448969
243897500046
243840146497
243892862027
243840931348
243890359817
243858078150
243891390779
243858130346
243894024128
243855097557
243894091313
243857118177
243898234274
243849781893
243894883700
243848854274
243899771065
243849536505
243894655088
243849062169
243898716187
243849356899
243891772445
243850296312
243897643121
243857892839
243894591204
243855555072
243893518076
243841088672
243892642986
243848511185
243897066774
243854580963
243894346637
243850314013
243899727407
243841982841
243898730694
243856689921
243892225991
243858708017
243898422792
243846516645
243898904616
243853562219
243898318931
243857562141
243890317836
243850774334
243896384997
243855520139
243893857650
243844120061
243893757800
243856507876
243892108287
243840485331
243899306825
243854460669
243895413478
243847974356
243893263596
243847817172
243895578116
243841178009
243893013995
243858476979
243891566708
243854027016
243897888660
243842298341
243891890896
243841046579
243894571591
243844630233
243896865644
243849332063
243899466286
243845145580
243890875034
243857042294
243891436269
243853414949
243895975801
243859971362
243891395069
243844122603
243898336211
243855659833
243898119533
243853178835
243890719841
243848591858
243896625316
243851513384
243895667426
243857851956
243894353113
243844508536
243893036208
243842657349
243895999550
243851553543
243894350891
243854782321
243899162593
243849827511
243896012398
243852303095
243896814954
243843786042
243897414992
243845665316
243894247048
243852698937
243893749619
243842801490
243893630367
243855897134
243893414218
243846902780
243898111095
243849690357
243891082682
243859542472
243895110259
243857900461
243892795992
243847352864
243891475962
243844206167
243891271411
243856499541
243890910216
243841229983
243898964100
243855019233
243896759959
243858071081
243897165966
243847485101
243890248606
243853697008
243897971864
243840640356
243892849153
243841620731
243891842785
243845278199
243895172556
243858193563
243893059160
243841116575
243896163570
243842623311
243899001754
243855440443
243891985408
243852036431
243891595474
243851931741
243897692058
243855976471
243896107642
243851772071
243899303265
243840246936
243899166113
243855494526
243892257249
243858378334
243897091999
243855354842
243892624403
243855297829
243890565013
243841027086
243898065132
243856432228
243895134214
243856921106
243890246167
243859477161
243890317043
243856870420
243893665919
243850162951
243897110763
243841405261
243891297793
243853088645
243893156313
243850974824
243899917052
243844523174
243891297198
243856676971
243897267367
243849843185
243893639866
243851607468
243893822487
243849585357
243897679341
243852987603
243899644299
243851815677
243892011077
243853955248
243896221103
243847380701
243890101789
243855838833
243896543078
243855757233
243899067736
243845425045
243896332832
243847520272
243899762472
243843954590
243896471428
243850996488
243896772383
243855332973
243894660311
243853979896
243899324101
243843633844
243891331561
243859459199
243899230649
243851086487
243895646792
243844403818
243893472063
243857991683
243890549951
243846339173
243894267125
243840885634
243894968964
243851912629
243899502698
243842796772
243896162433
243845285225
243895575474
243848643722
243890122366
243845705512
243896682200
243852432187
243899786577
243855213485
243892412725
243858953547
243899796723
243847681028
243890125261
243844536891
243899508107
243847754088
243891777966
243856438241
243893845823
243851323267
243894550796
243852702396
243894218692
243849771641
243895014147
243849452290
243899803854
243840345128
243897038138
243849938222
243896834042
243852108016
243891999419
243855628272
243897646835
243848416139
243895709668
243847775363
243892983910
243852200158
243894167040
243847648818
243893328814
243841036001
243891753909
243858020776
243899151342
243858417238
243896486519
243855322774
243897913586
243842853665
243898819085
243842887230
243892784870
243840746475
243891559022
243849080656
243898014132
243844989722
243898096911
243844912084
243892522300
243846888657
243891279718
243852248249
243898522246
243855240847
243894085226
243846666157
243893903041
243849528472
243894155784
243847543170
243897398057
243840107272
243893733248
243853668839
243895729391
243840884845
243893596982
243854618580
243892923433
243856457088
243890961630
243857241494
243896133443
243850628766
243896913878
243847674188
243890839286
243845069872
243893979683
243842130704
243896614536
243857980970
243895841605
243852550924
243894905540
243842203600
243896215012
243850228734
243899633428
243842443241
243899391165
243855590939
243895269130
243859142763
243897928323
243848092041
243891936492
243843232630
243895251613
243851085354
243892549714
243841099108
243893875166
243850195724
243892521407
243840929229
243894773408
243858717911
243899494379
243842483516
243890500824
243856386611
243897213908
243851917548
243895414684
243845646720
243895490003
243844303924
243899368698
243844796632
243899929659
243847993372
243892009450
243848830350
243890604452
243857139039
243899305123
243849010852
243891722493
243854931996
243899218001
243848957787
243899332911
243843567657
243896231438
243840206976
243897238831
243854539477
243894291114
243850364279
243897784250
243848436422
243892950453
243841360125
243891366574
243857164014
243891783056
243841217533
243897266292
243849146343
243896624701
243850557612
243895607474
243845625633
243897637185
243855985010
243899784919
243849313973
243893448479
243850501779
243897427895
243854591440
243890723034
243854071291
243895443619
243840154203
243899539565
243857178912
243890313676
243842094276
243892698154
243859875840
243895541001
243840575178
243896376889
243856496675
243899442922
243844117466
243898357865
243857593039
243896667869
243850628655
243894663877
243851276639
243896443982
243850786780
243894624248
243847017696
243892777608
243850626121
243893464681
243857053023
243891999476
243855918806
243898683697
243854995754
243891007908
243853625064
243893351563
243856094025
243893943092
243848431183
243897067775
243855207163
243892796593
243854154048
243895923519
243851860364
243892914307
243846206691
243897483687
243850591357
243891573798
243843161329
243897234098
243850776560
243890142373
243857522363
243896693158
243859751756
243899199154
243849180483
243893060875
243854752027
243899544737
243852094456
243898215236
243859356336
243896325804
243859806721
243894735189
243847568537
243896870796
243852329639
243893651654
243843610368
243898279111
243847156137
243890581575
243847073739
243893561140
243852104838
243892474732
243855904306
243892539546
243855393888
243894210028
243854268054
243898336713
243857085821
243890750770
243849398329
243896533806
243841337985
243899394574
243850051002
243895095168
243845523711
243896473924
243849932991
243890805657
243846374979
243896210090
243840382597
243890043783
243854592505
243897688305
243841734664
243895480189
243846840283
243892393326
243850701304
243892450847
243857696443
243897654113
243853233369
243893437553
243843893358
243897489496
243855823337
243898725634
243854534320
243899065113
243849742917
243890989797
243851967251
243892109259
243840627310
243896278918
243856652171
243891161140
243857952470
243898621360
243848648422
243896059025
243857896677
243894188425
243842890153
243893634170
243843710563
243896043482
243848107370
243891765523
243850222783
243896603005
243843803767
243892108597
243856893004
243895671425
243840028023
243896779153
243846686214
243890275854
243841337842
243890935949
243857553030
243898732505
243843020226
243896373272
243847119490
243895400759
243852558318
243897076927
243856254840
243891398971
243849555915
243895651552
243857154295
243897872343
243842124925
243893297607
243841564183
243890742293
243846228367
243895247151
243843495366
243899688816
243845121568
243896336793
243855270109
243897785111
243849175927
243896434260
243858339272
243893378941
243853856330
243892600228
243843866935
243891073012
243855703459
243894126360
243842693595
243891819208
243852386312
243892067514
243859606393
243890578390
243857478257
243895940935
243852987533
243899057888
243859206110
243893659264
243846783143
243894215731
243858747953
243895645137
243851501835
243890420111
243841289755
243892677634
243859426707
243897669075
243842047293
243897580351
243858153689
243893336501
243848520942
243894839677
243845414078
243895726332
243840681676
243894601367
243855661698
243893739144
243859212268
243896117835
243843239794
243895171200
243850444694
243898383340
243850324058
243895985596
243842518873
243896968321
243849784957
243894898336
243842791014
243892190324
243853233468
243896825267
243857204033
243893048055
243851896527
243896734716
243846942996
243898301909
243849644084
243899364611
243846609007
243896946110
243840183365
243891215256
243847624405
243892779108
243852828892
243896784898
243843068739
243894514031
243841281652
243893323002
243844080766
243899679943
243854446699
243892586046
243859841271
243897469156
243853894057
243894234973
243852507804
243892806967
243845909178
243890346014
243842891789
243895485304
243858974588
243891890942
243850506941
243893613530
243855819305
243892918310
243843585011
243892898262
243840842598
243896874132
243843620000
243896204715
243855746045
243897718909
243855498352
243898560600
243850871473
243899249506
243840829889
243893746576
243848745429
243898264893
243845240092
243897759671
243843020987
243893988560
243844986034
243897227744
243842590108
243897896563
243849063776
243899677690
243845722894
243893182444
243858960248
243892351920
243854834808
243894749549
243858083997
243893693423
243846754767
243897796764
243845918564
243894517306
243843116070
243893777045
243849348131
243896906401
243846211675
243892994918
243848021765
243890927925
243855580489
243895579825
243843311215
243896763948
243850841567
243891381927
243849327875
243895705819
243846773474
243898050500
243851475293
243897527034
243840977438
243891679707
243855577340
243894202939
243851772050
243895019478
243842147514
243890133812
243843023088
243890679489
243845554041
243894181597
243854092302
243890990791
243854665213
243899306583
243848876626
243899009402
243855400788
243890112196
243846666164
243892006300
243849268407
243893332829
243848950916
243895562924
243844275519
243898463205
243853174708
243896295640
243850236991
243897644521
243851003660
243891755944
243840101344
243896277921
243843202859
243897862500
243856946212
243894045515
243841609047
243897896571
243841467761
243895709047
243842920857
243891585636
243853535169
243899636216
243858981117
243891341753
243846486529
243896420873
243851303845
243897777577
243845908769
243898672929
243840277003
243891749556
243843573362
243894515116
243847231212
243892361844
243858613106
243899762246
243845034840
243895980819
243847172033
243897485901
243845318257
243893284562
243842329082
243898391681
243853281760
243895307301
243843800571
243895441121
243845990519
243894651581
243852292646
243895064948
243856177288
243897091018
243848378924
243891455841
243843410021
243895560297
243850107890
243899083735
243849464211
243896562130
243846005815
243894532743
243851029921
243899881917
243856392221
243893742182
243845151804
243899656873
243846768158
243894389219
243842426476
243897189727
243851294770
243894454549
243856734989
243898624638
243858490459
243891939049
243857536743
243892963802
243840607923
243894971703
243845385011
243896880720
243847309087
243892357352
243849878438
243896621124
243849510781
243898606937
243858956323
243896079724
243858133291
243891962932
243842594380
243897822690
243844954580
243898705833
243857239439
243897663324
243841481879
243891466034
243850396203
243894617952
243845212573
243896915120
243847166832
243899042665
243848032962
243898534997
243850107229
243895006872
243857114429
243894215307
243858015608
243894029043
243846760988
243897718701
243852014123
243890691954
243855828132
243893120751
243855694349
243893565788
243855130956
243892523147
243840439950
243897769086
243856506178
243899195257
243852103668
243898221090
243852183373
243898435284
243844287580
243890251123
243848769298
243898352848
243849034206
243897676737
243845209586
243895375501
243842714276
243894226283
243859204377
243890123125
243854062565
243896336427
243857515811
243898405793
243859228303
243895919361
243850795512
243899013965
243843658741
243895847975
243853558619
243894957131
243857933590
243899340240
243856499463
243899735798
243851022695
243899120231
243840597806
243897162035
243846145125
243896279308
243848689437
243895979299
243850597558
243898405700
243852625535
243899798297
243846352389
243890463081
243844369379
243897227706
243854587121
243891970877
243847760531
243894407647
243856182844
243898635011
243854074565
243894443433
243851310970
243894000130
243851344238
243899608688
243848756528
243891759469
243857095866
243893925450
243850082301
243893739089
243842886594
243893722116
243844939494
243897723812
243847125847
243899738437
243853225377
243894051406
243844432471
243899331078
243847988739
243899014551
243853093330
243894091351
243844376425
243896683468
243851112380
243898553850
243845064231
243890519513
243852473437
243890240923
243843049670
243890573265
243847322735
243896725691
243857329726
243892123982
243858759209
243891212052
243851446215
243897481944
243856247072
243894957046
243840268719
243896050043
243843203925
243892970837
243858203237
243898472372
243843327311
243899406044
243851478086
243891605335
243848678766
243896853375
243855390593
243891862757
243852197939
243898292882
243855346456
243899036444
243854003781
243892461389
243843548938
243892036917
243843304702
243897210978
243854091844
243890647437
243856322407
243898992563
243843046535
243893904530
243856855858
243898986715
243858601720
243895701744
243852346075
243892371095
243845011966
243893550237
243858458378
243899703622
243853063725
243890061814
243849351553
243894670253
243847955319
243894409381
243854138688
243892442677
243848128207
243892190402
243854293318
243891037209
243858423788
243899559044
243842063357
243892300249
243851160200
243895423372
243849892919
243898913521
243858601171
243896176530
243841137028
243893790235
243849443373
243894320874
243851636296
243896727551
243852514939
243897964246
243856245903
243896219057
243850901565
243891587585
243856395577
243893071093
243850249437
243891499673
243845132142
243894744417
243841185525
243896444288
243847818428
243894271898
243840604474
243893477005
243846466644
243894185754
243855465892
243894399745
243850099499
243894908446
243852986009
243891895274
243851559150
243896277916
243846383342
243890367943
243851774020
243893136945
243851137237
243897148227
243846452853
243898763000
243845865974
243893714228
243853334315
243893749175
243843364492
243897667747
243843172587
243894821665
243859929945
243898282402
243841592696
243891789893
243848248497
243894395857
243854956667
243895777923
243846447114
243891310411
243842939408
243892318451
243857451850
243899898714
243850028697
243899967349
243840115660
243895290788
243854513942
243898713254
243857151488
243899421861
243851386292
243893788436
243856871232
243892606222
243849932201
243893888301
243841786506
243895191133
243845678102
243893476983
243843738902
243899453208
243847154327
243893299672
243858973425
243890979236
243855519380
243891339904
243856191415
243890884929
243859153345
243897388377
243856758751
243897506455
243849564022
243897059376
243849388621
243894405803
243858170741
243898655400
243848838670
243893610442
243853276842
243899658381
243845120691
243896617914
243845717501
243897153149
243853735436
243890886116
243850119243
243897817239
243854135146
243893387764
243842369644
243897372066
243851453240
243893413617
243840894069
243893210329
243853985071
243893165593
243859652385
243890174957
243854450309
243893450608
243846147791
243893025738
243849063684
243899814967
243859905269
243896962981
243842547825
243898580414
243853494581
243894658960
243859477352
243898580132
243842185196
243898937009
243849955829
243894824961
243856330944
243895179511
243841109570
243893754626
243843444840
243898142160
243856849650
243896495601
243844920720
243890611996
243845493896
243894655167
243852380070
243891842451
243855454290
243893996776
243853157417
243893385489
243859928999
243893693007
243841441059
243891325943
243845100768
243898468542
243840747416
243891817895
243844050551
243891182280
243844388378
243899914102
243841638953
243894795902
243847510882
243893513555
243853726666
243891162401
243843520335
243897696648
243853817599
243893631398
243846657514
243890250910
243857058619
243893528138
243840443052
243895123350
243845883928
243897845011
243848859487
243898973235
243845368427
243890389347
243846489673
243895016268
243845679892
243895270628
243842633690
243895534152
243842122171
243898753722
243852898868
243897699976
243853794738
243896904367
243851018629
243892731266
243846554848
243894077051
243854564137
243893824068
243848683292
243893402073
243840210617
243899973882
243854692690
243897548046
243845122645
243894785373
243840149642
243896879057
243850634667
243898150060
243841194705
243894842389
243857524440
243898923253
243853510683
243890145348
243853774026
243893546299
243849337634
243890411339
243842951283
243897838218
243843081618
243896648470
243853786493
243898482722
243844856034
243891646711
243854317506
243898223463
243849319223
243890630276
243847734660
243897972171
243845894666
243896582772
243850654255
243891503294
243855842419
243890115532
243846827670
243898757133
243850543445
243890170885
243858037724
243895382875
243850091226
243899239416
243845380429
243892945525
243849209400
243891825255
243841901714
243898710242
243859862191
243899048098
243848170642
243892336094
243851956126
243895879988
243844619591
243892268360
243842014965
243896056401
243857552565
243892801954
243859320465
243892329375
243849619589
243895231630
243845090419
243895080342
243858143786
243892878562
243846491455
243897628904
243841493306
243893818402
243850866479
243893934795
243856534631
243899396938
243847285069
243894566476
243845999107
243890257512
243846160445
243896008766
243845950009
243899933972
243849754384
243899544057
243855163951
243891936767
243844234871
243892663279
243844769480
243897994194
243854360976
243899346378
243843366231
243893859123
243841816032
243891716656
243848572130
243896188349
243841559843
243898796503
243840425009
243894453760
243854655492
243894994343
243843547024
243897362574
243850029286
243898900148
243844973276
243897792206
243846419464
243895436888
243850635357
243890875441
243847141223
243899282825
243842345629
243899750238
243847347885
243896353305
243856153868
243892888906
243845237632
243899028501
243854746087
243891720755
243853467596
243897871229
243844470712
243895972938
243843238537
243893413543
243857302770
243899223022
243845444853
243893338470
243840925345
243898507754
243857371452
243897638775
243840242920
243895062856
243842807929
243898306719
243854269128
243890813446
243845893161
243898943772
243858784053
243890380859
243845006708
243893406153
243858848206
243894884906
243855388797
243899316178
243854087505
243894731655
243841442434
243899292116
243855839866
243890243323
243849903921
243898368471
243857161933
243891672641
243845418883
243899540847
243853570310
243894334027
243856472122
243899844762
243848320469
243897420644
243857410000
243898831269
243847408376
243894325485
243847541960
243894541428
243854006351
243899495595
243841914834
243893651373
243858887501
243895927474
243852305689
243894441293
243848866441
243898922150
243850995409
243899395999
243858690933
243897516161
243851589225
243890795815
243842842147
243892001281
243856138723
243897436747
243846459208
243895397250
243856277130
243892180789
243853125975
243895484202
243856727792
243897812315
243854019191
243890741044
243852879061
243892608461
243847572765
243898883151
243850545834
243890075292
243856434428
243890648961
243856156884
243892400344
243854162131
243897435925
243852364276
243895116785
243859220788
243899309868
243854711884
243895509530
243851927286
243897252790
243845871945
243893256964
243852342526
243890037777
243849158971
243891860558
243841984008
243898595924
243847282299
243896953897
243849573568
243891109245
243848664935
243890348355
243840342687
243895801604
243843087679
243890373213
243842971607
243890806732
243842421890
243899260639
243848814859
243897650423
243846651730
243898119795
243856511431
243896678212
243841017710
243890919153
243850439977
243892046678
243841674375
243895477128
243842304047
243890230948
243846645655
243898499352
243846768523
243898199244
243854807994
243892043994
243854985920
243890951293
243852708472
243894052697
243847485522
243893610430
243849526400
243894631588
243847170919
243899303197
243856813316
243890843131
243840408399
243895158435
243858305038
243890617340
243840806584
243897078532
243851477274
243898706979
243849758051
243895701837
243847393306
243892513356
243857496969
243894039317
243859331769
243897782364
243854571410
243890446769
243857567796
243893352537
243845251048
243894160875
243855258597
243895706859
243847304619
243892193365
243854780617
243898663441
243852842692
243890905068
243846073360
243890299270
243855439873
243898338335
243847899859
243895743488
243859311952
243897424477
243848638454
243893924060
243858463675
243896013838
243852991766
243890476151
243854117391
243894414863
243858980675
243892979287
243844682506
243895028998
243851609765
243894781391
243855301048
243890975016
243844361376
243895890334
243842809286
243896103359
243855385769
243891324919
243851244312
243899584362
243850531738
243893542620
243859145962
243896317018
243846668908
243897835180
243844257855
243890400365
243845569368
243894960582
243855172424
243891009293
243850581484
243895988429
243850736541
243897019225
243852681418
243890425502
243841293287
243896333203
243847410352
243896468085
243852263652
243896555341
243851707450
243891095654
243856751477
243899897411
243846200314
243892745567
243840477067
243899603814
243845745824
243896515147
243840382441
243899210629
243844759381
243896515655
243840861421
243896084304
243857468959
243895203010
243845803193
243899632504
243845962170
243895599090
243857606548
243897964437
243851831861
243898707585
243847911519
243898146693
243847168761
243891692473
243851136150
243892089160
243849083749
243899571423
243851118818
243897287092
243856432224
243896795422
243841372332
243896091922
243849884147
243895854133
243846818801
243899777395
243846849686
243894382929
243845962279
243899938786
243843633052
243899179939
243840742877
243898753453
243846873959
243893783973
243852726545
243899772307
243859898087
243896314105
243840747342
243891264657
243850027316
243899511563
243859974656
243892478830
243851508476
243898146584
243847605772
243899158102
243859067184
243890101662
243853193020
243898421986
243856324563
243894780755
243856536082
243890486456
243840042844
243891603295
243850607645
243898287406
243844202726
243894083321
243845149702
243895744359
243859325184
243895329833
243841328860
243899745694
243859097396
243892317869
243842810373
243897804362
243844166341
243890890578
243854669241
243895397273
243853866806
243895759660
243848411398
243894333261
243854366647
243896498262
243852644746
243897214425
243847412748
243896202743
243855931166
243896690424
243859036586
243899775089
243859620969
243899273432
243851350322
243897920393
243853466350
243893274336
243855991974
243891763730
243841479167
243896753751
243856992774
243896543145
243856979951
243890987691
243840646557
243892326194
243841387084
243893560787
243847447959
243890256756
243852908612
243892667649
243858785923
243897012961
243848131919
243890981562
243853462593
243893065892
243852964141
243891556238
243851410440
243893758351
243842870947
243899792605
243844910029
243891496391
243844785075
243891904103
243840938317
243893298241
243853279758
243897790816
243846499372
243896646339
243846043629
243896632175
243844020270
243897952296
243857233726
243899273077
243846379873
243899272639
243855755418
243895967350
243849836515
243892737882
243855564367
243892594936
243855605765
243890622703
243856961206
243890109396
243840819842
243897806469
243850948657
243891464786
243851713835
243892951808
243843597292
243891155133
243849915296
243895156085
243853066378
243896655205
243854725646
243896619508
243852526877
243897186334
243846346721
243893386373
243857704065
243895204383
243844075787
243891516405
243859039504
243890658635
243853873878
243891146164
243843439003
243896399341
243847907050
243896010045
243849205524
243893188573
243851372281
243892852732
243847358511
243897329663
243848731139
243890849967
243841654311
243898403741
243847477161
243894737008
243847168988
243896613382
243842896633
243899181631
243847019519
243894036241
243858594270
243892859230
243857069167
243895552762
243855779856
243891289125
243840239503
243897228391
243858870820
243898309656
243845611095
243894055287
243856212179
243893893724
243846108625
243890044594
243856256240
243898203187
243851964532
243890113097
243844336333
243895290848
243850942332
243899868584
243847909977
243899437216
243842234136
243896391426
243851735887
243893767976
243840367012
243891215670
243844699235
243898986207
243851279129
243891806855
243853126051
243891109654
243858426397
243897338625
243842555048
243898864479
243841787434
243896201426
243845549615
243891997430
243859128429
243897851039
243850439154
243894260124
243845541955
243891578541
243847818472
243890956323
243852122109
243899178862
243858371340
243890535357
243845610319
243899018248
243859879668
243897848762
243849706723
243891232976
243846758124
243898723772
243843509697
243894333517
243847738810
243897521726
243850450785
243897163177
243849362247
243897996257
243849848448
243896801299
243853807407
243893172349
243849208487
243898250771
243848255284
243895628804
243858497641
243896232398
243847328713
243897798179
243851352282
243891195361
243840450398
243899850583
243855953410
243890887032
243845542711
243896984133
243846904567
243894374454
243856482002
243893103409
243844787111
243893076448
243844764279
243890632675
243852607095
243890479861
243849498454
243896781220
243843684515
243894937520
243843105169
243898296998
243846681856
243897012927
243853046451
243893682946
243853077729
243894737877
243851698938
243898220364
243852623114
243897914745
243840410059
243891108014
243848356564
243894045982
243850790849
243890825965
243855961909
243898539908
243846390256
243898505003
243846762644
243890067734
243850520912
243899311523
243849776515
243891876601
243847356114
243894896591
243848403119
243896147533
243857340843
243898116239
243858663764
243898904512
243853446777
243895566858
243850943983
243899167617
243850093518
243894025624
243848764467
243894290347
243845857338
243892596724
243847469410
243894174554
243843117266
243897547619
243842503120
243898761182
243851758223
243899414174
243844642572
243891642838
243842990144
243891289178
243844952845
243890080053
243840191800
243891102675
243851091278
243896285041
243859412844
243894111397
243847715577
243896742716
243856935834
243894277133
243859428224
243890852958
243854423713
243896429544
243849678313
243893257885
243846460864
243895029819
243848289713
243894951416
243853265196
243899143304
243856410835
243896712457
243841195605
243897057534
243846548616
243894983183
243851995357
243894859778
243859238664
243891469216
243857774630
243894948531
243848731969
243897626682
243844056994
243899194542
243851153393
243890122884
243842625052
243892753537
243849099587
243896252019
243859115581
243896020241
243847241785
243891834000
243844683418
243891589832
243844368125
243893293996
243859305738
243894075210
243841636741
243893317521
243857343775
243896438126
243844905464
243892727167
243849161967
243891068934
243843466868
243891890008
243851226775
243898212059
243840724139
243891504404
243844978747
243895269232
243851193544
243894549759
243855196209
243894319781
243852813666
243894149441
243858016013
243894169519
243845160136
243897814126
243849297772
243897717605
243840748296
243897310400
243858747002
243891282647
243857085366
243894812599
243852112349
243890398129
243846581117
243895924990
243847521942
243897573561
243850547435
243891949171
243854596937
243890907071
243859572768
243892715982
243850466406
243893965869
243857110238
243898521039
243843889813
243896569000
243840768262
243894854751
243853613179
243896707751
243855976816
243899993718
243850265149
243898302448
243842405740
243892014811
243842061006
243892270615
243856176043
243890055214
243845308280
243896448005
243852896972
243899669781
243854135448
243897746982
243846788190
243893962858
243853626951
243895930542
243845625722
243897791150
243856524863
243899569476
243851012220
243899471525
243848550502
243895952487
243853494909
243894779541
243846323172
243894145923
243850953249
243899236784
243841159186
243891808635
243856392834
243890888611
243843438993
243894300190
243847526535
243894677449
243850874958
243894926264
243852295496
243892126681
243849254651
243892674096
243847321303
243890967085
243853464586
243893754317
243841988547
243892509240
243852362097
243896138891
243852570309
243891137683
243859615979
243891539356
243846514298
243891475066
243841893047
243897802928
243842116866
243894724480
243852505414
243898572892
243846272077
243893295614
243844262201
243892904957
243840698448
243894075381
243845815569
243895316511
243857026105
243895819361
243842616517
243896091683
243841862863
243892484223
243856856387
243898400867
243845012478
243891611435
243841848332
243892183566
243844210863
243893837383
243851963880
243896199940
243844318734
243895810802
243859830628
243893350422
243840420937
243891323762
243851962946
243899208790
243841404370
243899281179
243845473750
243891886671
243850661600
243894035125
243857091053
243894956384
243845494472
243896343273
243850364938
243898284508
243850031703
243896205074
243856644354
243893695162
243840585139
243893440931
243840501863
243898709362
243855092772
243899322005
243840625416
243894715713
243847204026
243894251908
243841487721
243892220502
243844393383
243890182752
243840760135
243895508733
243845543287
243894801149
243858458964
243895275471
243845934618
243894288610
243841836562
243891219339
243854734422
243895970087
243845236358
243893884839
243852071775
243896083457
243854037636
243897419984
243843268360
243891618189
243854724556
243890010643
243848308163
243891107962
243857473417
243895450592
243849850910
243897147129
243840474396
243894677328
243857381995
243892423081
243847925204
243892439082
243844535050
243894732448
243851897720
243892883332
243845273857
243892002661
243849203746
243895148378
243856201016
243894995782
243845167537
243897765885
243841712810
243897746292
243841814249
243897908209
243854260217
243894605817
243858493324
243895761308
243846607457
243890174985
243844773259
243898052170
243855744787
243893141433
243857522193
243890477205
243849506121
243891331884
243846070657
243892611995
243847316070
243896981916
243857318923
243898708483
243850021451
243896758598
243858659107
243899400500
243855771455
243898099388
243854215687
243895293541
243847223637
243897637218
243842462571
243891237870
243848630939
243896456936
243851452677
243896317523
243849931903
243896948444
243855878008
243894888077
243842549653
243893707834
243856262166
243891541916
243853325011
243895424679
243855201369
243899910291
243840207474
243897471687
243856161597
243898784890
243846813176
243891831187
243842697214
243891438310
243859379551
243892644273
243851369160
243899210103
243847286858
243893424896
243852661976
243895857573
243840328490
243890811275
243853036898
243891682893
243840924672
243896045853
243855213544
243892005049
243844848225
243896813672
243857946284
243895271791
243854319914
243893591320
243853072430
243897541782
243844515195
243894158698
243847752591
243899620347
243846183937
243893785934
243849627957
243899661531
243857008943
243891036427
243847397202
243899264543
243844560178
243891900283
243844283754
243897665092
243845304692
243895261980
243844793109
243894128070
243849787616
243898592768
243842476796
243898166975
243849364407
243892592214
243841044510
243891391899
243853786779
243890935448
243853582185
243890000983
243840551763
243897325487
243854300597
243892115348
243841804910
243894748094
243844867524
243895066766
243850885811
243896021128
243851416981
243899894493
243843463767
243897067322
243844086875
243894797757
243846042752
243893021935
243853202213
243891457658
243850677773
243898059729
243850490767
243898929590
243848369906
243892019066
243857532700
243896286865
243849089413
243896664564
243848016899
243891267575
243854869915
243898997361
243847681030
243899428564
243856025243
243894778694
243857702564
243899184140
243843074746
243898130207
243849625899
243894420566
243844553526
243893766736
243857036282
243897614964
243848806393
243891397237
243845576403
243899918524
243853386226
243892656792
243853135772
243892182086
243853460152
243893563704
243840996761
243890184775
243854799059
243891771479
243851283612
243898154605
243850590332
243895755259
243844156151
243892459431
243843440655
243897572115
243844854448
243891098305
243853567827
243893356179
243850090874
243890915938
243840960549
243892412121
243854456408
243898513727
243846836567
243893645621
243848206999
243898070264
243856261103
243891440753
243843929762
243894555825
243849335879
243892357158
243857442755
243896525076
243847818615
243893160566
243843007344
243894763982
243850256794
243893583206
243856863193
243897100609
243851360597
243897959739
243841081376
243897143284
243849061885
243890595257
243847409479
243898226876
243842902140
243895723290
243859991290
243899908522
243853073393
243891311187
243857638157
243896294918
243846165279
243895698180
243844986297
243898100337
243853450124
243897092408
243840389507
243892959385
243851335119
243890247335
243853327959
243891901183
243851972721
243896586616
243842396975
243894088410
243841452497
243895290667
243843555951
243898982539
243840435351
243892453106
243854672199
243898841595
243847532072
243890872711
243843935975
243896298582
243846395779
243895974149
243848451798
243897682384
243857875480
243891760014
243859403052
243898905447
243840991111
243898614863
243841767568
243898624033
243857520702
243896583486
243859916626
243897493194
243854437519
243892609927
243844242806
243896217582
243847758300
243897188576
243854225823
243899556048
243854419433
243891900129
243856146275
243894603340
243856865237
243898854226
243855138652
243890116634
243856363186
243893465747
243851294646
243894618036
243853548053
243891889962
243857028574
243895493665
243852941414
243896977020
243843416394
243897058700
243840130256
243890759834
243853194538
243897220604
243843404190
243893243121
243847452926
243893274772
243843208026
243890228633
243854698436
243892874869
243840912230
243896245212
243852457760
243894796600
243856077351
243893315334
243846407651
243896372458
243852183625
243890092720
243842629331
243890997064
243843535474
243893732153
243840038694
243897086076
243844121616
243892257618
243841011712
243899069287
243847488539
243899283181
243856025816
243890729054
243855353623
243892951779
243850428980
243891911973
243841829070
243892341818
243845920749
243898361028
243854261045
243891545322
243842379355
243893609458
243843072447
243892465521
243846310016
243896999156
243855542350
243893591725
243858928412
243894782966
243847987276
243894957814
243840651588
243897138805
243853187947
243899906293
243856737398
243896416451
243853469153
243890748752
243846674134
243892492572
243849976330
243890858938
243841159017
243891318470
243847275944
243890624645
243850082230
243895609975
243847670028
243892646331
243842038455
243897454850
243845592875
243897213603
243854012703
243893945019
243849815088
243891063530
243848079611
243897955645
243842519609
243899401596
243846945239
243898785153
243847026592
243894426282
243841545321
243897687636
243852794342
243890814592
243848780058
243896229419
243847988914
243891234373
243840873027
243891478847
243847142582
243892955556
243844063554
243893699367
243852708801
243894314857
243846220913
243891025956
243848709390
243899350050
243847343830
243897911218
243845175961
243899447297
243847315530
243891541803
243842171788
243894160014
243842579380
243890487023
243854114735
243892746492
243856250587
243895073743
243859400713
243898295270
243855659874
243893488713
243852352535
243890937803
243843983765
243899212068
243844361503
243899740381
243844824011
243898090426
243850789786
243899789017
243859605690
243895835709
243859010604
243898363425
243857319520
243891214352
243857681495
243894908671
243849792457
243899353419
243855438075
243893933570
243841816982
243898863802
243858696788
243894850898
243852201683
243898642514
243845499928
243893368034
243845526379
243894244372
243847601961
243896811670
243851048597
243893024847
243842888442
243897756586
243855697549
243891540165
243859471580
243893359913
243845927849
243896979166
243857095336
243897167704
243857506147
243893828072
243843925626
243891202428
243848148713
243898202983
243842903537
243892780648
243841855696
243893984964
243857606129
243891194704
243848646581
243895575832
243852841165
243897065123
243841651494
243895534838
243842652258
243897011508
243857802098
243899737591
243850573119
243891932819
243848577281
243899048500
243850763379
243898934905
243850328994
243898901661
243843963717
243897024057
243857020144
243892648673
243859757311
243898322604
243847769856
243892803480
243852981979
243893069181
243854632167
243896871445
243846406333
243895230235
243846537595
243890047696
243844714177
243894966856
243841078726
243897705838
243841366964
243892443469
243840197993
243899580311
243845903602
243895730602
243848148820
243890777461
243842524043
243892307798
243855243945
243890313050
243843312173
243896477939
243850270021
243890779143
243849432735
243895899754
243854225926
243895084087
243846824203
243898954131
243843675388
243890705274
243853779174
243891842183
243840331899
243894428309
243844141743
243896921230
243854762314
243897130160
243850422841
243898322555
243845218429
243898998018
243856087263
243893254950
243851328379
243899514632
243842183651
243896143727
243842367951
243890992149
243854145040
243898346206
243847887302
243898150346
243855924460
243897094987
243854773563
243897979840
243857569430
243891954346
243850443085
243896539554
243859457065
243896798703
243842393855
243896165467
243855350611
243891335212
243843564026
243898370856
243846206560
243894289483
243852077636
243896172974
243853264182
243890116762
243844829705
243899471658
243844068771
243897017422
243855016225
243892386834
243849927106
243895182216
243854481363
243895944895
243859489792
243896112650
243846805796
243897165586
243858939695
243895055965
243850335830
243892017135
243844488752
243899279800
243853050695
243890173088
243858286658
243894914848
243849586812
243890827975
243840151067
243898214111
243853621650
243899632246
243849185386
243895808150
243845982878
243893532051
243848672821
243899340736
243841377052
243899423746
243856555162
243890744855
243858791386
243898982837
243844469182
243891831700
243848709224
243897763033
243847029964
243893119690
243842516413
243895625281
243857896820
243899289231
243849628391
243890003354
243850690029
243894605407
243841068912
243897398261
243841943198
243890477524
243842234831
243891819482
243850030493
243893500981
243845680169
243897327231
243840585701
243895257390
243843076159
243896427042
243855110802
243895455173
243847938768
243895083057
243853967402
243890831084
243849924716
243893679447
243859044711
243895990023
243850311639
243890840386
243858454556
243899352089
243846914939
243894101118
243845061967
243891876352
243853380637
243896206149
243850309495
243891156081
243845910757
243893630341
243850312308
243899170111
243843553274
243897046473
243846483889
243892448942
243848676383
243894448453
243850318410
243890934799
243858609887
243891119203
243847015811
243898704878
243852934958
243898722507
243856436196
243895976005
243849218755
243890976485
243851417145
243893683788
243858164840
243890153037
243852502467
243898527452
243848456232
243894032113
243855870569
243897539466
243844217568
243895252379
243855704943
243890079637
243844179877
243897658264
243853672810
243897507275
243853197833
243898065705
243858732053
243897383289
243843861628
243892389282
243855804949
243891301173
243842958078
243894505624
243844349927
243897156709
243852076239
243890904934
243848926697
243892149123
243849059423
243894170373
243858580581
243897191939
243858209293
243899395594
243849252548
243897232227
243857274403
243898902809
243858283719
243893239703
243842857341
243899734053
243853824543
243898076423
243847026560
243899746514
243859619621
243896284644
243843788087
243897623119
243856657548
243899916220
243855414491
243893606919
243843099783
243895927372
243843702316
243895985090
243841072565
243894619791
243858774055
243892436818
243843741847
243890759903
243840458594
243897921181
243859738969
243897075351
243858303709
243890643953
243845337053
243897919561
243840049905
243891236128
243853348907
243894952215
243853719744
243890565495
243854667593
243896502995
243855269189
243896090843
243851033129
243890668415
243859108256
243898672415
243840318552
243899414179
243853638347
243895280260
243842090823
243898751171
243844429449
243891169367
243845020481
243896023414
243841250438
243892989947
243844492089
243891033282
243855275517
243895807921
243859107270
243891296654
243847202232
243896136927
243857164594
243893786492
243852776378
243897408601
243841987687
243899632867
243843753507
243897896809
243856266934
243895537148
243854258863
243896961676
243855174903
243892969504
243849795206
243894660646
243842952780
243895461272
243840038590
243893349656
243842923528
243890463760
243846113699
243893355835
243845421866
243890561670
243855351152
243899806748
243855866070
243892777026
243857405946
243894600496
243849512014
243890960637
243852113277
243892746070
243845321256
243898922146
243855098422
243894315166
243841269380
243894625808
243840185511
243890436452
243852166193
243893985353
243857699797
243890782160
243858040296
243892228538
243842481232
243898596578
243858055136
243897945233
243840534064
243898195722
243845687776
243892915179
243858589546
243893509024
243851517151
243893935324
243842100240
243893524913
243858924653
243898507172
243848671002
243895451264
243850242682
243892383184
243854127637
243890937199
243858097539
243898397577
243840157286
243896154406
243850251557
243898028942
243846905364
243895623092
243853886744
243892573138
243840239656
243894454797
243858902078
243891072681
243848339138
243892642609
243844633633
243893645071
243849419116
243899998999
243856286822
243898586364
243859717507
243898255793
243850107868
243892301895
243846302721
243893467675
243856875397
243895079502
243845570529
243897207426
243844798468
243899396271
243856777772
243891822343
243856301859
243898953254
243858313133
243895828628
243845394698
243897192741
243849245080
243898164188
243842624571
243899881183
243854466843
243898650456
243846190495
243890353043
243843938995
243899756484
243853290917
243898277392
243841059282
243893728258
243855453468
243898256640
243846909655
243899653744
243847192755
243892205530
243841480943
243892644342
243842668436
243894059265
243859935976
243899778255
243841726308
243899325925
243851965214
243898753394
243856406496
243890344136
243844845096
243898408649
243845722363
243892995907
243846883236
243896388342
243840339547
243898479190
243850240460
243899930245
243858302678
243890428626
243859431749
243890051436
243859595776
243895236601
243849798369
243892593843
243843500341
243897470883
243859089095
243891386769
243840544447
243898150245
243850990923
243897954978
243849627971
243891720050
243842588188
243890973944
243843696626
243899606234
243859157519
243893483566
243847637118
243893514620
243857344975
243892758935
243847776278
243893292123
243856429797
243894964315
243847730453
243894382913
243857581021
243894849797
243845440341
243898969486
243855091678
243899445325
243857329171
243892973819
243840677834
243898157789
243850705249
243898157036
243859361273
243897299848
243844551842
243892879298
243852866709
243893949713
243849956493
243894367250
243852189789
243891764855
243856214347
243896481962
243844327655
243896983257
243852325577
243891895676
243853254138
243893676303
243842464611
243898326790
243844099726
243894176798
243841513508
243896170469
243843534449
243890089110
243857814854
243890941467
243849454034
243898982759
243852463664
243895950541
243853470176
243891089598
243852498408
243891232749
243856331368
243894227995
243849281906
243893242660
243843993168
243893837478
243843026288
243896363103
243858291320
243894852971
243847859785
243894084967
243842525458
243892974595
243846363493
243892338373
243847900052
243897904799
243857595870
243893652090
243859260429
243890311863
243848413465
243890069419
243843149790
243890586044
243848805252
243890331784
243856304534
243891888773
243841514188
243899407938
243854800881
243899529751
243842525091
243899842950
243843465466
243892740139
243854109564
243894365632
243842302957
243893927773
243855511742
243896546574
243857844186
243892176523
243855311354
243892980759
243857618024
243892344538
243849997639
243895360451
243850766455
243892907806
243841472904
243899919413
243842690276
243894826424
243840839579
243895441074
243852735276
243895519225
243844460750
243898642989
243857885342
243895328955
243846186338
243892571757
243854874903
243895240445
243857200199
243891795939
243856121145
243893877411
243844776533
243892674539
243844645725
243896039628
243850829406
243893581265
243856862203
243897712654
243844648153
243896660246
243858632689
243891263361
243857386220
243891379782
243849856473
243896082101
243843797868
243891481886
243852557357
243897165242
243847245648
243896598288
243856392957
243899456011
243848596470
243894432021
243855688138
243895111258
243843786658
243896929241
243842606240
243891558340
243843161321
243892025730
243840603324
243899703509
243846571144
243898621046
243852119658
243890126409
243849061344
243899941673
243856390928
243892765414
243850082792
243892407215
243858788194
243897957912
243844007143
243894532064
243853682162
243898689751
243841460558
243892659099
243849735512
243899346257
243859213204
243892186425
243857072624
243891116330
243848795341
243899597229
243847782629
243893374131
243850174331
243896792252
243859836042
243899150783
243852611162
243897782551
243841956899
243895933436
243843575873
243895241361
243854303242
243890599061
243857456826
243893944953
243845840633
243890845496
243850205910
243897120864
243848878203
243895861523
243842516306
243891557860
243851480948
243895076600
243854620362
243899375675
243847037655
243899323195
243842574758
243892044001
243851785578
243896025877
243850989915
243891811729
243849136313
243899607825
243842720182
243895019988
243840064780
243898151004
243846521548
243891475699
243841718925
243895062080
243845239899
243896997527
243852163690
243893852708
243846258988
243893826617
243845745367
243898856484
243851732943
243894689035
243850844901
243898295166
243840859916
243893886002
243847930348
243891704036
243843423324
243894562364
243855473524
243890717090
243852647577
243890382991
243848438742
243893738036
243845267550
243898499797
243854612826
243896472748
243858407288
243890627008
243856517426
243891216727
243857492981
243897042180
243858073518
243893460510
243858868258
243897193573
243848442761
243890618112
243851979892
243896379185
243842739407
243898118302
243859135483
243893058649
243856177626
243893120552
243850132852
243899227527
243855153931
243899567248
243850926580
243898721791
243858319637
243894733186
243843991507
243893801007
243859639607
243893456895
243852402658
243895645066
243855389311
243892156636
243854834151
243897992234
243855918348
243892034926
243851916373
243892194642
243843086301
243891515382
243849040931
243898012457
243840482491
243894439504
243841838016
243897464653
243841942922
243896164375
243847084225
243890487094
243847761867
243894987582
243844273353
243892429089
243842677963
243890032075
243852530337
243893871082
243843625538
243898767056
243856213005
243897673948
243859190904
243894091077
243858710359
243895429556
243844045495
243896073586
243856132221
243898337971
243848752497
243894207291
243858451104
243897190590
243859033938
243895275478
243840344650
243894997136
243851438723
243893725645
243843942197
243898679188
243857668679
243892579822
243843036931
243894781646
243854764597
243895140661
243852275914
243893718967
243850422194
243897747506
243843049296
243890535766
243843934710
243891681609
243842846315
243895020392
243840726671
243896709723
243856104531
243899459668
243854010248
243897647266
243850931074
243891721182
243857759503
243895057365
243842394261
243898277448
243854935886
243899320407
243848708734
243896334386
243847838060
243899892860
243852346187
243897473443
243852792411
243898775212
243847805707
243892845875
243846282996
243899144739
243846343079
243894188821
243840533246
243891029918
243846898125
243897333349
243848234018
243897440552
243850203044
243893334019
243855266402
243892847007
243857950238
243895162327
243846640056
243892558477
243844774524
243893484259
243850322103
243897886395
243848330078
243891405927
243849927463
243893506141
243841617708
243898415197
243841602751
243892915903
243853833083
243895092884
243859439648
243891433864
243856066145
243899436214
243850431839
243892553063
243846450167
243897803640
243842870296
243890956752
243857032390
243890595793
243856177219
243893930906
243852881139
243897744115
243844456200
243899524161
243854736310
243895282243
243856787198
243895322881
243841638526
243896952735
243840904853
243895219671
243842486577
243894383880
243841915640
243893796387
243850867360
243895740721
243843687558
243894064613
243851524539
243892978561
243857652848
243897779107
243854837867
243893653109
243854147714
243898869802
243844487755
243891594523
243844313324
243893476942
243847258653
243899875699
243856528698
243893070956
243850862473
243892805354
243859054411
243899779311
243843725445
243893229157
243844642395
243892873527
243845364659
243893685928
243855898330
243890452157
243847963508
243897755920
243849210987
243895916397
243847916755
243896590177
243843570173
243895858527
243841290142
243891187056
243859559618
243899611007
243857798091
243892846430
243847650269
243899615431
243844901118
243893860960
243855480601
243895221858
243844225692
243890651837
243840519828
243897218979
243855216859
243893608504
243847474656
243895722899
243846665491
243893971969
243855930586
243893258612
243847355673
243897053751
243845532130
243898302754
243845024475
243895963908
243857238405
243894059725
243842919844
243899880043
243846944543
243893737471
243842236705
243897076124
243846479643
243893778917
243851281341
243892038058
243856787840
243896447180
243854033349
243899544094
243846592463
243894619031
243853344561
243897101347
243850290809
243893821683
243840172634
243894935897
243852875023
243893375951
243859199029
243891361889
243857651134
243897759941
243857682479
243890826949
243840757094
243895361605
243854310870
243899963675
243848916134
243896289640
243853949493
243895647772
243858473088
243894477912
243842336195
243893639949
243848232309
243891705960
243849427018
243898592919
243842350166
243890750613
243858804364
243896652672
243841236757
243894842983
243853482991
243899451863
243848246181
243895047938
243850482580
243897267210
243842553781
243890509093
243847526368
243897459092
243855516034
243898695309
243857972479
243892002995
243849938142
243890861401
243854195913
243892914704
243852719748
243894076958
243854889624
243899752730
243859116990
243893978195
243851865881
243894244727
243859198725
243891300821
243843255751
243898556114
243840602984
243894582481
243844203562
243892604216
243847311874
243899076027
243845096260
243892372503
243840515433
243894636634
243849789405
243896584893
243851894664
243898666917
243840990280
243891708458
243840755787
243897204534
243848647679
243896388305
243842997155
243891872221
243855634612
243894006764
243856198821
243895653197
243859676441
243895704664
243842806368
243899187317
243847251547
243892978237
243855816216
243898091080
243843284704
243894627140
243849951108
243896385505
243848147964
243894680148
243856807338
243897577208
243854144043
243893531624
243844585888
243899181401
243850093466
243895599943
243841982740
243896274236
243859438935
243897875258
243851589667
243897655956
243858955297
243893961532
243842044370
243892551888
243858120915
243895108729
243856810773
243898385066
243840729423
243891730145
243842977713
243892018995
243853329912
243899411272
243852828163
243890820773
243841332674
243894123395
243856027142
243892964425
243840817227
243890707903
243851834083
243898479063
243851157106
243895315856
243847577392
243892432176
243843935154
243892480554
243852320786
243898826227
243841554691
243899356664
243856734695
243897480849
243853584968
243897938254
243859461183
243891242040
243841661137
243891818538
243850559782
243894324868
243849251438
243895239835
243842341410
243892562920
243840375032
243895106238
243844824799
243890139370
243851130928
243898187462
243843224750
243895669714
243857937463
243899664162
243848582110
243893572670
243843274616
243894523574
243850008146
243896350780
243852173848
243896671849
243852838434
243895180484
243857198397
243890905361
243841913866
243895837171
243848983100
243899411698
243853169327
243899013286
243849799809
243895391792
243843381481
243896274206
243851669346
243891239166
243858191497
243896739759
243853572820
243893553439
243855304797
243898896901
243850226955
243897742349
243843329897
243890553725
243858528970
243898142882
243840666472
243898653528
243845565816
243895306078
243859367583
243898506155
243842200373
243893673035
243841493607
243897767890
243843772278
243897483289
243842836053
243895760921
243849852780
243896165278
243841847444
243896286110
243858096043
243895379209
243856244054
243898099271
243858159602
243896146568
243851980961
243899662053
243849778211
243890321536
243848195710
243896016638
243851879878
243898578968
243843394044
243890130723
243856082332
243892209351
243845999004
243898387036
243857465951
243890131473
243848221115
243895608593
243853697730
243898467284
243847335329
243894705094
243840511142
243897764268
243845789322
243895457057
243855599638
243897792006
243855273394
243899244989
243854665978
243898343773
243849671597
243895253848
243855602418
243896066969
243854102140
243891931402
243844708109
243896682771
243848193596
243899769240
243857423042
243899129676
243852588823
243896094382
243857451652
243899493200
243856557455
243890793801
243842291046
243899384487
243847883198
243899487259
243840148399
243894038684
243846424568
243892120858
243850600613
243895011270
243856509644
243890332196
243857010375
243890631330
243852162335
243897365753
243846424529
243898109639
243847702279
243893276957
243848879568
243890931443
243843515493
243899552655
243857873467
243892029612
243846800949
243893809908
243855082562
243896309619
243857176174
243896654762
243847568977
243892295073
243849376431
243893177594
243845474687
243892378890
243842418541
243899974263
243845809608
243891298850
243844833399
243893309724
243856981131
243894508634
243859192852
243896664166
243850198976
243891018199
243843030901
243891536854
243844177459
243898453922
243849356722
243892687449
243854050465
243896392088
243844796883
243897026231
243855194500
243890093931
243853904077
243892811769
243851962849
243894456011
243851022698
243893799837
243843059769
243897365378
243846906597
243895068583
243841054815
243891812319
243856986382
243894762234
243853271994
243892604260
243856327648
243892415590
243855377173
243893273424
243859987324
243898866808
243846004244
243898310992
243859783112
243899238843
243858292457
243897151411
243855273290
243897464590
243852228985
243899376162
243847499865
243892980720
243849839645
243896518272
243851756719
243892499364
243850033740
243899236157
243851113044
243896490453
243840021466
243899246388
243853750913
243898962062
243859816042
243898305262
243852742659
243891983434
243844741926
243899390221
243850459158
243891284595
243844454630
243894458332
243858236128
243898332248
243846713125
243893477852
243848629864
243896706905
243851023497
243895920669
243856343014
243897655140
243846076758
243893563112
243856418513
243899046737
243853539558
243898651673
243857898066
243894979465
243858411082
243893518084
243842409299
243897352537
243845217609
243898144722
243843454770
243890266321
243846055629
243897224228
243855028154
243894476362
243844135352
243898005660
243856282939
243894435034
243856172636
243890016169
243844677408
243890688433
243852993545
243899034020
243850230641
243890901872
243847880116
243899754771
243846985410
243898976673
243842188335
243898129041
243841053694
243890264487
243857460446
243893672686
243849148011
243891610393
243845182243
243897418549
243846506685
243894159526
243849569859
243899517342
243859043047
243892128185
243848682392
243895300917
243857806882
243890310304
243847409680
243898179324
243850293612
243895644717
243852195218
243897951692
243840758663
243899315199
243846559258
243899141839
243853276683
243895578593
243841513786
243892167546
243846686983
243898979639
243851514197
243892370185
243859490325
243891533403
243845763456
243898539515
243853903330
243895602790
243848714793
243891032119
243843466793
243898846691
243852340703
243898429042
243857680855
243899787213
243850587755
243891288256
243849905746
243897163648
243855814166
243893923931
243851435588
243899303330
243847969605
243895524345
243844716130
243899358949
243849491722
243898278754
243845154960
243892293447
243857773953
243895299654
243841666432
243895028738
243848530805
243896190584
243856433535
243893229735
243850047983
243895144905
243842873071
243899622334
243859006221
243896145974
243856687715
243893390687
243859313205
243891928253
243859618857
243898444442
243856759123
243891443663
243848008004
243899801830
243848494756
243898145988
243856977922
243896502949
243841070942
243895864071
243858218381
243893388414
243856560235
243892207673
243857024504
243894463515
243840619590
243897294565
243855012638
243892228766
243852826676
243897511373
243856034010
243895118158
243841919361
243893809575
243847077906
243898383419
243858167254
243899564595
243843912623
243898243832
243840407312
243898125080
243849720966
243890596185
243844515182
243891561042
243849765070
243895559963
243857043927
243892584730
243846910188
243898354961
243840451297
243891227528
243855937634
243899772245
243859039118
243893976493
243846630161
243896116247
243840667831
243895162693
243849834886
243891272340
243855090338
243897538852
243849679145
243896652251
243857516924
243891354200
243848546876
243891045033
243857884613
243890369671
243849191777
243898994485
243859083177
243894880624
243842044535
243890423750
243853475993
243890195444
243858086895
243892664989
243857569873
243896592594
243858370098
243896537974
243842903314
243890858119
243853558151
243895906391
243842783261
243895115041
243849028092
243892614490
243859316206
243895231771
243852380091
243892856101
243841127751
243896367099
243840674758
243890980187
243843246621
243893535044
243844646053
243895035916
243844833466
243896245960
243849013020
243891163032
243847014203
243899185047
243856130162
243892174486
243858919102
243897023006
243858940354
243891984463
243848737547
243899949464
243840775274
243891050522
243854341387
243897267849
243859233710
243893524562
243846391885
243899867593
243853033856
243895537323
243845257196
243894076670
243843171320
243897926290
243856783051
243892697396
243859845862
243892772441
243859736122
243893604284
243842903542
243896055421
243846042160
243898249194
243842373540
243893896137
243849959608
243893125371
243848668318
243892628604
243854968363
243891351483
243854791485
243895837570
243855625808
243897273359
243840230484
243895623176
243854159971
243891457443
243844054692
243894965968
243845060836
243899276047
243852513999
243897341047
243842526928
243895085408
243851291292
243894273845
243841975892
243890558405
243857038328
243891409814
243846444129
243899182047
243848729013
243891821817
243856776832
243896782184
243840028365
243893176650
243853604003
243891487191
243845722427
243899546053
243857304784
243898668889
243857353038
243898045379
243851654521
243895341752
243856876655
243896586465
243853110957
243894734753
243850498272
243894538603
243849541042
243898993678
243847082525
243893123731
243855215718
243899740450
243849474738
243897071338
243840084606
243892485113
243840275181
243894714029
243841126271
243891187455
243852373048
243898492812
243845488586
243897605809
243854698058
243892330731
243844400728
243894950905
243843268862
243892730088
243844972598
243893558560
243849707172
243896792442
243844669580
243890990265
243847490326
243893495816
243852108568
243892342534
243856654179
243899546782
243848049781
243898517603
243841472346
243897146349
243850186034
243899936563
243856416562
243892550427
243849203239
243896596829
243855994427
243898459648
243848899393
243891995357
243841728189
243891355501
243847136049
243898512676
243858484482
243897468979
243845158389
243893004254
243851616729
243892945329
243854089665
243893888083
243846257972
243893731687
243848329268
243894434665
243845641476
243898976622
243845413813
243890278340
243854975396
243898369631
243851717664
243895167899
243857871241
243896104033
243854117689
243896079570
243842773534
243893376139
243844920479
243899159306
243844804805
243891144235
243851105121
243895336650
243846253163
243896484165
243846415155
243896898581
243855813717
243899730211
243858815125
243892291865
243849346819
243895034024
243854513386
243890724238
243857829684
243896393775
243853985340
243894356740
243851299112
243890410217
243848115323
243890965988
243857437653
243894333256
243846957028
243894365465
243853061458
243897332341
243846324805
243893308975
243840901936
243892271673
243855412169
243895546481
243854865865
243897772016
243855814759
243890226788
243841583155
243895195088
243847356399
243893020822
243841688399
243893942463
243852647025
243897153321
243845981477
243899943617
243842638373
243890568490
243840070226
243892855941
243849328586
243894424375
243840667054
243895574812
243844620937
243897272501
243846748429
243894723394
243846741911
243895462357
243840215033
243899049187
243844503982
243893799301
243842794829
243899598292
243840199475
243897003771
243845575475
243891770111
243850767329
243894674707
243842253275
243895993932
243844780776
243890264989
243854905456
243893195019
243846986003
243895467942
243840979336
243895284814
243849991409
243890419385
243856703023
243891268029
243855497733
243895752349
243852390401
243893399921
243856504112
243898235390
243850746117
243893558828
243854695845
243892195537
243859707438
243897024003
243855744843
243892049082
243847841126
243897462114
243841971184
243899278935
243851410585
243896509510
243849531094
243892933001
243858115983
243896099242
243852880398
243894786912
243853553319
243891285182
243853012126
243898672306
243843941002
243893765776
243851287354
243896939200
243840736000
243897269456
243854032531
243892051656
243854059367
243892740592
243843486726
243897054628
243845514350
243891084527
243849251446
243897489653
243847033842
243891021986
243841315006
243897027143
243852501420
243890592638
243844205179
243894152738
243847496188
243897344358
243853062348
243892389942
243857668686
243891966201
243845165626
243893742411
243841286818
243891534999
243850347042
243896438778
243845326824
243892622845
243841606176
243890123914
243840366310
243893542897
243854142728
243894400736
243849719566
243894708972
243844214402
243897497115
243852854278
243896779864
243849760348
243897498161
243847165916
243896982820
243848534179
243898866071
243855198204
243899277682
243855724837
243891516158
243843681379
243897206005
243841510179
243894363878
243852903269
243894418021
243845084558
243896163853
243841758187
243894970796
243846058589
243894664689
243855777405
243894421247
243853364329
243897581982
243844706423
243898959296
243846490737
243894666548
243856478402
243892947551
243852585679
243896391439
243845285102
243899737994
243853096032
243898067217
243855546410
243898804361
243847962126
243895478612
243843949624
243897712851
243845211244
243897226000
243849593796
243895347707
243850773207
243890508756
243843104900
243894747243
243842443485
243898394235
243846909767
243892168477
243857649437
243896015879
243840110548
243892837445
243853109108
243890464574
243855080798
243897737060
243853077469
243898343126
243857323780
243899509426
243854681268
243892453303
243853798403
243899015152
243857548198
243894111001
243854225626
243899774538
243848609926
243897269274
243845209481
243895742734
243851165659
243895386114
243858709739
243895000853
243851717637
243898980196
243847056478
243892557156
243857494792
243893275052
243849650136
243892725411
243848559985
243891287908
243849676365
243899833163
243855346855
243897300662
243843462038
243894700020
243858755627
243899482094
243846953196
243899416677
243845447568
243897461767
243845507840
243898544274
243840538065
243894700340
243841950874
243895406422
243859734111
243899978622
243841714172
243893668580
243842036383
243894475289
243840231517
243895662213
243857625340
243894010336
243845513234
243891667272
243846753013
243898837005
243842599262
243897179979
243846194278
243899285739
243846623356
243898238320
243859210322
243897362804
243855298455
243895877622
243852344377
243894362484
243852872847
243891428537
243857390856
243892543259
243850088204
243896849108
243857164937
243895635772
243855841425
243893499579
243842134625
243895594238
243855913741
243890013099
243856448289
243897985588
243847740041
243894258389
243859246909
243891906393
243853927352
243897543321
243845532805
243895779828
243853932525
243892967348
243845211626
243895369855
243856235050
243899565683
243852134849
243896851976
243848769561
243897965903
243841348756
243895807474
243841239647
243899091816
243854783794
243891233127
243858608477
243893192218
243853364225
243896857689
243859202658
243892112596
243855902887
243896692362
243850565129
243890158096
243855353091
243894218595
243843565027
243894133045
243852291790
243893795342
243857397595
243892857590
243848925097
243896348675
243844059395
243891168392
243853059531
243892065068
243840094209
243895661764
243843408013
243899763374
243857462897
243898497618
243841341222
243890313624
243841307674
243894916971
243846832030
243897543612
243853832640
243895252272
243848361617
243896348499
243857152206
243890351273
243846116272
243893473689
243859467627
243893869340
243846484063
243898433472
243858715725
243898484793
243840679609
243897205996
243851227961
243896239164
243846791147
243897995063
243848148742
243894924619
243850739585
243890376761
243857313394
243894887027
243845671169
243894237744
243843719255
243897928060
243841052421
243892797449
243852603623
243892277933
243846646661
243893342642
243847532089
243892512992
243848522256
243899937613
243844449520
243899191745
243850041897
243895576255
243854375302
243893078548
243859715891
243895572391
243846548674
243891149322
243854770454
243897601021
243850308350
243898148041
243856259688
243892071532
243848356566
243896243100
243857040312
243894203189
243840438831
243892041947
243851459183
243896128833
243855656269
243891963503
243844680990
243898219036
243849621113
243895549647
243854181235
243892439954
243841589432
243895681738
243853063086
243898763225
243852845301
243893658147
243845552161
243893723217
243857455511
243898092486
243858855016
243896448497
243853545484
243896600778
243854980696
243897428356
243849510093
243894897386
243840254390
243895575471
243845511395
243899976197
243854107155
243892576354
243856105043
243892497777
243848640377
243895684613
243852732252
243897194938
243849720185
243896608153
243842562595
243895229104
243844141355
243895852206
243859173126
243893884229
243851813325
243896645176
243841583010
243890645212
243849525442
243892464608
243843052644
243893432426
243851761698
243892583587
243858761420
243895291827
243842217660
243895218454
243841320315
243899974319
243857915003
243899260451
243845959413
243893245197
243852185133
243899869531
243855879166
243894493214
243849955080
243895308166
243846923814
243890863384
243850581133
243893590050
243858486195
243898585545
243857505711
243890445216
243845159587
243897057769
243850135195
243897113731
243856208696
243891048018
243857130123
243895386254
243857658175
243899119223
243848473094
243893561268
243846660965
243898134846
243854779395
243896245226
243844861549
243895357889
243851913807
243894950789
243848150848
243896196515
243854816606
243898623401
243853032637
243899474594
243859769513
243893345477
243851688435
243899312005
243859323877
243891066057
243853667475
243895606318
243855432937
243898438463
243857467900
243899617062
243848459185
243891834854
243846174447
243898657175
243844820667
243892665712
243858046605
243898284921
243844461350
243894499322
243853759326
243898316589
243850901107
243899166720
243845282342
243891318352
243852809347
243899176045
243848870410
243895680619
243859363573
243896807149
243851610889
243892777753
243840807203
243899352420
243852797653
243893789684
243858958807
243892391199
243849589872
243891048174
243840792824
243892231035
243843345552
243898797198
243853353718
243895284170
243847180311
243891164041
243851425575
243892354650
243853869734
243896576419
243850343400
243897332143
243855799315
243897475641
243847095303
243892716274
243857328285
243892237028
243847901176
243895010949
243856694438
243897582275
243848237088
243899536484
243849206157
243895095433
243842557368
243897983301
243856805286
243897998581
243846435342
243894397817
243847759665
243894831911
243854907129
243890977408
243846089307
243899770614
243850084630
243890907792
243847933022
243895539735
243853505356
243894486718
243847305550
243892743204
243853513360
243899134308
243851485179
243896552461
243859244213
243894303180
243850994675
243898383493
243840536019
243891066483
243844637781
243898303615
243845152388
243890929833
243845222163
243891210552
243858553728
243896814181
243854985225
243890322245
243849903002
243890299595
243843113075
243893693337
243856481581
243890358764
243840578044
243895183990
243858101366
243890941819
243851667079
243899197013
243843020749
243899536868
243859759240
243897110667
243841856700
243899680387
243857648444
243899815294
243855024975
243898645203
243853592448
243896783953
243847261174
243896431869
243855608520
243894829295
243840273812
243896444269
243851095406
243891207352
243850909764
243899800639
243841937829
243893629003
243855537955
243890398754
243841566610
243897934459
243852186958
243892688613
243849898036
243894838581
243851629818
243896085223
243840801429
243891734486
243858010870
243890851722
243849138238
243897001636
243842166400
243893511774
243841477725
243890057255
243847762258
243896244141
243858258516
243899432985
243853892044
243894196761
243853878516
243898001604
243848939257
243897317134
243848669865
243899018124
243850822743
243899913667
243841236530
243898601678
243859303828
243892181629
243842069681
243897794202
243850022757
243890317866
243846766975
243899779902
243854540025
243892140945
243847574496
243894612943
243844527793
243893117665
243854971659
243890084403
243849229527
243893909190
243841043112
243899875727
243851145270
243898106969
243842564954
243893611986
243847848179
243893145975
243853165518
243892489633
243847005274
243890070248
243859178470
243890359699
243845779601
243894775645
243843380784
243895096781
243858161587
243892117712
243853565769
243892870298
243854343315
243899497356
243857320802
243890932981
243845715358
243895812791
243858763901
243890215835
243856504988
243897453419
243856281727
243896756383
243850401663
243896906636
243844391598
243897824245
243852519316
243894112414
243840845932
243890192477
243849601182
243899122055
243845734560
243891931230
243856585076
243894191812
243849768674
243896898160
243857512350
243892925243
243844257503
243897035412
243858406189
243894537017
243843192067
243891922700
243843691484
243894170375
243855742046
243897658142
243851357777
243894399971
243854062926
243892886940
243857591053
243897049409
243852946862
243896025565
243850767173
243895790928
243842485326
243894641009
243847932676
243898995311
243856454750
243899816856
243840890235
243892894713
243857373883
243893432646
243852686267
243893639306
243852485565
243891125000
243855358390
243895445786
243856244051
243899365097
243849303517
243899324485
243850845684
243891905988
243840272102
243894132850
243849823813
243896507806
243847629375
243893382474
243849426040
243897189594
243849696395
243897923411
243845411101
243897745191
243841760919
243896317151
243846236706
243895560534
243856883779
243898758091
243850009299
243891956723
243840441505
243890618998
243857182486
243890936150
243843128355
243898995433
243841893157
243895752721
243851586847
243897472322
243845249739
243897107860
243858167962
243895246309
243847744275
243897964017
243858546961
243899846644
243844363543
243896470960
243848909480
243897358953
243859609557
243893024473
243845235985
243897528385
243843054912
243890163704
243850599758
243899638391
243857713712
243898446708
243845092393
243898820272
243842732837
243894321072
243859597215
243895598278
243859281312
243895037796
243841786123
243891363536
243845783632
243897024992
243859473355
243899680335
243857418213
243891135535
243849834296
243896914770
243853182894
243895437707
243851245563
243898860057
243844003350
243898866728
243851210403
243895890150
243843267457
243890799417
243850671822
243897244888
243844278231
243896475821
243855116176
243898476504
243845006487
243892006513
243844693828
243891941837
243853595364
243899993724
243849181142
243890589123
243848617482
243890875672
243850013509
243898882164
243847030564
243899707419
243841685175
243898954164
243850290446
243897571250
243853997386
243898102138
243853906293
243891470097
243846392370
243899479568
243846501217
243897076692
243847943775
243894533956
243856388081
243891017742
243857180102
243897796172
243846451797
243898091136
243847319994
243893473920
243854900345
243895303943
243848984797
243892763572
243849914576
243892304839
243847448415
243893051726
243847627719
243890863375
243849992878
243892399554
243845690797
243896203845
243859895405
243897639317
243855831472
243890213889
243858183278
243895056769
243844673660
243896074745
243843660464
243890207976
243849900691
243892901737
243858169582
243896425578
243854892938
243891176784
243853670621
243894876118
243859707616
243896407275
243845808416
243897308042
243840774317
243898930782
243857363026
243891340940
243853498595
243897915316
243846831043
243892255679
243853006048
243894931591
243844462042
243895128997
243851921296
243898107766
243841378158
243899650930
243844178862
243898605323
243851963281
243899522854
243845027648
243893638815
243840516756
243893279223
243857570806
243894906035
243852102597
243899046369
243846228915
243892050723
243850083674
243891748229
243848407843
243897601355
243848877484
243894808957
243843620555
243897721878
243843820826
243892523219
243840032655
243898453544
243852003639
243896064914
243840305301
243890571921
243847357781
243891648850
243845846578
243890529899
243843049514
243895336308
243845037781
243899524505
243852663890
243899690782
243859442295
243898862442
243842032104
243892205655
243855505576
243897953164
243854425373
243899637458
243846890766
243893484040
243840112056
243896483738
243852892991
243895460538
243848025425
243899431956
243850239717
243892884879
243847876388
243893645747
243854025434
243892471578
243846581071
243894341859
243858446391
243891364771
243857556911
243894519514
243841138967
243890034828
243855060445
243894509300
243855914245
243892079818
243843209962
243890047063
243841639409
243895985494
243844432241
243895292270
243840040752
243899765170
243855718417
243891796448
243859699088
243894550471
243850957693
243896180220
243856655227
243898199220
243859260443
243895847664
243855793287
243896408702
243856407273
243899032233
243850513061
243894574027
243854489128
243891756354
243849992005
243897076560
243843814145
243893906734
243850110336
243899772390
243851430227
243896896851
243847259674
243897226517
243843281318
243892510329
243845838794
243890495369
243853277130
243890641619
243850360808
243894118598
243841170719
243893392752
243848410272
243891260522
243850911423
243897542328
243840898727
243891308477
243854966142
243893616060
243849830684
243892033830
243840725976
243894910857
243845017151
243898188220
243850952824
243899275324
243851339575
243894176032
243842011414
243897111268
243841315409
243892667299
243847190043
243891937315
243847114303
243899860475
243845157969
243890555272
243843740836
243892862359
243840672198
243892119959
243841967895
243894104998
243851438655
243890368553
243848737403
243891321908
243855799388
243898814498
243849561710
243899609138
243845701083
243897262726
243841297546
243894705268
243855425705
243895030371
243851682654
243892233566
243841775579
243890771983
243856356970
243897927885
243843709095
243891957522
243859449349
243891264053
243850534480
243893568494
243850563741
243898506884
243841544172
243895438178
243842760778
243894242493
243846564778
243893425689
243850864889
243890340745
243845233653
243893624428
243844567826
243898662253
243843444194
243897694114
243851266573
243893520752
243845234811
243895920770
243847858147
243892864245
243842200575
243890080973
243848046658
243898758870
243842335223
243890010387
243852690750
243894685427
243840357933
243897345858
243845250821
243898088597
243853804540
243891042472
243846877986
243893237021
243844201000
243897965226
243858961880
243897226720
243846855451
243890528365
243855867359
243892689175
243846579657
243891221980
243857521390
243893014465
243856075132
243892270157
243845982996
243895965550
243847953432
243898137434
243859565444
243898095189
243854345466
243891900327
243851022179
243894300395
243841830985
243894808922
243849555422
243894447780
243843179266
243891058227
243851450681
243896883670
243840082000
243894173946
243850913136
243890857784
243849768494
243893991034
243858210613
243897524615
243844711580
243892075637
243846757825
243898257831
243858332273
243899274479
243843189110
243898465029
243857570677
243894561895
243850984131
243891016944
243843628189
243893650591
243846062942
243895802517
243843540924
243890946653
243855809308
243892622002
243843048807
243890239384
243855657700
243894338064
243853310262
243898630931
243841963723
243897476587
243849141551
243896462848
243857251650
243890895605
243841046580
243891212295
243856338133
243891629229
243857622357
243890644818
243851385134
243898164969
243858770687
243895022581
243858864775
243896266165
243852917821
243895946963
243843092781
243897555117
243841827704
243896047129
243853070620
243898083097
243852831874
243897161963
243843042352
243891712201
243857788450
243895722811
243842306015
243897453272
243856187205
243895262904
243848279696
243898612298
243842647725
243894911507
243843710233
243895805450
243854076550
243893723991
243859472232
243894946401
243843562584
243891428359
243851379554
243898394729
243854107129
243896580651
243852613801
243897816368
243855428538
243893737500
243854555323
243892860794
243840527773
243896942244
243857730770
243890586689
243843884308
243896075174
243857970415
243894020194
243851311778
243894187396
243845107508
243895317883
243845987944
243894924833
243854766687
243897804379
243841101966
243891645657
243859752928
243898583289
243850976360
243898317666
243849593774
243897427813
243849585190
243895305299
243848650199
243896991580
243842281876
243891497168
243848681348
243898467019
243859224055
243897424597
243850281866
243899937800
243856981440
243898861554
243857220164
243893537460
243856898646
243894555756
243840561607
243896391831
243844301997
243892821768
243857976837
243898741559
243841930563
243894158957
243858193846
243891577713
243857874587
243892576110
243846999378
243895890610
243859770866
243899153448
243854978967
243897965605
243852542334
243890211903
243857456127
243892960569
243843704628
243895108735
243849044694
243894901469
243857387793
243892935703
243857308583
243898030598
243850158093
243897363081
243850163792
243895576413
243843904902
243896226436
243850331662
243899075527
243859131430
243892966937
243846878948
243891882782
243846896177
243897260695
243854643342
243897778204
243844427419
243899821044
243857284772
243890793858
243848487868
243898047149
243855400209
243891221218
243856615023
243896864585
243853954447
243898850770
243844387776
243892652688
243853359339
243896956983
243854167245
243896187212
243848066293
243894523533
243842595715
243893294128
243854460339
243891566210
243841872474
243898582417
243849207843
243891015102
243848300637
243890885898
243847025063
243897357237
243857066000
243898295228
243845306217
243897337890
243856160865
243895883317
243847625733
243895668187
243841535100
243890489581
243844638966
243896275634
243840474582
243897075153
243858399771
243896479419
243848067851
243898042683
243842393404
243894492651
243847858375
243899854111
243854171827
243893403678
243847079123
243896964484
243846829286
243893550503
243844518885
243897699434
243851742721
243890426957
243858886886
243897302312
243858817113
243898122392
243845830419
243893496998
243847252479
243895496441
243841733385
243896067303
243841167293
243892660191
243852519958
243894327135
243850372799
243892874851
243842459216
243890541906
243841430315
243897549626
243855389256
243894017493
243852299833
243896774195
243840338526
243894364423
243855206809
243897134771
243849237046
243890295379
243844582609
243896611106
243849688371
243897388224
243852567580
243890481993
243841707960
243894886874
243851985636
243892975255
243840681073
243895470458
243842879153
243894876021
243849882082
243893777411
243844870626
243894323918
243851038399
243896655442
243841561917
243890474107
243859138748
243895252017
243859063478
243890032490
243848791661
243899416782
243841375503
243893463523
243840927355
243897073727
243853194192
243894483747
243842772012
243890706713
243853040976
243890012373
243846892335
243898800060
243849699627
243898486882
243853956702
243890389422
243841166099
243897581883
243855180616
243894640839
243857833634
243893794131
243842381222
243892660484
243846251196
243891051984
243851731008
243893206355
243840918444
243899691133
243842779143
243899696053
243853378619
243896815918
243847135769
243899962611
243855607616
243895440981
243842100246
243899787193
243846074086
243895674875
243859685505
243899598403
243848498774
243895199114
243854454911
243899094240
243854503423
243896526378
243840280377
243896424783
243852322634
243890498912
243847855522
243895281672
243850469466
243899049743
243850321801
243895439300
243854157724
243891382930
243847532173
243892615260
243845624106
243899417906
243853352504
243892688309
243853919662
243897053025
243858744996
243899311193
243854392886
243894473846
243858182008
243899443894
243851132549
243895007323
243843440662
243890848051
243855461945
243898776186
243856544614
243890365407
243857644089
243897846832
243842613988
243892801112
243859201606
243891809197
243850852316
243895428478
243849248636
243896268690
243856748755
243892096618
243840215635
243892590719
243851249696
243899461886
243853215032
243897147831
243852957383
243899421372
243848248518
243895890073
243851217392
243894771381
243843948427
243896633921
243856739106
243894604643
243840710165
243898708623
243851551618
243890680972
243843876459
243895991392
243849750492
243899044688
243850741849
243898680811
243848271704
243898965216
243844181715
243895468032
243847668779
243894725868
243847866170
243891164724
243841160369
243899714145
243841363797
243891505745
243859996146
243890894319
243842082261
243893222261
243859402043
243892746838
243852882301
243891260264
243853634963
243897827535
243845473929
243892828472
243850450155
243896682245
243855811084
243898285577
243840760374
243890798574
243841592714
243899106881
243856489738
243896343104
243843608500
243893516371
243857113916
243893418178
243848000778
243893874203
243845063334
243896556951
243847728318
243890330471
243843297038
243892361813
243849473209
243898450582
243854456629
243894155657
243841372173
243891632139
243855382711
243896467272
243847623459
243895737472
243847016187
243893638970
243844576116
243890572481
243847916405
243896264208
243847428422
243892468226
243840316546
243898613251
243842365304
243893803871
243857058024
243891979275
243845288342
243897771339
243852369057
243894204676
243852824688
243890501213
243858838302
243898990806
243842608295
243891436641
243852250167
243897511104
243843978368
243893270363
243857228935
243895523899
243853122259
243894540173
243859266374
243899532417
243842569909
243890718224
243841053077
243894541479
243850895905
243897703380
243847060082
243894161232
243848776919
243890612361
243858906163
243894698507
243842068366
243899580352
243841468316
243899712848
243840165998
243898908085
243859661917
243893503001
243854982996
243894985969
243845857527
243896887322
243842738778
243891595007
243858547847
243890823439
243844141905
243898964051
243843522738
243898167729
243859959354
243899040513
243844142772
243894197419
243848425054
243893564756
243852696066
243898455281
243853913132
243893464459
243853984303
243894849951
243856210883
243890318652
243847929683
243892124855
243854369189
243895531601
243854904664
243895753381
243858808111
243897617790
243843362746
243896721985
243852914474
243893027588
243853921607
243891868635
243857054934
243892273861
243840442462
243892346321
243856229445
243892644281
243858569581
243899176998
243849776168
243892181420
243844472508
243894908708
243857871076
243890380519
243841520578
243894781827
243855749886
243892470774
243842021273
243892571453
243851645329
243891555947
243841504937
243893269885
243840850653
243893468973
243852361885
243899851355
243844558546
243892802601
243846511767
243892923616
243842712335
243894070480
243845063627
243898915481
243843462413
243892434164
243842053877
243897794809
243853210698
243895250873
243854692533
243890662193
243846079947
243895249297
243849959888
243893200134
243856545279
243892560264
243843630735
243898386106
243855019034
243898220395
243851069424
243892563690
243845190581
243899372135
243853338594
243892337108
243850489274
243897924266
243847761999
243896548685
243859848199
243897422510
243841383804
243890577573
243853471807
243894457004
243853927967
243898203298
243844056715
243892526464
243847378399
243890215420
243848472265
243897238011
243859253681
243896698143
243847460899
243893475834
243844043097
243898471185
243856533983
243899563334
243849369561
243896753862
243858633309
243898196134
243850474260
243893673832
243844697537
243894374121
243858671290
243899665799
243857655261
243892453089
243852515745
243899045488
243841321890
243892756108
243840180971
243896652057
243859946455
243890544739
243859638174
243892317753
243853241822
243897330872
243841089710
243891238097
243852823816
243895160333
243850573511
243893700604
243856126165
243890692330
243850923898
243892435669
243846228297
243897837616
243853515237
243893351543
243840007689
243891035342
243846137728
243894524181
243846804494
243896789784
243842878605
243893570688
243847269116
243890622239
243843078133
243897390244
243847117646
243892100367
243848534254
243893555841
243848748119
243896611780
243859816828
243892025712
243850808083
243897310625
243848146908
243895788832
243840744167
243890012218
243845239155
243896763936
243844894174
243899742705
243854856656
243897287150
243846039660
243899079633
243856197218
243892380120
243859144350
243892146510
243848980186
243898942579
243848438885
243893117392
243844556801
243895286086
243854918606
243898428764
243849946105
243890261762
243854478887
243895363663
243842402556
243893584033
243859951694
243890204287
243849383349
243893126303
243854583582
243897117798
243848213872
243893062530
243857210619
243892097370
243845738623
243892228433
243857009810
243892611406
243845620479
243896520978
243842036306
243898403203
243852965384
243898327738
243840474067
243896038525
243854651210
243896360833
243852695233
243894479714
243843980400
243890323546
243846034181
243899419754
243841582059
243896170499
243854023103
243894448561
243849852015
243895135751
243847798531
243894132855
243842230804
243890539364
243849520650
243898059729
243852505422
243890569073
243859263829
243896400073
243849101576
243892382505
243851908745
243895003371
243848703308
243898802901
243844806980
243894449934
243857142397
243892515105
243841476607
243899507997
243849920583
243893884148
243843750278
243899721295
243858233121
243890470125
243846564244
243893006655
243858999287
243895397122
243852130677
243899412670
243845775942
243891557712
243853877426
243894998521
243859691132
243895706670
243857094411
243896686653
243855697799
243896841728
243846471272
243894998190
243849096178
243892303447
243845884987
243892126489
243852587947
243891539679
243855277438
243892235703
243859739053
243899687494
243854803822
243892230718
243851213797
243897819063
243850631237
243896094821
243857771192
243896144247
243849100009
243899329586
243846781431
243890588653
243849596911
243894257880
243842077049
243894264524
243845537952
243890510439
243859179687
243890304761
243845266596
243895271605
243851509234
243891923792
243846374790
243896447022
243853464562
243893675967
243850637520
243891223949
243846236283
243890972480
243859944026
243898805165
243841639694
243897603434
243852462402
243896755043
243843876662
243894702760
243855596635
243892166242
243843642179
243894137822
243849548559
243891483349
243842676651
243895590972
243848975001
243893089526
243842749143
243895071994
243859309831
243891618257
243853672191
243895389870
243858150209
243893901629
243853820133
243898830092
243843510724
243896668993
243840021806
243890233931
243844495884
243894675637
243848960851
243899450716
243840627767
243897582153
243855628585
243896815670
243859267292
243890281072
243859926094
243891913536
243841143838
243895751565
243842732524
243895183188
243857613164
243890514247
243854617400
243894134569
243841687392
243895227217
243844488036
243897145009
243858773446
243890283935
243856778507
243894964724
243842046712
243894577270
243843399425
243899701932
243841265259
243898897785
243856369779
243894623653
243847644839
243897769343
243855734028
243891231591
243852289217
243894926405
243858529109
243894536087
243856476273
243892223748
243847649620
243894309555
243853090278
243891371381
243840779797
243896630789
243847281439
243897720994
243853501448
243895334063
243846648852
243891826637
243849587373
243899800625
243857091704
243893560414
243845240645
243899561786
243844823770
243891684530
243851866151
243897106433
243855428321
243893157181
243853152061
243898634259
243858113187
243890232290
243844602616
243897553948
243846633904
243894719066
243848098939
243895883367
243851553137
243890547330
243854572464
243893153218
243844550977
243893053301
243850009538
243897951037
243843962495
243898832133
243845111300
243890338350
243853807652
243898588152
243842286509
243897777620
243856022252
243895304833
243842646580
243892207990
243859464877
243894616905
243844015578
243897565162
243856901729
243893746465
243846793418
243897218654
243851172117
243899964327
243854582742
243897797500
243847775245
243892573800
243858074501
243895654559
243848367470
243893357023
243844406763
243893553504
243859715899
243892171351
243850528623
243895061518
243847028900
243899635553
243858438401
243891213690
243856443169
243895334489
243840575770
243895820790
243858232307
243899526010
243848000336
243894192352
243840961760
243893284447
243859477921
243890139381
243850803174
243899745116
243854867059
243890011450
243851461140
243897697412
243849437386
243890721699
243840513722
243891954725
243858214018
243895298067
243841559904
243893214654
243848745897
243896031993
243841664490
243893786816
243851637699
243891079869
243850584972
243894696201
243843280537
243890663492
243843116257
243893021211
243841655663
243898860089
243842346597
243896173790
243853291552
243893815859
243857677347
243894880449
243857583795
243890173601
243851087304
243890218728
243844923943
243893734427
243847739323
243895016514
243842668220
243897337125
243846503981
243899812453
243853438644
243895740473
243859888205
243899051312
243844290803
243896947912
243856908282
243898801514
243850432551
243899726553
243857178527
243896465554
243845142610
243892536631
243845493613
243891381920
243847399180
243890591919
243843067210
243897477938
243858511797
243898472350
243855640501
243892060693
243853658071
243898064775
243858449097
243891735485
243854868747
243893067150
243853328609
243899456415
243840765082
243898789809
243854294440
243898975108
243845657015
243892234303
243846561612
243891440165
243858331222
243894120960
243842309990
243894285042
243857729418
243891392174
243850241082
243899066977
243856390550
243891025201
243858240235
243897189510
243848862267
243893967461
243841291139
243890870924
243847937066
243890640778
243851910986
243898626566
243851552902
243890925744
243859428424
243896074429
243842294265
243893289812
243842555145
243895817479
243858433761
243890847469
243852706273
243897271314
243854422395
243894834563
243842330875
243892248566
243843973401
243893679828
243858657322
243898264310
243854742492
243894784919
243859817880
243891540799
243855778642
243897900449
243850547383
243894799848
243848643658
243898823708
243846454239
243892076270
243850161401
243891423012
243852486806
243893071059
243845340630
243890281968
243840528242
243891498041
243853064145
243899055848
243854385113
243890237094
243857171456
243891530111
243843838002
243897227407
243855252801
243893196620
243844131409
243894346743
243846616324
243894072732
243846232894
243890656612
243844876276
243899066048
243848529661
243890141281
243859260249
243892031856
243852958050
243898060137
243842525522
243896468672
243855972968
243894696330
243843408021
243892789026
243858353672
243899724505
243841716551
243898684433
243854557638
243891577726
243857003986
243893516418
243854208040
243895880483
243854349263
243893664227
243857405917
243895720158
243843858034
243896787262
243857557341
243898054827
243858694812
243893780848
243851918839
243895833285
243850183064
243893824209
243840154432
243892736777
243843064323
243894846105
243849807742
243894493167
243854550151
243899154669
243858147861
243892910952
243858872600
243890652604
243846725961
243899425218
243846715570
243891554786
243842295218
243890523118
243845660543
243896207194
243855678784
243895571662
243847202901
243898510399
243857920253
243895482607
243842944448
243894102941
243857396227
243893459922
243854915713
243890403461
243853168485
243899483093
243851388812
243895973292
243840463686
243896669633
243848289473
243895392390
243855949254
243898185735
243847590133
243898894882
243853934785
243899966934
243845099792
243890005783
243854832561
243891390146
243840385693
243895578704
243859272282
243895286047
243852438651
243894110652
243842882796
243896584373
243854964929
243890777831
243855202386
243899762313
243855610892
243895806478
243853126566
243894052320
243857325425
243898210718
243848166058
243899318766
243841723682
243894585758
243847023172
243892708829
243852857485
243895283406
243844395692
243899867940
243853955196
243897424752
243851778925
243892652613
243856379884
243892997878
243840724719
243892084045
243844208197
243897937640
243851486732
243897453626
243840193351
243894481149
243849353877
243895466089
243850943075
243891180938
243851041667
243896683088
243854287426
243896614304
243858526903
243892807142
243846624309
243896119122
243851591197
243894863591
243847244490
243892946313
243849461180
243899935699
243857257470
243897245130
243856521337
243896868672
243851538994
243892612453
243854593069
243896898759
243844170579
243894876086
243858819861
243895617479
243856536526
243896202823
243857413223
243897845542
243840558714
243893583310
243855211023
243890039703
243847471156
243894921461
243842456268
243893510823
243856915545
243899892262
243859061500
243891726758
243853128674
243894377600
243840978556
243896916963
243853839367
243897305026
243857134798
243893509255
243843341092
243894565826
243849490379
243896381224
243850594360
243896312851
243844271885
243899948963
243847251664
243893079537
243859433174
243896189552
243854910699
243899944380
243844256632
243892940830
243842088114
243894055942
243843924746
243894764600
243846045323
243890249087
243848620086
243895063000
243840620311
243890817227
243859809511
243893627250
243846697854
243899299661
243859416311
243890626368
243854642026
243899727471
243851545243
243898241135
243850555420
243896148249
243845873302
243896199032
243858538127
243898171325
243851570453
243891722152
243856880479
243891939833
243858030379
243897788330
243841547451
243897994031
243843802691
243893040750
243854182360
243892837122
243853715219
243893025292
243844756378
243896749187
243842830650
243894446901
243859145505
243896806144
243845911997
243894147736
243855605206
243892841701
243853238249
243890532093
243844004239
243893049387
243853394220
243894535588
243850552619
243894932149
243841145455
243899033802
243855345359
243898441344
243854572321
243892329925
243849441982
243899206167
243844164459
243891270663
243848065054
243890122885
243845058268
243890499742
243845411899
243893871375
243847773936
243895185961
243856478054
243892455099
243841289051
243897558916
243844882514
243894411583
243842652579
243897072862
243841701356
243898076468
243848538346
243894966217
243840011248
243891661683
243843092235
243898338979
243853623717
243895074618
243849143538
243891065419
243845171529
243897163745
243855736757
243894039507
243842874073
243895540658
243853129729
243892572759
243849578871
243892753321
243856231269
243898353362
243843079609
243898173367
243852655671
243894859771
243842485977
243897988873
243840976630
243899163230
243842969420
243893527699
243842015253
243896273542
243848243418
243890488816
243847060246
243892445244
243848258016
243896484919
243840798366
243892697355
243840210232
243890529463
243851185040
243892513171
243843259802
243895019354
243855909299
243896226253
243846320385
243894063754
243851317937
243896004805
243846312700
243894537682
243843973933
243895890948
243859166252
243894898414
243850587004
243897182901
243844260128
243898457881
243841835801
243898273126
243848831865
243899484856
243859915907
243890642037
243850911852
243892168080
243843065209
243899851288
243846577068
243899985272
243846364417
243890451456
243854884343
243895645676
243847990894
243894436997
243844951779
243897433389
243855419979
243899420921
243844554702
243894134524
243845151825
243893573559
243857583854
243891374514
243852061432
243895698394
243842791494
243894067861
243853506966
243897363999
243848239848
243896237690
243848988967
243895359788
243848592683
243892449647
243841221076
243890302567
243842734403
243890288993
243858061849
243893807042
243858727214
243894794556
243856167228
243897993406
243859755267
243895072570
243841350409
243893328463
243847737284
243896701569
243843054617
243893030216
243859330091
243896000335
243840334282
243892138212
243857429267
243893590797
243851861703
243893996468
243859210412
243893962311
243846412210
243893310498
243844516034
243892064196
243840475431
243892208547
243848880128
243898434928
243841653020
243895036133
243843878605
243894957635
243852261492
243897937155
243845887787
243898709495
243851603976
243895102568
243851788719
243897293490
243843499988
243894354102
243857428490
243898714544
243859292770
243891993727
243846215058
243894159369
243849897752
243890655484
243852580925
243898507103
243852467627
243890318458
243853624515
243896496105
243846217220
243896009592
243854530562
243896899410
243840914857
243896063751
243847845879
243890140234
243846376155
243896660152
243841184201
243896962188
243857446491
243890437034
243852828226
243891326752
243858126004
243890903595
243854721552
243898089947
243859310514
243897845177
243858951687
243894427789
243857006302
243895726398
243841566126
243896452792
243844266940
243899129786
243854084415
243897570896
243850237831
243891442799
243842011115
243899932451
243842157455
243897526433
243853951336
243891829116
243859944369
243897278332
243856283392
243896045535
243842256676
243895756151
243843810958
243894330817
243853498312
243896645325
243850617248
243895535918
243852515575
243896634362
243843473648
243896080270
243842087202
243898780529
243844979321
243891909326
243857944987
243893928226
243859689671
243893732777
243841234569
243898660849
243859557210
243896381056
243843201526
243895698592
243852980686
243897256494
243842318756
243897916690
243841420054
243897048867
243842151414
243897035560
243858898348
243894431436
243841956015
243897638738
243844331659
243892758745
243845680314
243898034790
243845413699
243897895597
243859537342
243897192889
243846501939
243897183767
243858437765
243896955252
243857662660
243894452580
243843532872
243890654212
243841390404
243899828913
243855479300
243892245404
243844498264
243897518326
243858489397
243897194797
243853644177
243894568633
243859599637
243894153093
243847070762
243892881653
243848310414
243894890565
243842675242
243893481455
243849633274
243893099319
243850309343
243895350241
243855176092
243896290896
243847622125
243899188062
243853274760
243896979115
243856772904
243896540834
243855815782
243892808334
243854978919
243895115947
243841016389
243891592505
243847754149
243899517299
243840784073
243897569751
243858309128
243890778567
243842823719
243895921927
243856912788
243896759054
243847027124
243895661420
243852119236
243893561594
243846078655
243891407644
243847902281
243895365362
243853865778
243899688779
243855647791
243897463860
243857178037
243896080574
243851218590
243897139186
243842723584
243898644500
243840015884
243898545466
243844793520
243896632973
243855695160
243897985296
243859900373
243898495584
243852421087
243895059174
243856011350
243896737684
243858837206
243899524322
243852990775
243895154951
243859749830
243892542149
243855100034
243894291724
243858218338
243899836394
243852612064
243892844566
243846368415
243897832282
243850077700
243894139473
243859596758
243891200852
243854489492
243892007907
243852835016
243899895218
243857800613
243899384552
243854209410
243893036058
243859180332
243898478926
243855900643
243892049658
243841051964
243897274377
243845097361
243894757811
243853858767
243890928452
243847472701
243896409707
243840272052
243895686798
243856224740
243895722445
243853759041
243892810264
243840196746
243895353422
243847976768
243899077811
243841883928
243893590913
243854971357
243892310474
243842967734
243899060050
243854181714
243899008798
243848032574
243899264320
243852923487
243892832692
243847914479
243897126538
243845440942
243890141796
243858845044
243890482450
243845862830
243896953881
243840642506
243899983799
243850361945
243891656711
243843073225
243893770982
243854892298
243890603319
243845683283
243896109181
243858433109
243895664029
243850976746
243896880131
243846523145
243890725891
243857461685
243897896074
243846423483
243892138729
243848670747
243892815449
243856629064
243896840719
243855226160
243899538957
243854089064
243890098949
243843287322
243894031682
243856061718
243893289340
243853551216
243893220227
243841981912
243894713837
243852695749
243890013512
243859766886
243895310004
243850458946
243895947355
243846925751
243896277725
243851718142
243891429741
243843066119
243894711788
243841657424
243897507351
243846694382
243896901540
243843540852
243898458508
243855676794
243898735510
243840730061
243898421336
243845773616
243897708013
243859200229
243896717105
243848311114
243896124641
243849754813
243893628813
243854703044
243895302964
243859360277
243892606204
243840270442
243897831326
243842339113
243893085843
243852004710
243895944098
243840155992
243899418313
243859235257
243891754764
243853614277
243890405698
243852916565
243899658001
243842254999
243890409020
243858783743
243892514670
243844057403
243891648077
243849854826
243897271408
243841829290
243891379100
243847551423
243894949997
243853134597
243891464421
243850847639
243891335928
243841076586
243896514726
243848808289
243897326020
243841310330
243898450773
243845359269
243895361725
243857225500
243897463615
243858331952
243898438194
243854033052
243893678670
243844971140
243890234237
243856911197
243892204715
243848332503
243892236604
243843610778
243895936121
243844942127
243895794241
243850146635
243898610785
243845526749
243892571457
243841771710
243899647144
243849526666
243896858231
243847540980
243898251740
243852950803
243892882414
243846335363
243892534151
243850892789
243892268701
243844749396
243897407626
243857431238
243894271301
243853158483
243895899368
243840879880
243894726168
243843207257
243892408303
243849115308
243897492512
243851525192
243895595259
243858603198
243897698895
243846747333
243894405402
243851744617
243894486836
243851017154
243894437981
243842051794
243894382038
243847965415
243898679522
243840884910
243895270152
243846335970
243894272544
243849000696
243896983727
243850484277
243899283847
243859953405
243890215670
243859351446
243898037623
243841610298
243898179468
243851873793
243894663176
243841719103
243896169618
243854467267
243897490444
243855341365
243897627367
243846081724
243891783738
243857675443
243899839748
243843767068
243897471056
243849662292
243891661751
243842538980
243896122215
243840610078
243896062256
243845572694
243893885947
243850188664
243895424006
243840938996
243891080888
243851471483
243897179374
243843258221
243891073098
243854284382
243891607941
243850452791
243895918507
243842479283
243898588678
243848408774
243897568714
243852047722
243894777036
243850928626
243896231044
243847720271
243890949123
243857870829
243899771300
243850862332
243896057351
243848412848
243899639315
243855692919
243890906181
243857355756
243892183270
243855669720
243891928000
243849431254
243894096236
243859704315
243895671294
243857767828
243896932241
243849344914
243898238650
243851720997
243893387877
243848432861
243894081173
243854169113
243891358123
243851249453
243895640878
243844261541
243894963006
243857298988
243891564722
243840098727
243895808741
243846045999
243892935320
243846562972
243890966760
243848520289
243892714693
243840604522
243894539306
243852703503
243895321304
243853788987
243898280597
243852682436
243893833485
243846622704
243896024150
243858677676
243898777201
243848129193
243895173546
243844985590
243890120283
243852328764
243891706673
243848823183
243895063207
243847209139
243893711210
243840707268
243898829113
243843408469
243893479818
243857843152
243893517111
243853077061
243898589040
243840764539
243891344836
243850398214
243896237027
243858420151
243895835943
243858232171
243891521393
243842628124
243895532412
243853767345
243896599007
243853458668
243896834592
243841539015
243891484251
243854465173
243896876445
243855729454
243894032857
243859511495
243897241498
243844222048
243895053141
243840706709
243897097959
243857736631
243895529734
243858521037
243897613054
243846522443
243894466460
243844732159
243892429743
243842617913
243895911460
243843074896
243895783620
243855666036
243892265223
243844052008
243896742242
243841408807
243897259087
243851897239
243898440086
243846950166
243895955814
243851394492
243893623121
243851746943
243891458007
243843958237
243891091428
243844160150
243893763138
243846836759
243894655393
243845136126
243892494930
243848135613
243892657318
243841350774
243897013042
243845263123
243897898637
243856806011
243893942247
243857706734
243894472622
243853866481
243898128778
243846553241
243897783528
243855723829
243892501910
243849111640
243895136605
243856414764
243897493646
243858818141
243892772455
243852618698
243896845989
243849836875
243898587255
243855028071
243899336026
243846473007
243896076928
243843130395
243897795977
243842570335
243891208945
243855830283
243891938300
243852877739
243898701797
243856073913
243894936975
243848996033
243896137884
243851956356
243896227908
243852817240
243899972986
243854625825
243898026450
243842799251
243894693296
243849894364
243892007348
243843789952
243894343948
243840840844
243899587750
243844561477
243897740155
243849089014
243898980372
243845091408
243894728123
243841791896
243895690003
243856133274
243890029807
243843188981
243898541469
243852938589
243899635359
243840821525
243893486159
243856173174
243890683874
243853218895
243898154444
243844185359
243894404094
243840183872
243892562625
243840219182
243891964491
243852377717
243891794565
243853768363
243898207273
243852673231
243898753498
243853996770
243892012109
243848922809
243893022473
243843326750
243894674866
243840901532
243895942163
243845762741
243893925847
243852656623
243897256467
243855116230
243890480816
243845640248
243890064957
243855843582
243890971709
243850995017
243893233636
243846553164
243892915700
243850277655
243891798435
243853538682
243898673188
243846829083
243899455684
243843912388
243893757496
243857895256
243899604411
243851686074
243896729114
243844502998
243893429341
243857804097
243898028058
243847444027
243898317224
243853439230
243890598976
243858006915
243894756982
243840820589
243891763445
243859987333
243898773736
243859025009
243897895247
243846326295
243895719656
243858483454
243898320978
243842783587
243893627849
243847330363
243890880897
243850828385
243898008710
243854367948
243892448560
243849882322
243897619636
243854604203
243891367762
243849770037
243898130184
243859492750
243895331885
243844229337
243899642482
243858595965
243895750694
243855299863
243892372021
243850872091
243896558282
243840198808
243897881524
243849590109
243891858568
243853115885
243891768997
243854724773
243893572487
243849182885
243894392277
243848906256
243897676864
243845439954
243891951251
243858017619
243896967184
243858752560
243890034775
243843311803
243894667297
243857772897
243896572152
243853501653
243893846045
243856033740
243899318256
243859190617
243890749214
243844448904
243899205151
243858175939
243893308921
243842626101
243898550980
243849266739
243896443327
243857916789
243897626145
243851140693
243896492709
243852334062
243896753325
243857558350
243898380280
243857280399
243898963615
243853375096
243899246418
243845416057
243894796736
243852932449
243897088459
243853391156
243892054635
243842110241
243890722399
243844182917
243896068374
243843829933
243890233794
243843657366
243895864509
243855285639
243897074084
243846089625
243892599292
243846820632
243896580718
243845088431
243892711382
243852229094
243895036327
243847308203
243892850806
243849256024
243897371107
243856030828
243895254171
243843286289
243895398986
243849653925
243896493689
243859437998
243899277325
243854806039
243898221050
243851845947
243899963462
243844625547
243899118599
243847723497
243891322311
243857459911
243892356977
243852504448
243890756383
243853547249
243892358272
243844951315
243891660064
243859098579
243899544448
243846967841
243892334133
243840045046
243899507219
243856146433
243896339246
243859589042
243895812488
243855858406
243895657520
243854023949
243895022935
243847316068
243899893181
243845967142
243897433034
243846066042
243895232368
243852756376
243891089027
243858332330
243891189702
243855479903
243890266747
243859044942
243893268639
243858687476
243896715249
243849332369
243890101934
243843694266
243891771755
243841052278
243890871431
243846436396
243895671372
243851690232
243895627491
243859440845
243890884393
243840087642
243895533717
243846132221
243894124048
243858436252
243891212568
243845047690
243891780286
243846012648
243890391020
243850881875
243893006731
243840949796
243896244703
243856965477
243890535958
243841852729
243893389592
243858139723
243897304352
243841963112
243895543267
243844507037
243895643912
243844617201
243899103550
243844802680
243890109162
243853931722
243894867699
243858439861
243890615287
243844798434
243898288234
243850207423
243898786543
243845302095
243891695574
243844470014
243896951818
243846569776
243890517390
243858317793
243899487126
243852055070
243894666919
243855868551
243894910764
243848212670
243894995159
243847057865
243898897628
243852383430
243895269646
243842248227
243892706240
243854867752
243891457375
243849929497
243897205685
243854668353
243892140206
243843288951
243894579732
243841470923
243893709708
243856508163
243896899010
243854355472
243892889723
243845547683
243893571384
243856423631
243890211482
243843226229
243893617618
243853148299
243895196857
243849136368
243893880524
243844621852
243899670716
243849222181
243894095069
243848499140
243893883822
243853530736
243896570225
243852962340
243892814538
243842426577
243896499529
243843618593
243893428450
243848624175
243891765942
243850672336
243899370544
243846117055
243895568417
243855841276
243893901321
243852935499
243898446942
243857626014
243899221947
243856060468
243895414158
243842532986
243893781396
243855507161
243899761786
243848571254
243895767818
243845931195
243892780479
243856662580
243893079210
243857287933
243892022783
243859763440
243899495803
243849193214
243894249292
243855243934
243894465163
243859492656
243897243235
243853638367
243893610580
243849315388
243891495311
243844415555
243897441406
243857987659
243896745773
243853339802
243899377797
243843480204
243896216466
243848412543
243895519001
243848882975
243897305025
243843365119
243894330146
243840129211
243895776697
243854916193
243891699899
243858489296
243896629570
243845004125
243893555544
243848561257
243890550896
243851086003
243896703795
243858801373
243892835623
243842181441
243893278617
243853751891
243892996241
243851922810
243896558180
243852518522
243895329937
243847496265
243896449853
243843360705
243896080210
243850827796
243895915230
243847157085
243891697199
243858737671
243897792981
243852330307
243895005010
243859683444
243893342973
243859876496
243891452799
243841429768
243890504451
243846966484
243890067083
243844902670
243898807388
243846348559
243894593650
243853648645
243895095629
243854896823
243897329337
243848242952
243893591369
243855262729
243894005452
243847022600
243895435037
243852125169
243892161070
243845342315
243892134654
243852049686
243898806094
243841606782
243893366511
243840726528
243897559120
243844481478
243897934069
243854650432
243891820413
243842533920
243899560518
243846273471
243894319485
243842194819
243891812242
243844363776
243898572855
243844496322
243896249835
243846191225
243899997848
243844007178
243898076955
243843754093
243897499183
243856558237
243898327804
243844988614
243894104157
243841259855
243890569040
243842912185
243893366668
243848747826
243893722872
243848362916
243891479715
243857003048
243897696709
243844451923
243891590231
243846041797
243890128733
243856879789
243892404815
243847396138
243897241124
243849657537
243899761203
243842074919
243899063821
243856135813
243897551196
243841038351
243893075672
243850008003
243893716390
243844011975
243894798640
243840060612
243898829701
243842136654
243899783619
243858037581
243899753359
243855222957
243892461879
243857896226
243892001618
243848314895
243896117745
243856458892
243899629553
243856134026
243893007720
243841435258
243899113061
243842827272
243890013087
243850637155
243896977873
243848846486
243890968326
243850926951
243895831617
243853032044
243893732416
243852692761
243896455651
243842783113
243899250250
243842113853
243899048008
243850581883
243893935367
243853842108
243891612370
243842296569
243895298627
243849952199
243890779911
243846196096
243893391485
243842331101
243893763856
243842181933
243892515214
243854570309
243898565491
243848898716
243897980298
243846945675
243897573988
243857107084
243893034234
243841270164
243892301704
243845501721
243897405486
243842209329
243893500945
243841119911
243891885195
243857065439
243898840663
243845326964
243891026469
243857223532
243895259130
243854145173
243891697814
243850791359
243899920617
243848573353
243896150535
243843841313
243890260840
243844041792
243898185154
243848282356
243890990673
243850086944
243897367511
243859498568
243896048893
243852756085
243897713404
243846483120
243898338685
243847340608
243898749251
243856503295
243898852077
243857267904
243895253771
243845844665
243893360527
243855668346
243894048294
243848151082
243898599784
243847710014
243892689684
243853370997
243893078496
243855587341
243899815574
243844692462
243892111151
243840908261
243896701140
243851499342
243893811434
243848697743
243895841340
243843369211
243891098459
243845729173
243894811745
243846568908
243895491001
243854244360
243894103633
243853242080
243899111274
243853790407
243895433220
243859757238
243890885602
243850264787
243898326763
243845252092
243893880806
243844854859
243896696147
243846989628
243897478206
243855989465
243892712522
243840029736
243890503505
243852730140
243892816542
243849577172
243892759883
243855252565
243892401252
243858201745
243891802119
243841243688
243893343652
243846171405
243891778865
243848035786
243896825573
243854518446
243896900086
243849579518
243893013906
243841885917
243891547892
243842752663
243894769437
243849934344
243890413734
243844655351
243898045485
243855416594
243890867531
243858016309
243894126015
243843333224
243898912624
243857992454
243897219234
243850929574
243899739647
243840069317
243896730942
243849391174
243897578299
243858033541
243894229020
243851017457
243890758907
243846643324
243893919093
243846723454
243899902338
243852276299
243891863670
243857320341
243891258691
243848217010
243895706609
243854388528
243891192204
243856988342
243891831007
243850118171
243897901053
243851687259
243898849860
243858404977
243896055670
243858972178
243891948954
243854239183
243899732819
243847167035
243898402117
243852163790
243893299585
243849044795
243892755761
243851473657
243897773928
243853309675
243893292260
243847717649
243891701386
243857606898
243893836971
243858434342
243897855613
243847160581
243894156061
243853524205
243894151110
243847325155
243898995503
243841372862
243898148764
243855733490
243893562940
243844260082
243894004764
243849250949
243897409916
243857407122
243895476172
243842614580
243890181981
243857788030
243896346325
243843786636
243899419708
243854595778
243898599795
243856741706
243890279434
243855035439
243892629555
243840613503
243897875292
243858865251
243893116988
243847131509
243890347700
243849289700
243892543895
243859478939
243892042874
243843665365
243891275252
243855020829
243896582120
243842911507
243897201052
243846468709
243894454168
243851748057
243891078801
243843312875
243899238808
243855858075
243890808330
243843194587
243893633843
243857131165
243891282229
243846081686
243896824742
243846531259
243898732803
243841012637
243895692042
243855544172
243892996440
243857069061
243898435447
243851888690
243893183390
243852801158
243891695499
243841040131
243899225390
243852094695
243893043886
243846880284
243898661568
243851405323
243894436837
243845304250
243893447865
243840250554
243895365369
243840030748
243896571647
243853101221
243894607872
243858539526
243893387957
243851688003
243890639844
243858566858
243892571316
243854685098
243897060378
243852495317
243890016513
243853793691
243898632985
243851622142
243899888977
243846012339
243892133272
243859482434
243897165533
243841556049
243899288957
243856195245
243893464316
243845978463
243893196287
243842800708
243894467506
243858556873
243899905349
243852248794
243894738167
243847184208
243893748613
243842285770
243895556044
243849881455
243890561387
243847771856
243897736366
243852860924
243894026350
243849549298
243890646221
243846067018
243898273523
243859821492
243894523777
243845117693
243897982176
243852783184
243897425960
243859202739
243898351631
243855208153
243892160569
243857500988
243896295854
243856364709
243891459655
243840321523
243892521790
243857653627
243892740806
243855956132
243892884119
243843450328
243899747737
243849148934
243894756501
243847731448
243895973869
243840640072
243890397258
243840666769
243899963766
243846851405
243898697827
243857040535
243892537216
243849810494
243897523235
243849702655
243890163510
243857547552
243893652122
243851953772
243899314851
243841369485
243896184929
243847104123
243892804874
243851162703
243891550428
243857991459
243896489340
243849655378
243894554946
243851743271
243894178295
243858786300
243892946266
243859837197
243890794129
243857031702
243891610269
243859068954
243892082733
243854488692
243896864753
243856276927
243891694034
243840475791
243897434327
243844352181
243897173476
243842670324
243899594320
243846706030
243894204739
243855658243
243898525099
243849178319
243892103619
243846017440
243894146037
243857456115
243898339564
243849566720
243898603864
243841861221
243899381681
243845422948
243893317722
243853599461
243890761931
243841279644
243893927309
243847414758
243897832475
243850432260
243898284876
243858788480
243898957048
243851246605
243899624473
243846603440
243891262516
243856587185
243893486633
243847542855
243897420763
243856118032
243892502656
243857043791
243896461601
243852675149
243898625792
243842710371
243895933757
243857078261
243892963309
243852900990
243898569759
243848055039
243897691926
243842769887
243893592195
243853441966
243897322389
243843973855
243894591993
243846234120
243890091043
243856407848
243898433977
243842772043
243897395428
243847838763
243896757366
243841050542
243890843324
243851050388
243895099123
243859575762
243892854247
243842434898
243890743449
243858411617
243891651564
243857130802
243891319222
243851522778
243892832002
243854085170
243897984920
243844289379
243899277026
243850290579
243896377237
243859112265
243894284781
243851034012
243894730999
243857992991
243892951731
243857583295
243897544521
243856989211
243892035881
243858965486
243894164802
243856791275
243899717182
243841664345
243898707746
243842132883
243898693266
243845241010
243897298504
243858267377
243891798853
243843645445
243890320839
243846555720
243892284126
243857375781
243897939410
243856268545
243896843411
243854029445
243891672014
243840141141
243893740930
243853870782
243893855283
243850187564
243893017508
243849340100
243898725729
243847362095
243897584550
243854605694
243897105957
243851526852
243893369647
243846180195
243894541704
243854195521
243898784179
243842530668
243899051949
243854046890
243895540995
243854325938
243896407692
243848429958
243892778832
243842095068
243896207565
243856931058
243894010458
243858466649
243897581774
243842867972
243891239071
243842152454
243894622668
243840379475
243892562080
243850172566
243897869177
243850777769
243893787753
243859422324
243892551844
243855886670
243893509810
243849167253
243897598801
243846143151
243898163610
243854720845
243893012658
243847790546
243898352607
243841433693
243894119533
243850627925
243890348958
243849224923
243894144902
243848660794
243898850919
243855153398
243894911800
243845242721
243891368709
243859688043
243892307938
243842909409
243892346344
243856906111
243898362481
243859168881
243890866002
243843369131
243895626916
243858895496
243895184464
243856693507
243893063514
243852724140
243890621350
243845578393
243896699008
243846019645
243896626521
243843552450
243896813497
243841063386
243891067680
243852134916
243898895055
243842251625
243899131867
243856109041
243890685885
243845644747
243899427999
243842104475
243897319042
243857468656
243896344121
243848826509
243899772525
243856547347
243898810983
243850499283
243891832957
243851904951
243892654391
243842944771
243899493920
243845666330
243892426293
243857928344
243894873398
243842303919
243899648271
243858365374
243897281571
243854019427
243896207981
243847701346
243892665392
243841837463
243898831999
243846517664
243890307789
243859217648
243890413857
243856757301
243892809866
243847133302
243890671550
243843605284
243891699488
243849587169
243893598084
243854251734
243891853224
243850745760
243892123989
243851515717
243896086334
243850503583
243891838507
243848416291
243896082844
243854063100
243897755172
243851962488
243899883509
243846794889
243898022789
243853416058
243899099860
243842097105
243894131816
243848188247
243893697179
243855971218
243898580395
243856977395
243897578957
243847732109
243893880466
243859755332
243890938145
243847888111
243898711859
243841736516
243899847844
243848671468
243891667537
243849358399
243893810404
243857366970
243898312670
243855402624
243891924312
243843530859
243893780665
243852209283
243890126340
243853884690
243897295270
243847799297
243890020295
243845857357
243894405388
243852042304
243897098866
243846195047
243894554995
243852654207
243898747407
243849476552
243892078847
243853079869
243898665213
243848644584
243890520903
243852609396
243898585326
243854803035
243892455999
243843601352
243892946299
243856432741
243899986325
243850584316
243890032268
243857852699
243895074489
243846119240
243897656895
243841352277
243891675380
243845434664
243899806348
243857045610
243899385433
243854809007
243893241383
243845867902
243892251027
243850628390
243899577997
243848565559
243891487017
243856127844
243893286043
243841295676
243894152515
243857787509
243895482241
243859802295
243897000838
243841481083
243892772418
243850820279
243890068175
243853378265
243891430001
243846235395
243899437026
243853235757
243890522180
243840713838
243899419494
243842796959
243898660249
243849057696
243896501130
243845087158
243894406499
243847440774
243898395002
243843242981
243893513658
243840344689
243892387836
243857713019
243898340028
243847357450
243898606435
243855852942
243893958474
243840469721
243898647019
243847217287
243896393880
243842650598
243892467497
243840963289
243895904321
243850114634
243899319534
243855417913
243891401252
243852616474
243894060041
243840869795
243893828321
243845065009
243890553251
243842668660
243896625042
243841477436
243895774506
243854084598
243892277772
243846632751
243897178568
243840926212
243895305569
243845285764
243894088507
243858630201
243892295428
243849229773
243892104888
243859652697
243899026240
243845803278
243898082389
243854298257
243895249209
243859832980
243898036922
243851212272
243895539908
243849403157
243893431632
243842876531
243898439649
243846089189
243894229520
243841322701
243894660211
243848948897
243896540183
243845997160
243897240476
243851845618
243893550017
243856367693
243895466833
243852255739
243894731289
243855611591
243899944436
243857574203
243890149635
243846813272
243895186642
243852933339
243899610948
243852471588
243891205162
243841392865
243892460871
243842057461
243894258982
243859289637
243895001550
243840891074
243898871396
243844404826
243897150562
243844065559
243899919543
243852677149
243890991658
243852359727
243891271798
243845599232
243892335357
243843988476
243898349675
243842924444
243899589376
243851487109
243895237320
243859968253
243895842764
243847533983
243892217578
243848413318
243899868887
243841464176
243892018880
243847411373
243891573086
243845717430
243899332186
243850357376
243898201554
243855807725
243892260298
243855177817
243897559289
243847829209
243899615437
243848714357
243891332171
243858172013
243894117145
243845786057
243891782037
243840805276
243892148108
243842057259
243894338498
243844787544
243899402671
243852304068
243896944262
243846027225
243890807861
243849467712
243895387099
243846446706
243895275819
243842632694
243893943331
243851046638
243895008972
243850707503
243894341497
243840281577
243891724710
243859694874
243893522397
243855899298
243893381874
243841056489
243899034568
243855049808
243897716557
243846265431
243898811635
243841195111
243890171565
243849508954
243896729104
243856962534
243897943937
243851960760
243891757667
243857846866
243899093213
243853778333
243890487369
243842276781
243899992771
243841639356
243897224025
243851315515
243896995405
243842470421
243896230546
243851920923
243894084331
243855411284
243894505649
243854272559
243891413083
243859176524
243899867068
243847464041
243898674543
243859550388
243897323358
243844835541
243892893952
243849879310
243890731257
243852278782
243897736692
243857742556
243899153529
243844697632
243899483998
243842632338
243894994886
243852189551
243897458899
243841943332
243896111008
243851698434
243892590701
243847037187
243890319113
243853561011
243894698970
243842723776
243897052504
243849636793
243895107732
243851067450
243894297330
243853477594
243893673453
243853977309
243895541725
243856693519
243894285304
243841899648
243899407015
243853284107
243896686866
243840014108
243897258972
243843668008
243896552446
243853143025
243890649855
243854548860
243896646396
243857883036
243893080106
243840772977
243895354296
243847932043
243899784286
243843206541
243892581834
243850001044
243898982677
243844425732
243894058617
243854562939
243890343043
243854670594
243895351102
243854508087
243893396826
243847260716
243896331054
243845734223
243897631897
243840041551
243897540758
243858064701
243899760570
243845057981
243892851880
243848809794
243895164839
243848927806
243891088175
243858433566
243891243475
243855389980
243895522916
243853882031
243891701297
243855596067
243898000193
243846251004
243895197189
243845964313
243890132876
243847963477
243893617802
243849059074
243899478623
243859119134
243892488460
243845762495
243893715014
243852931387
243897259446
243859404128
243890546734
243843195920
243892189120
243851676436
243899360834
243847041645
243899654460
243859646774
243895647638
243851511055
243894116308
243855894137
243890601264
243849531486
243896401796
243841483132
243891233138
243854055219
243895205759
243851265197
243895394728
243840376993
243897040700
243855774156
243898397572
243842049296
243891851063
243857220956
243898253116
243850301154
243893805125
243851378608
243891440283
243843034170
243895264612
243849053183
243898036741
243848164382
243899706651
243851872761
243890673564
243855085506
243898861485
243850024441
243897836436
243848176240
243893210956
243858169921
243896130303
243840608648
243896179390
243845833151
243899520437
243859426756
243891201721
243840386477
243899578945
243853643403
243892842935
243852420983
243894295381
243846268897
243893542986
243856403184
243890420705
243853286459
243896992514
243852092755
243892662554
243856092173
243895348466
243849868263
243892211147
243859124855
243894208531
243855528369
243891359784
243858568535
243898817821
243848754324
243897466479
243841174318
243892307552
243844502823
243894813098
243843916326
243893310987
243844935015
243897528119
243850251865
243892251547
243858035807
243890639118
243855847658
243896344623
243859541075
243894293713
243858187301
243891115896
243845513563
243897604271
243846465416
243894050516
243852543716
243891925002
243856213670
243898225264
243849090682
243893222743
243857215533
243898538373
243856662528
243892284077
243856052741
243894102741
243856794432
243892529740
243849093929
243896496257
243859595250
243892457552
243853949732
243899875684
243843336444
243892936182
243840525877
243892226654
243840937944
243896102166
243856016579
243891968007
243858978805
243897924589
243848633152
243897083346
243849620440
243892931997
243843490967
243898774114
243851244696
243898807513
243859160240
243897014070
243842456546
243890786109
243848187155
243898142577
243852853194
243891932985
243843755997
243897651408
243852349161
243892098957
243848200238
243898623992
243856758431
243890249505
243848816104
243899320139
243841715727
243894697962
243849797614
243893972246
243852287651
243890112778
243857610645
243892171739
243854697602
243893330426
243849521369
243892897479
243855086465
243892024389
243841038496
243893011979
243852367065
243896761624
243845246341
243896664266
243845542252
243894974000
243859225657
243896486002
243857472069
243893513881
243857589932
243892982693
243850829564
243899929329
243847668228
243895182966
243856452746
243891050966
243841246205
243895389802
243846031371
243895458502
243857879193
243896279650
243844108558
243891960315
243841161407
243897991238
243843044794
243894053994
243852817441
243897368246
243843436868
243895231988
243846306788
243898798456
243848607799
243892183713
243854257997
243891863257
243841456854
243897879454
243845111558
243894924706
243845540464
243897433198
243859851637
243890219839
243852321141
243893856315
243857877177
243890536733
243841625963
243890678916
243850775185
243891501457
243850756790
243898368041
243847373713
243899844107
243856559185
243896413816
243851227462
243891637805
243858384937
243891362650
243847701580
243899371751
243848400461
243894675055
243858872333
243896555177
243845592842
243893431162
243850736690
243898719457
243841456140
243894132128
243858061784
243895406647
243853946858
243890235805
243849926476
243891256191
243850414393
243898094929
243840898729
243899782674
243849010417
243899792629
243847149675
243893231884
243842700829
243897855505
243842267359
243897429538
243849451790
243890207129
243851123654
243897537032
243851410093
243899195066
243840004486
243894657801
243854968098
243892249075
243841609220
243893921561
243848119324
243894216561
243857688585
243898232848
243855240207
243891430364
243853547573
243896668893
243856673362
243894145477
243855513084
243893604308
243859396609
243893035309
243850821449
243895084731
243855898782
243892670483
243841687836
243892003741
243855339476
243895632545
243848060554
243898013260
243859498364
243890411609
243841233016
243893143391
243840942224
243899844253
243859702671
243890384849
243840351570
243897432232
243857146525
243897852556
243855630376
243892518838
243857049618
243892721649
243859115442
243894103202
243855655127
243891883369
243858703310
243893376407
243850440581
243893133487
243856278729
243895853342
243842175693
243898709064
243859385545
243893830989
243855123187
243893588027
243847287372
243890776034
243857006248
243890319247
243852381183
243899910810
243858564446
243898292709
243844399540
243891931215
243858012494
243898726575
243843707522
243898784212
243856492162
243898226021
243845953570
243897763411
243855239946
243893882395
243849528395
243899274753
243846802352
243892781598
243852899781
243898275415
243848071533
243899948468
243852774166
243893028351
243845178818
243895041683
243852461970
243890305881
243850641422
243890688215
243846246270
243899254976
243846626233
243890230517
243842930474
243890127966
243849371078
243897223066
243849524932
243890893342
243844167364
243897830825
243856073309
243892335680
243840683383
243893451456
243857347686
243894438723
243859481302
243899551851
243848988059
243897662180
243856245753
243897162517
243852427182
243899993552
243857745047
243897376040
243851264235
243896962626
243850329574
243895686210
243852864824
243891952619
243853893287
243898068159
243842954756
243893482125
243853292164
243899041904
243858907607
243893858262
243856374340
243893692109
243849858623
243893679777
243841427727
243895318748
243852207510
243892321224
243856623888
243895974305
243842825507
243898489699
243842613131
243896721599
243842779806
243890073475
243846334450
243895208192
243847787792
243892759992
243858078554
243897712391
243845917612
243891642787
243852344811
243893379414
243855293818
243890818136
243852287060
243897540719
243841163858
243890541878
243843677675
243899234275
243845535997
243896797686
243848594280
243891935503
243858617599
243899946248
243853500481
243891919573
243846242263
243895311112
243859109854
243891188087
243858819214
243894318721
243841732534
243893606239
243853410167
243894438344
243856858805
243895031369
243847086542
243894243692
243845597733
243896638532
243855946892
243890436507
243845226660
243891612671
243854968571
243895662498
243859683427
243893393989
243840091563
243895801150
243849036053
243892756984
243847724346
243894637775
243851205394
243898591907
243844411574
243895587898
243843110569
243895677345
243859020626
243897881514
243854062771
243894257542
243852856351
243890510031
243841296041
243896559840
243856046194
243894544320
243858152919
243898879648
243843707151
243898545798
243858029806
243896148178
243847041328
243893733743
243857174767
243891151037
243859776885
243894870122
243854499844
243897880730
243841550221
243893035131
243844325448
243896680872
243844695460
243894522841
243847503472
243893539005
243855344681
243890587723
243845222301
243890928694
243840131827
243892630770
243846015014
243896177413
243856996859
243898344074
243847833338
243893781815
243848114489
243890894455
243856778603
243891312580
243841114147
243892837574
243858022359
243897021826
243852710877
243895859557
243841261190
243892072815
243850330098
243894606289
243849998337
243894521167
243856898092
243896812079
243849869443
243894758188
243849137352
243897668057
243850565897
243892431790
243847090410
243891228202
243844617682
243897181087
243855817719
243893014158
243857858620
243890065055
243858496503
243891169877
243845716472
243899604426
243849462249
243896643481
243855593608
243891761930
243850577043
243898513126
243854775396
243891231780
243851517831
243893479085
243847273767
243899835341
243840499763
243891186593
243844857946
243898602873
243840531675
243890309198
243845536708
243894791193
243849499931
243890568224
243843509040
243897316885
243841528843
243892710912
243841172619
243894903157
243854043027
243895970492
243849373154
243892723572
243854863055
243897257181
243850987903
243890589268
243858993990
243894848641
243857351530
243897644011
243853035574
243892040941
243844645834
243893492135
243859159518
243898390414
243849325411
243899213798
243844388632
243891828044
243840410754
243892644219
243859254330
243892206563
243855120387
243891768146
243845855828
243891111073
243855809236
243894944792
243858090012
243895958198
243840424092
243890504257
243848810693
243891276073
243847589225
243897931779
243847742137
243893276982
243857650263
243897884405
243846212047
243899142077
243842699127
243890424924
243857064727
243897450584
243859769047
243893922178
243842009141
243893434458
243855322582
243893211080
243856884842
243899929105
243851630204
243896178729
243857586934
243895136030
243845649065
243890897521
243848897708
243897900023
243858135748
243898147363
243851182978
243896496914
243853767026
243895408124
243857192474
243892162062
243849593786
243899180519
243852790535
243892749621
243844079426
243898493698
243853465100
243899759403
243842046400
243895069872
243856354154
243890061242
243856802187
243899820440
243840081881
243898963067
243857358631
243891187477
243851364097
243892824778
243840964276
243893003647
243845104037
243893449752
243841337279
243894500787
243852391961
243895802424
243850957256
243893532167
243845521156
243897541147
243841746253
243894415677
243840532766
243899205471
243847599572
243891292858
243843016992
243890851356
243851736532
243892218381
243852954897
243896958363
243848311992
243899950108
243843597192
243895151059
243851911031
243898448245
243857717090
243892884810
243846526315
243891503459
243856613918
243894786735
243852248158
243896411418
243852078512
243890380044
243841241165
243894780396
243856788189
243894113058
243844025640
243897932709
243843833532
243897203077
243854879880
243890334969
243840028593
243899190741
243847220291
243896056083
243844267865
243893582954
243850453131
243894140528
243842442990
243893758482
243853177162
243896196977
243854391019
243890453180
243843361832
243891083489
243842486685
243899560542
243844026959
243896809432
243859187292
243899132119
243857129160
243891307567
243843221646
243898061643
243858388716
243899312700
243845201479
243899540903
243859875979
243891799150
243854959990
243892935455
243842989041
243899964768
243851991999
243893224315
243851965754
243898865781
243847800358
243891019529
243846313169
243896389157
243847362013
243892243122
243842149777
243899850573
243844946237
243893865519
243840118915
243898087069
243841406123
243891649922
243841722533
243895583694
243846258367
243899205844
243856611121
243897521620
243841831770
243893086666
243856110080
243890810136
243840938139
243892230152
243847897834
243893221676
243842582354
243890614037
243840550130
243896743338
243843345932
243896647536
243854449376
243894480111
243840819528
243891828301
243848371626
243896785034
243847522966
243894305993
243857354949
243891764174
243845619236
243899871643
243845540440
243894761079
243852824073
243890955939
243843064461
243892754029
243845035433
243895900224
243840639414
243897243247
243846216464
243897075888
243855169838
243892221033
243844729765
243893697755
243854183657
243893994587
243855373557
243894172117
243847982133
243899988098
243842657588
243896262116
243859939677
243897652287
243848626294
243897884780
243847259532
243890258497
243849098419
243899914932
243840672063
243890774358
243855858230
243891272974
243842617937
243890328375
243859682730
243894884747
243845798517
243890635103
243844398968
243895566559
243858053336
243896806320
243841623141
243893508627
243852515861
243890037034
243848408511
243890265795
243840695015
243898547780
243845427654
243897098453
243858721495
243891474231
243840554225
243898747781
243853067272
243891863017
243851613989
243892398160
243849370698
243898544523
243840934681
243892316030
243857014904
243897506920
243859809875
243890313966
243842898516
243891765499
243841890433
243890386928
243840111998
243890525432
243846099375
243897069265
243853219280
243892954344
243842167149
243898796953
243840293131
243895548797
243849478908
243894618115
243846327004
243893884497
243859235978
243892006423
243846322672
243897779876
243841623699
243898984220
243857068782
243891316157
243840473366
243894768608
243853233878
243892443159
243858856869
243896222115
243844758810
243894482185
243841943939
243893405272
243845296911
243897955670
243858274173
243897744915
243849331193
243895031861
243858382766
243891514538
243857423773
243890438017
243845687212
243894560360
243844363992
243890804979
243859441887
243896747761
243840536063
243891696381
243854529445
243893267570
243845821087
243891135675
243853639359
243897481370
243856506737
243893657032
243858885005
243896837653
243859671274
243892490454
243859299089
243895960579
243853111902
243898624167
243847207049
243890612096
243859827328
243895983582
243844822234
243897952484
243853469309
243898198785
243848517840
243893319438
243857751209
243893092756
243848214658
243896288102
243850953721
243894778551
243846935177
243896782937
243846621575
243894381901
243854081052
243894303244
243848221097
243897790174
243858015644
243897707728
243850383963
243891859550
243841954137
243899583727
243846277484
243899274102
243846060196
243899016244
243846870713
243896048913
243847931787
243895514753
243844586172
243892751813
243856252104
243896215401
243842128958
243892139196
243846783339
243898880823
243858408569
243891276575
243847419367
243891696072
243842241009
243894808939
243845063550
243898083445
243841369701
243890658377
243851147428
243897755746
243847897822
243891886436
243843873522
243891823701
243855931327
243895906112
243853960542
243896688636
243847676534
243893680245
243857009506
243890601768
243846675162
243893577186
243844340926
243892101483
243848899417
243894957154
243856033396
243895356279
243849616860
243894138474
243856847683
243894332121
243854278027
243895186002
243842115621
243898288623
243853931731
243896419784
243845997090
243895472602
243842090862
243892988189
243846356866
243894097931
243857342112
243899627724
243854353904
243899461724
243841995317
243895026857
243853976486
243895380241
243856891454
243896333011
243856340137
243896144839
243852504720
243892528071
243849257711
243892868611
243850960560
243890619480
243856234197
243894398503
243840248432
243893900543
243852258274
243893350657
243845631185
243891269435
243842341862
243893015849
243853695502
243899610049
243847181960
243896576678
243856820992
243890963881
243856266722
243892303951
243853901627
243895535281
243857088407
243898553279
243858883865
243891289930
243853082048
243894449158
243847260442
243897696711
243849636439
243891898190
243852109490
243899337739
243854392646
243897139240
243851585013
243898210199
243841412934
243894133727
243857965240
243896881289
243845731375
243898441056
243842007466
243891787645
243859103412
243892292882
243852692568
243895003606
243850874728
243894858045
243858148800
243897617417
243846066213
243897399721
243844688427
243899125411
243848744900
243894252730
243841790844
243897235215
243859811465
243899237168
243858633302
243891099387
243849152630
243897669806
243842757343
243895752954
243852481105
243894046361
243857233441
243893916169
243847019396
243891369442
243848734835
243891370103
243851518500
243893531494
243858595905
243898765100
243853718616
243894842023
243849543584
243896667346
243841241174
243894127563
243859742379
243895912355
243854224216
243890615398
243848506191
243897663332
243859168722
243896739282
243847217412
243896238970
243844591967
243891861690
243848292389
243897946862
243841934473
243895380560
243858280822
243896779313
243842394579
243893141870
243854904053
243898819071
243859362647
243891576892
243851378782
243899663021
243851291392
243892530741
243853309739
243896225514
243844079210
243895105906
243859439216
243895666100
243857498006
243892245383
243844542216
243893649175
243857219370
243895399752
243847461999
243890353505
243850361135
243890162987
243852079202
243891629931
243849825123
243894223076
243841578971
243895197055
243842343463
243894845419
243856674096
243890803672
243845483339
243891694046
243856856053
243894362828
243854743739
243897076091
243857875963
243893586005
243847211748
243897987312
243845233364
243891589774
243840365573
243898759705
243846183099
243896618592
243846889025
243893376914
243849242727
243899773674
243848985240
243898303315
243844384052
243894336656
243843582760
243891212627
243858217417
243898579352
243852827109
243892716335
243845947523
243898567927
243846553960
243891219813
243856287219
243898641303
243846272590
243896768508
243858836742
243898423863
243859322179
243894148342
243841521678
243895494641
243841264573
243894124814
243856727629
243892456172
243858510161
243897616502
243849637506
243893197244
243847512768
243895037844
243857925555
243891840772
243847189497
243895774076
243847172571
243897796945
243854948950
243893169018
243856027715
243890160482
243858755423
243897238067
243846751109
243893565423
243857070181
243898469426
243855071488
243895947745
243843162963
243890752262
243847126343
243899643383
243847554275
243896899396
243840760269
243890763919
243843751897
243891842865
243856238341
243894795930
243845560664
243893692746
243852406845
243894300172
243852563859
243897387012
243858036072
243890934829
243848559746
243899464274
243849143532
243894974329
243845858160
243898934259
243840191557
243891637957
243844399274
243892874420
243859908828
243894692862
243843785258
243891889951
243851595013
243896713984
243842192204
243894417058
243859005009
243896794720
243851835309
243896854068
243856982916
243896464983
243842289915
243893715348
243855704266
243891891163
243846562896
243894064554
243854555641
243893667363
243840173549
243891441961
243851418744
243892773640
243856007178
243890023092
243854036486
243892385589
243851183859
243892437226
243858087467
243897469634
243840392187
243890156986
243856753803
243894131123
243845548245
243897011177
243844184392
243895414094
243857757156
243896647496
243840717928
243897550096
243854067240
243892482583
243848595736
243893740372
243850464790
243893144574
243851538225
243895521815
243855485710
243899475600
243843426701
243894802729
243857885040
243895232956
243856469312
243895363953
243859284845
243895441279
243855931707
243897647585
243858175063
243897607080
243850049666
243896199302
243856753999
243897020398
243849531538
243897646424
243841405035
243890241999
243840311700
243892150900
243856195315
243892287880
243854949323
243894038338
243844268138
243899337152
243843597006
243899130502
243842775904
243894591183
243849613707
243893917905
243854861265
243890156428
243853420731
243893327113
243842737941
243890919072
243859115082
243891215595
243858690315
243890739238
243843401637
243896173068
243858394415
243890718174
243856443288
243895873736
243847333988
243895932754
243855055887
243897320531
243855697390
243891388303
243856543254
243894043015
243843505071
243894908446
243846013911
243890638000
243856856864
243897393420
243840767904
243895062023
243845514631
243893329705
243859927524
243891792290
243843549989
243896161970
243851473879
243891515186
243842731882
243894888980
243840475786
243897399874
243844686235
243899356945
243851736837
243898309180
243842153092
243891911849
243851911013
243894577424
243845105807
243894461405
243840231518
243897566265
243859094515
243891200319
243848533164
243893761301
243851426945
243896607022
243859806054
243899267294
243853591525
243890283247
243847499294
243893352280
243851643995
243897936555
243849979833
243897410738
243856343720
243899542376
243855919051
243898870004
243850029346
243890421511
243850652920
243894804346
243843546094
243890027656
243851586119
243895059298
243859020189
243891420456
243841893747
243898825284
243841340191
243897843981
243842825700
243890067933
243844263357
243897226931
243851698102
243892167257
243846198287
243891907739
243850327981
243892166410
243848490796
243893765865
243845558455
243891196288
243852721590
243893808742
243848743127
243892775818
243843957636
243899699481
243849369016
243894935099
243854252330
243894061023
243857538497
243897973302
243846294611
243896741722
243841018661
243891838825
243851847601
243893909568
243842536662
243896681816
243857756795
243898506880
243854468728
243898841404
243849436209
243891351500
243857291333
243897954232
243845048684
243894180155
243857394849
243893864171
243843584215
243891119185
243849609261
243899921179
243847167131
243891664766
243853492612
243894892475
243858093978
243892573783
243847639252
243893206895
243848920093
243898198399
243848449910
243891245296
243843508052
243899684614
243840467735
243892492443
243854271145
243892215377
243845770462
243895887683
243849758477
243897280267
243840886134
243890081284
243848311305
243890151396
243849298226
243893709838
243851745846
243898461095
243847906610
243897321950
243849158706
243896555978
243843253636
243893353595
243842858275
243891564036
243855848021
243894349176
243846385935
243892993328
243850159053
243895380538
243846449048
243894494930
243844363798
243891885536
243847747519
243899939341
243841416554
243895659668
243850998482
243892727798
243847506847
243899414006
243842971492
243899136796
243844335148
243896797782
243851924610
243894076900
243848837212
243896569066
243849007364
243897856100
243854321272
243895280818
243852140223
243892602817
243853277075
243897333541
243845322767
243895375021
243853183466
243892926184
243856290275
243895175559
243853932397
243892317549
243856497684
243892668882
243843428560
243894717323
243846007570
243894494187
243846155558
243897858101
243841515670
243893073818
243850767169
243891496066
243845621694
243893728812
243857903889
243894265727
243853836801
243893158720
243852026350
243898651233
243854539491
243893541702
243859364952
243893061328
243844031944
243894337967
243848976710
243898172908
243845737842
243899910839
243854670529
243892373648
243847080580
243890562223
243843773742
243893672003
243848298519
243895121563
243847673587
243898608459
243851240245
243898589059
243853810569
243890795568
243841545533
243896325265
243847385429
243890433223
243859552631
243899275841
243848689814
243892097323
243840838657
243897621665
243847093757
243895231932
243848656586
243897112816
243849898347
243892920873
243857999144
243895141013
243843974077
243890914075
243848038374
243896922326
243850814756
243897587293
243858554822
243899923512
243843067458
243899905069
243848612099
243897966869
243848920281
243897946178
243841200351
243890815742
243858628908
243891621850
243845817289
243890361250
243857608352
243896992400
243840553638
243890836109
243844578997
243896704703
243846234778
243897580537
243854671338
243894133973
243852199963
243898459575
243852526580
243892842834
243840211900
243898916977
243855076773
243894430856
243841059675
243896911784
243856114557
243899964006
243853038208
243899717210
243850489137
243898356804
243846365361
243898093849
243843689925
243893918825
243850780748
243897251364
243859344084
243891096450
243842864796
243890976245
243843094361
243896131397
243848014412
243895935998
243849722721
243894526270
243855506127
243899109570
243848795370
243898330672
243845186708
243892393156
243855462648
243898575316
243843168096
243891016323
243844318126
243890525745
243854188104
243892326544
243846929541
243895479934
243848264098
243898226441
243855897958
243893756487
243850272386
243896139251
243852902423
243896703725
243852046379
243897634054
243856582950
243894659080
243858948588
243899965202
243843576176
243896924242
243858530278
243895598961
243858432133
243896636697
243845852661
243891687605
243859868036
243896167580
243856609434
243897178697
243857231374
243896760444
243846300951
243892732278
243849427745
243890051435
243841010835
243895640514
243852310332
243891128220
243842829647
243893489341
243843154172
243893940118
243853960080
243895339781
243852841105
243893602592
243840849523
243890536878
243849037456
243896381794
243854883431
243898179202
243854473586
243896514236
243855343821
243896428989
243841085522
243895835820
243849535762
243891606548
243855993120
243899779433
243856508786
243891576058
243844495199
243890172018
243844596638
243891395707
243849539891
243899177975
243847892378
243897835346
243848116253
243893097255
243854701044
243897383326
243851319099
243893656972
243847240701
243890080842
243851257143
243892236742
243844866648
243893354708
243857532251
243890002225
243856160875
243893365475
243842304113
243894898496
243841299846
243890854660
243844126619
243892029573
243843684782
243895451318
243859551801
243898072389
243850547016
243892951108
243856251445
243892644576
243851500727
243897581748
243849828743
243895272962
243843300388
243898010344
243856070852
243898648858
243851824426
243896650748
243854631548
243896700768
243843364110
243890459799
243843655907
243892496586
243846759037
243899821245
243851161887
243896566441
243847313440
243897710404
243853759451
243890462545
243858476266
243893345866
243852426982
243898602062
243848290425
243898881003
243858753742
243893357214
243855938595
243891710889
243845598688
243894317287
243842423900
243899293297
243842091865
243891533567
243855812973
243895995066
243841143092
243890243079
243853500087
243898858004
243842177140
243897083818
243850048092
243891490495
243852296510
243897724281
243841122100
243890528258
243858233672
243894156208
243859983369
243894105143
243850383618
243890670052
243852396271
243890711884
243847193304
243897137495
243855547258
243891173184
243858535335
243891049922
243841995094
243894734536
243848663478
243894017444
243852341647
243895790372
243855663153
243892069962
243840097381
243896942610
243841909958
243896571944
243847872911
243896816410
243857164072
243893773483
243847841224
243897078104
243856680065
243892907281
243854724998
243890519617
243852294566
243898121251
243854454570
243898983644
243854593089
243891639601
243849508219
243892475975
243851368176
243896720653
243855403126
243896968606
243841287967
243898784239
243854009982
243891822938
243842439942
243891271790
243851719168
243898675254
243846132667
243894049587
243847280721
243893959802
243843327101
243899481325
243853646197
243897121558
243853156694
243894047094
243852139212
243895376369
243846486176
243895741203
243856854200
243892679414
243843937552
243894180469
243849047289
243899584224
243847818863
243896834916
243844557720
243895001723
243852076578
243897540495
243855147879
243892807810
243850090105
243895784402
243844056860
243894058141
243855406574
243893244356
243852668733
243894816473
243846930124
243895922094
243856829036
243895120142
243847519567
243890977772
243851999852
243895858405
243853860768
243896542111
243843145459
243899321289
243852725593
243895836469
243845366596
243898649813
243846125614
243896570754
243842561516
243890305172
243841006278
243897279908
243845612760
243898089022
243846186835
243899352979
243852411512
243898728123
243858591793
243891738207
243842657550
243894539237
243849499830
243891082140
243841749740
243895161659
243858967632
243892766349
243854153050
243897824000
243857024720
243897107199
243855482264
243895687785
243850167342
243892501020
243846795615
243890135949
243844600992
243896921831
243851282309
243892126439
243856134366
243894298511
243852828061
243894448381
243848384523
243896265373
243851909362
243895793853
243853121598
243898056232
243850673996
243890786649
243848583615
243898722159
243849045766
243895334910
243857817478
243890697018
243853587808
243895548112
243852739571
243891760917
243856666555
243899848970
243848364873
243891987615
243852259693
243894150318
243858668908
243896542812
243840204264
243894381631
243842439916
243893363691
243849603732
243890802890
243856987592
243893056428
243850630183
243895372034
243856649580
243893945476
243843356303
243896236568
243848694940
243896520346
243851488579
243893687520
243857318059
243897024964
243840507737
243897481777
243845666359
243896798602
243854004568
243893133718
243859986333
243895416993
243845132143
243892312863
243846492827
243890965589
243852015983
243891787752
243841076785
243897774353
243843018930
243897409134
243856609794
243893394841
243856529596
243893685175
243848949537
243898414358
243847824103
243890995961
243855973768
243896762342
243847324824
243891279201
243855972012
243895837731
243847295337
243892670806
243848712010
243895633768
243844428381
243891685293
243851115722
243893988273
243852242761
243897346288
243847350449
243891554605
243852764105
243899645920
243842585293
243899799289
243845094481
243891608011
243846076369
243893693943
243845670640
243897803972
243842378667
243894557515
243851399800
243898975103
243849637958
243894774272
243858902845
243893557955
243849167727
243892363148
243840897400
243895922468
243843949854
243890580490
243858953260
243899051474
243859557808
243897163352
243850387844
243895761731
243854985284
243895158007
243841900187
243890464947
243849030389
243899596856
243853634095
243892528013
243846195688
243898069325
243842111211
243899381885
243859398602
243894535897
243850178530
243896865920
243855415677
243895103258
243850248625
243895795105
243841183071
243898010290
243858246342
243899110931
243851854212
243895106338
243858855231
243898129032
243852436235
243895382924
243845210861
243892298057
243855357352
243899187200
243857340379
243896905192
243858610027
243892381164
243843446015
243892930377
243842969881
243894585660
243850866412
243896107041
243845198404
243898858587
243845536220
243896282096
243854846757
243892027331
243849510743
243893720406
243847873250
243894910811
243841920381
243893502106
243858276218
243891247533
243854242507
243898938378
243843559183
243899494082
243851714922
243895915714
243851298200
243892495322
243844228893
243890803948
243857738503
243897765420
243840430409
243891042079
243856977655
243899261461
243851509065
243898334809
243845855414
243890937728
243840161864
243897470252
243843597229
243895340162
243842783964
243894548582
243857216275
243897088938
243859431887
243895836817
243846192058
243897660235
243843921513
243895211712
243842389586
243890586515
243855829607
243891811476
243856070320
243894618252
243849757024
243899028335
243840818603
243898934670
243859481189
243894301867
243844244763
243897739964
243859819156
243894741540
243859931776
243890687396
243857343315
243890468127
243859593930
243894617091
243852855183
243895422990
243845277834
243897834637
243852566282
243898602025
243858924128
243896816273
243854004645
243890869510
243853220107
243891333928
243843204308
243896383496
243843466984
243891349297
243852834579
243890779965
243853509252
243897932437
243851570682
243894896231
243855968350
243890572111
243841737902
243898360093
243850341799
243899991647
243851815538
243897705557
243853209292
243892177488
243854489895
243898474583
243859382763
243891566230
243845688281
243898234398
243845227960
243897351499
243858160092
243892183831
243845052704
243893762554
243855606487
243898049513
243859713769
243890937672
243853485429
243899349017
243854822269
243894745254
243843807677
243892210044
243843519135
243898965162
243843141597
243893249493
243842369051
243891680662
243844608608
243895950220
243858885601
243894118927
243858878732
243895114633
243853688919
243899969058
243849612151
243897093044
243854809265
243890856726
243840050384
243891355100
243842871117
243890892499
243850274356
243891940185
243855763406
243894928845
243846640931
243893877608
243844654961
243894651058
243847317255
243896814260
243842590577
243896587121
243853334025
243891017299
243855960558
243891941232
243853266232
243898978064
243844042670
243899320407
243840444483
243891118687
243847954362
243895754749
243844550193
243891276280
243851172258
243898302878
243842078044
243891390859
243854939804
243895078095
243843780470
243897558156
243840987927
243899728879
243842849556
243897777569
243840817347
243893627222
243854167216
243891196844
243854150763
243890351678
243859509374
243895077249
243843409759
243894075996
243848134850
243899590510
243841252087
243893221798
243840885994
243896861726
243846246470
243890057345
243848241622
243895970248
243840852528
243896481855
243843780705
243891873392
243846538151
243897244163
243842809122
243893042219
243849506224
243894410319
243855721293
243892399174
243858410571
243898684479
243853041001
243896786901
243850747767
243896250435
243840883606
243893624393
243856404577
243894659677
243853754811
243892404641
243850141678
243896566472
243857391902
243893851806
243850572032
243897873735
243859179890
243894798707
243852787733
243898135117
243847023252
243891825002
243841466704
243897603844
243841737856
243895822244
243847027562
243899227182
243846103666
243893881372
243854692191
243894815263
243855665180
243891223365
243851570614
243897128250
243859877350
243891583534
243845570848
243895402747
243845070884
243892690388
243859016985
243897791037
243857563518
243897292364
243851898301
243898131685
243842276505
243897599749
243849858370
243891523446
243850906905
243894676621
243853551368
243890288998
243854508061
243895131249
243845892161
243890719695
243851611635
243899169565
243840380138
243896987993
243849269557
243895517133
243849772629
243899172743
243849961464
243899702711
243845655733
243897693939
243850587041
243895037400
243840420510
243890894230
243849126050
243893929873
243850458879
243896679921
243850571372
243894369896
243853116612
243898871586
243843321920
243896650593
243842556718
243898081240
243852059040
243897011874
243852039162
243896415913
243850540533
243892638242
243857134554
243892971591
243849200026
243899233282
243851196701
243896852712
243855108126
243894020053
243859669744
243897604783
243846873528
243897774954
243848959375
243892284268
243853137537
243891793375
243854812227
243898572098
243859460711
243897998399
243845557925
243898734073
243842732893
243894618209
243847504430
243894719354
243851231338
243895336050
243848736881
243896165976
243857746146
243890231843
243847242146
243897705054
243845696278
243894661305
243843454538
243897347649
243850703264
243898117413
243854045019
243898511914
243847883133
243891110815
243851572593
243891916285
243854264810
243894858812
243853200210
243893910113
243854425568
243893585539
243857190081
243898816503
243858730451
243896547773
243853883361
243896380564
243840150897
243892727125
243845355795
243895977960
243842825814
243895514387
243843613996
243897110204
243849436329
243898632277
243847012934
243890869174
243842412379
243897279104
243856803441
243896986274
243859772786
243895146963
243850368750
243898675911
243846532882
243896240751
243851683899
243893836066
243847444664
243891074019
243855148030
243892180341
243849977074
243893418799
243842012856
243894994640
243846186023
243898885166
243850541283
243890422639
243846591765
243897714579
243841551599
243891476753
243858051144
243899067566
243841710596
243892089650
243858909737
243891033195
243844567447
243892943725
243846958293
243897525932
243857372314
243890637923
243854369284
243894519963
243846857381
243897054940
243842936761
243897060225
243848374221
243892922426
243852006240
243895785582
243851302498
243895791646
243853632918
243894111111
243851865834
243893631115
243853197854
243893966644
243851149037
243898640917
243845775687
243895386028
243855480790
243895262456
243859461937
243891784424
243854243320
243896831442
243855789420
243890787230
243859118982
243892420533
243856414901
243895557517
243845926139
243899549123
243856892876
243897824881
243840060361
243897082917
243853611093
243899543959
243853767221
243893881658
243845418078
243898050200
243858889357
243894029166
243848191050
243892049291
243840375579
243896076749
243850188493
243899300555
243857537862
243893049714
243842200178
243892817000
243849743102
243895610710
243858584446
243890412915
243850445892
243891491893
243843260197
243890365454
243850851243
243895698001
243845142337
243897802819
243847720056
243897017797
243844126254
243892136866
243849937317
243896230516
243853823627
243894801180
243841478200
243897744118
243855005602
243895737643
243851534452
243896688079
243853254832
243897334303
243847254043
243892099353
243848716993
243896365505
243848072587
243891468459
243841849217
243898208410
243843910098
243892200682
243842754114
243894185594
243847383151
243894839978
243851066260
243892593424
243840581636
243896808372
243855831878
243895425452
243855272415
243892865132
243850401232
243892568431
243840856972
243898547436
243857132438
243896106444
243848914405
243890934616
243856920288
243896601376
243840917085
243897740368
243841583969
243899181251
243844445329
243890238299
243844580991
243899887190
243850596923
243892200503
243843466663
243893011270
243848983138
243898941712
243848535969
243896496643
243840561827
243894380154
243841065304
243894981430
243848175196
243899224722
243853111104
243899684438
243853865951
243895999400
243854284084
243893382581
243856734542
243899792115
243852218141
243899287443
243857128881
243895804661
243841496646
243896950441
243840000975
243897847959
243852437197
243895488181
243852834880
243895496037
243852425322
243893735724
243858840121
243898842604
243840591072
243890088509
243845056685
243896113321
243858671593
243894970575
243842552614
243892662517
243841912513
243893802097
243857803849
243893226327
243854913689
243893602129
243846804409
243891889765
243856296159
243896961812
243859813797
243899516776
243857039012
243894878128
243849569788
243897295657
243848909859
243898452335
243858477072
243899937143
243851264609
243890717832
243852848633
243892855345
243843937349
243898767541
243857715759
243892579322
243852054141
243892963429
243842584397
243892565698
243842862201
243899418133
243840902790
243897931394
243844892677
243893257087
243856724468
243893172931
243857885785
243891105867
243842970177
243896406679
243846221976
243895979085
243855019817
243890210711
243849477461
243894440378
243850714698
243890702914
243840742655
243893167653
243845170609
243899987715
243848838197
243894219901
243852242892
243899815906
243849088758
243896319590
243842167282
243890873294
243853776632
243893711920
243852455345
243895676920
243858959784
243895236733
243845014562
243897974080
243840155910
243894641880
243850194793
243893619905
243847866653
243897430378
243853240465
243896982361
243853102447
243896687569
243851383723
243894241432
243842872999
243896906693
243850887618
243899397545
243859389083
243890442148
243841224495
243897485614
243846983436
243897092003
243850493547
243899258882
243858751487
243891454885
243855106898
243891452314
243842046376
243896856534
243849331770
243891870801
243856993595
243897240230
243851013080
243899062525
243851684638
243894827536
243840868767
243890516238
243849072032
243897005835
243843665191
243892003021
243852047904
243891630456
243841770118
243899130304
243858493795
243899342302
243845584596
243898836141
243843276372
243890427179
243859297786
243891741250
243845607885
243896059127
243857892908
243890644507
243846918846
243895671285
243846391048
243890200981
243856317499
243891598585
243841661140
243898154899
243851551708
243897269005
243856185545
243890426611
243857874459
243897149681
243857787901
243898711886
243842111884
243891387090
243851598371
243892809873
243859003857
243891805431
243842216731
243894367962
243859740464
243892617872
243856389369
243894495970
243846943152
243897253927
243854214146
243895852641
243853392130
243893850690
243856004276
243891406240
243855478331
243895536261
243856816151
243897329961
243850760661
243898652482
243848432233
243897712773
243841884384
243897190628
243847067326
243897592014
243849686113
243892053438
243856044105
243896466651
243852684378
243890461063
243857765840
243898081532
243856205769
243891378396
243859964757
243899358590
243857634908
243895395903
243844807602
243897511420
243845994029
243890481216
243846934984
243899826666
243856233900
243893570786
243852626875
243897199497
243848837944
243892949539
243849504166
243890740293
243852585084
243899769556
243854863142
243891803964
243842785992
243899832444
243841043945
243895943015
243855820369
243897864613
243849708722
243899272629
243843071347
243891790549
243850271433
243898947448
243840167086
243891210339
243854418700
243895635144
243847160192
243890748441
243848460766
243894676840
243851167678
243895082470
243846906138
243899406760
243858711982
243898375183
243851060342
243893090566
243859063555
243895429641
243852093208
243892895419
243858379697
243890560206
243859546127
243896346513
243843532351
243891063174
243858937549
243898374240
243854371226
243894440038
243844227455
243894048181
243843777962
243894766372
243850751463
243897490766
243852994580
243898876802
243844365147
243899987358
243841147223
243891379567
243858140785
243897080823
243840853278
243897516585
243853027974
243892907032
243840417856
243891761092
243858411432
243891172450
243843819309
243897394806
243856786223
243893633398
243854931067
243897785268
243847664374
243891276282
243852540885
243897105558
243854730033
243896930446
243841434873
243891398328
243855925033
243895964297
243847012333
243893770999
243844715590
243897143531
243846044210
243899053003
243848430824
243899792554
243852221328
243894396496
243856622611
243896625344
243851484186
243893186687
243843834088
243897433773
243853107882
243897521228
243850421840
243899687957
243845590808
243895865877
243845379153
243894213972
243851244477
243893875206
243843496835
243895996998
243844547871
243895633056
243850456096
243893048631
243851109240
243897606316
243850403964
243898062718
243857306242
243897691174
243855390319
243898209388
243853487079
243890827520
243849099113
243894902043
243840681127
243896431263
243851550378
243891829887
243850544237
243892115839
243851184798
243895776842
243852507076
243896128197
243851997298
243897484816
243853979268
243892384415
243855832092
243894263093
243842625137
243895824721
243849304694
243891051882
243844083164
243893754571
243858905620
243897323006
243854666625
243898450088
243850686631
243892045750
243851653895
243895185859
243841011494
243894558417
243842855261
243892096415
243843418606
243893521841
243842580365
243894150046
243840150968
243899753078
243848515961
243894043235
243840053169
243892031663
243851372668
243899986198
243842878239
243897817361
243849698810
243890739086
243846959246
243896683100
243848064099
243895062435
243851906364
243897087676
243842350329
243895733570
243841922598
243899168513
243849188937
243896478035
243855578536
243898144648
243841348743
243897717029
243858278810
243891480249
243846950182
243892390962
243857472586
243899082812
243847670159
243893080986
243852745300
243890504428
243859479230
243899904512
243841785505
243891782304
243847648615
243892602514
243844340608
243891732104
243851875504
243895887579
243845803829
243899699823
243848127500
243890997236
243857479645
243894886917
243855295082
243891613981
243859066179
243896514830
243858384008
243898912899
243850099534
243893948966
243856865407
243899597135
243853616257
243896241049
243843142669
243897863093
243857419835
243899278233
243858974940
243890039333
243855584218
243890539983
243851165093
243896901759
243856647727
243892943944
243853774932
243899592407
243850485419
243898171431
243849878012
243899026932
243852533473
243890613047
243847372729
243891268158
243859655700
243897392942
243848477954
243895164270
243848590701
243891507514
243859381420
243897629094
243858828536
243898511946
243849056346
243890386660
243857433862
243892909199
243854938085
243891634757
243845508975
243897883525
243841416844
243896957292
243850342142
243894712493
243846566488
243896266105
243855262660
243890670108
243849311759
243896753568
243849154203
243894467337
243853618365
243897798435
243856736167
243895233231
243843985194
243894677168
243842960279
243891222706
243858282238
243899200937
243846125499
243892036165
243846207550
243894936117
243852277115
243898462568
243857892199
243892565889
243855447588
243897477668
243857424498
243890040884
243842927853
243897525557
243841988273
243895622377
243845612256
243896554589
243848853202
243892806435
243843543161
243896454004
243853475849
243893049424
243845617903
243890203705
243855340826
243893536084
243842033648
243896018533
243850882627
243892471370
243859660331
243894278912
243844153769
243897850488
243847452820
243892011480
243840247192
243896782046
243840856033
243891150915
243856188091
243895224941
243852920285
243892146127
243849611627
243892943712
243849746717
243891210168
243846304609
243895362177
243840741898
243896860524
243847009072
243893234422
243853839965
243892842183
243846315038
243892756828
243855962009
243894518257
243846265842
243898095679
243858439595
243899484353
243857362751
243891941772
243846983884
243892017945
243848414014
243895868120
243846066597
243898439951
243841223638
243890390428
243850149117
243893667996
243840868795
243896523647
243842845184
243893660066
243855173601
243899156780
243857710616
243894672344
243843894537
243890268692
243854368291
243890066877
243858540627
243899616884
243847674298
243895782498
243850555405
243891667478
243854421260
243898622953
243858989191
243893146172
243856331629
243893969146
243856328776
243893927042
243849028888
243898136755
243845750861
243894278506
243848098209
243896854926
243858023472
243897830999
243845991696
243891438625
243852229685
243895655161
243849108862
243895393333
243854104430
243893854580
243856041868
243895350796
243841570776
243897834298
243857591485
243899097629
243855249039
243895242302
243848837039
243896463824
243852101773
243892711771
243850983355
243899562985
243850498235
243897887846
243844620908
243896550946
243849646609
243897542624
243856371900
243899406563
243858445337
243896007657
243850334072
243896173509
243850951757
243897904005
243849163666
243894580553
243859381168
243895946888
243846994005
243891572651
243858051887
243895253092
243840216705
243898998241
243853842747
243895416514
243843482719
243892185248
243852105087
243890783555
243847556364
243894211197
243857288300
243898508768
243857692555
243897121661
243859121127
243894505945
243857349150
243895106660
243848530375
243899905077
243855430625
243893433076
243851827800
243898126471
243854141854
243893492036
243852885973
243894037916
243854431002
243892889618
243853078947
243896068471
243843288346
243896083060
243845577877
243895505401
243843437451
243897153077
243854127524
243895297645
243859581616
243894211927
243842775463
243891467909
243853518583
243891861511
243847643195
243898675224
243851602226
243896448426
243840405607
243899874821
243843458243
243891487247
243858508921
243896137040
243842863561
243894471816
243858005387
243894969332
243841132037
243895610309
243840385983
243897996139
243847780482
243892243999
243857691950
243897467700
243844285006
243892019189
243848361785
243892281569
243857927701
243896946165
243843297717
243896415246
243846389062
243894582062
243844049914
243892134959
243845337206
243893606566
243840618093
243894298485
243843669828
243897675883
243859599257
243894037470
243848706250
243899370557
243857683506
243896125595
243845918281
243893431661
243849862537
243891733692
243856014323
243891231279
243845573310
243891624467
243852360801
243896221772
243851933521
243892607692
243852442104
243895167746
243848881468
243895413906
243842774760
243895448474
243840116311
243896638447
243850916072
243894704405
243851129491
243896336763
243854569227
243894439794
243853510250
243895994456
243847461250
243893762443
243853738111
243890317138
243848610010
243898442644
243852138857
243895920822
243849604822
243898339111
243853663580
243898218151
243848217791
243896439903
243851084409
243892935450
243840983744
243895777027
243844829778
243890030279
243853112117
243897987298
243855172854
243896606817
243843796422
243892813260
243841298624
243892402909
243850511450
243894514150
243854138504
243891990927
243845335029
243897836205
243845822439
243890208873
243841617154
243894130614
243842098952
243895561101
243846870730
243898079615
243854055722
243892178441
243858651263
243891599419
243845695085
243899551864
243850729169
243897634427
243841576835
243896785314
243843872416
243893194129
243854096973
243896028378
243851273575
243890050408
243843594175
243894368815
243847118556
243896516140
243842964792
243899300988
243847414682
243895544726
243847564733
243894871469
243859155520
243894285291
243855809233
243896649664
243855825337
243891012725
243849426586
243895695217
243852218974
243899051466
243852428641
243891659349
243846283377
243899812028
243845860531
243898874743
243858987959
243899918839
243849521851
243896704439
243845595110
243898118292
243846637117
243895275886
243850534352
243891736243
243846922984
243891129996
243849449320
243899267510
243840086877
243899746623
243842589215
243890940476
243841674946
243894655866
243840193244
243897743572
243859454932
243899998110
243853369115
243895663908
243858925515
243894617413
243858490278
243899094877
243856602723
243898787934
243842689296
243897495358
243844945494
243897579474
243854933386
243895206360
243841031410
243895294009
243856517040
243899698260
243857888533
243893787780
243848501356
243898620903
243840883015
243892533160
243845475119
243898306728
243841770331
243899980524
243851998593
243896285682
243859271004
243893757202
243848776061
243892642205
243857817045
243890064568
243843460980
243892825658
243843360197
243896616539
243855071846
243890287328
243852434448
243892053723
243847348421
243898925454
243859969007
243891062325
243853360087
243896561060
243859267759
243893566183
243856137605
243892436189
243857135358
243896992751
243858337525
243890955131
243852980057
243894192731
243844542431
243897393865
243854209030
243896678914
243853034772
243896535208
243841998267
243899731053
243848104815
243899387320
243847860822
243899707038
243844108391
243897756479
243850410599
243899030166
243848548932
243890941982
243850729696
243892376567
243849625816
243890528055
243853278427
243899033621
243841498638
243891031433
243846334342
243899792208
243840033252
243897295225
243853115610
243891777999
243857073510
243894929927
243852762329
243890388619
243841466276
243891479838
243856018914
243895693240
243847482694
243896372073
243858051704
243891661308
243844087640
243892829971
243859965030
243898352264
243847314913
243896822720
243840797854
243897986984
243849567250
243892485864
243855090389
243890793067
243856537813
243891661329
243847823632
243897348154
243852084011
243897585231
243856295220
243899678052
243859073702
243893576510
243840892610
243891694027
243850101918
243893143095
243849710911
243896560791
243852565094
243892614892
243853983759
243893019666
243857157157
243899745212
243853942658
243898665530
243845770813
243891604802
243858165018
243891086652
243856826157
243897314851
243844880183
243894962055
243849196577
243898049272
243846137892
243899823314
243845116469
243894761836
243857174185
243893892100
243856029218
243891193666
243852792464
243896400240
243848311965
243893490558
243857209988
243893245960
243854681909
243894446321
243845278716
243897720516
243847202681
243897219759
243843476166
243893329379
243852707384
243898770801
243845785691
243897524795
243843803477
243894552245
243855159674
243896196753
243840313924
243892807943
243848101913
243892398303
243849436936
243895135972
243853506938
243890055195
243858208363
243892663179
243857099065
243891666946
243850613681
243899202111
243848626248
243890010208
243845114873
243891523633
243850890753
243894162018
243841566519
243898692006
243849557192
243898136720
243843539169
243890736609
243857256338
243893165837
243856392996
243890409997
243854988801
243894697447
243852441507
243894429469
243844053449
243898810385
243841166357
243892453340
243843377083
243896973411
243843747488
243899801453
243854745221
243897911956
243851723753
243890624862
243848210851
243898303022
243854693658
243894927768
243845333971
243894187803
243854620051
243896900175
243858620480
243895915435
243847149683
243896652039
243856601161
243894429942
243841196639
243894573154
243858624568
243898883538
243850029209
243898333137
243845685306
243890498115
243846278516
243894596365
243850463872
243896336162
243848486408
243898922420
243845029954
243899266817
243853655164
243893176480
243852127724
243894590526
243859391755
243897936764
243856431792
243893016573
243852764268
243892360520
243848933310
243892646494
243841460055
243898411711
243848997283
243892675379
243857852041
243899355626
243841023036
243899066883
243850710196
243890662163
243849243468
243894217149
243846193101
243892917210
243849156078
243894298117
243854793782
243893345115
243844590668
243899505846
243841953572
243890284011
243850505802
243896910394
243858449521
243898641153
243851569269
243895787885
243855410186
243899391505
243854270809
243896642605
243854569475
243898981631
243855909863
243892227710
243844652131
243890350118
243849019506
243891576295
243852340428
243894769542
243847367899
243894132248
243845446393
243892186858
243850802033
243893075198
243841676159
243892858827
243850429997
243892958890
243858146242
243895884386
243857121068
243899345931
243858780768
243893058240
243846424950
243895879940
243847307791
243893786532
243858953312
243894257618
243845103775
243895299854
243852470421
243899177486
243849865119
243897896066
243854479848
243894316398
243859727230
243895407996
243845173848
243895809066
243841328328
243892071664
243856873842
243894209781
243849751800
243893553974
243858975171
243897314907
243845025046
243895718761
243857437607
243899239405
243850567828
243891017658
243849909343
243894247740
243840121185
243895173075
243856328836
243891847827
243841843556
243895566021
243857783394
243894326057
243845724967
243898338193
243841931270
243898094274
243850196922
243897441723
243842718627
243892768881
243841183418
243891783872
243858050502
243895712635
243843132201
243895592194
243850522058
243893214938
243855286710
243899129849
243846211854
243891109514
243842852950
243894975393
243841204998
243898685953
243846211551
243894971469
243840067123
243899606770
243846398143
243897790898
243850385420
243891903381
243850647200
243898497027
243856774653
243895037104
243853485223
243896543589
243850442378
243897968932
243853726910
243893298533
243840908506
243893189701
243858226328
243897611801
243857429156
243895623244
243843913658
243893848554
243842266240
243899840113
243842935868
243898167984
243842204415
243893553973
243843244093
243899532900
243848336799
243895438944
243850013642
243893746980
243842450692
243893381302
243859086815
243894913652
243846053442
243891812882
243843291705
243898151267
243843532491
243891036746
243857466820
243897277906
243846581862
243897897283
243843687715
243894201754
243854800494
243890109659
243853718527
243892961963
243840752335
243892321651
243843018451
243893911073
243844747673
243891981416
243845343307
243898951621
243852396280
243894582886
243855015365
243892572366
243842941140
243896416286
243843465421
243890520447
243847659766
243896075020
243856732843
243890055971
243857998989
243894353458
243851427055
243892181450
243851879282
243895194485
243849472385
243899118406
243846980311
243894967873
243858360610
243899604820
243856864111
243891965562
243857946837
243896020796
243846599822
243896454415
243852965932
243899571710
243849692246
243896033043
243843892574
243894958706
243844519591
243896166492
243841333791
243895071274
243844811181
243896823242
243846797374
243897613171
243858403361
243894767862
243847059470
243895779276
243853008391
243896018464
243859819899
243897987831
243851612216
243891751252
243854831145
243897138195
243847947777
243897727942
243853135200
243895934025
243850129711
243893279712
243848098237
243892349910
243841038543
243891710125
243850737527
243895149362
243851222867
243890009640
243850132531
243895717383
243850366009
243897580546
243854361955
243890593504
243855913684
243890210803
243844744731
243895865852
243853715696
243890578867
243850100597
243898314003
243857638750
243895834114
243851306526
243895766559
243854653006
243897946083
243843857989
243899007146
243845136617
243893436835
243849778322
243898004072
243840731295
243890728270
243843098966
243896200077
243851373108
243892621903
243846913270
243897224718
243843501632
243895453814
243851367515
243897336224
243846300935
243897763258
243842306583
243896192339
243845459513
243890564547
243842294121
243899522280
243847695302
243898156193
243845695413
243897118192
243841239319
243891986880
243858305255
243895340732
243850912138
243894775338
243842570955
243896341885
243846498216
243896680401
243844111540
243895434219
243858964335
243890137532
243840393397
243899437011
243841031201
243894699083
243854542355
243891338643
243844001585
243899560599
243853501959
243890089683
243847442487
243893907446
243840118455
243893238388
243858416357
243890089501
243850447376
243893896501
243840369153
243899650331
243848530314
243894152775
243859964499
243896696288
243850399307
243899277984
243849073649
243895591510
243856821363
243894494494
243854963846
243892627589
243847122658
243890570534
243852425816
243891931685
243856438921
243890930456
243840245701
243896829992
243855559101
243897550254
243841022104
243896792113
243859843449
243897573443
243854172405
243892867433
243859667235
243893646841
243842953653
243894101332
243859662001
243897716990
243855206042
243898664289
243843967242
243893079868
243845455206
243891560994
243857734236
243893017866
243845497405
243891167277
243853667483
243890005718
243853737066
243891321146
243852850448
243899513765
243854254854
243892062522
243852860440
243893941402
243842599083
243896187269
243845803799
243896877714
243857120446
243896411321
243855566830
243891093242
243857231594
243894518635
243841125291
243893804020
243859951010
243896815995
243841840335
243899208950
243843816656
243899535212
243847973077
243897495439
243858924552
243897171898
243859003525
243892875388
243859152688
243897896751
243845559446
243891433650
243852590026
243893394713
243847074890
243899936727
243855272455
243893413170
243844740960
243899083137
243853845908
243896237895
243859926421
243897551108
243841025921
243893196395
243855165051
243893070860
243854994329
243891015950
243847880313
243897711349
243846492429
243897883463
243843237209
243891056601
243852416384
243893422517
243841070247
243893037311
243849918985
243898188254
243853113055
243890639290
243849966643
243894538094
243841923578
243890473015
243858388739
243896436447
243845847649
243898786565
243849336338
243897520018
243849129437
243894359075
243854100880
243891561826
243851149318
243893612708
243840775861
243895859909
243852150079
243894033279
243841566393
243897560847
243847180659
243899889181
243852414849
243895266686
243840834494
243895756173
243853982785
243890604411
243845939455
243895904902
243856549407
243890844381
243854612897
243890269606
243859553732
243890984985
243855601799
243891264304
243854155514
243897897682
243851693580
243894793082
243850501528
243895319431
243856661517
243898029523
243858370553
243890935407
243849616547
243898769096
243847055326
243892783680
243842174633
243891145311
243851715151
243892436694
243840277512
243894391523
243845431915
243892132516
243845523182
243892394701
243845960496
243896654212
243846743309
243891898260
243858813206
243897321669
243840805532
243894850639
243848509307
243892850687
243858523582
243894411151
243859855313
243890883742
243857776683
243896504210
243846855601
243893823968
243849520849
243898008430
243849775920
243897098771
243856342963
243898995863
243849666217
243893004822
243841472572
243890772175
243859366069
243891152088
243849943969
243899130434
243850669397
243899920875
243845821641
243896021556
243854930645
243892215162
243859752840
243895339847
243854290577
243894573946
243843954522
243898994126
243855135479
243899096041
243849074305
243895629847
243854094598
243896919804
243845700561
243892522346
243851290882
243896195397
243841196904
243894371225
243858404814
243896576339
243843821371
243899963252
243855680811
243892977316
243852924761
243891178911
243842524240
243894978656
243849309650
243890332343
243845349041
243899807180
243856145236
243895170798
243854081207
243895122019
243857706359
243898940567
243846897922
243891868092
243851691010
243896678830
243847911384
243895309804
243851099162
243890690758
243851318097
243890014198
243845615566
243898988394
243850287902
243897722373
243843952622
243898310557
243851308437
243899163879
243846175957
243890953374
243848676206
243899604675
243852066227
243895515372
243845577097
243895186622
243843079936
243890638176
243858913072
243898789583
243851080155
243896509748
243840325595
243897847178
243852576093
243894407256
243852010514
243890309310
243859222181
243899197626
243845868524
243895634516
243856291447
243898589324
243845008789
243895000093
243853068547
243899587095
243844838599
243892669869
243843533119
243894810157
243854908395
243899679641
243855937000
243897239971
243847849201
243898398399
243850176559
243891694244
243855197422
243892450605
243847039623
243896015981
243851458635
243892029054
243845772759
243892109414
243841878706
243897268891
243854978766
243892367055
243856334930
243893341884
243856500224
243899438961
243842993596
243891554205
243858162774
243896779790
243848851693
243890966302
243849373959
243899986464
243850073723
243899916841
243850480143
243893710395
243858324686
243892510532
243841868836
243890068479
243848343041
243890890969
243855307194
243891941880
243857249784
243899418434
243848485617
243898717680
243855084411
243893423656
243853022213
243892846747
243852647429
243898822857
243848174863
243898995507
243846580131
243893493211
243851579550
243897090649
243850726610
243896580024
243850245496
243890586019
243844818915
243895427463
243849356717
243899418959
243856112385
243894925624
243857431074
243892300799
243852931499
243896032863
243847568787
243897518469
243848255190
243894441224
243850369782
243899292813
243852687621
243890808534
243848620052
243899819356
243848856343
243898725750
243847204532
243894291037
243855029771
243897956329
243849926237
243893862689
243844086005
243896766357
243852702480
243893843360
243856991291
243898740227
243855564682
243890907621
243850078068
243897015153
243846992896
243894787034
243842908544
243892416583
243853488070
243892142825
243846805388
243899725325
243845793887
243890102319
243855543373
243899076861
243850246016
243891129024
243845847187
243896336526
243848032906
243894841380
243840629205
243892316606
243851730802
243896954854
243850713291
243897746732
243855679806
243893887741
243846698374
243896418060
243850105336
243896669798
243843597024
243890479927
243859492208
243895311938
243847074886
243895449490
243852755350
243895816368
243851175041
243897109311
243857986992
243896094010
243855754546
243891549976
243843972104
243899250782
243855075938
243890303351
243855318085
243894644494
243846440812
243894423928
243842341088
243896923332
243846636023
243891692253
243855119097
243899692396
243845044975
243897650078
243853159968
243895498350
243854844973
243895849133
243841213045
243899930975
243854856961
243891503839
243845665528
243897511544
243846544475
243891827202
243855108297
243890958820
243845250829
243895853743
243855410030
243890810095
243844354682
243898567180
243847745266
243894883397
243854375012
243899474730
243856564783
243891089472
243849808618
243897965833
243840735501
243897726825
243859979459
243892896670
243853370615
243898876122
243847986280
243895733447
243852664394
243897962619
243847963804
243899459511
243843959352
243897260948
243853208349
243899368712
243847726680
243898736619
243845198027
243891716103
243841563947
243890200667
243853308046
243898831565
243844195307
243897981307
243858534971
243892496503
243850268917
243895660096
243841983144
243899004765
243854454692
243896731918
243849964708
243892639492
243840633955
243894353507
243848453500
243891245891
243847310984
243897038567
243854328017
243892235981
243845422275
243899122306
243853310150
243892276259
243843347953
243890855936
243848236882
243897946839
243858199767
243896797060
243856402988
243897612681
243859030702
243896320570
243849238658
243891007892
243854053204
243893116665
243852972614
243896874017
243840339062
243891348121
243852403101
243895284466
243841305280
243895929661
243856615552
243895929704
243843302867
243897735617
243849223584
243890398792
243842685842
243895206445
243849473248
243893432162
243859942535
243891890717
243842993199
243892320340
243843675834
243893948212
243842101102
243891009377
243854745596
243895521656
243856997006
243890635577
243845798375
243898795001
243845417240
243898238431
243855418033
243896835523
243844560336
243898748728
243845929437
243891741213
243848047913
243890670184
243851210104
243899034852
243846276934
243895910897
243850027736
243898293473
243846818845
243898221702
243843236554
243890531507
243859574000
243894111912
243845232893
243896524874
243846184070
243891728301
243844660858
243899570450
243846885141
243899510147
243843383115
243897376146
243859191454
243896320538
243840797781
243891130816
243847328688
243896934817
243859699888
243895590475
243846605408
243896157543
243852465075
243891163872
243858070758
243890458569
243859838997
243898651400
243848775626
243893872423
243848702560
243893009016
243853434473
243892261550
243857011812
243890818150
243855106391
243899140561
243849992398
243894205024
243842007781
243898004886
243841970970
243893777754
243850158967
243897262346
243857313751
243894673048
243851424754
243890460870
243852268066
243897431496
243847885741
243898264318
243845937095
243893073381
243840487711
243897236379
243851178989
243896477539
243849533080
243897229946
243845081475
243891035925
243846704145
243894075116
243858118462
243891411179
243853557581
243890552104
243857337040
243890550397
243853334600
243890561817
243850780830
243892617482
243855350609
243897953394
243841593483
243893453335
243841825325
243890789968
243851166025
243898744357
243854677457
243896404837
243842466087
243899210436
243850255348
243899981028
243854515500
243894498089
243859850985
243890243157
243853051333
243895695526
243855542331
243894598759
243841448165
243893196925
243849373407
243890433913
243843181019
243895914898
243858357410
243898479996
243846688478
243891090806
243848593680
243898174246
243851457402
243896418699
243851649925
243896993514
243847041407
243890208468
243842714882
243892329770
243841750814
243891304076
243847896130
243895068679
243853437206
243898023190
243852826658
243890473155
243841180579
243895255947
243859779301
243892992662
243844738827
243895603709
243844104274
243893143775
243851355989
243893741249
243840846153
243896207375
243855097568
243895078704
243841293019
243897472060
243845763044
243891892650
243840374357
243894194333
243850597214
243899799966
243852949232
243893035482
243858220602
243892710365
243850828693
243894221922
243852212140
243891734562
243841394490
243897842407
243847320239
243896006288
243858461626
243895755220
243858075768
243895486079
243858900003
243898890505
243859318622
243893086650
243840039642
243891227026
243850594037
243895041180
243853903364
243897208990
243842550751
243898618776
243859294818
243891204122
243856748230
243895543335
243857052248
243892163833
243843372554
243896759116
243844623971
243896423823
243845158932
243892209124
243856084487
243893938754
243841689417
243898343608
243848876250
243893588347
243851695584
243899476256
243840201845
243890871613
243846530315
243891822678
243852762087
243895213047
243843286149
243891565452
243856601043
243891152394
243847383727
243893965293
243851706753
243894274652
243845136125
243897536145
243843424513
243892784756
243857877206
243896405098
243847180832
243897106518
243851043397
243896486136
243858157960
243890039662
243855401970
243895240692
243849997659
243897032147
243846189593
243896346928
243852151173
243895328753
243848078607
243895286221
243840561359
243892714808
243854016957
243894171891
243857933431
243891570930
243848176511
243894522269
243843046921
243894412144
243848387839
243899944676
243844996241
243890770792
243841660665
243891965124
243850638321
243895913683
243844487433
243897171658
243840394515
243892983021
243840372808
243894597669
243855433146
243892990805
243858929963
243896530185
243854902958
243894322300
243858969920
243893264167
243856247091
243897656225
243853735821
243897670048
243854889770
243897379770
243850569162
243890752370
243855593477
243892082631
243854189867
243894851420
243854202121
243890723490
243847939595
243893500428
243852323984
243895037072
243857670492
243891761209
243859347206
243892753846
243849815090
243895083291
243850848461
243893836907
243840538775
243898449798
243859080527
243890274400
243849990971
243896931934
243859690167
243898389971
243840716519
243892669244
243845297781
243899005925
243857132917
243896229533
243851430273
243899852198
243848653513
243894643213
243848391714
243893758226
243849985912
243890701908
243842313005
243892944656
243846571652
243894568676
243854022717
243892147355
243858615854
243899001997
243842339113
243890873167
243858059585
243895964697
243846787641
243897193725
243840216650
243891410246
243848161013
243899469955
243841208468
243899500485
243849480858
243898649117
243859375903
243895611992
243850662895
243896774059
243853159928
243891525002
243844530145
243893187736
243859916590
243896267378
243847508328
243897988954
243846373559
243893648797
243845078835
243897049090
243842864375
243899539457
243845725326
243895913113
243843964003
243892413811
243859197894
243893548716
243855607772
243897213637
243846939935
243893022423
243844186485
243893222734
243855623544
243895945036
243840434705
243898437758
243843978581
243899734981
243845705270
243894514872
243841374994
243893782745
243848602700
243896955696
243846815941
243899610263
243840611214
243895278997
243847617688
243894016625
243856728581
243897469045
243840027728
243891956535
243856677963
243892162127
243848604109
243895105517
243856602096
243898067774
243858302189
243894222905
243853386095
243896129878
243855186056
243890024078
243849214098
243896073571
243849220048
243890519604
243846770149
243893349983
243848231673
243891966543
243859106430
243899897940
243842314416
243895126551
243856262441
243892800833
243840480925
243894480091
243847508259
243894503487
243855782779
243892499744
243852894291
243897845067
243848608884
243895306370
243852966385
243896145556
243844220805
243890312150
243843871572
243891515765
243858575954
243898088605
243856382416
243898473334
243850505763
243892073200
243844632330
243891740759
243841472569
243895994642
243843646450
243891225498
243852383698
243893402548
243856184862
243898084581
243850970158
243892978918
243845555064
243897787467
243847914892
243898630883
243851587464
243899620947
243857551737
243892456244
243841790467
243893634012
243841598510
243895707045
243859346032
243894442128
243856466344
243897615603
243843792732
243897830309
243851866327
243898740493
243849281188
243893334272
243856250648
243890920022
243840756011
243897751337
243843851340
243895492446
243840019111
243890343000
243848871826
243895191172
243849146553
243891215563
243858993828
243891659451
243844483304
243897224732
243852130097
243898093925
243858044739
243890752276
243847538446
243892389292
243856256798
243891156278
243859617007
243891330193
243843324711
243892683754
243849205744
243891961236
243841518543
243895639482
243858248720
243894902453
243858316206
243894562087
243856083242
243890040030
243841608163
243897965783
243853407432
243894248603
243847186558
243898000190
243849452336
243891444690
243852690432
243891128451
243858151192
243892844497
243854716207
243891926812
243845765520
243890203956
243841385061
243890052067
243843085041
243894382572
243847425293
243890560476
243857438730
243897963127
243854532005
243893312841
243851968619
243895280143
243844976957
243890292017
243851932572
243896887917
243858690622
243894540034
243850908777
243898040277
243851892317
243895488568
243843523768
243895979146
243840800829
243897345794
243846115985
243899245841
243843320064
243892396002
243856573993
243891979122
243852823238
243896580712
243855860322
243899862845
243856574519
243890490947
243842341491
243895316745
243856576178
243890451406
243847024710
243893667417
243847851587
243892085239
243842048261
243891977965
243844459880
243890080030
243843995639
243894271115
243840459799
243893030654
243853587351
243894370658
243849922144
243890375921
243859973690
243899186491
243857925382
243893088352
243844911178
243892655874
243858676135
243899773543
243841820204
243894035283
243858856040
243895610111
243855859786
243892090418
243844489760
243899043244
243851896908
243897768230
243858533969
243896029099
243855090976
243897637576
243856897872
243897258548
243841959323
243892895273
243841946984
243897760929
243858500261
243895054788
243856143911
243898344925
243847933603
243893122289
243842464625
243890828925
243840224971
243890835056
243840758585
243893724795
243857285656
243895492298
243849927344
243897461511
243854915758
243892344686
243855648575
243893061777
243850147341
243895215936
243853933792
243895985050
243845673518
243899061238
243846341892
243891038115
243854612776
243892945372
243855992034
243897212431
243854221740
243892667357
243846242666
243893987033
243851349262
243896800737
243856339300
243895938857
243857344872
243893864278
243844608532
243893789436
243858914125
243896537882
243853858518
243898265064
243850816190
243895055726
243843204959
243894588936
243851719008
243897065640
243855479403
243892430751
243855070075
243898176819
243848492374
243893916362
243843405102
243891665484
243844618217
243894214845
243859152478
243894382757
243853062092
243899713462
243843366703
243892894009
243853916661
243898310619
243841659871
243897482186
243858994828
243890817370
243855211462
243896754493
243851122910
243890981256
243859968483
243899327072
243856115811
243899792231
243849128564
243899273948
243856163688
243892459192
243848479027
243898866784
243850506444
243894165023
243852941427
243891442564
243847974941
243896470023
243853579730
243894011244
243857385907
243899045808
243842576012
243899055847
243859839588
243895462151
243850003891
243891668497
243847578155
243893713234
243850494169
243891322241
243843195863
243899595997
243847559331
243895703691
243840622134
243893697563
243849351987
243896204647
243851519285
243896630101
243843919276
243893275428
243851982382
243893468623
243856155966
243891927917
243840407749
243899521134
243841236722
243895447876
243846167981
243893962445
243857866832
243892853208
243840889002
243893897162
243853648280
243899909347
243857482329
243897875674
243843411657
243899341940
243846327816
243899065758
243842242888
243897794905
243846640253
243899464806
243846047401
243894384633
243853253922
243892685771
243846479855
243899148212
243841398575
243891911886
243841466482
243890108651
243857506418
243897818260
243858197545
243897621712
243846140937
243891604929
243853239275
243894896557
243842050275
243891997241
243855920727
243898683838
243854312699
243899846778
243844333039
243897557588
243853229804
243894064984
243842817731
243895343180
243844998145
243892264298
243840910664
243898500289
243842643475
243899305165
243846157900
243896294787
243847285022
243898179647
243849250190
243895882380
243858314724
243896100045
243859079257
243898708300
243846848574
243894054537
243847489501
243892765431
243858265335
243896077083
243846920272
243896891222
243858556736
243896088837
243843831463
243894154037
243847917925
243899803808
243840614106
243895669507
243841580843
243890122610
243857625704
243895628057
243844368329
243893439821
243843899166
243896690819
243856740326
243890295120
243842369821
243894056677
243854028679
243895767040
243852944930
243897667136
243848255737
243890317444
243853837058
243896702309
243847440696
243894434112
243855490315
243890686459
243858588123
243894442223
243859764815
243896903816
243848341208
243899526554
243859856234
243896056935
243852147555
243893200874
243845275306
243894431332
243843607394
243895102342
243855568662
243894727869
243856354228
243897039583
243849560592
243897120072
243842076097
243893797217
243856051352
243893807337
243850961325
243898561829
243850011050
243891431866
243843409416
243898919582
243845092027
243890592394
243849443737
243893309211
243850945502
243895874293
243843995853
243892586736
243858414052
243891040962
243841938269
243894293122
243853225210
243893367111
243859456010
243891609800
243856680183
243896580300
243855629689
243891431340
243851403393
243895840865
243848236769
243891581389
243849784079
243897496779
243854184209
243890112793
243858968969
243899315962
243846350251
243898468627
243846878642
243898704711
243851825865
243899561045
243853624410
243890443141
243849110272
243890151407
243854101408
243891840192
243855476404
243895699437
243847725961
243895191657
243851934003
243896284594
243855077369
243892568714
243848867125
243896703917
243850085006
243899625110
243842559409
243896775681
243851245989
243897223415
243856499743
243898445814
243840826935
243898710224
243857116200
243890981291
243859938019
243890010686
243844170382
243891996782
243848325134
243899355446
243856795844
243890311158
243840694400
243894731340
243856894221
243899416484
243848974427
243892181164
243841192597
243896693120
243852823703
243897921833
243849881414
243893086814
243857959717
243898489810
243846286331
243893383377
243847283772
243894555683
243855259455
243898544120
243854637956
243896002713
243843167870
243897951830
243849931880
243898690583
243858094373
243895705159
243859045244
243894869987
243847381182
243899428410
243858628513
243898452713
243850535656
243894642794
243856734431
243893648264
243847555848
243894005086
243856417976
243890570631
243857882563
243899475282
243841685140
243894578731
243852630009
243891841931
243848564322
243894281247
243853719298
243893977844
243848692236
243893180502
243859408722
243897117515
243859600138
243891140541
243844324746
243891058245
243850331489
243897559354
243857145862
243893101808
243848045805
243896984848
243843041327
243895712351
243844831848
243894599824
243846989377
243895108728
243841317929
243890845239
243843586491
243893218527
243859115563
243899868965
243845379012
243893483265
243857869386
243898540884
243848603337
243898483790
243844145962
243898635749
243854547822
243894350508
243859468394
243895731144
243843203496
243894247652
243857162359
243894516001
243859051739
243893736551
243845820093
243890040526
243854568491
243895828208
243851539224
243899140628
243847617153
243897539115
243849125116
243898401509
243848263356
243896438677
243849534642
243898592943
243857503279
243894808812
243842203237
243894907034
243857015974
243896481986
243854653480
243893945891
243849333939
243895211579
243858581815
243898899359
243850422039
243898534625
243854129077
243898927101
243852454125
243892531321
243854508797
243890502232
243845604049
243896776207
243841615002
243894264301
243850091124
243894144323
243845990587
243894658881
243846043967
243895009534
243859475530
243898117986
243849298449
243894554027
243846715779
243897481974
243849879140
243899776066
243843107052
243898453092
243848048932
243891529368
243850054020
243892996950
243858011971
243897660630
243853150330
243891339004
243858682095
243898040079
243843937802
243898994499
243846964097
243892349931
243855465117
243897278037
243844302692
243894459191
243849650477
243894971015
243855242861
243893271791
243858973229
243892607323
243843596651
243890374960
243840464504
243895412615
243858007927
243892298274
243852109785
243890551259
243855882676
243896329818
243853606502
243892082120
243849725726
243892294474
243847989945
243894204225
243853445593
243899821782
243857301487
243891283185
243848542664
243891504441
243848643188
243899089842
243856871570
243897582646
243840097522
243890542493
243847038382
243899262731
243840951098
243895570106
243859177289
243891102432
243840123443
243892784027
243846171285
243896258583
243845254658
243896531544
243855385238
243891879869
243849423760
243891276291
243858283794
243895754325
243850938106
243899262168
243851697171
243894745184
243853364807
243898478434
243855870730
243890468817
243843738504
243897807163
243857850139
243892991154
243843065018
243891931211
243846625510
243892256385
243852816367
243897714801
243844812177
243896253419
243852888159
243891725442
243848178659
243892163187
243847594659
243890200184
243855658541
243893761866
243851534400
243897009652
243848519166
243897006855
243845404815
243894105874
243859209984
243892638630
243857258853
243896209658
243854587684
243899725785
243844908236
243893914836
243850959644
243897119304
243846685529
243898767932
243847977630
243890661159
243859735354
243893744709
243848902985
243895691799
243853638632
243895319777
243858984321
243893690467
243845574926
243895164755
243848991334
243893168869
243857466339
243897876111
243858312176
243896148229
243857782816
243894119552
243855811891
243890005087
243854512402
243894522440
243845394506
243891087167
243858752130
243890795376
243851220907
243893107682
243852471259
243892904911
243840315481
243899440614
243851461589
243893723963
243855258420
243893191204
243851357438
243892931921
243845130071
243892798079
243849581522
243895657398
243852688164
243893233079
243850499762
243899479945
243855641756
243899037361
243850297746
243896318719
243843973877
243890352261
243846949187
243894732436
243851514387
243891035848
243858931586
243892756525
243841656283
243897291107
243853536935
243899867409
243853380715
243894444309
243843167822
243897775865
243846891328
243892773005
243848496831
243897053494
243845786323
243895081844
243844343749
243894428378
243841021191
243892831770
243849333636
243892682568
243845957437
243898966397
243848770353
243895206196
243843426380
243894641609
243842874574
243893015216
243849321518
243898574636
243841557339
243899163536
243857183815
243899993769
243840101750
243895824897
243853839170
243896121886
243851872688
243894524905
243847034652
243896235907
243852071769
243899187044
243843064054
243895011846
243858436504
243894139736
243840094314
243898311028
243843325865
243896201858
243858819912
243892016047
243843835795
243899241475
243849531642
243892494050
243848865915
243897329320
243853767336
243890813739
243845939901
243898566536
243841550698
243894038557
243850438740
243891984856
243855885745
243897846271
243850506632
243891856785
243857712478
243898690598
243855622422
243893606608
243854915989
243892938337
243843718303
243896782602
243850456264
243897454959
243855781772
243893949039
243848644295
243895990559
243855458561
243891858466
243846064887
243895673079
243844924671
243891774021
243855901201
243891349854
243859191611
243890249209
243849095428
243896919775
243858290794
243892165755
243845856165
243895330173
243845055045
243899390995
243857801553
243894294633
243842732655
243895682798
243858696361
243895152232
243845348791
243893471704
243849954557
243898403891
243845546130
243890490410
243856619820
243892327255
243851711784
243896056850
243854003020
243896494888
243850819907
243895723272
243847102272
243892373328
243850978537
243897731862
243846478600
243891847179
243855804709
243896117901
243854157717
243890108369
243848835680
243890224657
243847926021
243895924968
243858770701
243891220773
243841492243
243897606804
243855976046
243893075015
243852360198
243898507804
243855108487
243895108916
243852451521
243892108287
243859206367
243894679563
243849492421
243895335846
243859803993
243898064268
243858655270
243897688896
243849516323
243897482763
243843674570
243897197770
243856498127
243897109721
243846787481
243895877087
243856561819
243896562843
243845696110
243890995591
243852613574
243895838130
243840041172
243890965849
243852512479
243895936797
243852331488
243895466011
243857264278
243893903062
243842885369
243899452139
243840276496
243896805680
243853397698
243897280826
243849600343
243890031718
243840702449
243899469288
243847253835
243893681789
243840197695
243894414795
243840411045
243892569305
243850950313
243893297586
243840617085
243899568226
243843362801
243897977331
243844205241
243891775310
243854631702
243892351367
243843040088
243890947011
243844567789
243894940676
243844982800
243898360813
243843413217
243894423608
243858508242
243893283060
243852239663
243896586471
243853677376
243891280589
243859125479
243893806395
243852902937
243891590974
243856717630
243892626431
243847298740
243891886260
243857240915
243896526818
243842286424
243895160094
243858152282
243892369766
243848544849
243896983584
243848752011
243893992321
243858748285
243895713283
243854868891
243897178312
243847822148
243890637125
243843944905
243891190442
243848451225
243892486319
243858283308
243897604556
243841163248
243898696579
243843888866
243896018858
243859607530
243898644332
243854313584
243897724268
243850505265
243899006408
243844248108
243892363416
243845854441
243897257186
243840262539
243893029626
243857365308
243899133850
243842211780
243899585979
243858084685
243892581799
243840590659
243899259390
243845430327
243896585919
243855027601
243896345064
243848114099
243898752153
243844502859
243892918285
243842240056
243891658472
243845827343
243897739795
243846339401
243895832598
243857594402
243890477602
243858967428
243897864427
243853527478
243897064544
243855240065
243897340136
243855934101
243895185526
243852674852
243891202165
243857694059
243890487091
243857824364
243893922879
243855250533
243896094382
243846129783
243893169561
243841507657
243898768611
243847770475
243891618687
243844475409
243898065603
243850725733
243895704376
243845186230
243896232641
243840487876
243899452232
243854289561
243893746278
243853267987
243895187159
243848913581
243894217446
243840259520
243895643612
243849165791
243890045413
243856686094
243892706457
243853666014
243896608439
243857401573
243897444692
243857751067
243893525322
243844044752
243891776039
243857683495
243893736372
243854022102
243890780394
243840256545
243895885936
243851586287
243899121651
243840763388
243896979974
243842912507
243891867995
243846013362
243898259392
243849229090
243890929523
243843021716
243895066639
243854967411
243892399173
243843965993
243896734411
243845010709
243894799548
243844049860
243893584066
243853659579
243891109105
243857780938
243896005894
243856582329
243893340611
243852217622
243898311986
243850086354
243897765591
243855992477
243893623345
243854361878
243892847968
243840860813
243892695316
243848909458
243894527311
243852860261
243893758707
243840732385
243899957258
243840267156
243899492788
243856801406
243894662974
243850208237
243894114403
243842872422
243898455997
243853587955
243891192516
243855479207
243890422069
243853930541
243892662610
243855550651
243891829192
243841647488
243890553169
243859513632
243895645918
243844732222
243899452093
243846477380
243896940263
243842847486
243895634479
243843836855
243892747421
243856340617
243893200813
243856812467
243894366951
243842358834
243892628071
243843517457
243891650032
243848825094
243897710870
243851994841
243892751689
243851948293
243890945184
243857879703
243890793702
243856000420
243896111249
243845450416
243898859627
243858628030
243892072381
243844764340
243897106501
243851641957
243891197703
243854544447
243893753669
243857854568
243896601857
243846395535
243891106007
243854536882
243893067465
243859317733
243898156657
243845836026
243897366131
243852754124
243896550125
243858197091
243897064393
243842480145
243891257038
243850697825
243894078863
243847218515
243894872327
243852982349
243891915570
243850080769
243899785934
243843024407
243896409088
243843285643
243898570380
243850322375
243899679883
243854800931
243896329326
243848978733
243895656023
243840106030
243894655806
243840773475
243890415408
243854689934
243891517272
243857936541
243890278122
243847418133
243891644881
243859047535
243897505404
243841074185
243890164484
243841870665
243899791705
243854515093
243890348815
243858244410
243894126342
243853862053
243893278868
243841155342
243896600732
243845275240
243890248008
243857784515
243897330728
243845261119
243894264049
243859007137
243895751827
243845105023
243893958127
243844830280
243897515906
243843547372
243899858742
243857531139
243896278391
243847966625
243890324405
243846581057
243893762750
243859242782
243898629990
243852249509
243893226477
243851828999
243892189385
243846307454
243898001852
243857342711
243894256099
243850452697
243899259961
243840174751
243895318275
243852181027
243897523708
243859252335
243892057874
243853278431
243898318191
243854602195
243890975935
243850742089
243891686843
243843599593
243891456431
243846434111
243894509396
243849022587
243896017867
243858597354
243895436195
243845384049
243894636139
243851152051
243899179283
243847139495
243894884909
243858344497
243895133206
243852192765
243894184148
243859213500
243891612229
243840693476
243890334353
243852547350
243899846079
243849510945
243897552484
243847741415
243899711653
243843777275
243890837579
243843904550
243891970846
243854675398
243890926758
243848241359
243894289091
243852377631
243898525421
243846311593
243894299130
243858698471
243898348765
243840071037
243893551582
243851620691
243897294315
243855542308
243894238437
243855983694
243893534790
243853934980
243898977264
243847913426
243895137032
243854060073
243892098650
243857732455
243891431677
243842927744
243890619794
243847590840
243894913572
243853218010
243896697966
243857828303
243895107297
243850988034
243892586968
243840271233
243891314309
243854066116
243891277347
243850338058
243890714668
243849515231
243893849863
243842673506
243894074165
243847665970
243895099310
243849883656
243898100071
243853779462
243892333507
243857815802
243895755361
243849180098
243890706464
243848388562
243899895645
243850908069
243895696233
243858173454
243891326737
243848470769
243893056102
243848526700
243892879991
243853488262
243891468255
243846009409
243890653064
243851427230
243891480718
243848964867
243897993245
243845954717
243890307252
243854378894
243893385016
243841158391
243897193104
243847522114
243898594034
243841403052
243898183091
243847326680
243898479156
243847612781
243899973671
243853953996
243896003899
243850211182
243893073865
243856808780
243892413692
243848613940
243892527700
243845299300
243896060085
243859930641
243894101460
243855801351
243893383512
243842000669
243894041149
243846457393
243892291034
243853306765
243898233493
243846891232
243895006517
243845478874
243894375387
243847146272
243899668466
243847667777
243890950984
243852018008
243899358625
243851891221
243898976698
243855682571
243895551801
243852778932
243895462157
243859619105
243894389695
243850805942
243892593592
243849006620
243892068834
243847121647
243893510120
243843798108
243899653750
243853762959
243898501129
243846711731
243895665500
243853073114
243893502915
243857306057
243892417857
243850469261
243898722795
243857011333
243897020021
243847246815
243896042732
243852932156
243892073760
243840340432
243892101985
243848656250
243890561553
243842770423
243891305080
243853239627
243897624355
243853883263
243898033685
243840775159
243893310628
243856784853
243890813672
243856260173
243894767471
243846722884
243898650828
243856249848
243896897801
243857836722
243890533996
243858278216
243892340764
243859604617
243895078701
243852837195
243897954756
243842871774
243890356137
243856648548
243895172355
243846536965
243894415079
243850301302
243890023647
243840186259
243898872148
243854084314
243890106656
243846297639
243899185711
243851461730
243890761323
243842522033
243890602710
243843807367
243893782920
243855164952
243890944612
243858378103
243899895947
243841508090
243895525707
243848945863
243892084072
243842997325
243893689337
243843411092
243898521480
243848154208
243894974710
243845811181
243890293313
243846093941
243899789191
243858549700
243896538594
243847613249
243891979908
243848693387
243891353522
243843408407
243891968688
243858324805
243891141295
243849462032
243892606044
243848566050
243892937858
243849515324
243899490507
243847846628
243893149656
243850277259
243891098906
243857977265
243896527311
243853052655
243895896607
243856201453
243897244390
243851054130
243893416027
243852085764
243899468118
243851135978
243896073988
243841617321
243892602690
243857332974
243898017179
243857943373
243891619058
243842172689
243891397647
243850128057
243895076848
243853781850
243899927636
243850659097
243895609253
243840777096
243898639692
243858122655
243896397272
243857265335
243892627864
243844173410
243897423441
243845188880
243897721625
243856391834
243890134909
243854793521
243898885438
243844196130
243899527558
243845934496
243893926359
243854794584
243895699380
243843190278
243891982467
243854866934
243897874929
243858761914
243892269653
243856178955
243897933077
243847128839
243893489613
243853289126
243890778971
243848770875
243894389067
243856859842
243892002601
243843363730
243892998474
243852032252
243897890704
243853812785
243895781349
243858912515
243896087943
243850636142
243899839990
243851014691
243892726619
243850910106
243897797108
243856360666
243890347007
243847141680
243899624941
243845158668
243890831127
243850201482
243899999383
243844199545
243898842621
243855089601
243898341283
243849267528
243890522056
243858350976
243895988701
243854227424
243894237119
243855661840
243899343727
243851082516
243893799860
243840068999
243895705374
243855512322
243899633551
243842723177
243895467322
243853568820
243893647457
243852085473
243894978091
243840905178
243896373931
243843927437
243893023290
243841767797
243890526750
243856538689
243892532491
243852941545
243899180504
243858167970
243899761102
243852975674
243895347188
243844248166
243891631423
243850208530
243892279067
243859048378
243896793628
243854298564
243899872516
243858146599
243897444677
243848016480
243892021284
243842084032
243893747016
243842029235
243894779038
243841875290
243897260053
243841472385
243895149226
243845719894
243899603854
243857556175
243895437233
243859520782
243892199660
243844092610
243893153105
243853744743
243897311043
243856926529
243894426640
243851749139
243892347744
243849452524
243896416668
243851946950
243898437184
243858169965
243898381473
243855863918
243893366479
243851582963
243896595479
243851454682
243898892534
243844568396
243895020904
243846075672
243892824630
243855461852
243891509863
243848588373
243891805819
243856775599
243898049662
243856898066
243890761418
243846596461
243891397803
243842268155
243891099259
243858216171
243899568802
243857093116
243891045438
243841182805
243890967778
243850304861
243897379395
243856525635
243899543681
243841325767
243891375904
243852701928
243892681872
243850105853
243896509437
243853976167
243891630936
243840239246
243890541400
243844912930
243894306752
243850736442
243899749206
243854744950
243899473891
243841310223
243899850170
243841204778
243896657166
243847159091
243892657668
243840018313
243899769769
243856249935
243898763374
243857046484
243899107440
243851570433
243891282882
243857610273
243892801124
243843548601
243896526538
243855655161
243892134881
243846900737
243898405157
243842071266
243891066691
243855139761
243894964231
243853527686
243899167487
243843879247
243892694666
243857783788
243898271683
243841823964
243894587357
243852759386
243898503444
243852653950
243890478610
243844998683
243892052950
243859915506
243890111203
243843696664
243898264032
243859270726
243895406115
243852614716
243899679943
243849099443
243891596264
243850378737
243898130718
243853823524
243897900070
243856868761
243898960509
243852875649
243894711914
243856633219
243891648142
243849847647
243890089547
243850569803
243895002158
243852407280
243895158316
243856000781
243898341631
243842847352
243898777975
243854781525
243890927404
243840384299
243895127112
243845745334
243890765335
243855436161
243899457117
243858330823
243896008711
243859737533
243896241556
243846756341
243890849212
243845098608
243898148519
243852514668
243890517514
243849178341
243897791951
243849918319
243892564161
243857890913
243895147414
243859408248
243894065317
243856866641
243891202372
243855823130
243890386834
243850597752
243893353941
243853810917
243897203199
243855416108
243897160578
243846002320
243895247728
243849144122
243892505252
243844310890
243896561695
243850117323
243894165014
243851134075
243890258635
243854747919
243899867246
243840726987
243899680617
243852926996
243890590479
243852695013
243890491516
243847609562
243891844142
243840241526
243895132074
243854643000
243892909405
243846481163
243895701269
243847205338
243892205485
243846476465
243894360969
243841211046
243890474703
243840876290
243896229465
243850829898
243894320237
243844296079
243899538655
243851069363
243898644498
243844151306
243894053762
243841971183
243897488060
243842940402
243892262658
243849387369
243897917093
243848665241
243893279525
243857326665
243896052145
243848099224
243891743398
243842134698
243897857857
243846802483
243894766086
243857713597
243892080140
243852323581
243893381954
243857885314
243893540228
243857137966
243892834813
243843243852
243897909437
243841635020
243897848866
243850016825
243896014018
243852972984
243895964749
243847525601
243899357363
243848279405
243896804867
243840359735
243899377967
243849649789
243899967821
243850459044
243893530648
243843611735
243898466497
243851450330
243899787259
243855268088
243899245172
243840034321
243895266406
243855366108
243899773497
243856067576
243891198264
243850656006
243893928460
243843423936
243898202038
243859690108
243899605234
243858188480
243897981772
243844552289
243893590438
243852462075
243890171549
243855977884
243894015632
243851785590
243898631677
243847392108
243892038193
243845599588
243892854458
243842592752
243899998333
243841384031
243897379823
243858017671
243895919512
243857369260
243892312559
243841985785
243899913854
243843376750
243896934637
243854923358
243898472143
243840334894
243899838173
243845950588
243896250068
243843965263
243897336534
243852544372
243891145287
243840323012
243897650061
243852360531
243897325083
243852477888
243895059503
243849338621
243895880934
243851421257
243899256016
243847335657
243899525555
243843040941
243892437566
243846406973
243896064173
243840505355
243893971153
243845899156
243895866266
243844495025
243898796114
243840069495
243895039977
243851108445
243894185127
243840874094
243892195637
243852878637
243899451114
243843518833
243892225536
243842438843
243892076046
243849421950
243898338268
243852803981
243891048678
243851843739
243899464274
243854693046
243893885916
243852916913
243890736000
243855266530
243892092420
243849469036
243895926431
243849452915
243897147263
243849760233
243893745377
243857712439
243899722217
243845655837
243899067266
243854788626
243892640983
243842311335
243898346910
243849886141
243894582240
243859752305
243890499469
243859989303
243894014732
243859574670
243893478043
243852282796
243895643503
243842958362
243892844539
243845374623
243898435671
243854397093
243894522917
243841334804
243895382566
243851023942
243898561350
243841470032
243895495250
243841675875
243891598273
243843441819
243896029653
243841172940
243898402544
243859123949
243890360868
243842823900
243890429837
243848281849
243892375707
243845289168
243891695577
243844423344
243894050830
243849827322
243894884208
243840611019
243894624326
243849358325
243897048904
243842536306
243893844486
243854165747
243895671300
243845487321
243897801733
243848491684
243891156793
243853058137
243897468096
243840533424
243898618292
243859509021
243897797248
243841824410
243895483020
243850214580
243897756780
243856333928
243895333853
243857445499
243898647851
243847667462
243890653078
243855909460
243893554660
243852202552
243897270580
243845575829
243892198940
243849114086
243898039218
243844454621
243890264093
243841958177
243896284567
243846544970
243895390461
243852784806
243898422338
243852513594
243898708807
243846130199
243898597151
243840762928
243892785961
243855344591
243895694691
243846692656
243892321631
243841523073
243899734371
243842204811
243891541937
243851191350
243895888086
243845732647
243895755420
243849020972
243897312721
243857089726
243895910149
243850448888
243894501151
243849847418
243893116600
243857867598
243894995108
243841887902
243898044480
243848157098
243894137954
243853483964
243892984093
243845979318
243897015190
243844197806
243896733837
243856074186
243893247320
243845139464
243893590188
243847512167
243894861208
243857815322
243892324652
243847391212
243895031440
243851466390
243892773768
243840584303
243898786903
243842791614
243893078430
243847454416
243898306676
243842899221
243891706094
243848785871
243890081025
243854913769
243897394235
243852270762
243897954051
243855832183
243893051881
243855929164
243895800283
243853567630
243897132814
243850353349
243891416904
243855874641
243895425131
243857941467
243899704121
243840878779
243891148919
243859596915
243898660964
243853928337
243891459340
243854764642
243896924499
243840055197
243896485611
243845837281
243895868018
243856011015
243894853517
243853132404
243890871019
243855583588
243899521650
243859013249
243890576842
243852260824
243894608440
243846500950
243895241838
243857559755
243893901463
243858289367
243893222727
243859699526
243890037545
243858065935
243894034125
243858710202
243894262956
243851468856
243895134301
243849119114
243893841316
243855310958
243897408912
243843236334
243899999276
243858427148
243892208797
243853481703
243896128306
243856640086
243898302139
243857471656
243899785540
243850584675
243897668573
243856811403
243890288483
243851977731
243895904991
243842825041
243898228279
243847576506
243893762782
243845167541
243899539446
243841559055
243897180916
243859584389
243893550772
243859616394
243899981581
243842080404
243891899784
243841021584
243891189586
243851315521
243891324340
243853550169
243899019229
243858989149
243896414333
243856943121
243894892851
243848909831
243898043085
243853219949
243897784242
243840077813
243891871249
243857864251
243897237282
243850522693
243891141618
243858836721
243892741881
243850884352
243891420346
243840508084
243896960939
243846152694
243897637562
243851773682
243897227680
243843356700
243899329592
243840563517
243895139825
243858346536
243894516254
243857533598
243893966934
243846772249
243891359289
243853559323
243896624108
243857282363
243898613237
243852315589
243894031728
243847999911
243899006420
243851891367
243898691807
243847793073
243893133569
243844421536
243895007045
243853699730
243899132966
243843494606
243892921349
243853475809
243897136681
243841217253
243895818973
243842927328
243892299287
243854881578
243891155762
243846294784
243897623274
243856011929
243891419924
243841514531
243895299251
243842764218
243894054920
243858203854
243890294100
243853202356
243894544078
243840695161
243891775493
243856804361
243897537160
243846069190
243895974615
243856461658
243898890534
243847042738
243899403843
243852944373
243890665689
243846325767
243895089867
243841991630
243899833594
243840754837
243890600311
243857159542
243898647748
243840696572
243899615286
243855724887
243896575739
243848828104
243898247980
243850171404
243894894222
243844343408
243897112798
243856748406
243891904114
243845618596
243890933470
243852725298
243897961161
243859832401
243894024329
243847751448
243897271396
243858512812
243894643995
243858453562
243897608644
243853431739
243897717985
243842350243
243895658040
243842010722
243899802038
243855829433
243897991519
243849833192
243891482443
243843119719
243897593046
243841885896
243895343658
243854206831
243892368864
243842776851
243896007319
243848022921
243893283850
243843049730
243895853138
243840768499
243895502187
243856408544
243894796094
243857407787
243892187925
243849805052
243898723619
243852446533
243899278930
243857456406
243899041413
243856550340
243899609118
243858256571
243898448859
243856636940
243896841060
243854375997
243896137048
243857368456
243898459941
243845024499
243891611096
243849124220
243895849746
243852326152
243896377399
243855399869
243890638547
243856506355
243895241371
243853391526
243899295128
243846279446
243893094470
243853607606
243893108189
243858086110
243898034458
243852717361
243891359683
243857766348
243892073440
243857125735
243897913725
243851163411
243894749852
243851330931
243899471705
243847003664
243897312416
243846543007
243896177866
243854626778
243892145202
243845233189
243892487474
243843042745
243890243126
243853817343
243894189038
243858870825
243898621752
243854727061
243891883391
243849172077
243893556485
243847733788
243895135109
243859661997
243897367492
243843073216
243894780004
243840235293
243894057438
243845779057
243899473256
243849478254
243896359504
243853283666
243899171287
243858403703
243897725270
243842811531
243894723147
243849350726
243896056000
243845471656
243898207384
243844344701
243899527383
243856887620
243898220229
243856636558
243894724717
243854962660
243890961268
243855167093
243894125131
243857524522
243899111227
243848177871
243898305374
243857984277
243896982241
243849028173
243898742685
243857661207
243893471542
243846838552
243891576625
243854449008
243891170242
243843635630
243895351579
243855658795
243898022803
243845503422
243896049154
243847560477
243890750603
243846944436
243895306593
243840230966
243894637286
243853373940
243894713459
243845160539
243899296695
243848495403
243893751952
243841472956
243899178943
243847133218
243894352649
243848048705
243898066106
243842338006
243899701638
243847573718
243895942180
243858631638
243890249210
243856702856
243892875075
243841411312
243898448265
243854917097
243890954227
243846632626
243895861717
243852880413
243897433816
243842715577
243892447393
243859189053
243890961869
243859485207
243892539330
243842367120
243898971506
243851004717
243899827025
243848000258
243890671895
243854395817
243898685394
243845669055
243895531752
243841296137
243898656701
243844477227
243896323645
243849823500
243890091681
243849567242
243898128023
243859403359
243890035415
243857860091
243897347342
243852570006
243890658547
243852341302
243898191222
243856742906
243896608656
243842831227
243890567636
243842727456
243893267982
243845862763
243895521485
243849098981
243891860980
243845804149
243893580658
243854840987
243895151988
243844630145
243894020278
243851359431
243897189795
243853189205
243898383782
243852044074
243892767392
243840795626
243895737017
243858102668
243897521885
243842406193
243895379376
243849852240
243892670446
243858724376
243891044907
243840470104
243890961465
243849173553
243893476353
243857671061
243890644840
243858695662
243899535286
243846448222
243896941077
243851151948
243895619985
243840323529
243891200833
243844953661
243895934455
243847628153
243894401775
243848328311
243894537568
243840803307
243891743757
243856317436
243897913494
243845116148
243890142745
243858138609
243892655501
243844630235
243891653838
243856822573
243891404853
243856669041
243890566715
243846087204
243893939611
243849798967
243896482146
243848704110
243897194569
243850782615
243893224140
243849889523
243892287607
243856725700
243895705724
243854686884
243890900431
243858851885
243896860331
243854761772
243892282899
243855170565
243896555280
243854764385
243899191079
243845106864
243894405062
243849170215
243892500558
243840110493
243898247496
243855596026
243896243763
243842824643
243898515101
243853132529
243890525090
243855416454
243890736133
243856481641
243899293932
243841908374
243897145181
243843860663
243897842136
243859181641
243890526737
243844506939
243895728017
243843143704
243891698684
243849497348
243895471803
243853629140
243890139929
243842658585
243891142792
243851381461
243892895006
243844724859
243890238962
243855246878
243899291039
243858574766
243898838822
243858737773
243893049758
243852091459
243892234713
243852111514
243893400076
243853777454
243893416092
243845181784
243893780452
243851292403
243895055731
243841201472
243899688291
243858571804
243892472627
243848817072
243892661078
243840021419
243890194527
243853073591
243895100072
243852508098
243897309708
243856562848
243897345221
243846174664
243899167014
243857222176
243894908659
243840391223
243892095328
243859642657
243893882804
243859202443
243899911071
243847231235
243893136458
243859654953
243892661983
243846695694
243892439416
243844269313
243896408570
243842530235
243897843861
243846910472
243898271644
243840809524
243896046942
243845378362
243891284270
243847758886
243897422304
243854502910
243891559153
243848551357
243899620485
243842879295
243890760693
243855848348
243893515166
243856817107
243896136839
243852355884
243895926940
243857739680
243892795602
243855930379
243891828946
243855592465
243894897747
243858590611
243899809759
243840380639
243896474020
243854396550
243894488069
243858612605
243899551090
243857397365
243899404535
243847074046
243898389548
243846252590
243890355442
243851833481
243896950946
243859924842
243891519461
243843576097
243891915448
243855451176
243895351062
243858585050
243894024884
243858666767
243895228776
243846106898
243890831530
243840126352
243899538759
243851232087
243890353838
243850578531
243890189158
243842911254
243893315997
243849146020
243893150356
243850345775
243898739807
243848964417
243895716664
243848928667
243892990187
243849091910
243899624866
243851863471
243897337633
243848575785
243890684318
243843833566
243895115522
243852069969
243898297066
243852964203
243899973478
243849006824
243891205822
243845069364
243896797445
243841882950
243891727446
243850066330
243892744077
243857863462
243897219898
243850270236
243890295486
243852062419
243893040820
243854167515
243894842149
243856818597
243894768293
243848336453
243895826950
243851071890
243898731634
243855938882
243899672288
243848353602
243895778985
243858674090
243899764877
243852232925
243898863740
243850667834
243891701714
243850888885
243896492036
243847219579
243896893006
243841253713
243895460188
243854026370
243896312147
243856284208
243895298672
243843969682
243897685798
243852274562
243899333595
243844574972
243899947458
243849644137
243898327609
243849678846
243898377591
243857800978
243898700743
243855269865
243898601062
243859342143
243891534375
243843884439
243897682024
243854028616
243891083349
243845162581
243895039601
243859614260
243899422977
243847915966
243890229001
243846234888
243898006820
243844845009
243899836385
243854010777
243890433961
243846419177
243890001716
243856710299
243895043195
243850088802
243899191454
243847100391
243895631007
243844474828
243893489544
243841103308
243893676230
243853918923
243894136659
243846512749
243891864122
243848172560
243893601413
243843593140
243898594772
243843897673
243895057195
243846926077
243894503229
243844800095
243890881290
243848129323
243890903426
243840255399
243891849800
243859686577
243899554060
243840912821
243890294119
243858521051
243898651592
243844259615
243892065704
243854353214
243893497823
243845429504
243891603856
243843230529
243896691950
243855001761
243897221380
243859790562
243895279170
243855010865
243897788499
243850450386
243899164246
243859023762
243895669243
243846428224
243897652534
243859883861
243899891478
243850992316
243897750199
243843928801
243891904439
243845982541
243897537282
243847328904
243899496832
243851681936
243895187521
243857337433
243891429353
243854469776
243898626656
243843305276
243890112954
243853458049
243892760790
243850161676
243899495722
243842858632
243893419593
243847624406
243899719766
243842603582
243891391626
243855943052
243897526275
243853266652
243892588865
243856464956
243893884459
243858719580
243898975047
243848750193
243891868794
243847226856
243892313703
243844420023
243897764739
243841226200
243894484669
243851584196
243897788538
243858626593
243892243766
243840394801
243895919145
243845899296
243897537314
243852713866
243899930489
243850956576
243897018745
243849786625
243893957314
243841025993
243894087830
243840608329
243893060096
243853393283
243898098913
243847911187
243896378021
243840448017
243890952671
243847982291
243898510678
243853781033
243899450220
243841400273
243899749674
243858497676
243896894508
243855507480
243891643068
243856246156
243891306428
243842229863
243894847477
243857960738
243890815053
243854556603
243890237341
243858979246
243899689175
243840922319
243898907759
243848710575
243898481156
243846959700
243890825056
243846342545
243897654371
243848570751
243890597158
243841970346
243899687448
243849226289
243892537311
243848134510
243899956890
243855367895
243890758467
243858573633
243890139717
243844570273
243891726490
243853554261
243898159373
243852348164
243897253467
243845740695
243890300471
243840671850
243893235827
243854511934
243891277713
243844789589
243890137664
243852824653
243898767515
243854431128
243891809799
243846243434
243894104123
243851498261
243891727881
243849442832
243891288403
243847139297
243893386213
243852719063
243894184256
243847475648
243899187647
243847280351
243898595196
243844065877
243891298075
243845699528
243899820452
243840192792
243898621836
243848828715
243896612303
243847626412
243896673626
243845922384
243896647514
243843869006
243891917986
243848456311
243890439356
243853921981
243895819133
243841173305
243899458854
243845408023
243899190896
243842777712
243891041083
243848165356
243898147203
243851102377
243894030191
243852864487
243898733840
243848716073
243898720804
243844029117
243894577694
243858269911
243898433929
243844094714
243891028508
243844249162
243890575471
243842047068
243896008888
243857006767
243899760793
243850346372
243892828020
243845668942
243895496911
243855236696
243895011218
243850958857
243893119101
243853982982
243899710294
243841641945
243897259233
243858388611
243893089894
243849596859
243894471142
243858828166
243894751748
243855747509
243896191674
243847349270
243896701344
243858406902
243896610041
243848946941
243893810955
243843649823
243892340454
243847153037
243894446921
243842663803
243894794927
243855437451
243897236937
243849262623
243899799389
243844292061
243898473250
243856581604
243891088664
243849127439
243893774282
243844929955
243895897210
243853410210
243894220295
243847460878
243891356385
243857895889
243890809608
243844912779
243899547933
243842623217
243895056345
243840829982
243895351154
243840635110
243895170338
243846630210
243899006488
243855061289
243890145535
243847822699
243890404146
243858851747
243890177247
243849295371
243895923315
243843035080
243896810968
243853221417
243891057330
243856486755
243890185432
243844983841
243897555785
243852384202
243896661143
243840538508
243895800028
243858923055
243894316313
243859678715
243895140865
243850913416
243893562147
243858405709
243897401856
243854866352
243890042288
243849203624
243899771660
243843227758
243893900802
243854305870
243897101595
243842331147
243891277288
243849379919
243898355993
243858451148
243898396980
243857552425
243892554821
243842142972
243895524296
243847916016
243899062873
243852552456
243894051143
243852088835
243891787332
243854372938
243894679681
243858178628
243893223586
243846193547
243890235663
243859015045
243893473237
243856688742
243893252609
243848236376
243896688201
243856337518
243894694251
243851728308
243897312539
243846639399
243898852041
243846903343
243890532476
243852842362
243893407934
243859722754
243890493346
243843786431
243899357898
243859836762
243895598141
243857429691
243894743812
243854744012
243892460986
243848693843
243890665876
243850801268
243892935544
243841823188
243890877039
243842580847
243895924952
243844592524
243895951299
243850791136
243899436307
243851362691
243893410279
243844450282
243896029859
243850007158
243895774784
243852485822
243895585146
243844917886
243890982583
243856428302
243890468048
243842603889
243897916039
243844761603
243894198019
243845832407
243897739498
243850376519
243896185137
243840049608
243893464609
243847600176
243893908850
243849542384
243896315471
243850070424
243892335355
243847068971
243896011994
243842496896
243897797973
243859834282
243890082689
243855538061
243892507451
243844614831
243893299306
243854339961
243890819574
243851461364
243895732585
243841315385
243891074373
243843079179
243899323145
243843246407
243898860358
243850190635
243898990001
243856244073
243890982747
243855579504
243890088118
243848745435
243890060891
243858048944
243892141342
243857184329
243899686118
243856231064
243893143198
243853469695
243899124183
243857508690
243895886096
243852674812
243895611468
243855620911
243895533797
243845570168
243893028554
243842998867
243891058330
243840188619
243895987237
243851123359
243895682100
243844808607
243892170485
243853844991
243892220781
243849469279
243896322747
243841518028
243898438041
243856410551
243897373800
243843712081
243890355483
243857048026
243895496271
243845052860
243894047152
243852724045
243892064260
243849121091
243894289931
243852628852
243893307649
243842039964
243891776876
243847506380
243899267748
243859670736
243899517853
243850511647
243895260819
243852674506
243892419321
243854371580
243895204293
243851455688
243891629454
243853671942
243897498815
243851319135
243897709421
243857077338
243890372607
243845600883
243896702321
243842475930
243897987451
243845592805
243891764345
243851193406
243893648916
243854620207
243890502444
243851791148
243891459502
243842527798
243892730850
243843319152
243899699617
243855905001
243898878109
243843031476
243893367924
243840165221
243899279819
243840187739
243899646979
243845907191
243892782516
243844658895
243896513229
243847546063
243897517476
243843700976
243891826502
243848128408
243890609179
243847003221
243894437233
243841817931
243893911533
243848603038
243893406992
243846463954
243897091467
243853142199
243897590919
243845430629
243895720600
243855319852
243899607309
243850720473
243894617707
243855153717
243898422871
243851947252
243897621531
243843640866
243898006794
243854636115
243894820233
243845237075
243892394675
243855533848
243890761382
243855676550
243892923793
243845653723
243898579681
243851309491
243897386312
243858070198
243894631448
243853147130
243891804751
243846081757
243894957086
243857323506
243891908270
243840842394
243890008187
243843789661
243893445644
243849133401
243894678497
243856518237
243899420433
243851993715
243892256151
243845215656
243899774517
243842861923
243892806237
243843109818
243890380099
243859270964
243893117595
243842660479
243891332540
243851038273
243899443250
243841734681
243899061965
243845318391
243890692460
243848163936
243893572391
243842443511
243896700656
243859815505
243898998391
243857128604
243896865205
243847010041
243898707894
243840351645
243895552253
243855723292
243891777515
243841016974
243895320422
243842013410
243892255826
243846120995
243894683522
243854635269
243898499248
243855518364
243893390536
243851649642
243891161790
243853082053
243897930273
243856571080
243897825316
243840338309
243895563594
243843553682
243892247066
243858487234
243891761736
243851025153
243895460594
243848657468
243895085858
243842848150
243896289167
243847194695
243891470578
243850249611
243896597675
243849969943
243894946602
243851417532
243891214847
243854245788
243891696725
243853098460
243895539342
243859361897
243891699978
243845788162
243891705010
243851189872
243898106033
243856090584
243894913643
243845271977
243899361740
243842480120
243894492040
243853873048
243894362537
243844572594
243895963156
243848395949
243890175016
243856938849
243897064021
243852329363
243892404820
243842562365
243895991811
243851059239
243894111782
243849678507
243897207221
243858819417
243893424891
243848246245
243895453626
243854206821
243894995830
243847302638
243898534345
243852731315
243893432687
243849521775
243892428551
243854628526
243894200390
243857831519
243894983777
243855040123
243892240472
243842383638
243895447448
243857312496
243899172944
243849355338
243896422053
243850183528
243897330991
243859050226
243896362170
243858585058
243895948535
243853240305
243899581300
243857009643
243897057099
243844320533
243891250031
243852202071
243896011865
243850285780
243891988714
243841643533
243894948251
243845066032
243899794147
243849162447
243898209406
243852538834
243899997179
243840142784
243899270152
243849585587
243894854033
243846963272
243894161244
243847235811
243890249993
243851866604
243890474820
243854808762
243898763372
243844864336
243899383718
243842830493
243892596230
243845518985
243897730457
243845900167
243892473061
243856152744
243897866084
243841917700
243895079357
243840608652
243890542937
243847541175
243897146582
243854325732
243894993762
243850590328
243892213854
243852074530
243899686758
243848427099
243898032982
243859325360
243897723361
243846868500
243895169274
243845011574
243899914945
243843033112
243895262513
243858257640
243899055038
243850989186
243893144625
243859790899
243893274108
243845018226
243891323313
243852179546
243898592254
243841441522
243891387519
243850709387
243895366680
243844274580
243895743234
243843835833
243893566349
243851796641
243890607340
243856403211
243891779118
243851421783
243892179394
243859570032
243899039701
243842458374
243899366870
243850475583
243898880389
243845255415
243894614120
243856729345
243898749884
243847879021
243894349150
243845419061
243891448485
243856106176
243892651286
243853507380
243899458494
243847891395
243896048054
243858115545
243898008957
243842777043
243890540544
243847413844
243899070099
243847351667
243893919844
243859661737
243893795821
243853505127
243895709910
243841203537
243895315013
243856889663
243894959184
243851247988
243891685371
243840728208
243896817334
243856798995
243891652393
243856507772
243892159156
243854387519
243896998014
243857699816
243894148251
243849733988
243894713581
243851079360
243896866541
243843789613
243898334966
243843736531
243891938521
243855228218
243893783825
243844515759
243891310235
243854453854
243891076960
243859170353
243899360390
243844954567
243899946653
243844654695
243892937321
243853721239
243897485041
243848305137
243892004708
243847382344
243898848103
243858365587
243890494483
243852624867
243891181746
243846330291
243890242144
243849519515
243896951183
243856794104
243890847313
243845459630
243899346542
243843393657
243891941019
243856718651
243895740784
243845997371
243890144072
243842801528
243894581907
243851350177
243891470141
243857371459
243896154792
243857119029
243894943248
243855744332
243894048212
243849243613
243892667309
243858564349
243897408972
243859999204
243893893207
243848529980
243898777229
243852797685
243898208339
243854841234
243896482226
243840679046
243890918418
243850893477
243894031912
243859658663
243890222792
243847527775
243890248024
243858174961
243894837695
243845034914
243893104119
243857865511
243899145109
243848747009
243896406355
243858281036
243892136445
243848541155
243890945794
243844983720
243890971427
243852294635
243899454927
243852213955
243894977860
243845027077
243895420272
243840218870
243891331842
243846054937
243891274659
243858242422
243899903184
243856536574
243898829036
243844148415
243894059839
243853503435
243890342446
243857098623
243891022325
243853135791
243898297498
243846030518
243898644342
243856934365
243890132138
243855312354
243898829436
243842273863
243897279018
243850695432
243899606556
243847049279
243895520903
243853930084
243897624388
243846230751
243896749172
243855425859
243894548574
243859894635
243891435997
243844740034
243891414834
243859336631
243890099850
243844925493
243898124245
243849817969
243891153311
243844327669
243898537940
243842695248
243896026169
243844078171
243892198612
243841380953
243892417875
243843501830
243895007916
243858796113
243897071599
243858069138
243896346568
243853394060
243890516834
243859807227
243896004744
243850893946
243898118292
243858603134
243896238429
243846684179
243896994427
243844060878
243897034357
243847594234
243893184148
243851218881
243890034606
243841588912
243894675939
243844673690
243891069486
243855165295
243899707315
243842140937
243895399624
243850224676
243898030077
243850473213
243895972220
243858865883
243897265895
243855624128
243894007989
243844622358
243895564169
243850860573
243895831804
243852650918
243891003897
243849262233
243897318156
243856216881
243895402651
243840565355
243891321816
243846288609
243898665859
243853038612
243890763276
243849922826
243895538385
243856331863
243893411919
243847921374
243892041361
243842358675
243895278239
243849746481
243897392016
243842006491
243897487719
243857223649
243899291185
243845293539
243891509494
243849877794
243892695210
243846550452
243890563086
243842182665
243893838478
243844223821
243895980406
243846194792
243890024902
243856782441
243892463972
243850406593
243899756221
243852730419
243894699820
243853230165
243891016000
243847619414
243892572513
243849955397
243899720411
243848711103
243895454665
243846575559
243891776456
243855521945
243897783221
243854683363
243897460531
243859814518
243896441718
243849800703
243895377639
243855327219
243892500448
243859552818
243897932936
243858386300
243896853847
243843984450
243890329254
243858618304
243893788770
243857757937
243895024963
243849828988
243896620951
243842316894
243896219282
243856863065
243893459795
243842907871
243898647494
243855346785
243897299952
243854706640
243893271762
243846967143
243895178688
243858235078
243899823292
243845171334
243890635409
243859822371
243894843247
243843268686
243897388272
243842064173
243899378538
243859320597
243898037225
243847969490
243894551701
243854870492
243892216862
243859217107
243899766840
243847802700
243891316667
243851376308
243894702357
243852337452
243896123593
243846043997
243892932207
243853685872
243898967601
243856682835
243899007744
243844184802
243899710227
243840511981
243895842320
243842667063
243895397747
243843975640
243890629147
243858001275
243893856480
243848404007
243891898816
243841571016
243894210503
243855834985
243896465154
243859385886
243890114014
243846087988
243898789702
243855889086
243895144158
243846246254
243890729576
243854406078
243899285136
243855789311
243896331685
243852586285
243892500067
243841536986
243891595907
243850685827
243890545184
243855660220
243893738245
243852154016
243898761372
243856946712
243899541068
243844561727
243899155318
243849908281
243891739943
243840747495
243896871242
243841093824
243892996919
243848132151
243898474676
243840585117
243893822380
243843086900
243895638426
243846792986
243899712100
243857818308
243890714032
243841476725
243896386714
243857561913
243895173281
243857953336
243898229525
243845289306
243897679560
243849391085
243890075350
243843789692
243893074940
243846350299
243890172771
243859658899
243893481453
243845887427
243898276212
243858026354
243894716414
243845853184
243893444571
243854505743
243895453162
243850945819
243894003152
243844993104
243895438560
243841720394
243897608465
243850020992
243890935998
243857829442
243899104972
243848156690
243899067499
243847538950
243893879753
243859015081
243898844249
243857543498
243894335302
243846897130
243894952162
243842837275
243898013698
243848648656
243897439209
243849758903
243899116098
243849475667
243895977604
243845281556
243894604628
243843195621
243896841325
243850638147
243893879324
243856522160
243893774715
243846655801
243890176394
243850672130
243890969708
243853361128
243890911247
243841482722
243896966736
243855968418
243896523587
243859078283
243891083208
243846822874
243890658287
243843071980
243895517116
243859280671
243890982441
243845883604
243892569799
243842989998
243891371976
243849139529
243895736680
243855363105
243895938502
243851988655
243895706182
243840003871
243899249614
243852143964
243898628308
243858081566
243891489504
243848986697
243892813344
243854125408
243897559565
243856991179
243894974490
243845938413
243898440013
243842908011
243890107533
243847557390
243890975628
243846320279
243894005918
243842220630
243891440301
243846117734
243891280509
243845251359
243893851989
243856008947
243898533329
243854292886
243890140460
243841236227
243891835830
243845236566
243893060269
243856404188
243892337140
243853520460
243898881070
243845453376
243891562335
243841130513
243896136862
243856858578
243895402759
243841380783
243890984028
243852197735
243890352241
243852497386
243893863591
243853348258
243890526181
243840996809
243893984756
243848465994
243898639352
243851084801
243899752271
243845326789
243895572478
243855028114
243896312726
243855361686
243894060889
243857645556
243894664143
243848570312
243891777590
243845846279
243896404435
243851725468
243898627087
243842219288
243890023828
243843010361
243892732688
243846172809
243895140702
243849071715
243896799609
243840730540
243890403537
243848995845
243890948052
243841681151
243890834221
243845747430
243899186352
243858638837
243891004283
243853137504
243899819699
243853529556
243891445710
243854341939
243895609413
243858235820
243894512887
243851563794
243897266074
243851516621
243896518587
243840074896
243898963671
243846280728
243890875213
243849761231
243899868589
243859841324
243899160701
243855276428
243893410467
243841739874
243893092848
243854578846
243894559107
243852645615
243894578590
243858031219
243894779735
243846339428
243892521088
243853801376
243890115177
243857306546
243890799419
243855504686
243894875927
243841662533
243894890085
243857784656
243898704889
243853126367
243893249921
243859337740
243897275962
243843067060
243896107567
243859047798
243894374013
243858835496
243895676181
243857735118
243890818249
243856069496
243899514181
243849444765
243896721240
243853421484
243893852785
243857559069
243894258769
243856580292
243895509948
243851355671
243898818118
243851996432
243894150950
243851154119
243895653264
243843826584
243893592885
243858074859
243891778402
243856356564
243899607423
243843649850
243890236596
243846077202
243897728813
243858204163
243896834101
243852434425
243892250204
243852333414
243898437793
243855182280
243895961485
243849667635
243894813857
243849303094
243891151317
243856133392
243890938440
243853414951
243891112867
243854585475
243894953663
243856948912
243893321546
243851172447
243895150551
243840007120
243896576386
243856388637
243890226686
243855359835
243894399123
243856053100
243896164629
243840634039
243895743405
243842110962
243894394772
243843518798
243898790904
243859947332
243892943406
243842135502
243891417168
243841371712
243898936620
243847238895
243890258145
243846279477
243890885896
243849199330
243893380801
243858247431
243895709593
243843326673
243893852198
243841063351
243890075226
243841057593
243894064079
243852400844
243890644626
243844340669
243890710230
243856116810
243897094932
243858770473
243892206790
243849642319
243895196728
243841600805
243897936880
243844056154
243891483216
243856327579
243893464471
243859210837
243896698839
243842710039
243891490909
243855299879
243896188012
243841187226
243891658801
243843424826
243895960300
243844627196
243890461872
243842415263
243890853933
243855212252
243896106900
243853743684
243899867750
243840141486
243899388915
243844723244
243892744308
243843941446
243894799779
243856345468
243892412913
243841334023
243896111979
243856640925
243894913824
243859218391
243897323585
243841252150
243898808682
243854729387
243897324246
243842484350
243898878116
243842972655
243892764311
243851257330
243891669267
243849999620
243890680233
243848705100
243899259091
243856656616
243893462625
243850516491
243899918853
243842761948
243894562482
243853809210
243890802432
243855820429
243898456845
243851004693
243891012038
243848326730
243898193262
243856497938
243896779748
243844464184
243899700960
243850512023
243894410359
243848552196
243893886653
243843348808
243897842010
243848707602
243899482904
243841311453
243896515785
243844427893
243893627177
243852670771
243892275828
243847712179
243893258264
243848235967
243897918072
243846306679
243894558067
243855102397
243891519953
243843846133
243898802656
243852447700
243897132012
243841970455
243896030584
243842438022
243898395671
243848133461
243892282437
243857939887
243898935703
243855684305
243899600261
243856046367
243896258142
243852087318
243891680360
243843479447
243891156123
243855438458
243896172677
243844112824
243899703467
243853717366
243892119077
243840883856
243893471986
243854934981
243891289212
243854104797
243893758765
243859482376
243895241278
243859341869
243892195168
243859744835
243898702360
243857265294
243896328341
243856392902
243892298905
243854708170
243893447732
243859526463
243892778230
243846149320
243894573610
243851893063
243894601743
243853359977
243894032104
243844707392
243898601259
243852770335
243894729058
243843085602
243891445985
243853236155
243890915029
243855559700
243897026915
243847919497
243892485718
243843688175
243890485011
243845640348
243896107378
243854860130
243896453537
243840572209
243899750780
243843695369
243899626562
243844857211
243894291275
243846446372
243897871260
243841848554
243894821921
243851666828
243893055764
243854369071
243890897897
243850263253
243898634410
243844144638
243890289463
243858710906
243899491940
243845769894
243890486471
243846082874
243895201530
243857097000
243890957815
243848303857
243898531908
243843022148
243895352444
243853821526
243891479227
243851283737
243897320121
243848490557
243899504984
243855461730
243892962713
243846265174
243892026466
243853678768
243893883858
243841984925
243898878804
243854405701
243894502199
243858675772
243891491868
243848679659
243891033504
243843011833
243893579877
243844146024
243897117703
243856833834
243897716325
243853871544
243896752469
243851346848
243890921534
243840611029
243898024021
243859462975
243898272055
243851980192
243899393240
243846071372
243896265646
243853865106
243896883065
243856364943
243895182130
243846445433
243892559181
243859287208
243890037942
243851358430
243891761623
243853929697
243895234386
243850198599
243899690131
243850603561
243892049821
243844789738
243899224631
243859337408
243899415733
243847624868
243890023686
243844268051
243894871754
243850296998
243897352293
243857215621
243897701485
243853867407
243890097418
243844417271
243898408892
243859324111
243890850977
243845846857
243898029164
243840527112
243895391569
243849113688
243890665430
243844513612
243892030401
243843077582
243896608376
243843568802
243898573432
243855753330
243890355554
243852029600
243892810304
243846066056
243894583445
243858023067
243896991379
243846780052
243891749728
243859859016
243893020843
243847294821
243895228170
243849065817
243898928304
243858597480
243898611563
243840103917
243893111362
243848526124
243896135638
243843006878
243893809903
243852866993
243892156483
243859047360
243896577626
243843968326
243898065803
243846239142
243897275564
243856835953
243892679439
243859260604
243891202914
243840962532
243897252158
243854251627
243890516625
243850773502
243894770985
243850123069
243894876830
243843211901
243896605157
243849278357
243899344612
243855104809
243893194572
243856824117
243893218977
243845199771
243899757495
243854098450
243899699848
243848919736
243892461219
243851182185
243890603219
243856972263
243894808324
243843344903
243894433412
243848508898
243896326883
243856580545
243896242243
243857915663
243890577769
243849252636
243897664894
243859211615
243892133088
243840766957
243899310025
243851454113
243892345968
243859862680
243898145623
243840499044
243891782483
243841252705
243897551825
243859398216
243894212609
243850791380
243899600425
243854289691
243897300110
243859540099
243893816166
243840710434
243891546418
243852504712
243895000430
243849683519
243899943296
243840120861
243893632682
243858364695
243892469365
243853553218
243892228494
243840215841
243891600265
243859462586
243898750140
243849934682
243890474269
243857904892
243896653219
243841181716
243892552349
243843002188
243891194391
243851617400
243892149912
243845619657
243895248388
243856272295
243898275240
243842226872
243898788563
243849890508
243891502043
243854641311
243892482257
243843743241
243893185982
243852689492
243892778586
243857180509
243898591880
243842364500
243898889350
243850756207
243891258665
243844760050
243891846449
243858719026
243892882291
243851127298
243894749672
243854918109
243893987258
243849734464
243896391314
243857367305
243890857196
243851596657
243898674798
243846490991
243895936489
243847340583
243898299832
243840254616
243899644639
243841366888
243898114115
243857329551
243898894755
243841519602
243893519788
243841574205
243891394413
243858857821
243890173771
243842120573
243894074103
243846572618
243897225806
243843150472
243897679093
243840942802
243896168526
243846847753
243895818731
243845704700
243893085804
243846570715
243893056308
243856106307
243895919844
243856894957
243893805096
243852382043
243898345985
243847351137
243898267082
243850240871
243891628288
243842319404
243890484621
243852057656
243898217210
243858191258
243894976263
243840658138
243892737544
243845091506
243897871231
243854909508
243897296280
243840142938
243893675229
243852533228
243890816022
243852302145
243899123463
243843301982
243891061225
243849076773
243893664215
243855305548
243897507862
243844794880
243899822107
243854733472
243899913065
243858881604
243892162434
243859294034
243898472154
243854492304
243894983726
243841527770
243891495790
243844560548
243898633053
243841283998
243898431476
243844524302
243897919227
243854501586
243893787304
243840398464
243899513927
243846995010
243890476324
243853404805
243892360810
243847064937
243893393008
243845726527
243894478599
243859213992
243891042259
243859121474
243896058333
243857379967
243899880542
243845166945
243894927361
243851903763
243890716577
243846676027
243899792893
243851884065
243896631822
243854963354
243899287720
243846125365
243894258660
243849519876
243898450116
243859007626
243895161770
243858464554
243893393341
243858038077
243897419471
243857293694
243893146609
243858867789
243895382055
243846498720
243895600015
243847210126
243897275884
243856942031
243896286364
243842069280
243896304979
243844748040
243891328642
243841672817
243898868383
243851504322
243898400269
243840621624
243892663164
243843728517
243896528592
243840072780
243898978541
243853117184
243898182739
243858091611
243893069879
243847274932
243899314453
243859322622
243891830915
243843791553
243894947088
243846071657
243893153928
243857839541
243899925675
243847197278
243891364968
243859158929
243891707890
243854901652
243890627095
243852751853
243894742674
243858966174
243898957047
243855635853
243892667490
243852144252
243899973389
243855759227
243890889932
243859581099
243893599482
243847878478
243896731160
243844975462
243893942123
243856062124
243898730559
243843408906
243890344560
243849825523
243894282773
243849231975
243890671005
243842333180
243896632298
243849115344
243891207675
243847391937
243895008835
243848834823
243899518624
243847845514
243894393114
243840706857
243891987283
243848116611
243897462821
243854346325
243898746322
243848917752
243893464998
243845316611
243896893203
243841662033
243890180237
243855135283
243896584916
243858035604
243896979055
243851667653
243894155139
243849347207
243896064726
243855450823
243893379444
243853249907
243890717294
243852676933
243894860327
243853309789
243891994020
243855851400
243892671416
243843910028
243895657755
243840732525
243890005780
243856193283
243899619815
243853597287
243894132704
243844232851
243898028419
243858853716
243897099160
243848850249
243898341071
243859313825
243893696511
243847106292
243898066447
243847870034
243896240817
243849564993
243890250715
243858771547
243896710634
243856638098
243895453037
243842575646
243891737247
243855619505
243896344643
243843701306
243896609908
243853723524
243897049549
243856159160
243895297625
243849834772
243894843164
243849917656
243894433535
243859624045
243895456785
243840830032
243893496397
243851346286
243899510091
243848946135
243891886027
243841866683
243898348268
243857488921
243899884551
243852812299
243893508752
243854047182
243890095413
243847421395
243890817006
243846460392
243894768850
243857082996
243897654039
243840725373
243894573201
243858561266
243899140596
243850028011
243898779366
243840647296
243897274915
243850623740
243894550814
243850961514
243894855166
243844875528
243897765515
243848575095
243896957250
243859350447
243895249247
243851093405
243896836188
243844202377
243896898619
243852854435
243892903379
243851134603
243898467357
243847380890
243897619135
243858100010
243890383957
243859580555
243896410768
243854260923
243894483868
243848259689
243892161553
243847734060
243897061205
243854990218
243896641177
243842720009
243896517485
243857771792
243891088615
243849090634
243892910957
243850021631
243894715894
243842422249
243891774956
243849414858
243891551099
243854325611
243899688826
243845153956
243897903536
243842884794
243894819856
243843176961
243896647031
243846849885
243896164938
243843935829
243896956917
243842732255
243894054451
243852448722
243892488976
243858477476
243891393961
243846373022
243891421006
243846501968
243896823934
243850003747
243894114152
243857814392
243893528850
243859870259
243892960380
243853277337
243899471100
243852296664
243891315497
243851904001
243893102937
243842780003
243895309871
243855455963
243898515475
243853939880
243898219274
243840593731
243891438315
243857509989
243891102376
243851309207
243891068681
243851482296
243898892367
243846348693
243890561110
243859306430
243891266558
243856114812
243896779326
243842368844
243890837062
243840965603
243896081986
243847685848
243890158405
243842616830
243899518283
243842411589
243895616276
243846290374
243891256906
243848100740
243896783398
243846358785
243896315881
243859075526
243898811554
243851081469
243894145407
243852328700
243894422409
243855813405
243898539198
243842578592
243899922966
243851641983
243890977574
243855519570
243895621147
243847243671
243894501169
243845765810
243892591122
243841809005
243891025283
243855198817
243891065939
243848540267
243893922595
243854456372
243890800938
243854552008
243897332849
243855815823
243898859836
243845937724
243896377116
243847677088
243893083679
243855475447
243898026009
243842069836
243893004250
243848110828
243897437368
243854682321
243896737754
243847415399
243891333751
243844511674
243895223749
243846032570
243892438817
243846646785
243896236832
243843936173
243891073051
243850557313
243896592500
243844938970
243899130628
243840445810
243898178140
243855086383
243892078644
243840508063
243896170908
243847544828
243896344521
243840523494
243893053312
243850494767
243898445053
243859388866
243898424330
243842071751
243897209929
243852550404
243895997139
243852620704
243896771724
243844332775
243890240221
243841078454
243896033790
243856021322
243894144916
243859858970
243893738569
243849231156
243892447498
243852738764
243891379541
243858807851
243899423648
243852178379
243891142508
243842916755
243892186809
243854055424
243894248799
243853811952
243896129654
243856446345
243899034492
243847559354
243899889398
243846696727
243892293899
243850853065
243890650361
243844457884
243891681375
243843627885
243896683744
243846723798
243899179055
243854489550
243891985089
243851035910
243890364620
243853895388
243890271112
243849342882
243898695123
243853419931
243895621337
243851861314
243895208449
243848012475
243895764817
243855942567
243895196230
243845593578
243893113593
243842107253
243892790608
243858172693
243891465755
243847342708
243890981953
243843783718
243898719530
243847384755
243894296246
243857347623
243899904817
243856034492
243896704291
243841234219
243894790990
243842268266
243899090029
243857060679
243892545457
243855479932
243890658248
243845466531
243898192567
243859593951
243891188636
243846368286
243893458818
243857863033
243893674976
243857238853
243891987900
243844803997
243897776691
243848451327
243890127303
243840842911
243897209365
243850265615
243895495109
243855918923
243897509028
243849427822
243896143642
243858212143
243898712537
243850379190
243898175034
243842569893
243899458392
243850899837
243893678117
243848615893
243894724314
243850846042
243899352701
243849519688
243899743546
243845551557
243896991007
243848518494
243899328857
243856559228
243899314551
243846318966
243891026198
243843018848
243894614359
243846371934
243898464442
243857158275
243896906723
243855509103
243898714350
243843813185
243891729524
243840962078
243892698309
243847212938
243893431166
243851777152
243891318904
243847645940
243897359203
243849994607
243893454529
243857733428
243890704740
243848957025
243895234838
243842636870
243894695973
243858215043
243892984476
243852256305
243890829992
243852777324
243891805407
243856603435
243897361042
243841722844
243890433825
243859705857
243898190404
243853845682
243890401927
243851603584
243892038433
243858090329
243893951460
243848797177
243894233380
243857091768
243893525658
243856000346
243893581422
243840919020
243898845056
243841004579
243898547992
243856396057
243896572887
243843668687
243897482736
243845861745
243895768001
243856643868
243897377173
243843872315
243893947117
243855250308
243896354751
243858827255
243892747648
243858076849
243893806687
243840769340
243891226559
243842782533
243895468534
243843449411
243893207768
243852463519
243898208922
243852664178
243896594550
243843698257
243899385076
243855812917
243892539971
243843144001
243890589491
243846092988
243890061685
243858261528
243897629062
243853743760
243899474135
243856770469
243897387776
243857639201
243892057955
243848005418
243892703658
243857071280
243898174601
243841260365
243893429783
243840902165
243893400164
243850761566
243893176701
243853330159
243890803534
243857454612
243890819267
243841791453
243890533588
243857448475
243897213230
243846355669
243893752372
243851985569
243899120650
243845164759
243890715484
243845182342
243897143486
243853175804
243893489260
243850308918
243898919822
243845577355
243892167077
243856341370
243890689282
243854092850
243893433206
243848511627
243896395792
243853327795
243895444736
243850250640
243893716221
243854629150
243897981566
243855480504
243898477747
243859337380
243891727679
243859541661
243894415860
243840545044
243894165177
243856259906
243899264641
243854231134
243897375970
243844728805
243891910733
243843541403
243895639421
243858423874
243898165569
243840584363
243894184270
243856936561
243894379549
243848568162
243896657738
243852497048
243896221259
243844624493
243895882213
243853247849
243895522775
243847585186
243892901816
243848788111
243891889911
243859541896
243896727341
243846230552
243897290277
243851253439
243892333844
243852928464
243897894350
243855692035
243895595901
243857676199
243898140015
243853637851
243890620712
243850233790
243894114600
243846012439
243892072458
243849507646
243897294214
243846340179
243896164783
243848157901
243892554946
243853181325
243899322724
243848498241
243899245015
243843013851
243897958505
243856097718
243893123059
243849386143
243898231365
243856566311
243891983305
243841039562
243891233352
243850436959
243897417147
243842002102
243893291356
243843381264
243892606577
243848372275
243897559900
243842259470
243892429355
243847558823
243891639443
243848188055
243899588080
243840836642
243892405697
243845358338
243895227123
243847670537
243897401814
243840408031
243895551726
243850874963
243894205262
243841671980
243895323399
243855163294
243895212756
243850952881
243890562621
243858232744
243899097766
243856126816
243895329982
243857317073
243896832659
243848159769
243890584851
243843371482
243891311947
243849012888
243893408404
243856253917
243894978364
243854801382
243898183979
243844157158
243897999599
243841303086
243897749772
243857779314
243892647959
243847437010
243898046633
243847683864
243899257387
243840956445
243890057168
243858185580
243890835364
243852812405
243894857422
243856997493
243899580990
243847274104
243895582246
243859658704
243893046635
243854845731
243893239427
243843061162
243890864673
243853987508
243891433236
243855906087
243893806870
243855980378
243891961389
243841384676
243891646245
243841486508
243898094938
243844122858
243893850187
243840507834
243897990244
243846800598
243891183107
243841829546
243895149501
243852807446
243894640607
243856628837
243895358927
243843439895
243895976123
243848267400
243896994314
243851682763
243899236477
243842297187
243897787566
243847432168
243895024001
243853013426
243894928473
243854488450
243892148062
243842627787
243898948023
243853787718
243893154007
243840020802
243891652235
243852635135
243894079544
243851339132
243891426325
243851579614
243898721838
243841796684
243890519334
243842940718
243895261253
243845004920
243890879690
243851863801
243896151005
243843070940
243895981303
243844089681
243894994367
243854315589
243891268661
243851199026
243896358013
243846151383
243894860835
243858278226
243893585252
243851676173
243897290993
243859111538
243899441508
243840349179
243896932158
243841824434
243890718945
243858591972
243896101155
243856321014
243893976517
243846282627
243895913576
243845807144
243895682163
243840975350
243894108779
243847912580
243895591171
243840805650
243890496641
243847427984
243892079691
243858183352
243895267959
243848542552
243898054665
243841783595
243891375595
243846019463
243891915922
243842240987
243895869028
243854305319
243899392958
243842687507
243890683765
243853450972
243894184487
243856405612
243893738135
243844706869
243893941855
243856317760
243898754873
243844064707
243896668890
243849003426
243894882004
243842181445
243891285601
243856732067
243891581150
243848646281
243892967423
243846162292
243896250274
243851646127
243899872613
243848009840
243890736048
243853525235
243894568661
243853042381
243892630361
243845219984
243893099985
243842449062
243896810415
243846581819
243899192822
243849220845
243890754173
243854907236
243890361775
243841079220
243898366066
243850473076
243891276332
243855671262
243895329012
243850768175
243895766071
243848952734
243896065403
243842515349
243891628999
243858539583
243890582573
243846824789
243899855855
243853475208
243895183793
243842316847
243890535712
243841377978
243897125163
243852456047
243895970788
243851787027
243891584794
243844019357
243899570563
243844364349
243897958525
243845453206
243891546924
243858919357
243895627741
243857994035
243897247467
243847071054
243899188467
243849262683
243899625490
243852080411
243897161499
243847818841
243894237050
243844228641
243899590882
243845781432
243898669078
243857176638
243891739503
243843781753
243892273788
243841123283
243894146672
243851989941
243897117604
243848739293
243893099982
243850658317
243896012432
243848458057
243895687967
243856564168
243899787035
243843198525
243896831107
243851498223
243895033518
243848052388
243891239276
243841168915
243890504091
243854594568
243897963703
243850168800
243899502577
243847228114
243895658937
243858831954
243891592077
243858007439
243894265749
243857585186
243895501817
243848003884
243895372396
243847191301
243894020151
243856583074
243891673030
243854388893
243894107490
243858822671
243896258782
243849815689
243898907689
243847174900
243894410209
243855010622
243893195087
243848043968
243897061750
243843137676
243894445379
243854141813
243890712986
243847128070
243899202891
243844094995
243891144747
243849192115
243895216294
243843127852
243899561885
243859623320
243898805109
243859341350
243896207561
243851353073
243896405634
243853650766
243894100045
243854551430
243891008225
243845595988
243890370416
243851166579
243891981397
243858032814
243891759707
243850522382
243896106213
243854862298
243896472758
243859099362
243898083726
243850400323
243897757077
243855555792
243898431519
243856969618
243899925813
243845592693
243899275140
243853583806
243898118329
243856681900
243896609388
243857182344
243894113708
243856967745
243898092272
243840022315
243895105144
243850139506
243895444239
243855408282
243891430244
243854534746
243897896722
243857487285
243893140247
243855761520
243892988016
243843962862
243892273186
243849023739
243890986562
243849777434
243898297495
243859839210
243893418914
243846768885
243895455596
243855954007
243893909226
243843199021
243892468610
243840558290
243895057120
243842780263
243899364816
243840195958
243898351385
243842315654
243897530981
243858788620
243894951755
243856498604
243894038764
243852972853
243895034280
243853272188
243899579701
243855848280
243891863401
243855789110
243891039189
243857627159
243895138869
243850722295
243898818241
243852787320
243893633555
243841468755
243897157698
243847415411
243890558690
243850666647
243897366594
243844210428
243896159205
243856756777
243891769947
243849541019
243896814640
243850981646
243899004909
243848512344
243891140172
243859494130
243893007968
243840409591
243898927989
243851253610
243890063399
243855602095
243898548050
243853035578
243891107011
243853864209
243899730953
243856104275
243890311693
243853321736
243892950014
243853685902
243893634283
243850749567
243891495013
243848039157
243893575284
243848141453
243892963715
243857948188
243892129420
243851407912
243895730869
243844920824
243896482668
243859494206
243899356667
243841640273
243899988479
243840728131
243890342512
243844559764
243894505354
243849143065
243895449265
243854587963
243897983633
243852883472
243890395592
243853571697
243893177016
243845025809
243892804613
243851378546
243890407150
243848511713
243893277815
243855205927
243896679012
243857895312
243892014814
243841786794
243894966708
243850568339
243890912171
243848222232
243890202210
243848879745
243898797372
243856926565
243892392347
243842841165
243893960527
243853117017
243897976525
243854172970
243896711994
243848283609
243899453524
243859447742
243894436828
243856441161
243898042143
243847841060
243896032391
243845896323
243897951090
243844906294
243894909443
243851581141
243891137518
243846567516
243896126097
243841560463
243898564747
243843535821
243897675110
243844938173
243894604051
243850617342
243899283315
243841023419
243899742339
243847465983
243899745583
243840364989
243893533648
243840935076
243892168606
243848086388
243895024138
243852544994
243893501882
243855446283
243896595116
243852891322
243899252869
243843387253
243897704730
243856955409
243899933482
243853354924
243898114469
243841437388
243892885225
243840179510
243894426477
243859877261
243897974809
243840624434
243895170388
243854976770
243892052723
243859376478
243891569148
243859113317
243892991681
243859757169
243893933093
243856067565
243892687324
243847680914
243899188423
243844921779
243899330315
243850555984
243893594466
243855715027
243897857596
243853316188
243890494756
243859732737
243890626483
243853680166
243891863181
243846524292
243894955002
243853782251
243890874042
243848323835
243898131593
243855542679
243892398364
243849292305
243895954939
243847277562
243895178611
243856306938
243896817839
243840914654
243892587927
243844667255
243896006080
243852354135
243896800239
243848730696
243898677212
243858908998
243897563808
243853053964
243891393194
243854591602
243899818202
243847282395
243897128117
243853726994
243897917766
243840827884
243892771471
243844072543
243891568486
243845837424
243899520967
243854443031
243893164652
243850270235
243897499617
243852455564
243895558709
243840083257
243893436435
243847842476
243890407134
243848222327
243890594071
243852246981
243899461289
243856833827
243895641434
243853152497
243898436590
243859026837
243895651974
243859311853
243899211789
243840566949
243899375859
243840156137
243895461045
243856189073
243896711397
243855353757
243898034600
243844212158
243893284034
243842325315
243894196786
243852912490
243894475296
243856912352
243891430545
243845230855
243897444701
243846482201
243893048242
243852031104
243895998271
243853783392
243894850183
243846167419
243899924170
243854637943
243894671511
243854096785
243894355057
243851618719
243894240100
243849592553
243894729577
243848841796
243893611244
243851063855
243893075019
243849466048
243890724129
243842530305
243892356851
243851953988
243895379716
243858857724
243893275582
243858584863
243893576349
243840240320
243891574376
243857456462
243894790495
243848756531
243896436744
243841298288
243893620633
243848346825
243892000531
243841382832
243895797566
243852219244
243899153893
243841184586
243896791279
243859611164
243892384320
243851061559
243898820853
243845603184
243895456016
243852121616
243894253525
243851795213
243893062109
243859499307
243890148059
243843844859
243892052201
243843206552
243892684385
243844677601
243897045114
243859839239
243890291963
243851677181
243893732958
243852910421
243898499834
243849452447
243891406789
243847020097
243893381235
243853363418
243894872204
243843215455
243899435940
243851187057
243895750838
243853354328
243892855637
243841884153
243898932341
243852834062
243890832910
243840308113
243894321521
243858823352
243896210997
243840631939
243896319019
243859331993
243899512639
243853370556
243899046152
243854654597
243896856050
243849479625
243891471467
243844680028
243894568325
243855867836
243898997933
243858553629
243894265317
243845950470
243897788331
243845553934
243897597140
243848594101
243894640419
243853192423
243891844773
243847849381
243891448732
243852080913
243894674837
243848820732
243895499797
243846488576
243893919390
243856915699
243897214753
243848533299
243890781628
243843546629
243895979381
243840539619
243898666333
243849831514
243895817672
243840263445
243895765565
243848999074
243894541649
243855332004
243899237662
243846056724
243896337600
243852145282
243896144693
243857009107
243894713783
243840803026
243897478194
243847905356
243892909622
243853840840
243893581128
243843249020
243897113796
243858564119
243891062833
243846227426
243897085517
243859597912
243894949884
243851163889
243891745647
243855129737
243899405139
243845025754
243894612194
243855039181
243899909396
243858679519
243892224124
243841795043
243893672350
243841090060
243897618921
243852697311
243892931528
243847044517
243894487499
243852529359
243894412653
243856076832
243897474139
243856045784
243893303540
243851193633
243897871485
243840481515
243896310798
243849196138
243892866784
243851435846
243890022592
243854848700
243893397383
243852784985
243895526228
243849417719
243891415609
243844259874
243899844515
243858098854
243899850698
243859220970
243893868809
243850170694
243890542891
243848656175
243890872081
243852255754
243891665626
243843653116
243897807108
243841121807
243896905040
243856828357
243893794700
243858256711
243892586981
243852989189
243891428246
243857190630
243899806180
243847263467
243899424730
243842968831
243894813492
243849706254
243894186352
243847252106
243899551742
243846273959
243895993891
243858094319
243897881829
243849548956
243897822430
243846350900
243897571126
243857947190
243899706532
243842780603
243898455996
243840414141
243896375986
243856504240
243898966320
243858539434
243895125548
243846765018
243896729974
243858972580
243892595396
243850616526
243893222456
243859537093
243899658177
243849302548
243894930398
243854950966
243891944054
243859575460
243895767052
243859254399
243894208996
243851760738
243895880263
243840652566
243897789023
243849019489
243891146866
243849331186
243892149621
243851193705
243895570327
243853418416
243892486482
243851553375
243899218394
243844295185
243891370143
243852020355
243892851081
243857929767
243898165413
243851827761
243898770341
243848199469
243894948632
243852240590
243891425990
243846187421
243893225625
243849424141
243891086484
243842628687
243894023441
243851120246
243893165930
243859945872
243896650112
243852515356
243895922130
243843918333
243894479804
243852808334
243890902577
243849387453
243899398910
243849863243
243895367996
243853465071
243897066937
243840355397
243890844122
243851314326
243895297812
243859385353
243899821800
243859554432
243890364763
243853166284
243896858498
243852846041
243892539861
243857523683
243897909262
243846157601
243895747164
243848504369
243898879309
243847127058
243896997772
243853379220
243895782457
243850216701
243897525954
243850927880
243899673669
243842141384
243890706809
243848314982
243892060541
243859983327
243890534393
243858566300
243898336613
243853345273
243893537123
243854284749
243893673145
243859626947
243892734396
243852029749
243894307168
243842501754
243893558074
243841291991
243897058868
243854049909
243894593970
243845237594
243890153802
243846825049
243893723586
243849792159
243895002513
243854586089
243898876114
243840924869
243890251908
243856191048
243894543520
243850105887
243890805212
243845585240
243895529579
243856156503
243893989154
243859326750
243899796914
243843412014
243893584057
243840313252
243898188883
243840093341
243896460362
243851679084
243891927426
243841956188
243890750679
243847671754
243892279370
243851161173
243897784793
243851966519
243896851927
243857040408
243894444786
243857892146
243896053388
243846098168
243898290236
243845489143
243891402621
243846909725
243897137408
243846782899
243896098978
243849577132
243894462375
243857906414
243892835382
243841770435
243892098701
243855804784
243895242500
243848909432
243891186366
243844404451
243892181122
243844831360
243898761191
243852929811
243890927261
243859340532
243894790379
243846372829
243890289589
243852774918
243894880589
243858650701
243898104972
243848943208
243897524161
243843001502
243896404734
243843328654
243898157195
243848302433
243897829558
243859932035
243892036761
243857734341
243890690608
243848207459
243894927290
243846522289
243891047617
243843401481
243899202586
243850761719
243899580325
243842201136
243891782858
243849296622
243897599158
243858025582
243892807750
243845085732
243897399151
243840193461
243891289617
243854588910
243892794742
243844104472
243893690410
243844152414
243897187737
243852680123
243892850379
243856606047
243892879605
243857810724
243893165872
243841178389
243890197061
243846016698
243898200680
243848513244
243898962334
243846103715
243895418983
243855395371
243895423155
243849657812
243894566427
243848755425
243898132645
243851667651
243895065867
243855595052
243896929480
243845354839
243892333053
243846822142
243890117183
243857022287
243892523751
243854361822
243890795353
243844333345
243894692455
243854643186
243897931249
243859763893
243892502278
243852528548
243897376367
243854156784
243897739080
243840586926
243898877160
243851011896
243891056159
243841053348
243893030833
243851796750
243897324584
243855302077
243898195761
243858314116
243890052285
243852904715
243899979904
243847760001
243896821143
243844367019
243892715825
243841352777
243899485488
243851306225
243897324088
243854435829
243897273490
243844790585
243894902506
243842403121
243890143606
243859480050
243893713188
243856602908
243895237444
243851548414
243893531016
243851228719
243893629028
243845368273
243891060272
243841713895
243896894206
243845791842
243890900244
243855242155
243890274665
243857654947
243895007154
243852330335
243896145852
243858730659
243894971891
243845614776
243892782696
243844342832
243895973937
243852283466
243892241763
243850969596
243894327024
243859451612
243892762298
243847420329
243895494344
243843338435
243893114517
243851447354
243898158179
243843666865
243894870098
243849174046
243896953362
243848592994
243891027146
243858425745
243893597440
243843114952
243897012254
243852686184
243895902495
243854972542
243894910910
243851530496
243894954981
243842276631
243895517022
243853119800
243893366838
243852958934
243896304854
243851191848
243891936932
243841717594
243895178036
243858427873
243890536081
243857724621
243891014696
243851067857
243897523348
243840891989
243898212673
243840818504
243891042474
243847830327
243890887074
243854134692
243897510042
243853389308
243895645837
243850421891
243892115722
243857808779
243898796083
243856183244
243891127579
243850189484
243897955872
243841589225
243894554935
243856890678
243893096748
243849860522
243898360790
243847024598
243899511447
243844865148
243899855023
243857757562
243894129841
243848577463
243893156270
243842303046
243894915624
243843639021
243895592761
243855623644
243892231865
243848868843
243894481938
243855121618
243896895080
243854136461
243894006835
243857778056
243890022974
243853916043
243896258905
243845068139
243895827886
243841727680
243891898597
243845900311
243892986626
243841554132
243898554444
243850032161
243899676247
243854994113
243895595401
243847348824
243897886324
243850953465
243898144145
243857207962
243891734071
243859756645
243890741677
243859906674
243890853338
243856043002
243892649279
243856480328
243896709265
243847294136
243898904696
243849409462
243896324995
243852501454
243893608669
243855895090
243899472675
243841050175
243898802693
243856933029
243895503744
243857589899
243897241031
243855383110
243891694558
243859222338
243893611761
243853344912
243897694517
243845495782
243892554489
243845432379
243891135705
243849199601
243893710256
243850853547
243896825738
243843440671
243899398615
243843897889
243896025728
243859462643
243892224431
243843294246
243899068918
243846231206
243893699925
243840058939
243893632971
243854151580
243898882585
243848999133
243896204428
243848639555
243891544819
243853512438
243896799841
243854114669
243890748461
243855468141
243890315535
243855320309
243896984608
243846786958
243897938059
243844002562
243891492080
243846691409
243892614651
243840886755
243896111083
243857945984
243895683700
243850515889
243893454864
243852201654
243890813689
243851331444
243890941500
243845278917
243898621999
243843571676
243894271552
243848392421
243890353094
243841509483
243893146485
243844644568
243897403673
243857310712
243892776635
243850291790
243898990022
243840306026
243898906904
243857631937
243895052761
243849838916
243898619895
243843908491
243896473221
243859218084
243891800184
243841011130
243895244802
243853278770
243892286893
243851923713
243899738624
243859854934
243893609247
243847643668
243896741071
243859959387
243893980749
243840286751
243896083510
243843327217
243895876519
243849535754
243893913038
243859674271
243895998031
243848391980
243899007367
243856018768
243897129508
243851047393
243890425263
243851821454
243895849012
243845521769
243891777397
243843817759
243899711823
243858012541
243899779782
243858551606
243897283327
243847602993
243892921640
243848628571
243897251626
243859953476
243897685179
243842918538
243895602698
243854438145
243896637209
243841601922
243899514249
243851810409
243893560535
243840243185
243891898836
243858996638
243893628926
243843075539
243893292237
243851470413
243894300768
243847063833
243899247382
243843724761
243890831599
243848233974
243890130422
243851305430
243897134273
243857384397
243890847103
243843428132
243898141653
243845027855
243895121496
243857258195
243890819969
243841195410
243896840957
243855837030
243897526148
243858512711
243894772743
243852190268
243898168338
243853490573
243893555730
243849613210
243896052231
243848576565
243896784400
243856167166
243897579974
243841348160
243894469917
243844670874
243896311253
243848683748
243895260732
243853176605
243892994990
243858063612
243894014397
243843084854
243890487883
243849608246
243894526115
243855964817
243892615913
243845687616
243897508837
243842393980
243891097520
243845997319
243890201510
243849922101
243896182964
243842239008
243899835364
243850406085
243897949706
243849278383
243898460707
243847482462
243894284021
243845969133
243897099861
243848031936
243890739738
243842129070
243896080676
243854992858
243898416248
243841897303
243899509085
243854367736
243893466631
243851131551
243892912694
243857811448
243894176282
243842608461
243890619371
243847842135
243899935306
243854440582
243891472343
243843934006
243896293638
243856368113
243896172969
243858724726
243894288218
243858765984
243890302918
243851697877
243890097608
243858741158
243893678443
243855493955
243891411685
243848702750
243892365443
243853801846
243896468149
243844606647
243892281990
243858774070
243895691649
243855708321
243897254489
243858841371
243892228779
243845594728
243890338147
243856378829
243896156928
243840438604
243898203917
243845235667
243898166183
243841550327
243893816217
243846431611
243890413179
243840615943
243896597747
243844183655
243897200668
243840570719
243896270318
243851310467
243899903948
243856082307
243892574515
243858061530
243890586730
243845722415
243898436413
243854928586
243894538520
243855377884
243890227196
243842854135
243893025789
243845669051
243896214699
243843917892
243899847135
243851709761
243899527068
243855970278
243894408217
243844074223
243896081240
243849428788
243898609114
243850796936
243893024843
243857214947
243897211592
243841663330
243894085325
243853888922
243899043521
243843456162
243895800936
243852570444
243894782691
243856934640
243899883852
243859321325
243894890261
243850589149
243893771005
243853389289
243899205442
243852444689
243892001610
243859532050
243890229837
243851190784
243894987571
243857352105
243898195047
243849850437
243890031497
243856856953
243897963443
243856167394
243891145162
243841077183
243895767420
243858200498
243899873668
243844294623
243895749425
243846922112
243897525761
243858614260
243894138612
243856276814
243896476911
243858960667
243890093712
243846380060
243891349412
243859480123
243894049954
243851545111
243894155806
243843448159
243893667392
243848028985
243893795337
243844743799
243896580787
243851681685
243896657439
243850341258
243894662561
243859759712
243893819198
243846610733
243896490436
243853277947
243894505106
243855505493
243891178097
243846054383
243894863088
243854896422
243895315630
243857203280
243894522470
243844530796
243891069285
243857469326
243891892912
243853410463
243896037969
243847819816
243894520052
243844358870
243896076492
243856062213
243899503118
243857901976
243895656354
243848103924
243893836251
243845635503
243899259742
243856277024
243893024517
243848479027
243895423886
243843331427
243893498667
243850929652
243890086284
243855423762
243896162893
243841896030
243895609135
243845603560
243890059014
243849987827
243899673145
243847072997
243894336933
243853844680
243895806903
243853896352
243895421092
243844496485
243897718651
243854798294
243891217007
243843825128
243890420167
243853548462
243898829791
243852288202
243895033377
243853267411
243898419728
243851818900
243896096667
243847683480
243898405523
243851376353
243891629818
243845899170
243898865410
243851655959
243899079937
243849038675
243897508405
243849664314
243897680117
243859173418
243896645223
243844102906
243895535086
243848473433
243897540737
243846084767
243898830561
243841665754
243891232167
243845295914
243897442190
243846226566
243890195935
243847918129
243891940614
243846238905
243899121354
243851198856
243892520768
243850809638
243897718344
243849895842
243897076865
243850439050
243897724052
243849915293
243890145856
243848177594
243892224664
243852978623
243890751665
243841914440
243891904583
243854317805
243895950026
243859327557
243895540092
243846877192
243893624151
243859079627
243891226636
243859067638
243897174875
243856808723
243893650718
243842526726
243896764887
243851960728
243899139073
243858033499
243896542937
243847656796
243896437043
243857580078
243890184900
243859651189
243890450663
243847518665
243890532075
243841701152
243899061780
243852688940
243899994350
243850575260
243896163544
243858609218
243896801461
243846321439
243890426899
243857168471
243895895061
243851380803
243898694796
243843831400
243896934580
243856570445
243890984670
243854848780
243897654002
243843296034
243896683576
243840673535
243896846778
243857446623
243890352563
243847559645
243893939352
243851482939
243899767875
243855964659
243894331283
243840879492
243890240779
243843745775
243898950587
243853003891
243899400804
243852213421
243895241858
243854787670
243892234347
243851790099
243897437414
243846991441
243895574210
243857206881
243891174337
243845219884
243895738348
243851640087
243898925777
243841647214
243891272351
243849098789
243892128725
243851019040
243893323500
243849738846
243897295778
243851793946
243898533319
243845328351
243893960563
243853515842
243892228158
243844342477
243893573005
243851844153
243890427931
243849630577
243896202228
243848847538
243899671842
243854582889
243896974097
243853880402
243899319170
243843094763
243897004285
243846634025
243893594037
243846186161
243891507843
243846690467
243899294898
243845638576
243898077727
243852891178
243893097434
243851913982
243893704383
243848954624
243893005782
243858354907
243898518882
243843688524
243897223979
243853598107
243893883997
243855377989
243897166147
243841980309
243890696073
243849462919
243898411222
243859809876
243895673817
243856464984
243899471877
243859121736
243895927420
243854846939
243891024220
243846071271
243892594820
243852486613
243898798245
243855899424
243892845486
243843030295
243892130733
243849628704
243895182703
243842457555
243894261722
243854183480
243898386605
243848473664
243894320269
243859621849
243895855623
243840862518
243891627277
243859634945
243896410161
243858525088
243899807108
243849401791
243893663492
243840058389
243895843184
243842918247
243890225150
243857555505
243892588673
243856991826
243893427923
243856306253
243899271919
243846779672
243896447753
243841821155
243891979386
243841601725
243894747514
243840604552
243898238128
243856634558
243893226352
243857195040
243899048030
243840407027
243899280689
243842480781
243894284574
243841110296
243890929045
243854346443
243894080684
243851536996
243893761448
243845528360
243890261097
243851561616
243890562094
243858173985
243890563455
243845587153
243896355384
243842410086
243890276081
243859647078
243898008655
243851482561
243897423047
243857291223
243895094987
243840840298
243896930704
243841336364
243890331155
243853601117
243893264832
243852319704
243895960372
243844707287
243897854197
243855625964
243890723978
243846730223
243895141444
243845641433
243894000074
243842144786
243894444627
243841272372
243890721756
243843076519
243897069850
243853634789
243893182997
243859696402
243890397421
243842382319
243894380024
243854595938
243896071112
243851800664
243891980537
243855762010
243893961537
243849786221
243899617476
243842042079
243899989004
243847494278
243891060395
243848813162
243892605228
243848980300
243893619788
243846398130
243893331780
243843824182
243897090425
243843421885
243895444497
243858675825
243892714162
243847235864
243899617806
243847087106
243895838312
243842360398
243896480640
243840437645
243894299453
243858547597
243890007119
243846212977
243894009214
243846483098
243896306816
243847469322
243892153276
243844877114
243892516285
243843241271
243893920948
243859503088
243893609469
243854214804
243893951631
243845932935
243891937601
243843317573
243892126674
243851030634
243896067284
243840367554
243899172444
243857393449
243893622503
243857362520
243894429016
243855981702
243898069132
243842437576
243897437260
243849286284
243894454827
243858418065
243897842278
243852257981
243896893120
243856060123
243898577276
243850959310
243897811586
243840310512
243896830275
243859661868
243894669807
243846490648
243891852785
243844902234
243890265473
243845070690
243894707349
243846660409
243892818573
243846377471
243897051713
243859102779
243898810669
243841687137
243896586787
243857937364
243895239839
243848872049
243892377785
243858762686
243899668984
243858637240
243890861225
243847703007
243893613746
243854381826
243892898269
243847813737
243895843934
243844421309
243897112239
243849914293
243893159512
243842059363
243891049775
243848908268
243894678918
243846270114
243893764108
243857472671
243898663437
243855334825
243898853076
243848285909
243897864792
243843031966
243897382545
243841098127
243898583790
243845928342
243899124390
243840322815
243893490875
243854895028
243897920669
243856572948
243896933956
243852508540
243897508508
243856548295
243895645481
243856528900
243894221204
243855906499
243893627506
243844399723
243895659778
243856445323
243893184437
243842250134
243898395443
243844599861
243894871459
243849151088
243893895718
243848426281
243892724911
243850924109
243890411990
243852686656
243894454397
243844127461
243892583467
243854677419
243899789494
243849688654
243892305708
243855609574
243894850967
243845042683
243891651774
243847229659
243891329565
243845918689
243891733095
243848615306
243896961160
243844143436
243898928836
243854709492
243899962088
243850406023
243891371892
243851878336
243893029149
243845145860
243897311472
243848614631
243890168781
243851321805
243893813430
243852542170
243896411745
243845014943
243896318469
243856096345
243893375789
243849317360
243893546100
243842608221
243891032878
243847122280
243898699430
243844265581
243893574150
243853243023
243891172555
243847339381
243897643250
243856153154
243891028531
243858876710
243890852945
243844269328
243895061804
243859632728
243897594659
243855013967
243890402948
243851031815
243891695084
243858152390
243891242403
243847944170
243897533222
243844726950
243896491504
243856761534
243892332671
243845703084
243897371541
243855305186
243896024138
243853688196
243894243903
243858923254
243892270431
243853364102
243891258215
243853423355
243896104674
243843330862
243894326152
243840157198
243893181447
243856039006
243898138193
243840180630
243897958450
243857365721
243890262305
243849541737
243892713705
243844068926
243892216468
243841313536
243892523576
243858927292
243897142790
243856128197
243895611820
243843528365
243898804544
243851765411
243892652399
243851124105
243899237718
243842299801
243891073064
243850860353
243894183443
243841337698
243896709732
243855217866
243899172832
243847684448
243895086055
243850966850
243897174379
243844645329
243896005154
243845881696
243896872823
243858920393
243893910691
243853976759
243896737596
243847706445
243894925807
243844678515
243894884734
243853753978
243899722187
243857602667
243891707008
243851415568
243895591744
243841608505
243896540227
243857886519
243895401516
243856450912
243897028975
243844693352
243896516410
243844053579
243899333844
243852496568
243898541396
243852334754
243890880479
243847116016
243899201434
243840602598
243894293849
243857165255
243899056054
243845751892
243893407086
243850919658
243890710138
243858100066
243896048716
243846377688
243895508421
243842641160
243895449803
243847778792
243895640372
243848355280
243895772396
243841180933
243892940864
243842763189
243893377154
243841886292
243899209290
243849803117
243897197126
243852419290
243890024098
243852128298
243897730332
243856402065
243892654678
243855973016
243894536382
243852186361
243893692477
243855629809
243895908947
243847806584
243898378430
243840379068
243894693824
243846161822
243897609125
243848320342
243891686916
243857528611
243895293554
243843571555
243895883085
243846120183
243892167705
243848436312
243891664061
243858645131
243895225927
243857780925
243899510770
243849528306
243890893888
243856366863
243896982870
243852760943
243899099690
243850514632
243899791486
243851552893
243897828890
243858720481
243894090761
243847022762
243891078358
243857969350
243895498855
243843802317
243896464248
243855380303
243895357847
243859467500
243899392496
243848622116
243895642848
243842833957
243899452334
243849431178
243893255395
243850739990
243896168234
243842394545
243898718020
243859521884
243895029385
243857969980
243891619100
243844652619
243891914651
243840534566
243894638913
243852432239
243898702536
243855447400
243890704248
243842117480
243895312232
243858245327
243893288713
243849877593
243897753407
243841435630
243895092162
243851922486
243892116277
243847127635
243899033834
243850690236
243894576687
243847071333
243891704703
243846266468
243893810938
243840730959
243896827933
243854988608
243890078259
243853681653
243895097180
243854036442
243894179574
243841462732
243894509610
243855912088
243894478584
243849871476
243891924085
243857833417
243891343124
243851268796
243892388640
243847406802
243896756828
243859652153
243894950750
243846061765
243896068656
243853029769
243896742206
243849367036
243897671375
243851343529
243891985941
243846584911
243891126302
243846518019
243894008819
243858157428
243892277030
243840494605
243894101042
243854100816
243890624640
243859061730
243898588606
243853979711
243891882443
243854064212
243891768677
243853752394
243895859012
243849663996
243898647104
243846376287
243893389823
243859080527
243899535798
243840563277
243894520297
243842040361
243896653276
243844399723
243890039693
243853056959
243896182193
243842213658
243896375141
243852922511
243891052725
243859808455
243895341296
243851331648
243892288495
243855046643
243890964286
243840349013
243897722358
243853694666
243899374881
243850640840
243898828462
243841632023
243890635641
243852441283
243895690467
243846339495
243894768885
243843631494
243896769120
243858761466
243894228236
243858822061
243897620779
243859167335
243895089492
243844817607
243892127565
243850790521
243894633391
243852854979
243890181585
243858025421
243892169342
243848248813
243898140801
243858914563
243893185658
243851260945
243893876819
243841598192
243899347385
243842003290
243890484363
243845709379
243893059085
243852260013
243893286352
243850158298
243897153272
243843558376
243891776590
243847933452
243899343551
243847054211
243892587763
243841030089
243898666515
243842870042
243897673601
243845007285
243891093047
243852888821
243891033358
243843389042
243898049749
243846724014
243899689433
243849261593
243896738263
243840564950
243897884310
243858406908
243892794556
243845663017
243893490629
243857601676
243890570602
243849730674
243896684570
243853000775
243897360879
243843608662
243895545576
243855627008
243893131939
243855583372
243897111527
243850117520
243891206445
243855562434
243892777444
243841206325
243895189826
243845623861
243893381082
243854981361
243893918188
243851605090
243893010190
243843372663
243890460051
243851303391
243896716347
243841379616
243893521705
243852886858
243899136861
243852883213
243892939169
243859031861
243897948385
243841768930
243896830436
243841314139
243890548420
243842608901
243892164247
243845861381
243899166623
243854475371
243895484898
243854609175
243894490782
243856364274
243898835869
243848922395
243896625809
243847763657
243898855367
243848248899
243893995719
243856848042
243896764682
243859496160
243897212311
243857858414
243890434856
243856865805
243899606831
243849485448
243899707127
243850260489
243899880918
243855586280
243896212016
243855345221
243893182213
243847743065
243890002496
243851060594
243895545165
243856116349
243895497709
243850612677
243894620749
243843648074
243895660619
243846309930
243897243300
243859122522
243896268738
243844559045
243896000155
243848842970
243894928362
243856869872
243896538177
243848399859
243896284046
243857847386
243893790363
243847702879
243899721331
243848922920
243895797211
243850123375
243890266575
243847789032
243897605657
243858741506
243899834005
243843105968
243896716367
243853461119
243897169389
243856286330
243898943945
243848540624
243895162653
243856578479
243899944576
243856258967
243894614318
243856556054
243898916676
243840825936
243894383136
243844267337
243893054061
243845069998
243891179732
243842118340
243895506012
243844319284
243893874821
243857099797
243898693012
243858394839
243890596056
243841402997
243897145425
243855468636
243892977248
243849320757
243893237013
243842814724
243890408588
243854120911
243897490548
243841169591
243892699348
243849168299
243890979389
243857203532
243899547738
243855828836
243899059201
243844731590
243895977871
243857523956
243897868082
243842407934
243897313305
243851345751
243890117376
243851893647
243893473759
243854071767
243897112754
243841005701
243890445669
243857393226
243897075585
243852399757
243898937361
243854121011
243899604480
243858885297
243896750547
243845856558
243891632400
243842559549
243892138649
243842207899
243899909621
243841489242
243898403998
243842084675
243897609265
243845593151
243899760248
243841260121
243895465934
243847925684
243895109631
243845915316
243894189612
243842402524
243894043044
243845113768
243894521517
243851313058
243893586035
243845080338
243891455158
243841670039
243893642856
243856279957
243898734182
243843020873
243898670535
243847886319
243899056659
243854135556
243893304372
243843872255
243891670754
243849119068
243896253321
243859492181
243899113756
243854417492
243895659482
243843036628
243896080930
243848875303
243897460555
243853025640
243891647315
243855983147
243891265447
243850646991
243890613609
243846516298
243898850561
243857967776
243891775287
243847067053
243893975157
243846967688
243898196591
243841602957
243891426367
243854471491
243893213467
243846753721
243893458209
243844100265
243894090621
243847290779
243890551692
243852467926
243894492164
243848837017
243892897830
243844956833
243893396366
243841309937
243896108632
243856938785
243893577132
243848177304
243895436273
243842147471
243896898663
243841048772
243896003004
243852349819
243891904087
243840688257
243895236521
243847897748
243898496281
243843318285
243899997201
243852743609
243893105634
243855719801
243899410081
243859626971
243896846781
243857751236
243893853482
243843117375
243893483751
243859970867
243897536235
243851723815
243896925690
243857031991
243893230158
243856019985
243891364901
243844115724
243896533937
243840124029
243898297778
243852177513
243899456381
243858916291
243891219678
243840420908
243896707326
243857444348
243891968145
243855770854
243892625689
243854914487
243893270658
243846492362
243890089829
243849866711
243890658985
243850586288
243899332982
243841642354
243897484737
243846863603
243890941091
243856740502
243895674368
243851698398
243893894782
243841992736
243897278998
243843384863
243895263783
243852016789
243896641897
243853892169
243896970691
243848918869
243898523230
243851428838
243898138506
243840445874
243898255340
243841973298
243895249948
243854188289
243894018084
243849596595
243892197611
243846538907
243898875446
243840673786
243896001352
243855354815
243890669277
243842956659
243897906853
243845097230
243896912905
243840411856
243890718479
243844001600
243895315101
243843595514
243892403767
243859205710
243895233612
243842337689
243891492118
243847113756
243894300147
243856329214
243897868846
243859729185
243899647514
243843034933
243896822549
243843442410
243895927950
243858336772
243895082967
243840545422
243894669237
243859788908
243893660896
243846286646
243896714041
243854846507
243892905351
243846814775
243896627559
243845315074
243899462506
243842943114
243898755813
243845144017
243894592484
243845160073
243896921946
243854750706
243899354337
243846533540
243890685806
243847214792
243890733835
243852044967
243896072551
243841949584
243892369418
243841496697
243890410494
243845349063
243898570388
243849966119
243893003670
243859555608
243891952807
243850036731
243893141175
243840874273
243898686247
243858687867
243898368067
243844673607
243891393884
243843062743
243895278135
243852736241
243891976407
243853076375
243896360897
243854803065
243899189924
243842622860
243895723884
243840576869
243891925293
243840061715
243893407312
243857189328
243897692336
243849751213
243898576757
243855267063
243899843599
243843250868
243892559381
243843227207
243897308091
243855969893
243897010446
243854128594
243891701158
243853667351
243898098309
243855191423
243895007657
243847497734
243891711811
243856124725
243890978919
243850883810
243891158273
243848043199
243896545927
243840939170
243890093029
243843375691
243894871101
243846881361
243893546411
243844028189
243891641567
243858902318
243891427152
243852430781
243890965539
243851439194
243890291912
243841998492
243896383721
243841116635
243893515728
243853188786
243895761823
243842353653
243895643357
243858865133
243896248910
243845086778
243899639167
243854169052
243890208842
243859218583
243892222995
243843976431
243897468844
243841939438
243896375773
243842852959
243891050159
243843692441
243897158639
243852875192
243898450065
243844887821
243890047427
243855496629
243894182026
243841173124
243894088618
243858020926
243898798342
243845571301
243897763238
243841489266
243899742173
243844557813
243899970061
243842169763
243890603527
243843730190
243899125181
243859055730
243894418799
243842773576
243892349453
243859631725
243897518738
243850921005
243899347955
243850274097
243891212498
243856912157
243892639578
243856104852
243897783326
243858196717
243898867356
243850117055
243890202445
243853861391
243896142701
243848718333
243890110601
243856041635
243891674866
243855556662
243899393617
243853643885
243897921931
243840128421
243898603492
243852776269
243895585733
243844265650
243898410934
243857471066
243899682608
243853376001
243891466571
243859330044
243899057016
243851582712
243894244667
243844002605
243896973969
243852956103
243892576181
243849191354
243897462122
243858466678
243898107537
243850013770
243891193839
243844619158
243891301914
243855159371
243896683050
243855734671
243891463150
243853183403
243891873801
243840002469
243892537316
243851022140
243898336947
243853739321
243894754863
243848009783
243899220171
243857188604
243892084437
243848341281
243898187473
243843050103
243891185411
243851526707
243896297289
243850520972
243894578110
243859374840
243890773521
243843103918
243890093565
243849125406
243890380907
243853503810
243890198036
243858530978
243897570595
243854660483
243895402857
243849696530
243895580445
243857061830
243896133342
243842296013
243899031089
243846828548
243895750099
243857785956
243893599867
243841067575
243893050887
243851283811
243897715161
243853631884
243890372335
243842805055
243893234477
243847628706
243895301965
243844311160
243896622564
243859261195
243897229133
243841782934
243895898578
243840320791
243895694374
243840061837
243895470468
243853857683
243891225160
243855678527
243891235576
243842374244
243896964562
243844510911
243894039840
243855807758
243899808392
243849160094
243891960804
243859959861
243898139937
243848344707
243894186462
243851308216
243892341150
243841375236
243893384382
243859875579
243891709285
243841983301
243893343631
243858180391
243893021525
243850136927
243895566258
243842281975
243897930842
243846648537
243893260373
243840489615
243892302543
243843332202
243892334457
243856769548
243891509264
243843737950
243892408641
243848414253
243894290714
243855013339
243898250931
243854396239
243894195683
243848390446
243891101553
243847370467
243897953872
243853846918
243894760807
243850070573
243891706388
243846212462
243896502941
243856211519
243895124890
243858208245
243893493446
243844163764
243896580157
243847380172
243894549999
243858865956
243899234166
243846077277
243899467034
243845614010
243899869210
243850265295
243895852558
243858052156
243891526298
243846530073
243896971127
243858548089
243892702996
243840337370
243897098850
243851115316
243898228728
243858331736
243892613377
243852849599
243892856794
243851552200
243892771321
243858080582
243897781374
243847045288
243899009845
243855965457
243891800712
243841756887
243891637633
243841937002
243897512552
243841343186
243893376183
243840766966
243899743517
243855656441
243897606653
243841297781
243894396353
243846839940
243899932454
243851589144
243894080042
243847208820
243899362186
243843905238
243896045664
243845905045
243892823242
243850050347
243894771562
243849097610
243899614399
243853555456
243892423381
243848181577
243896783255
243842113202
243895886126
243845474128
243892953963
243856902224
243893575570
243842628259
243896559857
243859578028
243891879068
243855160024
243895168750
243848907867
243894600131
243859930609
243897703465
243850097450
243891121615
243845924810
243899055606
243851389257
243898355172
243850074657
243891205420
243840365872
243899515449
243846435300
243895248920
243845178961
243893173695
243841769409
243897118515
243856156068
243898132219
243856325913
243898265570
243851786281
243897237015
243852363424
243899553229
243859293729
243892969403
243846298439
243892552374
243844206079
243895633936
243859620789
243891517718
243845520259
243891961702
243845093233
243894752931
243846738541
243897444407
243855914455
243899566426
243852566665
243899343147
243849521234
243893722484
243852249416
243891580166
243846290491
243896850806
243849878113
243894735166
243843426623
243896514297
243851638926
243897350987
243852079929
243896465871
243842082271
243899899582
243847907840
243897053747
243840394046
243893848979
243847712166
243892088828
243859774337
243895501693
243856050407
243898034055
243859348344
243890645512
243852626438
243891060290
243842163700
243895499389
243843303163
243896364301
243853501714
243898010600
243858143887
243897982931
243858030517
243892175886
243854428318
243897065188
243856385660
243890551912
243856318621
243893530285
243855512064
243890519313
243841444485
243897422663
243854765262
243897631630
243848058226
243897046366
243841178170
243893394544
243857782041
243892024527
243856655653
243893382962
243851202732
243893484436
243858284738
243899683918
243846898087
243899406234
243859890340
243893186701
243848849002
243890268389
243841683844
243890688346
243854093546
243890317772
243843076568
243892250110
243847095404
243891172339
243850908072
243890246126
243850603878
243899861944
243847392951
243891478627
243845933843
243891474631
243852150298
243891609697
243846474541
243895741428
243844379910
243897541646
243844303190
243895337222
243848221936
243893182327
243855860075
243894930084
243843467579
243891598607
243846394508
243894330916
243841301982
243895221244
243852511963
243899269103
243843504880
243895327204
243857951831
243897112525
243843701273
243897023876
243845071710
243892565999
243846673567
243897461844
243841219969
243890548270
243856821064
243894785749
243851835955
243895937168
243857216583
243894561147
243856260421
243894389762
243856792168
243893169572
243843865439
243898120880
243853823655
243890209504
243859567516
243899673868
243848098798
243892187671
243850187390
243895918307
243856617842
243898717677
243840149438
243890590813
243859633870
243893756190
243850668537
243891858030
243852774988
243898620125
243854991009
243899144346
243851588055
243895342705
243854907822
243896452528
243853412035
243892252604
243856275031
243898993481
243852308907
243893047869
243852786868
243890413911
243842118765
243891603867
243849336283
243892143192
243842623712
243893302103
243845501135
243891116696
243840346715
243895988819
243858323333
243894430031
243855518360
243899006412
243849623269
243899696985
243843462034
243898585724
243856208186
243898000029
243856685288
243894717705
243845601420
243897298727
243841987573
243892185862
243850766033
243890077436
243852400807
243897737775
243854426606
243898106387
243844728087
243891651352
243842743608
243894181472
243854017121
243893624496
243840447746
243897851433
243845645817
243894686866
243841004730
243895617132
243859362906
243892309673
243853048070
243895919196
243848347375
243894412766
243852177864
243893692648
243844105328
243892493452
243842142416
243893054747
243844707212
243899055289
243846432130
243890717184
243849532370
243898710462
243849820507
243890292335
243848892703
243898991084
243858521099
243896718513
243843354738
243895631645
243850110496
243896361874
243852617310
243893557746
243840769985
243897138653
243858338418
243899866797
243841163102
243896601177
243855016433
243893814966
243846830794
243896711197
243848542892
243894799333
243857059875
243893788989
243854183516
243896118064
243840045009
243897868259
243859488850
243891561055
243844385130
243895370212
243852097564
243895693505
243857353837
243896375187
243842369759
243891954897
243850362688
243897632277
243841592613
243898132379
243847175692
243895885041
243846891637
243894508083
243847712507
243893022607
243848500080
243896633326
243856722494
243890101538
243846530756
243892554193
243844874038
243892978937
243857378997
243896599818
243849672635
243899380951
243857035121
243897599830
243854831712
243899591721
243856127200
243896522804
243845866580
243894887468
243842313057
243890392253
243848438936
243893968481
243851548733
243896347213
243845925193
243895970672
243846140494
243899741722
243855256913
243897579497
243845350032
243894184502
243859906226
243897622197
243855825032
243898737609
243851672032
243892624174
243859260969
243896029603
243844371822
243895507137
243849188623
243895104227
243855975032
243897382839
243853133337
243897534412
243850382389
243894545493
243848036657
243890405990
243854143004
243895977836
243858907913
243893935094
243851277598
243898013866
243844457687
243899128692
243851537986
243895653409
243849239274
243894827870
243852917920
243893351995
243850690934
243895025574
243843144659
243890740502
243840054089
243896471264
243855920258
243898359743
243859917745
243893233729
243844796339
243890649414
243840495284
243893325857
243856299545
243896771004
243859341192
243897799579
243850177962
243896526369
243847301782
243893535570
243843730170
243890918193
243859494384
243890546662
243843422182
243898982093
243856164486
243892072244
243859310117
243894789812
243840147217
243892887073
243847320270
243896990933
243858800639
243891153957
243855979648
243891980043
243856079124
243895162558
243844984447
243897620863
243846174755
243896651896
243849215238
243893381697
243858897413
243897588318
243844234507
243892187773
243851760731
243893127517
243853376075
243894623951
243850358794
243895791227
243851974681
243895461211
243855366273
243899113244
243844330296
243894176398
243841821905
243896724889
243855993997
243891602170
243856161610
243890340903
243857810756
243890873614
243847399447
243896345203
243852904899
243898722468
243857505333
243892366764
243841102801
243891486838
243853251977
243896770617
243848029878
243897923743
243847199459
243892288480
243848944563
243894195150
243842774353
243898293835
243859061883
243899101714
243854665125
243890403897
243845017512
243896783825
243854391036
243899563778
243854113037
243898759496
243857335632
243890011154
243846680057
243894943397
243841972517
243897412711
243852630199
243891379063
243849712145
243890413546
243843945064
243894495597
243845927157
243899089183
243858266123
243892325211
243852907516
243894881739
243846574110
243896321899
243852381431
243894103240
243849540136
243890557898
243840618579
243899082008
243855007293
243893411921
243844925448
243899392849
243853103663
243896408996
243858081032
243892338392
243847927184
243893135756
243848112857
243895078319
243843550696
243899890935
243851654905
243890257953
243851182146
243895368930
243853538012
243895883397
243841094653
243890132762
243850996264
243894801168
243856436289
243892967765
243841512837
243893188782
243853274650
243893149253
243846531618
243899262961
243844739961
243896846481
243854165001
243896264526
243852049881
243891431088
243848253550
243898339163
243858621204
243895578669
243855652467
243894254299
243856524453
243899767491
243841475853
243890405791
243842830040
243890592524
243854613657
243893118588
243840796234
243897875652
243848397041
243897843759
243858664145
243898085726
243842254417
243895377797
243853465166
243898699244
243843086088
243892876304
243847523567
243893381853
243841594319
243894660436
243849233531
243898533981
243846488641
243898977392
243856775508
243895937114
243857071059
243892859435
243855285082
243891618883
243853536053
243892842011
243859856444
243895891305
243859621979
243899468644
243848621519
243890587620
243853997594
243898889820
243840649047
243890026762
243851071982
243892844054
243840784941
243890167872
243845135941
243899855211
243857772932
243895222178
243841977092
243897051025
243846034647
243893958079
243852359983
243899615130
243850888323
243898197883
243842271951
243898569530
243854144245
243893178278
243848914262
243893301482
243858876788
243895147129
243845189319
243893104605
243848483955
243891839014
243857458077
243897204033
243850846289
243894971004
243842802028
243891179471
243845042313
243891894818
243847973887
243892931015
243857713085
243893786046
243845931492
243896428301
243858983315
243894591632
243852051765
243899380916
243848456031
243893641491
243852309808
243893807168
243854099408
243890791860
243851905133
243892968825
243840957900
243890972929
243849614714
243892823165
243859202080
243893087007
243853505100
243899361989
243849530941
243890991306
243840041584
243897340800
243844162415
243896913651
243858210875
243891201364
243844911781
243898788017
243840895835
243899552378
243846946303
243898657466
243848183424
243896682451
243844918573
243897692273
243858065268
243893362535
243847412885
243896718749
243854141699
243891057559
243842304821
243890550767
243848758809
243897060746
243856093551
243899711045
243845015705
243894396747
243840758840
243893919974
243853122105
243895172982
243856252283
243894551541
243848702690
243890395731
243853343888
243890809538
243840450828
243893751861
243841912187
243896901124
243843691974
243896344541
243850267731
243890257929
243850432715
243899249182
243859132654
243896712485
243852579906
243899244399
243855637090
243894709146
243850922130
243890153916
243858831748
243890003078
243859348677
243892779948
243842697219
243890128573
243851222806
243897325490
243853789586
243899391142
243852334966
243898087302
243854287482
243897089173
243851880929
243896332333
243850482558
243898933099
243853431131
243891703715
243849454347
243898227619
243842903940
243896896465
243853670109
243896809124
243854698763
243894503038
243855939768
243898737832
243852302557
243894536709
243845091348
243897736691
243857207384
243894126489
243850666092
243890189431
243842612341
243895610701
243844294089
243895071300
243845761111
243891547374
243856124597
243891215927
243854422851
243895743234
243844993681
243899653683
243854253590
243890908593
243851052577
243895966022
243843315131
243896968463
243850466098
243893112848
243844900218
243891362115
243840586455
243896041228
243840736938
243899610124
243844485948
243892196530
243850373181
243892278369
243855939822
243892635049
243858648862
243891927733
243857670542
243894699716
243850379139
243891578804
243842430336
243898554505
243854894025
243895697852
243842544516
243896391529
243847974811
243893972419
243859508944
243898909701
243858243672
243895432548
243849430422
243892549937
243853265686
243892360320
243859277359
243897146041
243843957263
243895400311
243844348939
243895438857
243854353158
243894387736
243842002575
243894821044
243857577224
243899984239
243848073923
243895888148
243842402006
243891300378
243842338918
243897462709
243850539660
243891399324
243850594031
243891568012
243858888471
243898561479
243841724240
243894695628
243850981020
243897427163
243844389296
243892634701
243846838161
243894531248
243847340997
243890000721
243856345361
243893769566
243852018677
243899744071
243858945676
243899024779
243843453178
243894675102
243852324726
243896807495
243857663942
243893475059
243844585255
243890739426
243854868992
243891944726
243847899114
243897554377
243846439555
243892633642
243850502838
243899879535
243841667918
243893362155
243857295644
243895682340
243855640571
243897844704
243846094698
243890187388
243849684353
243890378371
243846229375
243894596329
243852046366
243898871691
243857302098
243897019930
243855810904
243896385551
243851163080
243892655600
243841083661
243894103567
243857938976
243893425420
243852796885
243899391709
243855576067
243894792964
243843529720
243890429169
243854946305
243893563050
243841284682
243890607437
243841303979
243895993268
243849156149
243897175654
243854986029
243894354870
243858107534
243898621417
243858890618
243891519244
243846034188
243897163207
243855072379
243894128346
243843421257
243895733008
243842298728
243895887396
243852841661
243890161904
243855058878
243893329298
243841431062
243893383168
243843260988
243899656569
243841612308
243896354775
243858362654
243899990727
243845864278
243898158421
243844621163
243898069573
243850587464
243892643368
243856675370
243891993002
243844046049
243898542463
243841134557
243898413657
243840288661
243891988410
243841846951
243898177848
243858055452
243890000663
243853757105
243899164398
243840277937
243894722219
243852530163
243898689405
243842744121
243891530733
243843582583
243895480793
243853024348
243899914117
243841968797
243898728810
243853603887
243890721105
243848502153
243897343109
243847228196
243896103766
243858108698
243899826000
243849775396
243891275861
243859988777
243893532258
243844263789
243893895231
243844935200
243898264389
243849470835
243894161456
243846742645
243895310985
243846128521
243897661154
243852045719
243893943408
243858591854
243897865308
243845451170
243897460653
243847475952
243890556293
243851035668
243890397566
243851662378
243896719048
243859599775
243897316701
243855307779
243896769541
243858135085
243890163154
243859656009
243896712852
243857739803
243890161708
243849603638
243894009313
243859108643
243893837590
243841635427
243890042481
243849839115
243892439202
243842635452
243897472091
243843097752
243894488567
243856424245
243893836788
243845743697
243892064975
243842457979
243897301600
243847480563
243896056520
243855878086
243899433795
243846463534
243894970866
243840429644
243896795739
243845189106
243897057292
243849424637
243896194518
243855550918
243896516076
243853848579
243897146769
243846319112
243891121793
243856609926
243897179378
243847686531
243895564654
243851633463
243895490969
243858491879
243894781037
243841928798
243892700704
243847999885
243894469284
243849075090
243895204784
243859174261
243894705323
243852383631
243895954853
243852535046
243896832788
243845432041
243890531205
243843882157
243898938195
243859705746
243895091459
243855850299
243896912147
243840097843
243899664027
243859006499
243894920693
243857483625
243894800993
243841944333
243898176771
243858943196
243896731419
243845473961
243897813245
243858122278
243893260234
243841725680
243895140286
243847514257
243898879008
243840988293
243890355388
243840607995
243896264805
243851358517
243890072612
243857680015
243895415584
243858841864
243891461369
243851690003
243899262724
243857869208
243895491480
243850550943
243891177267
243844960460
243895888619
243850775093
243897590622
243850107260
243895284906
243846025572
243891208590
243853471399
243897527858
243851441395
243893193931
243857842349
243892913964
243844440180
243892764632
243842456873
243894827817
243856636778
243895079838
243846032646
243899091296
243845406858
243890058639
243859252785
243899293805
243841574785
243898439967
243846124188
243892295524
243855031086
243893390143
243850025176
243897290031
243842381375
243895701752
243844053470
243899261014
243859200335
243892791751
243842275531
243892296519
243844052155
243897948807
243841988203
243891013793
243840840847
243899362006
243847397049
243897650188
243858647841
243898340278
243859880901
243896057213
243853516046
243895866727
243850080645
243894880962
243852548599
243891881680
243846801851
243896639655
243842765139
243890540445
243843575926
243890566948
243856381326
243893993654
243840092817
243891088141
243855602335
243891450936
243858697227
243895969808
243854256174
243899863821
243858447013
243898125339
243844853551
243893214434
243851050958
243895256409
243847297088
243899164548
243841176728
243895256138
243846982843
243892289239
243841575619
243896807757
243844702814
243898002776
243844269650
243899557677
243849606518
243896220280
243847125586
243895348611
243847999647
243898593329
243850779066
243893840686
243840581832
243898360844
243848027292
243898658444
243856900887
243896966611
243849879922
243897410268
243853482063
243890302931
243842941522
243891230542
243859790299
243891576892
243846849534
243894758511
243857998121
243894653738
243854862539
243892802585
243858800879
243897908166
243856751457
243893022938
243843102235
243895130509
243841364903
243892137726
243851759382
243893708215
243855977483
243897558603
243845551667
243896919148
243844575288
243893435351
243847549999
243899877735
243845161285
243894926689
243842597351
243899062194
243854331142
243895310005
243847846053
243893986635
243848199039
243898073184
243851828851
243890436627
243846531828
243895937624
243859665484
243899265231
243853064437
243894296565
243856475893
243899335561
243854023880
243895975450
243842574649
243896446407
243853568421
243896582932
243849807985
243890865456
243842210038
243890961575
243856722631
243892320765
243855168300
243896447068
243856089094
243898379994
243858794805
243895986248
243856534566
243899133921
243843784782
243892995369
243852023998
243897951667
243842117380
243897309682
243851980465
243898605760
243842394403
243896409926
243856070659
243890558608
243856280059
243892985744
243855769531
243890117439
243850508491
243898395431
243849270434
243890423869
243858467927
243895050338
243858525093
243898879966
243846124664
243898417569
243857754843
243896354573
243856907519
243895794473
243857875971
243896539428
243844818568
243898018885
243841922254
243896065868
243846026804
243891748451
243851279521
243894119201
243852050080
243892898494
243843987328
243899659777
243848656917
243892436019
243840734909
243896249074
243843480292
243899841276
243859181545
243891749200
243841634295
243893905664
243844268121
243890938176
243848807630
243891346846
243857134390
243891385102
243858885658
243898496285
243847343564
243891281442
243849613103
243893411023
243857388736
243892317070
243856041011
243890492794
243858199876
243892010631
243849113963
243898645675
243841491911
243893348807
243859093601
243895913403
243851763947
243897366423
243850194591
243898162102
243858778848
243891786880
243852401278
243891735074
243850238901
243892820775
243853378910
243897238065
243857784139
243892084337
243859120511
243898169367
243854733206
243898302121
243851713605
243892658187
243853729861
243897053367
243849228575
243895613394
243841425854
243890033733
243849016456
243896963002
243854321341
243891851885
243855591516
243893737024
243857838935
243891141568
243853057083
243891502911
243843530115
243897134408
243852284898
243892315060
243844525737
243891474966
243848502192
243896088279
243840104818
243895572873
243841803814
243896854304
243842127500
243892923294
243846891963
243894323143
243844592352
243894163940
243849165777
243892887096
243858213319
243898535012
243856033009
243894273372
243849143877
243896281507
243845667470
243893954678
243845601104
243892613919
243854272878
243892816420
243850650494
243890612664
243854502622
243898268857
243845220041
243895982409
243856898745
243893351747
243855184301
243890000697
243843584618
243890543714
243843666439
243892464426
243852978347
243891766814
243844532823
243895451045
243859982982
243898591089
243856421969
243892124606
243841448429
243891819141
243859853948
243897611972
243849910046
243897660581
243853246806
243894195626
243854650443
243890504884
243858399473
243891527940
243858690427
243896941994
243849988831
243897570131
243846969486
243893914702
243845808649
243893334111
243854871127
243896951750
243854739602
243897898349
243840574580
243897220489
243854593080
243896302839
243852801851
243897680866
243859312587
243894161353
243857254714
243898522114
243859968320
243895799690
243855171985
243892119997
243849059399
243893169486
243842837517
243899359180
243854948794
243897713802
243857766408
243895176576
243850019952
243897421926
243855991625
243899092338
243855494569
243895522742
243840069046
243890690804
243855964595
243893815939
243858292041
243891752860
243840884361
243898020273
243853692196
243893307997
243852889449
243895592783
243852983012
243892384194
243855453057
243894222690
243843448146
243898973353
243847176395
243894538364
243842342375
243893500257
243842568515
243897286264
243848715121
243896631710
243840505992
243896894243
243843672432
243891066334
243858356305
243891117979
243851793405
243894238897
243856700997
243899415559
243858888124
243896504829
243840727860
243897389191
243852701502
243897608881
243853399010
243893102161
243846059495
243891764020
243858394520
243891046262
243841859177
243894830813
243844806389
243898901685
243846790659
243892711965
243841076429
243894365844
243849476592
243898251808
243854013073
243894962981
243855776836
243896746030
243855230087
243895364443
243857871276
243897258735
243844422419
243891113110
243843728727
243898939021
243853452942
243898773095
243842904339
243892979197
243851643995
243894654546
243855602285
243894419672
243851199782
243894010950
243855920875
243897389985
243840938011
243899318268
243854505480
243892054457
243849921755
243891256023
243847994608
243896357726
243849013290
243896082751
243849803345
243893310246
243847119133
243894490905
243843682421
243892602142
243855773759
243896321836
243851033994
243890231587
243850784838
243890171955
243856814574
243896556001
243857555796
243896382893
243850407010
243897497518
243858545571
243891024364
243859256966
243894809671
243851566743
243892263373
243855442245
243897403105
243843965539
243896701322
243843662301
243899688349
243843813472
243890566898
243859676099
243897800633
243849147857
243893078236
243849864091
243899920425
243856636723
243893508944
243843769059
243895602449
243851256764
243897744386
243841288002
243891287266
243859427961
243893703748
243853128502
243898010114
243852834877
243891348440
243850105550
243899325424
243855209336
243894061890
243843410026
243893669550
243853948633
243892795247
243854074750
243890620114
243847224551
243892451886
243844553886
243897794658
243847747851
243891392800
243854016792
243890604661
243850048292
243893720845
243857497547
243891991284
243844003186
243890670779
243842339341
243892177786
243840588404
243892085799
243846606523
243896390095
243858442550
243890142658
243857182921
243892796636
243848543917
243899716202
243853911016
243893360620
243853015595
243890121328
243840758073
243895590234
243856197982
243890209078
243848145083
243894269160
243841344689
243899400353
243845090411
243890082639
243842539296
243894832916
243841576394
243896000101
243842307695
243897276349
243849405453
243891108150
243857952390
243890394065
243856068691
243892165942
243854658988
243890347364
243859926574
243890652209
243856520498
243891134101
243851055538
243895615031
243847139180
243890876807
243858970742
243897732509
243855877936
243895331861
243849529370
243892251532
243851516429
243898910029
243854361587
243897880557
243844143121
243894278016
243855962803
243892246201
243842559439
243895151024
243854623770
243899537296
243856784212
243892937870
243846557272
243898722924
243843177221
243893246624
243841064043
243895692227
243846750351
243899257161
243856927337
243893631526
243853149091
243896519755
243846495350
243897575957
243858640636
243890814215
243848532397
243896877353
243850431057
243895468393
243858612943
243898448846
243842625194
243894997134
243858820175
243895243667
243843547456
243899235658
243850926346
243895415485
243853940377
243897858181
243853699313
243898011627
243850843246
243899016953
243852121498
243896287395
243852294819
243894536803
243851684061
243899413917
243844515102
243899544210
243847158837
243893556143
243845326995
243890526419
243855188127
243891770694
243841588671
243894267279
243855997424
243890513281
243850836776
243898423101
243856098499
243894178226
243845191444
243894173417
243851730888
243890087430
243856776990
243893708978
243858745388
243899878234
243850556236
243891820935
243857992715
243891006191
243852549875
243895478358
243841706680
243893872465
243847465114
243892463103
243840630224
243895894775
243856481542
243899836208
243855284536
243891648795
243851099793
243894428804
243844728225
243899373918
243850458012
243890396426
243847385169
243897238028
243846447082
243891807934
243859411445
243899620710
243842044045
243899683089
243858178999
243893103977
243849595841
243893232937
243845257378
243892414504
243855747961
243894355071
243857841920
243895483786
243845909538
243894485316
243856096749
243895619835
243844128261
243892502228
243856825807
243896766720
243845170016
243897149195
243855500291
243893292191
243845213847
243893670040
243850059605
243891473407
243849818822
243898044292
243854244622
243895437230
243857300745
243896302072
243843428014
243895148098
243844630127
243890370646
243846723267
243898240209
243849196808
243898114379
243841449521
243896960020
243854101122
243897933059
243850593026
243894509343
243858896109
243894614359
243852447444
243898903379
243853486760
243898936212
243848179875
243895255210
243857731119
243890142116
243854422585
243899235210
243857649103
243897735143
243840682141
243899096795
243845889847
243898824361
243842855281
243896505404
243853086163
243895721522
243853519032
243892486839
243850042236
243894201568
243851123104
243898839922
243847411653
243898093936
243857894395
243896167502
243854254925
243893520629
243848598036
243894597000
243850285209
243897176297
243847133662
243897366456
243852090591
243894931669
243841445114
243893398512
243856613339
243897579426
243859057325
243897375467
243851761661
243891224106
243846062365
243897137878
243841113234
243899380262
243855003874
243890134499
243854199244
243894640284
243856287245
243892591961
243841087902
243895913940
243850816968
243893386800
243844334183
243895238049
243849430328
243897313885
243847309854
243893685239
243854839627
243899434576
243850177831
243897346560
243849837950
243897336088
243848422661
243899931728
243856677838
243892596764
243840779285
243898707764
243858484830
243894014745
243854584361
243892471968
243842724976
243891670801
243848311313
243896817526
243844787387
243897378543
243858136656
243892369557
243846022639
243890194091
243853428162
243891859169
243858037213
243895315550
243853692206
243893481846
243858990669
243894259023
243846972430
243898591300
243852157673
243899906981
243841024249
243890186609
243850518503
243895674522
243842119013
243895327397
243849785853
243894911111
243843145909
243892997935
243855526651
243896959913
243851680684
243894088179
243853512506
243897862605
243852225656
243890042142
243858205849
243892996238
243852818794
243890418352
243856944860
243897382341
243842379742
243893670494
243843065329
243890641513
243845409502
243894838562
243847452071
243890115328
243854920092
243897965616
243844019350
243899764443
243841267388
243899693202
243845231288
243899742673
243851818997
243891605035
243854909598
243895518342
243848348130
243891305170
243848635826
243899468896
243859593312
243890158955
243840899616
243891188076
243845691270
243890166485
243848337299
243893149154
243842424920
243890178905
243856158613
243893527784
243853161467
243899161404
243854199298
243891404668
243854252179
243892293435
243846158615
243898938598
243841587397
243898816482
243847991900
243894363634
243845524742
243893609115
243842399666
243892427442
243852181093
243891818851
243854008535
243897731069
243850428871
243893247965
243854803422
243898023830
243848905643
243894011401
243851532434
243893809702
243848106200
243898759810
243840008646
243891778925
243851253072
243899833400
243844568603
243898742910
243853995868
243894547053
243851984189
243894708364
243841935363
243897992056
243849505368
243899200237
243854772106
243894097747
243856534679
243897773693
243852783808
243892711041
243858527483
243899080731
243858633040
243896629061
243857523024
243890690491
243850717854
243896093466
243840506021
243894407689
243845712734
243890802318
243859258204
243899818717
243847832503
243890496590
243851329836
243891338164
243855505108
243893334652
243847864398
243895959114
243842245466
243894731181
243857874679
243897094727
243845029407
243899296145
243843686826
243894090975
243840917273
243899249760
243850287373
243897175045
243844788396
243899108825
243854340226
243898894521
243852204701
243893616734
243859776693
243891222683
243851156203
243897343336
243841807313
243892155775
243842281766
243898579674
243851914201
243895756648
243858875457
243899436976
243846998560
243895492578
243840235279
243893265079
243858925621
243895079071
243854282708
243892672399
243857533698
243892853555
243852235404
243894596446
243854038247
243894871754
243858131528
243895982565
243841577085
243896535016
243847264478
243893882408
243842359704
243898353805
243849394394
243895553107
243849681527
243893350610
243853674180
243896572603
243845188700
243893566875
243846384250
243897964909
243858527658
243890251038
243856620965
243891707370
243857379578
243890847844
243856305710
243897803095
243845190867
243890827005
243850425388
243890307349
243851868721
243898332827
243843527796
243896770215
243846991927
243890112352
243856096459
243896182930
243842986865
243892750657
243855092089
243896802075
243852203350
243895305839
243859033730
243894210702
243851067634
243890304101
243843503172
243895298570
243847520289
243893213908
243846554150
243891595162
243848416287
243899731506
243847909571
243898481579
243854951199
243898203164
243854801505
243891904417
243847687116
243895240547
243841727152
243898152277
243849107071
243892197879
243840311006
243896444269
243854546760
243899669310
243847252359
243897719495
243847358668
243894744529
243840348434
243895875407
243847609304
243891980146
243840209802
243891261538
243852883291
243897219083
243849124879
243898078392
243845518780
243896988861
243849350510
243893651788
243844908248
243897552521
243846180674
243892051549
243858417268
243891660575
243849254486
243895673157
243858202230
243898381209
243848018523
243896002749
243849537596
243898452760
243846853259
243896495967
243859717773
243894574209
243841613737
243891356195
243852338793
243897942076
243859535327
243890086385
243859490171
243898078173
243850979840
243896461234
243849684263
243893708136
243849061287
243897154029
243845824190
243893025894
243841865856
243892012083
243853904737
243891647719
243848024919
243896713356
243846662475
243896761586
243849728562
243896445338
243846167885
243890466089
243851606576
243895897811
243844188177
243892118980
243855054783
243895119683
243852839680
243891892777
243844993720
243890408266
243850838435
243896412212
243841263113
243896636088
243840171859
243893209016
243850089560
243899394016
243855878285
243896835109
243850411546
243893692085
243842799614
243897719159
243842897672
243890876787
243855733994
243890906379
243852311625
243894770882
243856554605
243892721215
243859484680
243894060560
243850167251
243891340794
243852261397
243896740287
243853239602
243897124835
243850300802
243893695017
243858487342
243895823640
243843675846
243896448043
243851942959
243895459818
243843215582
243898960176
243842505118
243893527013
243858760857
243898192033
243843306900
243897880311
243857084364
243893600725
243846345566
243896190917
243850213204
243891649433
243852720302
243898773056
243851158246
243893930715
243858769664
243897252765
243847720318
243894926324
243858379141
243899803842
243855467206
243891411885
243845381540
243898597786
243850579238
243895600152
243850378644
243899631854
243846169251
243891127725
243855144275
243899006369
243851260669
243893535932
243840863763
243892501004
243858817957
243895406131
243849045186
243895997347
243853616009
243892085280
243849262021
243898635467
243840801898
243898312240
243855279790
243894401944
243859587341
243894319659
243858298449
243891706087
243858688248
243894808042
243854179000
243890053874
243843372402
243891769603
243853451691
243895044392
243852267216
243896911958
243855780402
243898060161
243849358203
243896185011
243844559476
243893934627
243840948920
243895625580
243852668637
243897669142
243843652572
243891210759
243855095240
243898401230
243855080808
243896021031
243841184916
243893804073
243841534954
243890239422
243849376185
243896291848
243854596333
243890363603
243849074450
243896633664
243851050530
243895921508
243854421433
243898422917
243851060139
243892914427
243840363925
243890936680
243852200339
243891745807
243840556316
243897744205
243854894480
243892248939
243850284681
243891454110
243841799939
243891913461
243857866659
243890892640
243857258583
243899694788
243859969386
243894714128
243846630555
243892067252
243855415951
243895784541
243853903709
243892531101
243847983059
243890612014
243842996288
243893652087
243843184144
243897325736
243858458200
243897052927
243858827322
243898780064
243858742545
243894707101
243856900968
243898905481
243851880547
243896189751
243853422583
243898166827
243853263386
243897228289
243857035633
243894640958
243857120846
243890926712
243856906250
243898513378
243844294373
243890375773
243846679798
243896822121
243840243995
243895491028
243857551036
243898590156
243841474083
243896650701
243856585920
243899101156
243859587310
243897809539
243848531949
243897830636
243851323131
243897685120
243842214686
243891499859
243855169544
243896754179
243847858289
243899161512
243851960501
243897705443
243859858059
243890769868
243841871706
243892817385
243859910223
243894337361
243858784360
243899268703
243846305913
243890149643
243855192497
243898091666
243847744663
243897797974
243849176185
243894018689
243847593100
243894449528
243853504560
243898484565
243850368405
243893110097
243847594381
243891807078
243847954528
243897702423
243857521373
243899374681
243854314406
243890488103
243840563901
243897269785
243847082435
243896885380
243851478100
243897337154
243853158804
243896026539
243850514194
243896537673
243844549440
243894101501
243845636993
243894406851
243847963694
243898277850
243849937059
243894154844
243847782729
243896216585
243855411106
243893897546
243844165335
243899731190
243843964480
243895577379
243853977823
243894807498
243853892268
243898209402
243843414505
243899874832
243845632390
243897478453
243845513725
243893516530
243841252178
243897418738
243848074382
243894978781
243844796357
243894837635
243858330028
243897337288
243844535890
243890694706
243855386356
243898517648
243846036185
243898384699
243848690805
243897889104
243857983679
243896686281
243848611306
243898134552
243841393341
243892157917
243849294463
243896662762
243841696129
243893375074
243859116785
243895548972
243846063423
243897963120
243843634492
243891800736
243857077592
243893229242
243845043735
243898118438
243848421918
243899363997
243851624486
243899721772
243851827023
243896751023
243842208327
243898015294
243852147963
243898710384
243857975845
243895125215
243842062986
243898583030
243847945756
243891549920
243846968096
243899878095
243855949203
243897455385
243855128796
243894974376
243840249816
243892201467
243858440605
243895091784
243856558653
243897453580
243843919010
243892866822
243847710978
243897790622
243846320871
243899404288
243856942231
243894147537
243855631405
243894005260
243856658030
243896669433
243857136332
243899875492
243846643428
243893733500
243844440039
243899232799
243849756886
243898713568
243844209089
243896214532
243840987908
243899475455
243843959566
243894935438
243858352932
243894404017
243846238888
243891674049
243849468988
243891626870
243854551649
243894138004
243854234727
243894802847
243855472889
243893450488
243849844294
243891386459
243842543762
243890845470
243845145233
243899269274
243842764313
243891724060
243856777637
243891183323
243854669025
243898908497
243846310393
243897362855
243859367584
243893670441
243857492920
243893724618
243851038168
243890322240
243846753551
243898466509
243851669396
243892530810
243842262203
243897529440
243840218391
243897088227
243843881062
243892738867
243845495979
243898858705
243844603014
243893009551
243840397667
243895493748
243848445636
243897689749
243859878422
243897412363
243850479753
243892533689
243844336751
243891777268
243856665105
243893442305
243843647321
243895259238
243847361111
243896110184
243846448108
243896470872
243848313003
243899468972
243845193483
243891401447
243853671817
243896813175
243840758145
243894209941
243846729451
243893205916
243844842546
243894226239
243859824719
243894392017
243844190769
243896876436
243852440750
243891743107
243848513136
243893681478
243859456220
243893091974
243855763060
243890521361
243857999784
243890983380
243851172831
243894379481
243855945814
243899599662
243840948727
243895996362
243846488896
243891626762
243842717661
243890491182
243849848507
243892790595
243843737568
243891852091
243857798351
243893732498
243844420121
243897030820
243852924897
243895111622
243841625253
243890179182
243852105677
243899226876
243853312838
243892380546
243848588566
243895158485
243859058478
243898076075
243843939119
243895900506
243846092418
243898672614
243852846991
243898008442
243858703044
243892649794
243846987780
243896080573
243856042737
243898322207
243842241329
243892036708
243843822096
243898143132
243856531314
243897977711
243848148217
243898319111
243854597901
243891405861
243853312624
243895990897
243847602818
243891937922
243851785583
243890043467
243844863155
243894585170
243851322368
243892605589
243840167471
243890278277
243843657611
243891978644
243841064003
243898015585
243847487931
243893373388
243858498373
243896785696
243848597107
243897971299
243846632703
243892138824
243843809823
243897491072
243843791176
243890536478
243842453356
243896243203
243845576658
243891327815
243857420177
243896975294
243854776883
243899304636
243854670906
243891457568
243849883555
243899720530
243847022059
243892243295
243851923697
243897935003
243845051304
243899254559
243855800159
243890138944
243848012589
243897585551
243854641726
243897052262
243847778888
243896445055
243846107247
243893368604
243854057589
243898249767
243858072829
243894429915
243847360920
243895516330
243848342814
243894655749
243844342097
243894257323
243845799439
243894443788
243859195153
243892599871
243855971873
243896211285
243851805614
243891107222
243858697791
243890157059
243846911253
243891365100
243857844523
243895012666
243841665213
243897561374
243851583153
243890099531
243844195865
243891453914
243842225149
243894012629
243843336357
243894718069
243840345912
243898355185
243845183788
243896800435
243859220539
243893324160
243844741060
243894333481
243854136548
243890136748
243853667930
243891743958
243846431893
243897076638
243848692365
243893490588
243842705530
243890013483
243847853744
243892262359
243858141640
243894099578
243841141640
243892850806
243844371054
243890163043
243856229641
243895122778
243848370500
243890904597
243855533133
243896468297
243851074702
243892189083
243845892390
243896729840
243853196299
243895940493
243850788988
243899341427
243852621078
243895340081
243856134274
243895706673
243854578282
243891754394
243852053934
243893198442
243859300831
243892889363
243849446721
243895856323
243849983212
243895485701
243859287893
243897541688
243844017114
243894006088
243856692697
243891834144
243846082370
243892106059
243845507971
243891230644
243854917921
243894755483
243847958865
243899615373
243845825123
243891029709
243849867696
243893923424
243840623054
243897651859
243859361099
243892962116
243850311416
243896614926
243849012667
243894856638
243856225412
243895237781
243847729668
243895980225
243857224166
243899852830
243851504533
243896903224
243842027245
243897377360
243857705674
243892653806
243855991893
243893062389
243850906470
243899724068
243841785667
243897152030
243852509187
243892910709
243842469808
243898296221
243844462328
243891338257
243858497170
243897776739
243854099080
243898194564
243841993237
243892081477
243857181740
243894795190
243849943105
243895422799
243840578651
243892170621
243850255865
243898962195
243843683875
243893931585
243859200665
243894497921
243846052657
243894264375
243852023354
243891460971
243842027818
243894032232
243845147118
243894534661
243853119026
243898781478
243841787354
243893795484
243845622028
243893545556
243846025425
243890900740
243842207922
243893705774
243850164949
243894845165
243850250380
243890639428
243849696008
243897572126
243850196543
243899724182
243857938799
243891546964
243842627791
243898302740
243840536689
243898996283
243842927098
243897204744
243841861201
243891867454
243851657393
243892360974
243858655367
243890366233
243856222719
243897020020
243858525843
243890579150
243841050209
243890362727
243850236253
243895652087
243854316494
243899339517
243849504477
243897903482
243853406628
243892611875
243849493395
243893110217
243857304896
243892121360
243854173254
243899358129
243853404440
243897225325
243848133454
243890164671
243848843086
243899191446
243846726121
243891960149
243849867227
243892835999
243844732627
243892622626
243844803125
243891239101
243856127150
243895154810
243849490751
243890244736
243841071453
243893933100
243856596048
243890570620
243848488918
243897735884
243844488603
243891879898
243848949705
243895476306
243846012898
243892094248
243856397129
243899924710
243857004057
243896765352
243846044915
243894261472
243845138918
243892566405
243856312326
243894283873
243849589314
243891398379
243845273268
243890373745
243854946920
243890506217
243856507410
243894143728
243845677173
243893432473
243859572039
243897718361
243856693165
243899919613
243855516493
243899619850
243847338256
243894611468
243846474173
243895576277
243858335081
243896425609
243857094276
243898865323
243842224966
243891358501
243851588186
243892843176
243856889484
243890064426
243858831313
243898330833
243849021684
243895781088
243840300152
243891694460
243847423794
243891977858
243845629879
243894432085
243858587216
243894411983
243848508032
243898294699
243855286194
243893606573
243844627430
243897435010
243859383453
243895529444
243841240650
243892321151
243846269089
243895005075
243840296301
243893041770
243856732735
243893495592
243843302018
243895725667
243842725577
243892451491
243852914306
243897586110
243859902620
243891565490
243851617983
243892546516
243842823424
243897430103
243851833441
243898822965
243843804896
243890641037
243851051611
243897117154
243845605082
243897518495
243859804950
243897484320
243846708850
243894512040
243854152923
243892581711
243849799205
243894399968
243855103266
243890876880
243855928329
243898288090
243847809516
243891124881
243846299483
243895079186
243851252595
243892714160
243849741037
243894577268
243849830817
243899604469
243859026706
243895510092
243842016326
243898158653
243857968433
243892705947
243850481003
243899281925
243846510345
243890672453
243846458166
243899250746
243859634119
243895104227
243844063801
243896586538
243845867369
243897795845
243859786856
243897576215
243850339009
243893342074
243842068418
243895999800
243853986407
243891058351
243843817335
243894938893
243841112357
243890741799
243857916384
243892838676
243850826098
243892680007
243857096523
243893235903
243854655834
243892612990
243854462552
243896027279
243841596080
243890149191
243856053762
243895193387
243845753722
243891368635
243840346536
243893471485
243855254618
243890120570
243849184002
243890973379
243858468662
243894197961
243853249465
243898294734
243851099256
243890298708
243849519719
243895996128
243841795452
243897565077
243844993067
243898952998
243852468743
243898020726
243848357085
243891115262
243851061393
243894208395
243846295655
243897048148
243858095843
243895299360
243852731551
243894801373
243844384542
243896884832
243850333529
243899817885
243846279656
243898847866
243853083822
243899390518
243855282354
243894807363
243857329862
243897260717
243852984111
243895452837
243846001484
243891937277
243841113218
243897194171
243842645646
243893434341
243849429388
243898803031
243854617518
243893658394
243852302739
243897052703
243843934570
243896054881
243856023357
243898578691
243859247067
243896288635
243841358461
243898414499
243859265428
243899068687
243857321818
243896129837
243841982387
243897479591
243856151430
243895356112
243855590208
243897205253
243858921177
243897574593
243841910878
243894982632
243844922194
243899830424
243843754715
243898583089
243844241282
243890124900
243857087766
243893652145
243855004805
243893029598
243842765809
243891710259
243843284436
243899864592
243844002300
243895811635
243847640946
243892386900
243855213591
243896437897
243847296470
243891885017
243856798998
243895260472
243842369211
243893987809
243848022050
243896663025
243852309184
243899078777
243842935532
243893405943
243859801367
243892155657
243847825050
243890550740
243840398056
243895500237
243848870868
243890604662
243847350680
243890650031
243844858776
243895382328
243847477305
243891577980
243857857824
243895628871
243855019639
243892197434
243849062895
243893527548
243847047399
243894091753
243840455644
243891503781
243850586256
243898149289
243850965052
243893711224
243858653810
243897705024
243843139408
243892233491
243854544540
243892661586
243856788405
243895295876
243858061424
243893181236
243856818245
243892830452
243843175295
243892673242
243857078161
243897796138
243859868389
243899415620
243840426002
243893711327
243850569408
243890614003
243844458532
243897411215
243842845691
243890904492
243845298171
243898130841
243851270134
243893070527
243851841725
243890695899
243856688038
243899329012
243853503507
243890202770
243843077311
243899741300
243855296742
243895923984
243851235133
243897493370
243855256792
243892412300
243850493921
243893359329
243847549115
243897996399
243849783570
243898507303
243848811962
243891842643
243851935013
243891876957
243844100200
243895504838
243840122511
243898183527
243842057646
243898591284
243857164749
243899676714
243856525389
243897714210
243858572818
243891895856
243852056956
243897361749
243853040822
243890428450
243840762987
243894795181
243841584359
243895118669
243845000870
243898193965
243840565686
243893801177
243847698976
243890794151
243857088929
243896146911
243859153905
243897026417
243846536219
243897465125
243854581999
243899329551
243855948226
243899778783
243843049863
243895096427
243859467403
243899209717
243848389802
243891204130
243853273471
243893304751
243852503439
243892735323
243854690463
243892226389
243859328200
243895616014
243852871293
243899209137
243847751730
243891163555
243840399784
243895826690
243845727464
243897906677
243850737840
243891397742
243857872964
243894091343
243850390143
243896817982
243849957423
243899546385
243859328081
243891564786
243851354313
243891191936
243854895610
243895611365
243840659343
243890462427
243850877639
243895378701
243846957645
243891988168
243856460627
243897495862
243857213926
243896508414
243854198774
243899354855
243857378329
243894041248
243844093059
243894036408
243857775425
243899309830
243854028300
243893942525
243847249207
243899307145
243854873016
243893450357
243843435006
243891597867
243856603931
243893441128
243859661619
243899682505
243856871913
243894400962
243851698962
243899664356
243850443522
243898360600
243852781070
243890128473
243856113158
243893335029
243850775336
243893409736
243852251380
243896752170
243844689661
243895987173
243851612945
243897271973
243847225932
243892960420
243845091862
243899619000
243846308168
243892332280
243849190566
243896115305
243850214434
243891962049
243846818959
243892444884
243840710536
243892502099
243842653440
243894922179
243856420035
243899870112
243847152709
243891700639
243852464771
243899772721
243846719888
243894313433
243853848737
243895164795
243841195736
243899577958
243846055411
243895958834
243853131696
243893076058
243857080537
243893529895
243853040957
243895263707
243858176931
243896072736
243850978692
243892042130
243858797124
243891818709
243843048362
243891203942
243850581934
243898925437
243849248368
243899368408
243840900180
243892309839
243851139568
243890971015
243845302105
243896109171
243845281602
243899456965
243851714865
243891846384
243858175520
243898577447
243842265217
243892981368
243859689601
243893667798
243847069289
243899215875
243851956026
243893276064
243844454303
243891285650
243840441891
243893056472
243848290449
243893231254
243853680007
243890342722
243848132522
243899708953
243856893004
243892881473
243840769455
243895319723
243847174493
243894931056
243841813918
243891002820
243841226149
243899860853
243844277168
243891134745
243853651533
243891120573
243857987319
243893342243
243849359362
243893020978
243848897501
243896792711
243843547418
243897167009
243854199302
243897094908
243843184295
243896014411
243848378916
243899503495
243850140724
243898863402
243844827204
243890054263
243850772814
243897978957
243852384306
243894850088
243840738403
243896264777
243855273694
243894908242
243855103859
243894996021
243853833097
243892374156
243856212125
243895846910
243858644924
243898586917
243853876044
243896980999
243858265399
243892962588
243859115943
243899941892
243857657836
243895780249
243859145528
243899475525
243855311066
243897600639
243854615174
243894940504
243846225311
243891348362
243858706256
243898435257
243849631568
243893288072
243845264794
243892810301
243852999321
243899600107
243845319409
243896697251
243850466743
243899489503
243857576233
243890899840
243851546851
243893187168
243850785887
243895292837
243848995260
243896670419
243847309946
243891344117
243840117413
243893007751
243852716176
243898289025
243851583169
243896601126
243849179510
243898447922
243840483281
243891915924
243856319723
243895245355
243841821093
243897415077
243849031359
243892043550
243849390603
243896922181
243850671675
243897467702
243852427033
243890871820
243859190878
243899692539
243843062601
243891135101
243857311532
243891465990
243849397511
243890156602
243856799750
243890058179
243850438284
243893238957
243855516701
243895328542
243842763634
243898775271
243858486210
243896552841
243856281491
243893979120
243857629231
243891108161
243853281952
243890130583
243841142164
243896939018
243843941647
243897701892
243855887936
243891202425
243848548614
243893887410
243854610628
243892341944
243842840636
243893710936
243845645705
243891704960
243852050743
243892994422
243848807002
243894620105
243859193715
243893424827
243841398697
243892368122
243841751781
243892215399
243840258073
243896232240
243847088488
243899425924
243852527994
243893438557
243859395373
243894463335
243844278618
243891119162
243857703029
243890895849
243858140306
243894056679
243853911713
243890397434
243853521038
243896224129
243845589018
243893807327
243850348534
243895096569
243854399144
243892536350
243844980179
243896466069
243847014658
243899336641
243841720414
243890944660
243857870471
243891476931
243853497846
243893873314
243844929087
243892951245
243857277630
243892366971
243846632904
243894107898
243849725148
243898772054
243859285964
243891652851
243847621556
243896380048
243848083408
243896334103
243850957118
243898652149
243856834556
243896806494
243844341943
243890471219
243844561784
243897201176
243856532155
243899457441
243844753701
243892244193
243854239283
243897803241
243841531093
243896808714
243847510823
243893662626
243840728204
243892849424
243856764105
243898188306
243842209817
243898692429
243844881544
243895241469
243852233133
243893660771
243859143623
243897898455
243845746184
243890804480
243841698087
243894978858
243850637899
243893932253
243856630326
243894610551
243846508847
243890296412
243845268560
243895134673
243844197190
243891871970
243856618715
243892775920
243857546190
243891683690
243847963274
243896779986
243854566864
243896693683
243842408036
243897228249
243849728435
243890768085
243845378598
243897194915
243858400742
243892854789
243852178790
243892075362
243842654383
243890411488
243851334065
243894221031
243855479936
243897334708
243849735908
243895974873
243842212326
243895355180
243842778488
243890523511
243849952221
243896291953
243840985686
243892669739
243841716309
243899830539
243858685788
243898626106
243843387835
243895310414
243856205976
243897579254
243842721952
243897666948
243859166619
243898872738
243852616622
243893057775
243859661122
243897634420
243840029140
243898506105
243848287262
243893864738
243857611382
243899624749
243852639303
243899489181
243842046480
243898374175
243842609821
243890512705
243854833443
243897113695
243842749201
243894011333
243851368708
243892246385
243841198706
243892561900
243855359796
243893601871
243840209958
243896850020
243853394344
243892351009
243847768985
243899279524
243850104300
243898613557
243849954443
243894411200
243858050925
243892328826
243842893586
243894025594
243840960323
243898542931
243856878671
243894407084
243858432014
243892024069
243840668688
243893737005
243845755381
243899258639
243848970809
243892534426
243855372657
243895423022
243857154663
243898998998
243858244244
243891889340
243847044319
243899272626
243858704452
243896396895
243846308592
243899153015
243845599838
243895084208
243859734529
243895279743
243850581200
243894221932
243845715946
243891154592
243854919493
243892213746
243853410911
243894173972
243849212706
243895355171
243846009154
243898959517
243852350339
243899661332
243844991295
243892357389
243850060487
243899895047
243859067348
243890355866
243843135091
243899061261
243850908589
243893803384
243840229994
243897631693
243858323617
243895786124
243853521776
243895596867
243856213739
243890645917
243859741576
243898481755
243855495060
243896693972
243856075021
243893572995
243855887127
243892209571
243842767429
243890954798
243840910119
243899260655
243840829623
243892724581
243857498202
243893309776
243844112282
243890150815
243855722895
243892484870
243851503752
243896848877
243842559027
243898922027
243840361684
243891139864
243859910751
243897224365
243859401609
243895289292
243845787636
243893249825
243848104811
243893501581
243840150551
243892724961
243848926782
243899433738
243858208956
243899366218
243848704344
243896872794
243859610690
243899388807
243854016862
243894333471
243855153548
243896484075
243852243687
243894686587
243844589529
243894655473
243843110184
243896105659
243854371862
243891230359
243842080321
243891070067
243851392719
243894057020
243858191033
243890764557
243856560948
243898958310
243853323441
243892384171
243847618497
243896069271
243855574354
243896245734
243843898782
243894052370
243853613321
243892327436
243845099225
243897414678
243856115244
243898132485
243847543703
243897191341
243855888402
243891438362
243845143912
243893882541
243846224591
243894858770
243848808393
243897052311
243856533348
243891057367
243840218115
243893845421
243840321771
243892581079
243854785139
243893857041
243849554138
243890676345
243843681480
243890238613
243842771030
243892791059
243846116181
243891196165
243845183643
243895445394
243853467183
243898853940
243852455583
243896865942
243857008384
243894564223
243853534884
243890961881
243840210356
243894158875
243856061082
243890948757
243841646341
243891913989
243849304893
243892785727
243854082684
243894710795
243856252286
243897405687
243855871871
243898737918
243843117319
243896871615
243840164413
243892655557
243840062639
243893240681
243844333350
243892329932
243847280471
243896533947
243852527754
243895496764
243840263424
243893060508
243840299448
243891563380
243847555186
243895837253
243850584445
243892421146
243849762131
243894113896
243856204228
243894848408
243844698310
243894859673
243847331286
243897401333
243857149522
243898601728
243847559857
243890664972
243849995147
243892907739
243842487525
243898032635
243859883351
243899708689
243845250029
243898901185
243859317064
243896847100
243852510988
243894155496
243852547093
243898679739
243840285943
243894769946
243846710713
243895875445
243855195742
243896098624
243851065491
243892786937
243842439305
243895572656
243841027571
243896682236
243854039145
243898166468
243844988530
243896783037
243851465830
243897668834
243842272143
243894824682
243849928569
243897331708
243846005946
243898225592
243849340673
243895414173
243858344666
243895751653
243841151310
243891014752
243852049366
243891563982
243847396420
243891405311
243858749577
243893375529
243850312898
243894810763
243842436605
243897686973
243853621169
243892939809
243858863398
243894238051
243856245769
243890809314
243859502460
243892825728
243848473111
243896416549
243840691959
243897697017
243845332328
243893854504
243859334211
243899994965
243856273030
243895769045
243849407761
243898969588
243855635199
243891273951
243852122551
243896298957
243840236263
243896102996
243840411256
243891767543
243855153861
243891525084
243845184746
243893981132
243850903903
243897730182
243841020840
243895142690
243840049227
243891711350
243859110882
243894435310
243848586442
243895546169
243846029780
243897441802
243849726280
243896139343
243856755153
243892708668
243854777196
243897716730
243851931244
243896049340
243855970801
243894616283
243855035462
243899883780
243856396925
243898523104
243848082101
243899674673
243855691604
243891013317
243850841715
243895583565
243855298956
243890462276
243857278030
243893734711
243856940988
243898845399
243859870434
243898368550
243848271964
243891875178
243847321145
243891763678
243843014789
243891933468
243859703069
243892600178
243840077746
243893148789
243840427969
243890804118
243859138471
243892712115
243846569612
243897034167
243844569112
243893514028
243855047199
243897867214
243845589749
243895010312
243844158905
243896897585
243853362180
243892456861
243844510820
243891437937
243841037227
243893452992
243859041363
243892532853
243842627171
243893763042
243856608840
243891349869
243855116618
243896671724
243844001757
243894932917
243852966762
243899532462
243856981679
243895920932
243850159765
243898235274
243842541719
243897919622
243845022091
243898744609
243852569057
243896730349
243848635448
243891645646
243847325678
243897040368
243852577928
243893521890
243856551124
243891178518
243851409622
243890274903
243849105431
243897138918
243854831617
243892124534
243850971751
243898861140
243848971910
243894874835
243858076778
243895340848
243859222435
243892837270
243849174667
243896725640
243846052352
243897000845
243853496273
243896348722
243856204512
243899177355
243847468053
243893092614
243855100622
243891555077
243849475321
243899222420
243857996666
243891212933
243858446659
243893933664
243853229091
243893803409
243854614052
243895959192
243847014201
243895720194
243853577409
243893296826
243844616004
243893833268
243846824489
243898976782
243854796928
243893036230
243858224428
243895125676
243840577761
243892863357
243843790593
243892702332
243840812051
243891206477
243844459083
243896582453
243858221790
243898250338
243853920277
243896289484
243846758680
243896370793
243857284656
243896374184
243849293912
243890914879
243854876348
243897829538
243845928709
243894799668
243856169825
243894748266
243840909304
243897803589
243840153929
243892245763
243855389140
243899909046
243859742032
243892306032
243854005280
243892815208
243840187624
243894384898
243843550554
243896999928
243845218550
243891477049
243850855374
243897280593
243843296613
243893839993
243848638823
243896922094
243856483632
243895309134
243854675011
243898937779
243853294512
243890427458
243859189315
243892706126
243845504444
243892785706
243845963521
243891093597
243848999428
243896260788
243847946660
243897311520
243853433432
243893911109
243858379827
243899761536
243850359950
243896246704
243851199830
243896207565
243844174916
243891867193
243853881549
243899921660
243854117981
243893671926
243855588142
243893670882
243842118234
243898245970
243840943074
243891230150
243841656543
243896427192
243859192480
243897634759
243853001795
243899759360
243852120130
243894924308
243853396515
243898469269
243858707724
243892644448
243853083338
243897738849
243843587826
243891952486
243852109453
243891068538
243848101002
243897633688
243850447379
243891647141
243845064345
243891908389
243843335346
243899045015
243849035094
243895045797
243851477760
243895629131
243856181788
243893188414
243846042930
243899699565
243854082887
243897189558
243858396371
243890706909
243859719391
243899110553
243849192268
243893226888
243846537780
243894504465
243850841948
243891665431
243853260042
243891281524
243856942615
243891215425
243852232313
243891585063
243846619385
243891701852
243854736483
243894285010
243849309720
243895868116
243850519073
243890638620
243840492634
243895383704
243848477106
243892718286
243845198963
243892609720
243842682565
243899393320
243853140482
243894151993
243844814304
243894802699
243859097507
243892609723
243847952654
243892080095
243858021429
243894759190
243846597638
243892665351
243846322010
243893103948
243850705763
243896397665
243851618283
243898880975
243845392767
243895598779
243859643351
243896071498
243859240439
243892186881
243843069855
243893543295
243856518196
243891863033
243856603153
243898235508
243844591581
243894325325
243855595465
243897059188
243840435216
243894438734
243853027558
243895157052
243840480789
243894005325
243854405778
243898993396
243842249260
243893910907
243858977738
243894197847
243844741079
243896285236
243849792079
243890887761
243859630710
243895325062
243852670288
243890901134
243857778364
243897329549
243848896457
243890655340
243857168394
243897658247
243855828676
243894433073
243855942311
243891400516
243858384083
243891092212
243849593039
243897699317
243847599981
243895633019
243853854559
243897112856
243854891244
243896914182
243841681433
243891629341
243854643381
243891155413
243851984209
243890069013
243849090711
243896187701
243844104716
243894658111
243840665119
243895638332
243844518455
243897637421
243847360154
243897490040
243855266209
243897208643
243849983938
243892621200
243846719899
243892708618
243849627034
243892461978
243846790356
243892759420
243842539414
243892760415
243859879630
243895503441
243840235546
243890552889
243856515674
243897712855
243844029559
243899597556
243845983032
243892575283
243849740066
243895833954
243857290417
243891017669
243841735626
243890950011
243855618524
243892335901
243848468352
243896331840
243844790211
243891856009
243842657054
243893746441
243850580556
243895076460
243856172824
243897465724
243842811558
243893779229
243852871168
243896306620
243852405767
243896760731
243858768837
243895085121
243853653123
243891716010
243859841702
243899895338
243854871149
243899414180
243846653787
243897710527
243841930039
243896301812
243840024082
243890719428
243843421704
243892284416
243846342555
243891767233
243858757259
243898345916
243854407700
243891202269
243851157802
243893221189
243851850354
243895333717
243846715918
243890128186
243858516468
243895062335
243848564075
243894075412
243851700116
243898262952
243855783626
243897704089
243846758625
243891016699
243850918670
243895179663
243851491020
243893561495
243848151232
243890683693
243849998500
243896957720
243855866985
243891242658
243848685069
243894170232
243842319525
243896031069
243844670693
243898259176
243841101036
243891410389
243847339222
243893482289
243840953424
243890904675
243850526113
243897090715
243851701772
243899056962
243843289512
243893236091
243844743341
243894742834
243848765620
243894630848
243849630813
243892436201
243856717780
243899960905
243857739193
243892271237
243843491600
243891275801
243840978965
243890592873
243840740986
243898374185
243842088824
243895606561
243845371025
243895332847
243858546581
243892785138
243851246533
243896664389
243843257647
243895506469
243840992324
243895372327
243845290539
243891172401
243840552582
243895600137
243850154438
243897969460
243855292672
243890308035
243842108622
243898070112
243842074688
243898131560
243857338437
243893011047
243854038313
243894451250
243848375794
243898553438
243852488717
243893809037
243850241935
243896932702
243846772161
243895698355
243848309769
243894822879
243853392507
243891460540
243845589269
243892921531
243846406138
243897808993
243849275249
243898668458
243857396495
243893787402
243847883890
243890678495
243842492771
243896042966
243848175887
243896748131
243852077275
243895737764
243858854132
243899775580
243846836428
243895965137
243840271226
243891917747
243857209147
243890695555
243849916698
243899814490
243845393953
243890894681
243851671502
243897163991
243841715759
243896116266
243848405898
243891359075
243841477470
243891897134
243851989179
243895627610
243859602109
243899656776
243849130653
243898709696
243844847277
243891805051
243848617931
243891424877
243851836396
243892428646
243853529488
243894077279
243849746300
243898340528
243847682478
243898708045
243859876803
243890846028
243856506634
243890237744
243853036510
243894076896
243842339085
243892831629
243846101193
243892734944
243856356791
243896117947
243843466092
243894133634
243851192085
243895520343
243857887586
243890118594
243857406378
243893238100
243841521616
243899127208
243849574683
243894810055
243840519701
243897298297
243857745576
243892927311
243859801436
243897450566
243842973699
243893144681
243857670736
243897553802
243859044437
243892529427
243854338094
243892344128
243851369761
243890950338
243846760506
243898762057
243853899947
243891974828
243851535754
243890098281
243847190381
243891036144
243847442751
243897915747
243857318199
243899427640
243853144192
243894795289
243852446971
243895664939
243842267458
243890736169
243851828824
243890096288
243854300014
243893782693
243848418227
243893292382
243852595679
243898282702
243857447509
243894552028
243855220309
243891159341
243858508532
243894240367
243848534225
243897875877
243851511780
243895324653
243842372638
243895541035
243848215610
243893010453
243842476582
243891446072
243849501682
243896169865
243845502685
243893920742
243846092081
243893766719
243851681798
243894731102
243853172696
243898125011
243846922895
243891046208
243849519795
243892124059
243852186252
243899509407
243858123168
243899590470
243844814709
243899965745
243859236607
243896391029
243840876028
243896449270
243840263025
243893367872
243859832648
243897053621
243853878112
243899663905
243847537084
243893576213
243845115121
243898298235
243848169264
243893551108
243844413912
243898897697
243842348359
243892723201
243859109707
243899059461
243840072627
243898572333
243852912123
243898273119
243853200976
243890140447
243849141808
243890057317
243853161717
243894630041
243858379189
243892285418
243843566466
243894368225
243857904849
243891547572
243841710189
243892404169
243855155689
243893626403
243856384875
243897856406
243850333142
243890847967
243859797539
243894620980
243847419202
243891259957
243849814843
243893902373
243842511127
243895952237
243845885178
243891880400
243849920029
243897712777
243850739668
243898993339
243846452138
243896628382
243855358860
243893090298
243859820048
243899367821
243850853048
243892026261
243851778606
243893785597
243857684780
243890809277
243854266478
243893625485
243852782355
243894031745
243842434079
243898167789
243844236186
243894897688
243857942532
243899609578
243845204500
243897631271
243846864273
243894361940
243842714896
243897024522
243846905342
243893501585
243840502362
243895758960
243845053349
243897068384
243844757821
243893168275
243858914382
243893304600
243845912281
243892328339
243857386427
243894058643
243840431277
243891887510
243852538882
243898994269
243847199026
243898680275
243852411294
243897070584
243846526062
243896584071
243848601169
243898487642
243855936863
243894655878
243851610798
243895400956
243852481432
243898962785
243850279433
243897403048
243852361977
243897106454
243855133731
243898167326
243857127246
243894847232
243856652725
243895491792
243848357643
243892294830
243844428907
243897418625
243842783203
243896008814
243844317924
243890792089
243845362244
243899397190
243856499783
243893484229
243851834101
243898435539
243840009603
243895182048
243845516426
243899456606
243855782025
243891247629
243841822495
243893187568
243841764435
243890485329
243856956510
243892330336
243858230737
243893186827
243849074960
243899580645
243849476293
243897225449
243856307905
243890220901
243855300713
243896058544
243844195167
243894647398
243845757422
243896107365
243847356546
243891170329
243842145990
243898700274
243857818050
243894246128
243845140274
243899659206
243842212568
243896736201
243842440635
243896261334
243850663876
243894010150
243846531472
243896799364
243842435298
243894774293
243844683461
243897648796
243842068198
243899883084
243843077279
243897329161
243856919827
243899282299
243846992450
243891560566
243841994295
243894896948
243851939918
243895909949
243840464452
243899441051
243840368080
243890926529
243848559805
243893402204
243856551441
243891512370
243857462798
243895658076
243856871952
243895487239
243842617454
243893982470
243855541434
243894620658
243843290991
243899586853
243855730099
243893732124
243854565648
243898583619
243859989988
243899667179
243855853667
243891806284
243854127010
243891523279
243858023724
243892028183
243859099392
243895450810
243857060704
243893371606
243856325489
243893632337
243849847932
243891208573
243853668124
243895728301
243848112825
243894466904
243854019534
243898369326
243851966550
243894417796
243850926349
243890146685
243845613684
243891774669
243858643913
243899633669
243845982334
243895338216
243852058209
243895557606
243850928120
243896602679
243858401443
243893305012
243850656049
243891614925
243842455884
243893376407
243850768340
243890353332
243857287183
243893881922
243843975328
243893277830
243841800764
243896855817
243858347791
243893345706
243855319973
243892063393
243852818844
243894935094
243848373896
243899059696
243848181787
243892092522
243859415767
243899062820
243841208686
243893920558
243857221471
243896512448
243848141190
243895539189
243853611540
243897844312
243848815910
243891718744
243856858373
243892391287
243842497186
243899330371
243856211238
243894686329
243842530512
243890383555
243855120534
243895278968
243844299128
243891699067
243841332480
243891096095
243846252532
243896176737
243848238554
243898526238
243858754549
243899846720
243840120014
243899320642
243842349314
243896380769
243859384899
243890794310
243853161173
243898552583
243851202645
243893112308
243841898300
243898945501
243859383402
243894747997
243852219606
243892528449
243853698737
243891562162
243855613922
243899343998
243853460892
243897786889
243842450209
243898286779
243857673463
243895668117
243848250774
243899787582
243858769453
243890496302
243859623378
243898526964
243840481360
243892236077
243842684950
243895376035
243845543369
243891621263
243851638266
243891685875
243846553789
243892997162
243846818585
243898397722
243852588195
243890949700
243854817183
243890596115
243852894640
243893654312
243853858847
243897514487
243858708364
243897503319
243846264490
243891917674
243845581351
243899093215
243840125905
243896487805
243855400544
243891785876
243854634109
243891415613
243850044846
243896846558
243848747581
243894841330
243845723652
243896152213
243851574467
243897323325
243851660534
243890552684
243857688581
243895874541
243846394026
243896204446
243857745095
243895512595
243849534969
243890815121
243858770599
243897662273
243854312976
243890997092
243856288935
243897497374
243844711493
243899931474
243847545444
243896214577
243852318053
243894287204
243854654940
243895887836
243846619312
243894346115
243850774708
243895923206
243848491197
243891949405
243844899487
243891055382
243849710099
243893698092
243858011789
243891740306
243849891100
243899171260
243857379215
243891520375
243847908242
243892000397
243845556296
243893457191
243847220728
243894789810
243847447930
243898938528
243853181034
243899718798
243853869458
243892084540
243859308602
243895764306
243854881964
243895346965
243840858348
243891807998
243846739856
243896065441
243855642744
243891799866
243846767988
243890094338
243859923731
243897792996
243840871402
243896559654
243845163481
243892379868
243857795748
243892821829
243846001315
243897169655
243859563569
243897595669
243854566230
243891528885
243856724561
243899779316
243855952105
243890577310
243840204281
243897936549
243852692344
243892841410
243846504807
243899124088
243854644020
243896289077
243854328162
243890299804
243850727371
243892585979
243849019959
243896237385
243848205204
243893511862
243855058532
243896000809
243841100414
243899068793
243847082079
243893040307
243840920873
243893032182
243848436767
243892958597
243844126178
243896519870
243852398262
243897012997
243847435761
243891795968
243850615926
243894562650
243858526186
243894718521
243859781806
243897668815
243856807891
243897741345
243853853581
243890940315
243850826896
243894174160
243854745401
243894201386
243848337288
243893395592
243852563446
243895021661
243848439696
243897567792
243847225473
243898166192
243850013591
243896994054
243856494165
243897468345
243848856418
243892260176
243840457943
243890676297
243852703916
243895823025
243840133306
243892301194
243858358176
243891105152
243842886211
243899021038
243841154800
243895812086
243855174221
243897865519
243846747314
243893037410
243858576069
243897605220
243849457392
243893497007
243852094460
243895218513
243848593507
243894818313
243840446658
243891112029
243842725451
243892195479
243843549459
243897622119
243857629846
243894608107
243847194611
243890339273
243853278518
243892644505
243854009815
243894922083
243846591666
243891861529
243842605428
243896076923
243854439550
243898696459
243855491534
243898838732
243853386863
243892134002
243854788465
243899399346
243859843846
243898721069
243840546987
243896462024
243854157080
243892560300
243848463216
243898499584
243842669711
243899543209
243850016019
243893590647
243851000528
243890368303
243852359805
243899511306
243842807996
243895311172
243844078837
243892251546
243845647038
243898773787
243842558168
243892943029
243857308459
243897518234
243844923753
243897248323
243857926129
243898918304
243841947879
243898535566
243849369637
243896830090
243842216953
243893903908
243843000775
243896101483
243841790914
243890757978
243857388114
243898995712
243856281206
243892689749
243843175601
243890578629
243849186293
243897863532
243859151489
243898387902
243858202011
243891061745
243855193715
243890932139
243850880799
243899291578
243844737552
243898465835
243847558657
243895961591
243859481886
243899508941
243855402300
243893207423
243844692765
243899607145
243849263657
243890085708
243854193782
243895608130
243842124903
243899550131
243854292748
243891073839
243846514341
243898941100
243857327557
243892251550
243846525485
243894919107
243849022546
243893861635
243859171273
243899769766
243846914653
243898894457
243845629988
243896201447
243856392005
243891373567
243855968331
243898194676
243848096151
243894555922
243848973684
243898241880
243857705807
243893832171
243855001922
243892965476
243858064779
243890106475
243855840159
243898700749
243851643086
243894715884
243847078604
243896219769
243853188402
243890605786
243843266950
243894795968
243859230897
243893160410
243859842867
243894855690
243842630155
243895170320
243848110403
243894834056
243847926778
243890764014
243847440546
243898645096
243857668258
243890503562
243857496716
243891996046
243844622037
243890343969
243848657545
243891184340
243848358150
243895141865
243858342220
243893942964
243844072255
243894476407
243848213234
243892895454
243850688555
243899417489
243854282032
243897297759
243851369627
243895998978
243847341050
243899749446
243852016848
243899255077
243842295304
243898658703
243853616919
243896766102
243850383278
243898114930
243847864484
243892394225
243854670543
243899146033
243843893631
243890809918
243849885378
243896157680
243848204708
243894353828
243847404044
243895857655
243840226572
243890093658
243847193359
243895428463
243857313775
243890096028
243856391665
243898335609
243848209647
243894348348
243847283690
243899733953
243857881106
243895736651
243842134145
243898231840
243849879167
243895289803
243840702786
243898113131
243842626687
243897801692
243851760978
243892118967
243850162037
243898441839
243840469390
243899566519
243843781788
243890434770
243859204690
243896778683
243857617556
243894228176
243846490916
243898408994
243858236364
243893322008
243854854871
243892438864
243847694936
243899926016
243856829172
243893901650
243852964170
243896112971
243842040797
243898100285
243847618557
243893014155
243856591198
243894646458
243841266738
243891371348
243851828805
243892453221
243849932338
243899749077
243846926946
243891545407
243841596567
243897352150
243858004960
243898799284
243857784035
243893946983
243841562521
243894776684
243849478729
243893013337
243849824988
243890100625
243848706504
243896480819
243858135860
243897279593
243859446858
243892225419
243850134402
243899589978
243843672708
243895377857
243857355195
243890742731
243856088608
243895828991
243842346742
243891575315
243844629994
243897561898
243854057661
243895269514
243846038847
243898336391
243853790411
243896243735
243852163893
243896694474
243857223516
243894786742
243841899200
243897785039
243854441797
243898325070
243854225309
243895389778
243843343523
243891700184
243844897509
243891511845
243848666905
243895622505
243843991017
243890044387
243854849577
243893987059
243844802532
243895185442
243842963618
243892123023
243844039707
243894529373
243848071084
243893246655
243841988639
243892820365
243851312765
243892593199
243854830366
243891942539
243850962303
243899541496
243848793589
243896923780
243843114390
243897797292
243853896244
243898558987
243848202802
243894855639
243840409696
243896642439
243859449058
243892362613
243844977684
243891024541
243847779087
243892852250
243840826113
243895766325
243854765456
243894221030
243845554240
243891697842
243854904379
243899644871
243844917784
243891915157
243841597738
243892641965
243857525957
243893166479
243843888306
243892358387
243856222293
243891537745
243847428872
243897872048
243841947605
243895741282
243844417044
243891483446
243846904703
243895517404
243854279123
243896587803
243849608556
243894460510
243846085610
243890444619
243840198891
243895940003
243856375455
243890086798
243842450150
243895115335
243844466052
243897599342
243845976964
243899801810
243852033865
243894806358
243847033877
243898858078
243855611563
243895517259
243849808886
243890709294
243854445745
243894212239
243851108120
243897119302
243856694853
243899772599
243852107210
243892794504
243858335332
243897569875
243841302181
243895710046
243851344382
243893209011
243843630353
243892285689
243855320197
243898074767
243856263105
243894859695
243845220743
243894067482
243856720565
243894038828
243851866931
243895241217
243845558087
243891023141
243855346276
243892587172
243847943763
243899128278
243843105031
243891185622
243849495628
243896509907
243854892043
243892702209
243842013314
243897268551
243843346309
243892371071
243842408317
243892839925
243848982839
243891354047
243844098430
243890723654
243844640656
243894544672
243843357606
243890502753
243845996908
243896798327
243845523215
243890701359
243847041080
243893228154
243853938355
243895159237
243848528416
243895187231
243857325953
243890855612
243850682944
243891477523
243857911904
243895107762
243854041964
243893842687
243855727933
243891756136
243849131202
243890197734
243842701724
243896704812
243846247922
243890157117
243857630414
243897400554
243845463606
243895647150
243845764022
243893566410
243841458435
243890917202
243847670422
243890010474
243851641932
243890086237
243846749702
243892640580
243844505865
243896791203
243859081834
243892698905
243841489169
243898244780
243843939377
243890438621
243857617195
243899257865
243852203292
243891206330
243855013470
243898961212
243858724679
243894333398
243859763399
243891984708
243855665364
243892653237
243858125743
243892280436
243851364943
243894529188
243851090281
243890291293
243848626191
243892878551
243840287879
243890623985
243856070765
243897368075
243843593494
243898440847
243844689736
243891345344
243853676576
243894082271
243840062512
243897955195
243849469462
243897878322
243850936223
243890987164
243847277397
243893472630
243855001786
243896787668
243846650315
243896329255
243852068625
243890855227
243853736939
243897777656
243853300451
243895923739
243842069740
243890902168
243851261226
243896912366
243849194519
243899006823
243852151602
243890598595
243853883312
243896096305
243856825333
243896316597
243840332849
243892174451
243845713791
243893108149
243843530133
243895004950
243859022305
243899704762
243848158598
243896625296
243859332004
243893782291
243852712419
243899897668
243847133295
243892622856
243840573339
243896799937
243852504494
243896290130
243859861739
243890917147
243849208508
243895629086
243856965358
243897217923
243850023083
243891781018
243848787004
243896411274
243846855491
243893795505
243848330057
243894775643
243856367105
243894726048
243852417974
243895560101
243856104605
243899906830
243848899728
243892875978
243840591369
243891113149
243859474653
243897015220
243857514864
243890802844
243842074389
243897129178
243844167496
243890478807
243847897314
243895990682
243848481854
243894038625
243852055125
243890144411
243845248129
243892717708
243843622697
243890613429
243847255380
243892036115
243855141281
243891708123
243854079870
243895832194
243859871323
243898166985
243843992344
243891101731
243842756258
243895013150
243858880603
243892937899
243846818660
243895148521
243854636893
243890623366
243853304383
243899560740
243859686252
243893864722
243843115548
243892072140
243854783923
243895165685
243841479162
243897250123
243858068349
243896980697
243852024378
243894023628
243856008307
243892671961
243843911962
243899329040
243840566055
243892887763
243852084272
243898118849
243843415032
243891076635
243840816039
243898512430
243841231927
243890050582
243859161556
243895083739
243854210484
243898204894
243851125551
243894294649
243849939991
243899638534
243849285982
243894246069
243844761544
243896227141
243853728503
243891077175
243845969074
243896572450
243856681177
243897282834
243843199130
243896060366
243848551147
243890830712
243844860376
243890291859
243848504508
243898296014
243852893657
243890590541
243840632712
243897563020
243857981602
243899986392
243858082457
243895333022
243842648991
243896024933
243859433877
243894049013
243852086359
243895419123
243853474216
243892754368
243855170933
243898206172
243842031256
243893102215
243851524067
243890341015
243858864123
243897001081
243849251376
243890046245
243844540308
243896493601
243842877790
243895091977
243857446941
243897280537
243852946791
243898093670
243840808402
243894624237
243851472560
243896677291
243856789376
243892462548
243853798290
243894898629
243855471329
243898438387
243854721425
243897618410
243859261765
243896807819
243844704748
243893280306
243844161330
243895056426
243848265705
243895144747
243849168124
243890488765
243851705949
243893224355
243848628401
243891388505
243858519510
243891108422
243847311762
243891047771
243849415460
243894930264
243859209147
243891275286
243845095882
243892692462
243854148849
243893485382
243855684830
243894762038
243850911757
243897815488
243848289771
243894498785
243849041622
243899802885
243846796642
243895979797
243851392063
243895136797
243857563511
243890282767
243848804839
243891619654
243859369947
243899780445
243854373628
243897441074
243842016521
243890001455
243853637228
243895773079
243840060226
243897505767
243847214140
243890648361
243856121261
243896682806
243844727076
243897678212
243851963654
243893458186
243853657552
243892717773
243851152161
243896545844
243853417516
243899130358
243850886661
243893579442
243856682785
243897768679
243847771203
243896746212
243846859742
243894918068
243851636418
243898707886
243842284702
243890853646
243850411445
243894584460
243843587772
243896183363
243858149368
243899350275
243848929409
243891122196
243845655109
243895508819
243857678969
243899520291
243847421239
243899844662
243855471983
243897583995
243855054453
243890900990
243844501238
243893378609
243853930724
243895888339
243840131681
243893266336
243852711266
243898617572
243856729792
243895379613
243858297503
243897489237
243856343527
243897892562
243858674088
243897974374
243850798789
243896026626
243859515759
243896261560
243851558075
243892596971
243850055387
243896856751
243853828204
243890140945
243841582428
243898830239
243848132100
243894153319
243853315762
243898004867
243854078946
243894165721
243845271255
243893465212
243855697693
243890240129
243847345981
243898597879
243849656950
243892513972
243847417359
243896791977
243846089474
243895786309
243846843236
243896784092
243844721260
243891540951
243846930808
243897634301
243844530635
243899442806
243841489994
243899158136
243840831816
243890966204
243849684675
243891927784
243845004383
243896199844
243849527777
243892212427
243847658910
243893732050
243851354836
243890215035
243853627555
243892326226
243858336527
243894947628
243844051830
243891034170
243858726071
243890200421
243845758331
243891324285
243854116448
243896805635
243856737353
243891090751
243849084487
243894310271
243850118868
243891705268
243847177780
243896816989
243841798307
243898366367
243859697452
243894488911
243857061082
243891692329
243840190490
243890154597
243848338505
243891640505
243842688975
243894160298
243848604770
243894908787
243846040702
243897628042
243850262255
243895745477
243848040203
243890329486
243846158828
243899367028
243857943622
243898231390
243850401262
243898325096
243852303652
243894742773
243845647712
243893010577
243841982998
243896809306
243852666327
243892139508
243851011356
243897844276
243843663101
243895252192
243852929281
243896798012
243844023352
243892576433
243850791693
243890574361
243850840952
243893968522
243851052659
243892038205
243843956713
243899009792
243850894682
243895051278
243847215189
243898429862
243851265777
243892271304
243859648332
243890119697
243847674342
243896438672
243845057566
243891005456
243841407058
243893539464
243847110553
243897366647
243847611612
243891314957
243854544799
243893300313
243856233412
243895790342
243851482312
243897034852
243842465095
243899102522
243847622342
243899139889
243858243887
243896433626
243848479508
243894700302
243850191049
243894905492
243855036151
243898922764
243848172927
243892422684
243856548055
243899305323
243851821380
243893901102
243848408122
243899768421
243847504867
243898655700
243850850961
243894151385
243853542873
243893557317
243840357111
243892328776
243858940479
243896092713
243858206437
243893692377
243841123118
243895488136
243847983545
243893295469
243855681160
243899286805
243853450133
243893267136
243858162661
243890751234
243850773672
243895731615
243857674616
243897656633
243842234922
243895505559
243856694828
243899043878
243852067731
243897531756
243851638987
243898891652
243844095123
243894891302
243844088875
243898425190
243858636264
243894109147
243850248789
243891845216
243849284229
243899720290
243840360769
243894526239
243858504130
243892594050
243841948397
243894668301
243852898196
243891428698
243857605963
243892804672
243852731009
243890485556
243842256028
243890006341
243844747453
243890505678
243842719165
243893712218
243856636629
243896118804
243842136679
243897990195
243854262404
243893106695
243855866771
243899472199
243842121551
243899173324
243853613206
243892152699
243857577901
243893014552
243846324966
243897876160
243858109307
243890628066
243859818986
243890426996
243849657229
243891195454
243841838260
243896899200
243859980722
243899321049
243847257488
243891703219
243851138998
243893655548
243846074353
243891728011
243847662631
243890430337
243841923053
243891270960
243840496408
243895017506
243853460312
243894376767
243852668042
243893352659
243845869283
243893970753
243845128463
243897825235
243855839958
243897995997
243859380163
243896231016
243846103568
243893610805
243845746388
243896252936
243848549115
243896461346
243846858895
243899485106
243853539480
243891539775
243855765374
243894659209
243859821069
243896677470
243843323831
243895077718
243853195146
243898291998
243857606029
243897765479
243842466921
243898715941
243854073556
243899009964
243847612236
243898865409
243847798818
243895861992
243854212800
243898828406
243851979611
243899625566
243859288996
243892657471
243857470679
243897456775
243846849664
243893235527
243847490560
243892443859
243857510632
243890640902
243846992081
243896981574
243858200558
243890170969
243859866120
243892768418
243852066030
243890005642
243856628134
243897326265
243842684390
243893959055
243849734536
243890398862
243856817515
243897976424
243848338300
243890887745
243850039125
243892561944
243852852381
243897468518
243847156637
243894991877
243859948000
243891696513
243845769912
243891012808
243854502879
243892613841
243852496612
243896269234
243858177297
243897860087
243854316453
243899753394
243843309877
243893488530
243851132477
243890507767
243844024834
243894068161
243847867096
243894378529
243857345271
243891513669
243854649108
243898385865
243853394461
243895866342
243850076136
243899233667
243850116936
243892919954
243852071835
243894858863
243847619105
243892650577
243841189027
243890473838
243852518982
243896759602
243848041529
243898293845
243846296173
243896037131
243842952518
243893652663
243855254160
243890228919
243851914713
243896261966
243840787720
243897357009
243857590444
243896614080
243844955208
243890320397
243846206817
243898997465
243846864408
243895769197
243851235325
243897055891
243852752540
243890993148
243844329122
243892454787
243845585824
243890476252
243848516712
243898095933
243851497831
243891027041
243847694726
243899002874
243858762579
243898116447
243855777185
243897933723
243841373677
243896345891
243846730341
243894463224
243841099001
243891163466
243842179252
243897669974
243842902879
243890848385
243852074627
243890621983
243845370488
243895863004
243850523535
243892906500
243844569667
243890620179
243849997142
243898875833
243859811359
243895763575
243846754672
243894855736
243844061724
243890522034
243859261272
243898901067
243854985224
243896653893
243842530693
243895380975
243844461029
243890085738
243858165716
243893676061
243856046567
243898849900
243845634732
243898889782
243849164405
243898206466
243840716634
243895201135
243844458629
243890197000
243853315218
243896677249
243858294810
243898228807
243851652935
243890539409
243850068307
243894375599
243843981544
243899703767
243848773397
243893963393
243853919140
243895666130
243841620675
243898306163
243843403297
243899097926
243840673010
243890107645
243856624775
243896505055
243853512311
243895735486
243856826887
243896492768
243851182367
243893260463
243850720199
243894959204
243849845635
243895861618
243840528456
243898524435
243844785849
243892935869
243855440123
243892072962
243859105573
243898449646
243841234225
243891470556
243853885070
243896281833
243859877926
243893429522
243859455387
243896433902
243845393441
243893619283
243852260593
243894083159
243846362030
243897872542
243850529962
243897467861
243859803485
243894599151
243848280338
243897140539
243850989742
243894085866
243844978295
243898293380
243854552001
243897349048
243851629087
243892941292
243851015321
243891171492
243847971251
243898478890
243851775189
243899986080
243850258834
243895713263
243846168485
243890479581
243848173882
243890863847
243842112939
243890108595
243849513332
243896949147
243842254114
243897209743
243846621904
243892620452
243858605702
243895424083
243855140925
243899025604
243842106619
243898968431
243856320967
243893859632
243849594478
243891340965
243855988135
243891139779
243852649700
243898377632
243844363219
243894801639
243859339991
243893669989
243840604725
243893324982
243857831845
243898580640
243840080053
243899146897
243849929130
243894360608
243845659923
243892797145
243843417137
243890108649
243857679886
243896334909
243855090022
243894991003
243842937816
243890578857
243858435908
243897723536
243859481070
243896189648
243850356711
243896381989
243851508782
243896734057
243853647516
243890566158
243851761889
243892931333
243854970607
243890149921
243850357245
243899189004
243846971484
243895004597
243845636740
243898712791
243840515265
243891022750
243852159557
243890963651
243846128989
243893830227
243852916460
243896684494
243844377258
243894598320
243849038430
243897927191
243844957561
243895113016
243841531520
243898088626
243845553569
243891906684
243848652350
243894090223
243849406666
243893220659
243848772532
243897437352
243843314202
243893905059
243841166453
243891389088
243846508267
243894040780
243849200216
243899048905
243846817967
243897615262
243853964287
243894094925
243847726737
243892668878
243853394396
243896914408
243854812869
243893758330
243852477561
243891709801
243842156642
243896054627
243851161476
243893494377
243848642928
243895261399
243845826687
243897426233
243853618011
243893802454
243852675323
243892995242
243854331073
243890265180
243850635668
243893842627
243853075023
243892293505
243842907437
243891887552
243857762210
243895429698
243855457362
243893070495
243849871058
243891190425
243854194615
243896075725
243855712162
243899540574
243848657337
243898334117
243842438273
243898828471
243847117229
243895773267
243846828039
243892163100
243849294572
243892063063
243853269575
243899525586
243850966393
243897884606
243856172549
243896107780
243848942584
243891980155
243859117888
243897336960
243855579861
243895388843
243852383179
243892644883
243845498927
243897851463
243859535446
243891234011
243846349924
243895255640
243853062166
243896381884
243843762963
243898260118
243849088641
243895560520
243849919630
243893501050
243842519539
243896138971
243849191445
243893407006
243841933220
243894566430
243856516280
243894624694
243845905928
243897100316
243848977013
243897313600
243848682133
243892879599
243859796262
243891188332
243846166556
243898723937
243858138396
243892335302
243857604813
243892880805
243842307711
243896746129
243854517018
243892263565
243851114078
243893862324
243846024855
243899048623
243841981476
243893169915
243847346634
243893307273
243853862284
243898495204
243841407056
243894149715
243841219938
243891515195
243845085738
243891969620
243844701961
243896817582
243858619483
243892288663
243850886341
243895192382
243843222833
243899845634
243855675244
243893610041
243842401594
243896386551
243856345109
243897470315
243850265606
243890781075
243848830821
243897097368
243843532891
243891331193
243859361224
243890934602
243845514770
243894700205
243842765089
243892374573
243844226948
243890749398
243859670582
243898639238
243849162169
243899880394
243853559391
243892512626
243854947524
243899445154
243856859194
243891529965
243846837335
243895725776
243842229961
243894760822
243849992398
243898037467
243841968607
243899514146
243843715995
243891933036
243854413413
243891925862
243843635992
243890221631
243849291910
243892616762
243858249790
243894029956
243852134394
243895772724
243850528404
243899817522
243847851414
243891508127
243854053227
243896399820
243840609992
243892522181
243842670574
243898137742
243857350776
243897356182
243849541943
243897374357
243854750557
243899688655
243854525336
243891715582
243856443863
243890710772
243848107805
243895520544
243851859174
243899084055
243853796747
243895932239
243850260113
243897453003
243846932105
243890670387
243851773461
243897674655
243844738805
243891946404
243844443046
243899439585
243854646086
243898134071
243850785257
243894505761
243851572136
243895528740
243853924768
243895243810
243846672996
243890273569
243846495108
243891541402
243857265921
243897889988
243848177574
243891120604
243852788493
243893459908
243855633010
243894480320
243851052275
243896275756
243851334139
243890649769
243843495556
243895137044
243852164604
243892362252
243852556004
243899464011
243843632227
243892202553
243858213874
243897066846
243848932771
243894109330
243857656463
243890967192
243847088240
243898782336
243846999472
243897414648
243841467379
243894061728
243850827690
243898824384
243840570985
243898755578
243857794611
243895416643
243858789979
243899717476
243843897146
243896713637
243851603229
243892577294
243856384177
243895694379
243859325640
243893021182
243857982890
243895186896
243852021288
243897254175
243847023680
243890346508
243848854665
243891522302
243859384851
243893435583
243858136839
243897070664
243846238765
243893611777
243855538360
243893199783
243840007453
243891942330
243850965775
243893303690
243845726838
243897792947
243845601830
243891774421
243857323227
243892276610
243856067931
243897521522
243856448868
243895036544
243851487156
243891861328
243842276332
243892463021
243840426756
243890263846
243852729134
243896514044
243854494349
243896725198
243844260827
243892470243
243845216896
243891781080
243851732818
243894681357
243846685946
243892632596
243846379937
243890795090
243846047956
243891173198
243846803638
243891743356
243850127542
243893055746
243858759780
243899410299
243849321633
243893955654
243843965986
243899776544
243851106677
243890134662
243856795021
243891820608
243859930511
243898260363
243856045043
243890622172
243856895975
243898668778
243849958318
243895120335
243852081618
243896218957
243842816734
243893836336
243855373185
243891031120
243858602175
243891070017
243841060047
243893156201
243859108048
243895279822
243849158562
243890087776
243846550084
243896702943
243841853945
243890115890
243846148670
243897252923
243849029702
243890337852
243845602328
243899098010
243850127878
243895975717
243847254510
243894988093
243855499134
243890121145
243845536415
243897233065
243842326903
243899445319
243840310426
243897379820
243853931471
243899986690
243853857483
243890145908
243847442951
243895712869
243848598126
243898133668
243845878387
243893734888
243856808272
243890169588
243846855561
243892807212
243847528916
243893798627
243854452028
243897458187
243858724890
243891516602
243848590341
243896103729
243846652474
243894496093
243856760380
243899130081
243852518929
243897191653
243856132749
243897541630
243856158522
243895890598
243856980912
243897213313
243852794471
243891160793
243844783540
243891674285
243845081584
243897447391
243843856900
243894098201
243842850984
243899222317
243842907079
243894369534
243853560422
243891476924
243854863123
243899621729
243852457123
243894205410
243849851685
243891414984
243853547494
243891698796
243845713245
243897823785
243854020706
243893103027
243852895550
243895042531
243841948235
243892022225
243849426337
243897320838
243857843609
243893628224
243848183310
243895803402
243850978708
243898503758
243848522788
243897247208
243841551387
243897712198
243859135181
243890672778
243845232260
243891362400
243844307561
243892642476
243852216638
243892343769
243859545757
243890894430
243854998251
243895013984
243858742332
243897479393
243851890666
243892948462
243851040871
243894373014
243858463376
243892404188
243842239272
243899965872
243850483225
243899109219
243841628513
243898692930
243854866794
243890148501
243850435401
243893487892
243853080112
243899307734
243854721697
243897662619
243840946296
243893911810
243845800372
243892682508
243843754174
243891280392
243847055602
243893601848
243848809566
243893962155
243847757465
243892086714
243846756431
243896706314
243847579406
243897575541
243847242867
243898903768
243851289370
243891821437
243852072412
243894876828
243842099135
243897668332
243847883161
243895219236
243840516890
243899241216
243856013990
243894817356
243854860812
243891285780
243843878653
243895201272
243848550634
243898415427
243842771253
243891410160
243840363234
243890841916
243847618848
243894602179
243852281554
243898289520
243845911041
243896320432
243847151608
243897047447
243846311618
243894934805
243850021148
243892254751
243857126012
243890782955
243857567999
243893808978
243856480694
243894978846
243840133868
243896234621
243843529514
243891882234
243857811294
243891752415
243852333274
243893426735
243844219835
243896329284
243841387962
243890708217
243841305502
243890467024
243840462166
243899901082
243858058607
243895168700
243848526981
243897034362
243858058647
243896602007
243842100559
243893524869
243853619119
243895920290
243840838384
243897805091
243849534757
243893233556
243848910037
243890606565
243845562519
243897286669
243844079334
243892909307
243845601645
243895276713
243842171074
243899247254
243857828971
243896322292
243855765653
243897059053
243843165505
243897768053
243851431680
243893357429
243842546532
243897156497
243846453153
243895463133
243854298320
243899960615
243843111847
243896920743
243849430647
243891883473
243851629047
243899790827
243843996436
243892517311
243852329662
243895727705
243847982515
243898690032
243854263951
243890633511
243859466314
243893951586
243857343739
243892772527
243843664192
243898654101
243842625456
243899180618
243847434741
243897511197
243842737536
243893816177
243844113165
243893849420
243846755975
243897747572
243854213541
243891349581
243846378932
243893536603
243849939610
243893170082
243853144394
243891350965
243854036034
243899560945
243843061425
243890776926
243840020567
243896843185
243848551940
243890268581
243855890733
243890104814
243855868663
243899292162
243857499355
243891644057
243859305651
243892622336
243854971767
243898426676
243858088870
243896438326
243847216181
243895697650
243842742488
243892100948
243855758353
243892490462
243849074943
243895926478
243852493043
243895204510
243849217199
243890183159
243855339294
243894356925
243845281858
243897810581
243849610857
243893698286
243859799508
243898144717
243850768532
243893175169
243850031884
243897659546
243844796984
243891324775
243854512726
243891234457
243845583116
243897495155
243853894533
243897343767
243845902421
243899123449
243850840805
243894997597
243857142610
243891808403
243845095799
243894544996
243846230254
243891897627
243849222962
243895817807
243858972822
243896854058
243844861751
243895776948
243843419857
243894552838
243858949598
243892265221
243857336759
243893740277
243858331179
243891107168
243846533661
243899190647
243845547027
243893860035
243853200797
243890329131
243846678482
243893654769
243855102374
243897054386
243842646878
243898447047
243853176360
243893305660
243848402211
243897525104
243855614587
243893303677
243853164966
243890488111
243849198179
243891104664
243849509864
243892867045
243858902644
243890180149
243859074819
243895378623
243847828259
243895966363
243852301929
243892989519
243850419221
243893831348
243857408598
243895259211
243853629399
243892274482
243842234297
243894942390
243848564299
243894947426
243840260910
243894491862
243856869440
243899887695
243851543642
243896896439
243858292205
243893510973
243857062297
243897659044
243843183592
243892800406
243857747569
243894527423
243843455217
243895896633
243841733658
243897952075
243840009336
243897390630
243841987752
243894057696
243848410974
243896014505
243859927212
243895252790
243840097105
243896539750
243858700721
243892184198
243843089548
243890140243
243853021840
243891498238
243840052747
243896948733
243857391480
243892798913
243840317899
243894045506
243846356857
243892091060
243843816326
243897213628
243841057599
243897285445
243859972280
243894669127
243841946299
243899474937
243856049160
243898174622
243857366147
243898646564
243840559947
243891578461
243840728498
243891152607
243841528830
243896349538
243857176576
243897533941
243849073210
243892974556
243840525159
243896083175
243857829187
243898042889
243859002817
243893300229
243850511579
243894108471
243856556661
243898734369
243841796763
243890731099
243845300301
243898482046
243842047019
243891834301
243858447274
243896667405
243854345429
243899065978
243842562220
243893225668
243851625297
243893447985
243854707859
243892559071
243845568100
243898489172
243847070448
243896377986
243856987553
243895298987
243845374412
243893452047
243856100800
243897591709
243845658288
243894818345
243845582475
243892857840
243846049051
243897240037
243845141179
243898252838
243856952954
243892298658
243850127404
243893646605
243852410064
243893640422
243852210711
243894368283
243848105749
243899403740
243844287304
243892909626
243857288505
243891107670
243857585945
243895149813
243858553308
243894736785
243846776455
243891078174
243851629996
243894791889
243847020108
243895145305
243846650247
243890684370
243852954420
243890292531
243840505148
243899714883
243851209736
243898633758
243854727782
243897170918
243848924960
243895960524
243858452119
243898686554
243852188059
243895389624
243845660652
243891846845
243852044760
243891769956
243854563801
243898745572
243857481475
243899838567
243855727425
243892681277
243858369999
243899557755
243849990443
243897186041
243854223746
243898083206
243858961924
243890556041
243858012469
243890473888
243842235466
243898490429
243856666862
243898251722
243850265853
243893015279
243847061108
243893173159
243852687564
243890051401
243859493992
243891728087
243842136377
243892800529
243843921143
243893327992
243856229650
243897430365
243849240027
243897293493
243842624308
243891331344
243844140176
243892150525
243852819383
243898166350
243853490231
243893551918
243852982335
243893331544
243849767545
243894634124
243851580537
243891572767
243855714939
243893621223
243845018972
243897341172
243846515899
243896984427
243849308047
243897338970
243858311596
243897417399
243853983135
243899999135
243850333372
243892370174
243854155172
243898071891
243843568607
243896901850
243840441634
243895132315
243853242352
243895693553
243859838538
243895244061
243851317893
243895347502
243858077883
243898198670
243844499388
243895003840
243852357163
243893865408
243859730493
243890804127
243841182166
243890060292
243850738137
243897777126
243845948675
243893055662
243843703406
243898999240
243858339417
243890322666
243840942450
243898319247
243856678628
243896272080
243849724162
243897742764
243850390863
243891099187
243858535780
243898386712
243857745975
243896737853
243857022533
243895994844
243857962227
243892763550
243848791595
243896582996
243840786461
243893667791
243845066931
243892859901
243842808174
243893549972
243849710143
243893960801
243840255426
243897623606
243851188532
243898181118
243845593889
243893721358
243841831984
243890091162
243854290743
243890917427
243859414237
243891435108
243848705927
243899032079
243847256113
243891471709
243845000291
243895728266
243842904674
243895917257
243851766231
243892902858
243845619206
243899965409
243845835361
243897751164
243858204556
243898073951
243848967470
243893707555
243858944997
243890239772
243852341032
243897631859
243854762221
243898809763
243840866078
243890144321
243849325038
243897909169
243850159214
243893006091
243859504363
243890184962
243846425508
243895912172
243858859917
243890382464
243843680232
243895158591
243846823825
243898358585
243858116329
243899556071
243840056628
243897587210
243848212295
243897760586
243848938552
243895823763
243858929132
243891048311
243852364179
243899345965
243855299961
243897609488
243852172981
243899423471
243855628310
243897589138
243857385334
243892391259
243856415383
243891362637
243840368484
243897282527
243845063124
243898352901
243846776109
243894449632
243842609136
243898293946
243850690390
243898844063
243853104122
243894121350
243846200328
243897506190
243842979408
243892887364
243859111488
243895818382
243840934884
243898715352
243853943861
243899305614
243842478270
243899739087
243847548002
243895730507
243846332807
243895807517
243856842100
243892335108
243857187105
243898299988
243854559613
243895379217
243852020858
243892730715
243854268089
243899455839
243841868190
243896800466
243849088472
243890932126
243842586663
243890454303
243849828860
243896919588
243844175499
243891274500
243845431830
243894202086
243855617018
243890464465
243845078596
243890021540
243845619573
243897414843
243848602850
243891735541
243843276555
243894388930
243857893261
243894530273
243846999205
243898439125
243847069284
243897584880
243843766981
243890747272
243856434631
243897872610
243856477669
243899002521
243844978260
243898324131
243843179536
243890491888
243859613853
243897474262
243843444973
243894897272
243847629884
243896725548
243844680525
243896797630
243854284247
243895868623
243841502611
243899875283
243847014018
243894863910
243856042465
243893085609
243849969976
243899920739
243854125447
243896824555
243851185749
243892909525
243840868679
243893189720
243845364944
243899876048
243851548882
243896321099
243851022277
243891777189
243855935002
243894662502
243855426539
243892321051
243855908317
243891519675
243844782838
243895563778
243859064066
243894247122
243850700193
243893397731
243846213128
243892766408
243844426413
243894532856
243857593178
243895120999
243850099015
243893075390
243848725474
243891364346
243844576812
243898635427
243859458284
243893387738
243848891629
243893620277
243844188678
243893025305
243854898583
243897180324
243840791709
243892828339
243852547768
243896789066
243840762843
243895659121
243845169394
243893077855
243859457254
243890151031
243854292780
243899842357
243852703554
243892349242
243852746417
243893731394
243853353002
243894082820
243844485610
243897577308
243851099746
243898347986
243848787129
243891911870
243857823547
243894140853
243848440723
243896903107
243850358179
243891419201
243845010381
243899491391
243854915906
243898032054
243854180699
243895514165
243847576759
243892409061
243854546103
243899320042
243858210180
243893358722
243841866793
243899342501
243840147627
243899885650
243858326772
243897254102
243842945761
243894856897
243845704881
243894345892
243857119488
243893068268
243849438316
243892517904
243849553947
243896088148
243848683453
243893367540
243842708247
243897859587
243847117893
243896222782
243856602837
243897686413
243852468316
243891910444
243852457908
243893077930
243854453760
243896883330
243845652155
243892039481
243859611717
243895324558
243859245376
243893915984
243842971189
243894232714
243858156043
243895424934
243859799060
243898281450
243856365333
243892813513
243852052457
243896689751
243843167110
243890274949
243842434322
243892976086
243857339517
243899159953
243851087330
243895854913
243858973545
243890453260
243842025398
243890935300
243856005731
243897116398
243859302583
243890411575
243859622012
243893284952
243853365147
243891447024
243847209809
243894655545
243856961389
243895698182
243854399228
243890219686
243847332923
243897625160
243854817071
243895232360
243841581329
243892499757
243856355110
243893508473
243844089286
243893217549
243848262669
243894761542
243853930235
243896266148
243857533330
243892592172
243846866856
243899307319
243840689580
243893792295
243847762747
243892413337
243857109953
243890163391
243845427108
243895467374
243844010057
243890829897
243858380601
243892379339
243857020111
243892900281
243858896631
243895272989
243851378849
243894289905
243840594041
243890636146
243842733254
243894161924
243842624025
243898757177
243847605918
243894520287
243850759044
243894150649
243844919486
243892246968
243846061330
243890825937
243847123785
243890013219
243848394973
243896067264
243858255264
243897037402
243846577372
243891845186
243851810054
243891585709
243858858256
243897893643
243857813572
243892766028
243848457545
243891387076
243851182409
243894452031
243859392306
243895961561
243850131146
243895292266
243840065223
243893334969
243850547584
243890214222
243849979641
243891948312
243858289026
243899946089
243845706258
243895823800
243843980480
243891785623
243844103293
243896519231
243859207205
243894064490
243841730181
243891797032
243853469136
243896141438
243842325658
243893865704
243842107874
243895380660
243854993271
243895866822
243853777759
243890177572
243847715157
243896050923
243850754713
243893255696
243848998761
243892361150
243855955719
243896407218
243845939598
243896626519
243848693544
243890575782
243855825792
243896112513
243845370798
243899784185
243851872957
243895133706
243847311022
243890582011
243851450319
243893669869
243845295266
243895965252
243855519964
243894510459
243849699023
243899811188
243842952351
243892920762
243846767787
243894910319
243857843796
243890015602
243856768196
243894248297
243849276016
243892221814
243849128943
243892655280
243841615108
243899364181
243854363953
243892838425
243857730132
243898766108
243840634526
243897843607
243852798732
243894278737
243852013576
243890127559
243859838294
243899741576
243843447821
243896948498
243854474149
243897881395
243843852798
243899376159
243840628548
243893969587
243848722970
243891307165
243856600648
243895647355
243843914295
243895356898
243842874633
243890130191
243840997930
243896814206
243844382254
243895953101
243844907902
243896207763
243844262273
243896697317
243853861215
243896549149
243852089484
243897852429
243843475818
243897139569
243840166331
243890297062
243856538116
243898920450
243845429681
243892751428
243854157456
243891448236
243841235526
243892107982
243841097949
243891208030
243843104866
243894085870
243841738456
243893051791
243854469012
243893854291
243859418690
243893832856
243854711080
243896287977
243847484190
243891682700
243858162202
243893373709
243846891236
243895114447
243857964461
243895119322
243853045072
243899097914
243856579050
243891629950
243845070392
243898266581
243852843427
243897298662
243858877394
243893740599
243847420940
243896815081
243853070469
243891956547
243843594212
243896869857
243858815612
243894581233
243842484278
243890374858
243849552427
243896902823
243842431903
243891436728
243858749652
243890205352
243857039433
243896703131
243843184457
243890112140
243854129666
243897083507
243847694060
243894381937
243842641230
243890446211
243851739677
243899226502
243843154074
243890390624
243849100608
243897532166
243857511052
243891109245
243859963457
243891181921
243858325197
243893050756
243854855082
243892734627
243853583628
243890625699
243858135594
243890903686
243844261838
243899151280
243856797020
243891438201
243855825935
243898567237
243854311921
243896491517
243854915140
243892188539
243852328666
243893466544
243840800539
243899648850
243843369604
243898748961
243845551529
243895834451
243843667296
243893859709
243858051509
243896713804
243857760928
243896002781
243843430405
243894384769
243847488178
243898893144
243844372000
243893467102
243855239455
243890515136
243843668385
243890521551
243844346032
243899910952
243853925461
243893417738
243845504195
243897786288
243859003676
243891513582
243859148321
243893320738
243852569376
243894753132
243853906158
243893606771
243854293234
243895338631
243853822986
243897930986
243843232611
243890021225
243840733836
243893880063
243842738242
243896721141
243851938898
243893788451
243847753811
243895562803
243858305705
243896788001
243847211725
243897298943
243856578393
243891568604
243851022722
243890920467
243858985561
243898249032
243849834054
243898848225
243844539260
243894125635
243843647910
243898529155
243850777805
243892991488
243850464018
243891547018
243853294518
243895302954
243859253401
243897132721
243854432826
243890692805
243856218981
243890069007
243851821639
243899551748
243850441333
243890168268
243840071567
243895000853
243848883563
243899242760
243847960056
243891752880
243859705961
243891110476
243840992949
243892397580
243846877816
243897883899
243853390543
243893789538
243843899476
243892779885
243852520097
243891926195
243854490120
243890566919
243847011130
243894943801
243852203659
243896087556
243848595764
243898691270
243841704598
243891359447
243857507484
243895840905
243859851506
243890315131
243841729836
243891870797
243845265049
243899043670
243850856426
243895175107
243849150385
243897813405
243851703952
243896446796
243855683948
243893528138
243855440336
243899283982
243854760955
243893046722
243845118782
243895080396
243859488011
243891184478
243852990289
243896357762
243859903626
243896420894
243850228424
243890102308
243852556279
243898986807
243848708814
243894804118
243842792979
243891883873
243841475541
243899941881
243843537167
243891449959
243842711731
243892032572
243848297122
243896016435
243840321351
243899105269
243853244483
243895645887
243840737454
243892906711
243859906876
243895035215
243840473012
243897775857
243850670494
243894435725
243849863896
243896932848
243854864079
243893109133
243851433035
243891609306
243859650123
243897663173
243855472018
243890045406
243851219937
243894944618
243853473370
243893469907
243859019238
243890178717
243844293815
243896392525
243856699998
243895080767
243844333693
243897063170
243852616738
243891354233
243851630875
243894182617
243855775811
243896184095
243842004228
243890409412
243857238967
243899689840
243840242043
243898280036
243845870899
243893073916
243857423875
243890634517
243856872880
243899837976
243859101236
243895018530
243845748299
243894908580
243849787476
243896425223
243852481887
243898541720
243847319573
243899922405
243849227880
243895675706
243854981335
243898418354
243854277401
243897066431
243844081355
243890656570
243850455224
243891688982
243855637268
243895028163
243846563187
243894598602
243848669922
243891635173
243845306535
243892342854
243857123877
243890333791
243840825743
243890245934
243857146234
243897881168
243849299547
243892218757
243841674203
243893804847
243853181492
243891193959
243847194308
243896469519
243844726851
243890163127
243857992915
243898235004
243841058799
243896530078
243846054032
243894482330
243843347900
243896228252
243844130089
243898863722
243856614735
243897380718
243844981641
243895867407
243859021277
243895944069
243845486323
243894293179
243849600662
243890767103
243843947643
243899701054
243851192508
243891949062
243845665735
243890693095
243851671623
243890287990
243851703246
243895179399
243845864269
243898385538
243849185180
243898580628
243850111865
243894436676
243849591959
243895435318
243853572484
243896018046
243851625101
243891300342
243850106712
243896977018
243856148774
243893829782
243848424846
243895475293
243859918341
243897689307
243843820977
243891757251
243844410859
243890087054
243843181846
243894133679
243845488383
243894485119
243846695484
243896649825
243840242808
243897673527
243847994188
243896899436
243841471662
243896273146
243856655329
243894142200
243855312685
243893233636
243854447261
243890451073
243841906078
243898037486
243858049375
243898122943
243853686423
243891308870
243849609074
243891591228
243843665979
243896512192
243856188469
243892057400
243844427625
243894761254
243846387876
243899491757
243848653752
243893349172
243855263098
243890885521
243840747600
243891088126
243842233147
243896305079
243844523911
243897781891
243843356168
243896777349
243852441428
243893894474
243846514052
243891362029
243846137290
243891686019
243855028899
243890934910
243848622139
243894515565
243845201401
243897631106
243850198572
243898824807
243846415129
243897670098
243846688107
243896956665
243855814538
243898653089
243852940454
243899529189
243850317834
243894679366
243842963502
243896892069
243850635715
243898936242
243848878262
243895691727
243849604835
243893081828
243849864115
243899764608
243849371185
243894821473
243855412186
243895859908
243856595448
243895606753
243853008896
243897966952
243843941015
243891497381
243855865800
243896246679
243843338490
243895796868
243852149381
243897129812
243846509951
243893607286
243841740897
243898966292
243846134427
243894548929
243846213115
243893806476
243851096142
243897326255
243841720984
243890882687
243852702579
243890128016
243859587757
243891633661
243856445213
243895248753
243855521555
243896709670
243850177682
243897129537
243847422916
243895900563
243855029963
243894162749
243849607376
243899151559
243847221671
243895597238
243853722862
243896251030
243844402075
243895207379
243846763266
243892555855
243852248718
243890444924
243842012541
243895211688
243853221791
243897685864
243859046796
243890262983
243853179314
243896952547
243848827768
243899331497
243845244957
243897005764
243846401763
243896753661
243855583859
243893401137
243845893621
243894341505
243844434471
243894557019
243842978678
243896175352
243858611577
243897533108
243850984821
243891677966
243846830290
243890811796
243843506003
243892062816
243840935480
243899524906
243850080255
243892158468
243853866202
243892369980
243852403600
243899358212
243850618188
243895178064
243855101361
243892977510
243857794152
243894934149
243849345711
243890403470
243840077461
243891676812
243840309111
243892823324
243855736319
243890805547
243859917660
243897037654
243853078577
243899924183
243849485067
243895820925
243840338330
243897774165
243853871232
243892759654
243852316574
243896164614
243854533004
243894162900
243846507649
243894306977
243855025584
243890868992
243855573522
243894784479
243856243156
243893630856
243858448035
243893516257
243855044842
243895613667
243856433936
243894426999
243840106892
243899698913
243848339365
243893300824
243844285771
243897591734
243853819417
243892540788
243859377376
243895368145
243850593828
243897820984
243858269727
243894994481
243842485520
243891060131
243858793080
243890109220
243845099261
243891046249
243842004173
243891042615
243856610871
243898914202
243858695808
243892667021
243844285378
243895151663
243841148197
243899979887
243840385030
243896202903
243857960822
243892889387
243846060815
243891405458
243851421425
243895990292
243859409128
243894699398
243857107861
243895848618
243848401929
243899164758
243840936046
243894600774
243855724388
243899123227
243843522541
243891892042
243841897511
243892539081
243846749037
243892994109
243845966106
243898335398
243854251526
243893022051
243848573724
243893608367
243858660771
243890202579
243855964689
243892563526
243857902305
243892670711
243853279908
243894164768
243845314042
243897242772
243841435392
243897870564
243856503151
243894130610
243857988516
243894832212
243851631960
243891942061
243843641858
243898494070
243858475334
243894729270
243851585958
243894379673
243856109548
243898319174
243859166582
243898315034
243859997850
243891018026
243856480169
243897264802
243851801282
243894259909
243857971246
243891034521
243846216121
243898340622
243843860627
243890252805
243856354708
243892332088
243848765824
243892815943
243856028739
243896033852
243858743689
243894539789
243859957533
243896718572
243854716985
243899379221
243852416145
243893590192
243849895256
243894000209
243841597542
243899298630
243847627686
243894724283
243854231944
243892510752
243856989382
243894323677
243854581132
243897300564
243853137598
243892972384
243850339235
243897891988
243849400809
243891158105
243850373637
243894749720
243854667929
243892500460
243846930885
243895161041
243846347602
243898375380
243847761570
243890602550
243844853712
243897361934
243841831587
243893092003
243854990012
243891071290
243859403166
243896900064
243853385558
243890038761
243840583911
243896694022
243859485272
243890940061
243847575068
243899091923
243857864179
243892762079
243840934605
243890031763
243847032850
243898843836
243850302274
243896350162
243842660112
243891993414
243845478304
243899679998
243850791303
243892610663
243857979898
243891916355
243859393619
243897209374
243854863909
243890481436
243855585711
243896170107
243851412454
243896649859
243844612221
243897371045
243856306984
243890447036
243850646035
243894860910
243853491692
243894579813
243856564889
243896693652
243841233333
243891491158
243844573597
243894771839
243851418446
243890028275
243840913807
243895593671
243847752306
243893665460
243858379144
243891417387
243845059646
243892109439
243840774774
243898056596
243840279963
243893760075
243855275951
243897986352
243847311369
243899728822
243843839815
243897576610
243855460924
243898087187
243858034529
243892157241
243850333202
243897969265
243852531218
243898876625
243858478416
243895360241
243847094566
243897657956
243859558363
243890451514
243851304266
243895779577
243857928404
243894981395
243855269635
243897512971
243848794457
243890778152
243856085782
243892832574
