4915510287697
4915510891573
4915510576380
4915510912324
4915510323273
4915511023159
4915511180525
4915511781035
4915510677318
4915511641857
4915511434634
4915510566028
4915511567256
4915510585175
4915510289437
4915511157433
4915511528258
4915511188197
4915511248086
4915511947579
4915511722139
4915510637871
4915511321264
4915511906203
4915511388433
4915510850965
4915510770117
4915511652358
4915510066686
4915510988559
4915510859108
4915510973939
4915510208750
4915511123612
4915511118201
4915510191506
4915510289258
4915511281722
4915511301868
4915510008839
4915510803112
4915511178806
4915511842203
4915511104159
4915510906455
4915510093947
4915511664803
4915511570524
4915511289286
4915511670055
4915510130324
4915510690295
4915510022278
4915510731999
4915511830953
4915511498120
4915510717475
4915510106278
4915511032182
4915510935778
4915511514911
4915511508167
4915510580183
4915510384130
4915510266464
4915510479347
4915510266468
4915510828035
4915511545250
4915511293372
4915511054901
4915510055152
4915510825778
4915510690683
4915510857681
4915511087246
4915510936965
4915511130750
4915511714489
4915510371553
4915510524980
4915510451716
4915510603412
4915510105218
4915511188981
4915510275641
4915510932215
4915511131130
4915511903746
4915511755938
4915510915428
4915510265872
4915510214606
4915510174627
4915510909804
4915511300671
4915511457836
4915511840125
4915510109629
4915510287521
4915511492801
4915510474670
4915511820129
4915510562503
4915511567069
4915510260980
4915510124695
4915511413354
4915510633897
4915510488742
4915511908277
4915510836594
4915510898377
4915511891500
4915510465519
4915510695741
4915510742515
4915510145352
4915511971450
4915510620948
4915510846686
4915510925750
4915511141991
4915511516453
4915511048140
4915510507751
4915511334983
4915510673834
4915510534470
4915511699957
4915510978248
4915511905244
4915510175602
4915511980732
4915511518877
4915510572685
4915510824242
4915511150911
4915510150971
4915511116467
4915511542140
4915510778630
4915510135350
4915510366748
4915510915651
4915510767757
4915511061568
4915510388106
4915510280254
4915511559222
4915511076018
4915510203747
4915510571084
4915510989739
4915510845173
4915511492793
4915511699007
4915510933687
4915510422167
4915511247782
4915510514899
4915510248332
4915511761048
4915511675869
4915511550158
4915511441031
4915511448686
4915510647322
4915511163676
4915510547716
4915510306230
4915510064095
4915511773944
4915511005621
4915511215866
4915511192927
4915510789444
4915511547053
4915510561260
4915511114031
4915510788923
4915510851512
4915510895401
4915511572178
4915511329799
4915511772189
4915510972141
4915510882320
4915511689582
4915510686662
4915511574062
4915511371769
4915511003531
4915511267940
4915511816155
4915511819205
4915510170061
4915511192882
4915510324110
4915510559257
4915511222493
4915511145569
4915511681288
4915511927734
4915510534035
4915510529932
4915510628376
4915511830526
4915511211617
4915510344787
4915510324824
4915510023933
4915511175784
4915511951639
4915510153632
4915510588291
4915510413230
4915511053324
4915511728502
4915511124623
4915511871083
4915510804029
4915511802257
4915511174068
4915511873897
4915511463920
4915510699827
4915511298997
4915510759377
4915511660911
4915511555787
4915510993394
4915510319791
4915511899057
4915511971641
4915510321268
4915511064296
4915510224338
4915511692694
4915510638843
4915511951686
4915511912056
4915511144261
4915510879241
4915510978929
4915511502187
4915510501027
4915511232251
4915511509076
4915511979797
4915511613659
4915511698869
4915511960039
4915510703265
4915510094626
4915511057758
4915510494754
4915510934725
4915511514105
4915510799224
4915511554213
4915510305760
4915510458158
4915511998427
4915511004851
4915510789136
4915510452124
4915510614670
4915510969439
4915511699091
4915511465626
4915511392986
4915511853424
4915511141008
4915510731910
4915511536108
4915511495568
4915510772674
4915511992533
4915510012516
4915510320502
4915511856424
4915510379881
4915511440804
4915511030442
4915511642726
4915510615518
4915510523685
4915511258278
4915511036037
4915510731157
4915511398710
4915510794473
4915511208655
4915511281605
4915510078456
4915511473330
4915511593013
4915510140598
4915511786494
4915511146370
4915510637015
4915511694894
4915510278909
4915511233065
4915510284504
4915510303601
4915510863736
4915511621279
4915511581045
4915511063138
4915510111625
4915510415531
4915511796079
4915511132329
4915511316560
4915510086325
4915511784560
4915511609857
4915510419559
4915510864045
4915510669960
4915511846169
4915511781157
4915511432241
4915511453234
4915510156616
4915510546820
4915510134601
4915511602665
4915510545856
4915510096392
4915511520242
4915510607379
4915511156431
4915510129798
4915511030110
4915511416521
4915510959921
4915510678116
4915510639275
4915510388591
4915510218411
4915510117343
4915510494498
4915510610419
4915511131803
4915511206447
4915511382647
4915511039453
4915510530209
4915511081786
4915511898675
4915510207696
4915510488410
4915511651266
4915511724655
4915511137080
4915511857943
4915510221439
4915511115515
4915510181259
4915510873226
4915510130799
4915511441107
4915510409144
4915510070924
4915511776714
4915511653755
4915511833360
4915510208391
4915510796609
4915511770819
4915510046451
4915511455921
4915510980383
4915511443956
4915511517258
4915511702533
4915510649613
4915511872658
4915510991587
4915510475634
4915511631436
4915511265381
4915511989840
4915510667822
4915511948145
4915511159430
4915510546673
4915511001570
4915510133412
4915511805330
4915511080058
4915510844312
4915510265092
4915511287217
4915510013203
4915510331363
4915510253845
4915511392189
4915511437302
4915511693013
4915511131354
4915510743286
4915511638554
4915510604774
4915511053389
4915511306684
4915510179804
4915511039592
4915511280464
4915510286333
4915511981097
4915510618487
4915510719586
4915510322044
4915511815422
4915510837464
4915511155184
4915511499416
4915510268219
4915511941590
4915510960250
4915511311289
4915511814075
4915510208006
4915510633468
4915511433540
4915511873375
4915510891056
4915511554967
4915511879726
4915511097720
4915510843685
4915510944705
4915510453310
4915511886751
4915510866042
4915511675335
4915511765526
4915511458576
4915510132957
4915510261196
4915511880789
4915511602147
4915510180212
4915511807695
4915511700974
4915510623273
4915510210651
4915510121213
4915510573590
4915510259039
4915510739550
4915511738091
4915511786066
4915510383341
4915511152402
4915510274684
4915511042673
4915511632288
4915510267326
4915511914920
4915511519436
4915510819393
4915511059102
4915510148466
4915511112161
4915511496105
4915510918684
4915510769027
4915510335312
4915510526053
4915510072375
4915510597835
4915511048678
4915510776977
4915510277409
4915510751314
4915510145377
4915510901983
4915511992776
4915511730594
4915510352464
4915510641588
4915510014416
4915511679796
4915511641785
4915510990895
4915510238220
4915511302465
4915511052515
4915510870773
4915511201121
4915511121260
4915510872569
4915510904709
4915510893832
4915511605438
4915511684234
4915510640485
4915511250727
4915510512927
4915510761793
4915510379272
4915510061191
4915511991697
4915511875149
4915511520369
4915510148061
4915510201042
4915510890699
4915511966520
4915510401041
4915511725708
4915511263503
4915511413037
4915510508460
4915510668360
4915511884498
4915511288013
4915511060867
4915511766420
4915511497015
4915511541226
4915510808698
4915510312788
4915510232872
4915510942812
4915511168688
4915511719803
4915510903067
4915511384597
4915510866767
4915511756460
4915511246399
4915511536969
4915510784236
4915510298668
4915511373689
4915510240294
4915511417199
4915510462431
4915511902384
4915511379126
4915511272789
4915511991568
4915511554401
4915511098608
4915511969092
4915511964155
4915510660592
4915511451640
4915510267656
4915510401605
4915511420844
4915510535053
4915510133534
4915510936994
4915511140823
4915511813447
4915510768872
4915511157086
4915510913500
4915511855272
4915511571736
4915511508464
4915510149023
4915511167008
4915510286352
4915510602654
4915511562600
4915511269260
4915511893144
4915511859614
4915510497470
4915511525129
4915511217225
4915511051092
4915511595383
4915510562317
4915511329438
4915510989727
4915511775163
4915510702166
4915511014493
4915510328073
4915510438440
4915511754527
4915510071109
4915511387184
4915510398416
4915510893269
4915511070114
4915511594047
4915510346077
4915510605272
4915510733172
4915511490164
4915511446688
4915511983377
4915511799435
4915510821121
4915511958287
4915510377353
4915510654139
4915510062273
4915510137084
4915510171488
4915510071921
4915511609762
4915510623416
4915510203236
4915511720988
4915510781840
4915511838113
4915511774381
4915511193056
4915511964660
4915510389979
4915511528475
4915511515487
4915510497769
4915510022813
4915511263186
4915511818158
4915510381432
4915511081717
4915510542206
4915510608332
4915511824617
4915511682469
4915511470640
4915511399330
4915510536604
4915511980034
4915511687098
4915510142845
4915510038257
4915510414215
4915511334794
4915511985042
4915510638905
4915511962418
4915511389483
4915510069149
4915510077515
4915511913061
4915510721511
4915511661565
4915510273248
4915511170018
4915510884279
4915510885094
4915510765258
4915511708051
4915511122525
4915511549069
4915511311552
4915510359804
4915510266679
4915511244079
4915510639239
4915510650730
4915510743520
4915511875567
4915511750903
4915510996444
4915511359689
4915511645809
4915511033265
4915511538660
4915510624033
4915511328313
4915511472485
4915511002831
4915510299599
4915511437935
4915510663407
4915510281500
4915511980390
4915511482622
4915511319837
4915510483755
4915510396369
4915511436729
4915510866445
4915511260907
4915511675407
4915511519929
4915511019667
4915511592197
4915511103816
4915510899580
4915511069140
4915511582867
4915511220166
4915511266698
4915511913517
4915510574963
4915511138393
4915511369872
4915510138976
4915510211196
4915511463763
4915510550159
4915511855624
4915510098290
4915511643462
4915510844704
4915511697763
4915510854306
4915510176349
4915511627615
4915510388950
4915510906613
4915511450811
4915511778683
4915510488253
4915511875404
4915511335402
4915511459055
4915510464800
4915510042043
4915510519158
4915510764277
4915510743583
4915510304415
4915510414490
4915510281431
4915510264814
4915510926818
4915511127704
4915511269274
4915510803095
4915510567584
4915511643491
4915511439915
4915511619126
4915511228905
4915511971647
4915511142428
4915511301322
4915511961141
4915510324811
4915510509073
4915511122767
4915511411636
4915510457849
4915511411826
4915511701692
4915510188402
4915511420685
4915511077926
4915510078267
4915510546173
4915511245740
4915510955512
4915511169782
4915510885582
4915511017525
4915511857226
4915511061597
4915511048258
4915511403099
4915510092359
4915510377981
4915510495907
4915510611432
4915511810293
4915511708535
4915511937175
4915510651882
4915511331304
4915511898391
4915510318482
4915510915024
4915511972852
4915511857793
4915510446781
4915510745125
4915511575616
4915511346763
4915511522869
4915511624528
4915510883341
4915510336377
4915511467790
4915510141083
4915510916649
4915510990475
4915510992629
4915510853183
4915511857603
4915511496853
4915510435603
4915511870028
4915510823634
4915510649929
4915511104740
4915510428141
4915511543045
4915510588140
4915510906021
4915510262440
4915511272388
4915510680746
4915510347403
4915510948823
4915511035525
4915511372430
4915511471504
4915511670934
4915511180919
4915511929243
4915510236175
4915510885694
4915510496826
4915510167866
4915511317281
4915510070391
4915510078946
4915511882698
4915510220368
4915510875358
4915510192540
4915510416969
4915511952108
4915510340791
4915511737135
4915511517200
4915511433479
4915511941617
4915511257540
4915510659209
4915510234348
4915511181672
4915511399219
4915511011438
4915510936139
4915510643484
4915511325101
4915511830566
4915510819194
4915511394479
4915510969415
4915510461665
4915510948475
4915510775600
4915510271255
4915510642225
4915511515822
4915511734584
4915510795730
4915510638028
4915511515961
4915511204856
4915510189306
4915511350930
4915510779867
4915510570487
4915511776053
4915510549581
4915510344008
4915511770441
4915510105132
4915511152797
4915510049868
4915510558396
4915511878919
4915511231755
4915510729359
4915510384165
4915510279728
4915510297179
4915510338146
4915511613206
4915510010896
4915510219336
4915510040389
4915511456764
4915510808090
4915511303669
4915510146469
4915511259053
4915510760225
4915510220409
4915511647353
4915510111194
4915511686024
4915511124174
4915510658561
4915511086641
4915510154579
4915511859313
4915511727929
4915510989299
4915511644984
4915511974757
4915510200921
4915510999151
4915510014770
4915510412526
4915510873495
4915510006935
4915511879248
4915510664641
4915511901294
4915511448301
4915511720556
4915511667274
4915510113609
4915510112934
4915510450199
4915510713202
4915511194925
4915510491825
4915511258682
4915511299609
4915510090949
4915510843381
4915510433080
4915511310498
4915511770320
4915511369068
4915511628626
4915511133586
4915510784094
4915510224345
4915511609434
4915511047770
4915511743164
4915510492308
4915511250409
4915511285405
4915510889459
4915510812694
4915511698247
4915511752454
4915511394143
4915511648667
4915510790576
4915511202941
4915511598790
4915510542930
4915510704165
4915511649701
4915510982353
4915511272343
4915511587280
4915511087647
4915510740007
4915511011395
4915511801389
4915511269442
4915510664315
4915510474850
4915510863031
4915511010482
4915511687405
4915510725962
4915510003239
4915511868942
4915511565629
4915510413062
4915510362784
4915511476518
4915510632473
4915511374859
4915510625101
4915510488789
4915511822367
4915511462217
4915510274721
4915511017579
4915510424987
4915511388977
4915511811095
4915511329500
4915511575262
4915510646664
4915510826442
4915510399533
4915510977768
4915510842896
4915510220501
4915510653318
4915511205982
4915511496730
4915511402812
4915510355079
4915510190451
4915511353533
4915511244884
4915510847825
4915510464641
4915511459473
4915511531139
4915511991933
4915510963581
4915511115305
4915510209276
4915511955891
4915510481244
4915511619893
4915511347931
4915510988085
4915511246846
4915510141692
4915510314351
4915510469788
4915511436578
4915511005694
4915510513784
4915510959957
4915510686223
4915510328206
4915510781094
4915511487263
4915510775902
4915510240156
4915511173055
4915511614429
4915510742347
4915511750805
4915510324406
4915510698580
4915511255983
4915511212860
4915511114717
4915511895405
4915510729229
4915511815286
4915510566396
4915510336290
4915510337746
4915510006375
4915511562805
4915510587854
4915511742827
4915511727690
4915510941072
4915510860064
4915510225329
4915510526397
4915510073845
4915511161066
4915510013616
4915510372072
4915510952421
4915510416600
4915511692923
4915511815385
4915510025817
4915510490570
4915511276503
4915511614325
4915511833883
4915510682978
4915511163456
4915510024547
4915510703893
4915510117286
4915510295414
4915510094556
4915510650960
4915510642892
4915511557703
4915510392194
4915510426834
4915510534882
4915510720671
4915510700115
4915510050932
4915511653407
4915511188484
4915510153214
4915510463524
4915511129270
4915510037591
4915510638068
4915510413311
4915510042756
4915510906323
4915510568059
4915510143678
4915511539441
4915511011803
4915511469972
4915510096198
4915510709285
4915510587371
4915511533454
4915510756631
4915511416580
4915511447694
4915511471664
4915510196923
4915511660054
4915510566377
4915510838164
4915510762428
4915510336583
4915510560853
4915511482978
4915510815939
4915511564074
4915511080234
4915510439775
4915510394482
4915511304129
4915510792322
4915511808621
4915510087416
4915511412492
4915511647623
4915510429175
4915510079096
4915511894314
4915511781943
4915511220248
4915510739844
4915510473545
4915510429419
4915511589436
4915511057323
4915511739734
4915511743331
4915511919517
4915510523023
4915510102933
4915510303909
4915511919281
4915511174338
4915510333181
4915511201080
4915511733443
4915510149478
4915510683886
4915511886884
4915510961709
4915510398072
4915511463450
4915511038875
4915510293578
4915511092354
4915511503442
4915511564408
4915511539428
4915510880589
4915510204285
4915510878591
4915510373104
4915511299110
4915510443358
4915510456719
4915511641833
4915511482365
4915510378244
4915511982921
4915510998132
4915511557082
4915510444968
4915510212043
4915511721556
4915511054266
4915511704804
4915511827316
4915510172120
4915510439715
4915510626758
4915510973317
4915510276142
4915511529405
4915511345302
4915511004680
4915511085401
4915510220057
4915511896099
4915510378566
4915510658655
4915511292276
4915510961053
4915510720066
4915510653689
4915511861998
4915510812870
4915511754570
4915511090331
4915510955342
4915510736998
4915511669004
4915510335394
4915511503663
4915511736612
4915511302287
4915510174683
4915511887851
4915510823973
4915510405077
4915510148118
4915510630059
4915510748592
4915510885446
4915510350595
4915511972679
4915510614772
4915511628452
4915511041972
4915511707967
4915511644885
4915511009036
4915510688016
4915511342082
4915510496121
4915510400351
4915510635553
4915510369425
4915511752046
4915511146572
4915510443109
4915511487398
4915511734651
4915510662349
4915511979052
4915510919548
4915510872416
4915511628979
4915510334976
4915510075674
4915510565652
4915511845459
4915511605228
4915511822292
4915511963047
4915510841350
4915510040190
4915511431810
4915510465217
4915510466070
4915510995065
4915511728742
4915510471209
4915510766865
4915511789441
4915510402317
4915510019882
4915510679704
4915511993852
4915511413244
4915511681036
4915511478940
4915510701502
4915511565483
4915511134295
4915510443903
4915510177934
4915511223045
4915510301243
4915510592390
4915511468582
4915511303891
4915511816210
4915510812013
4915511899922
4915511007234
4915510986473
4915511925220
4915510763115
4915510505235
4915511115487
4915510104053
4915510864727
4915510656548
4915510561832
4915510724953
4915510541592
4915511084948
4915510251047
4915511023242
4915511116841
4915510612254
4915511644425
4915510442616
4915510377561
4915511489279
4915510152915
4915510547119
4915510297029
4915511058312
4915510276836
4915511004605
4915511511096
4915510052135
4915511877544
4915510048231
4915511697357
4915510740343
4915511872887
4915510927907
4915510731540
4915510633284
4915511266970
4915511181608
4915510168207
4915510640003
4915510098103
4915511101774
4915511845041
4915511153674
4915511090858
4915510959611
4915510436837
4915510361661
4915510885712
4915510360199
4915511551079
4915511766550
4915510564395
4915510136889
4915510966684
4915510424643
4915510745664
4915511418338
4915511592241
4915510520280
4915511757785
4915510428366
4915511843578
4915510462299
4915511491919
4915510531416
4915511552766
4915511140173
4915511488141
4915510669245
4915511722361
4915510128513
4915510170184
4915511948268
4915510514070
4915510294330
4915511160325
4915510059386
4915510038499
4915511052954
4915511539326
4915510381443
4915510867089
4915511028182
4915510152056
4915510390263
4915511289609
4915511645208
4915511013474
4915510116555
4915511538367
4915511114874
4915510831869
4915511066943
4915511551379
4915510906908
4915510971871
4915510049195
4915511616335
4915510725270
4915511512630
4915510751572
4915511805667
4915511664067
4915511317480
4915510921742
4915511546488
4915511835009
4915511337042
4915510929264
4915510704040
4915511503705
4915510907493
4915511012526
4915511297437
4915510023025
4915511500660
4915511490966
4915510806187
4915511400580
4915510381479
4915511341919
4915511923489
4915511614077
4915511181350
4915510035627
4915511304720
4915511235669
4915510138799
4915510960995
4915510187871
4915511240284
4915511097567
4915510973629
4915511064077
4915511183584
4915511958903
4915510803390
4915511790331
4915510589011
4915511500830
4915510953521
4915511869672
4915511157333
4915510375746
4915510902900
4915511704375
4915511834669
4915511873135
4915511397550
4915510592671
4915511935831
4915510532896
4915510711781
4915510476476
4915510177631
4915511419938
4915510907283
4915511951615
4915511017835
4915511135078
4915510358747
4915511862760
4915510563902
4915510085935
4915510133048
4915510342727
4915510176877
4915511425525
4915510085938
4915511180985
4915510602896
4915510164580
4915511247560
4915511482889
4915511485250
4915510368743
4915511132439
4915511609906
4915511987708
4915510676161
4915511822662
4915511442529
4915511769950
4915511167773
4915511863447
4915510759047
4915511187751
4915511593178
4915511554600
4915511122278
4915510934666
4915510129660
4915510148041
4915511356536
4915510538462
4915511524327
4915511451570
4915510610050
4915510623718
4915511502436
4915510534862
4915510589699
4915511713617
4915511828415
4915510722803
4915510205847
4915510075856
4915510341354
4915510247606
4915511923843
4915510802729
4915511740947
4915510247916
4915510426573
4915510563799
4915510813827
4915511880295
4915510220830
4915510370115
4915511896921
4915511901352
4915510426449
4915510678981
4915511144929
4915511379555
4915510965257
4915510513740
4915510206236
4915511959054
4915511657068
4915510463718
4915511197735
4915511546992
4915510655448
4915510074783
4915510966649
4915510850676
4915510800035
4915510421073
4915510192935
4915511057894
4915511850469
4915510110541
4915510644786
4915510158070
4915511617695
4915511924138
4915510137278
4915511278521
4915511471996
4915511193671
4915510016616
4915511494857
4915510759737
4915511486172
4915510626264
4915510348774
4915511595512
4915510100900
4915511760217
4915511119478
4915511319056
4915510121083
4915510768597
4915510473513
4915511070042
4915511287577
4915511353465
4915510910014
4915510268807
4915511029333
4915510964036
4915510531031
4915511321085
4915510233776
4915511038034
4915511409729
4915510266792
4915510044762
4915510160591
4915511440082
4915511763331
4915511871437
4915510487002
4915511043071
4915510192822
4915510444645
4915510481214
4915511869788
4915511786994
4915511747430
4915510196113
4915510517333
4915510261539
4915510762166
4915510038161
4915510640597
4915511341689
4915511149362
4915510810396
4915510919742
4915510558712
4915510229927
4915510494892
4915510756918
4915510660300
4915511913245
4915511239941
4915511782410
4915511868607
4915511317406
4915510473630
4915511405152
4915510568623
4915510765402
4915510377019
4915510508172
4915511947700
4915510011442
4915511157396
4915511152408
4915510909758
4915511970150
4915511669495
4915510099081
4915510007035
4915511348058
4915510760743
4915511835415
4915510755548
4915511833102
4915510206979
4915510286364
4915510601057
4915511070994
4915511439707
4915510006289
4915510762528
4915510048686
4915510959919
4915511804245
4915510115532
4915511333025
4915511639606
4915510603631
4915511682505
4915511847009
4915511576366
4915511026640
4915510614419
4915511957337
4915511629390
4915511397440
4915511312025
4915511193444
4915510958646
4915511329577
4915511706870
4915510259898
4915511018483
4915511640668
4915510253521
4915511562070
4915511316645
4915510070482
4915511243981
4915510818750
4915510533193
4915511367117
4915510406970
4915511585670
4915510008001
4915511454557
4915510900565
4915510803394
4915510537673
4915511448573
4915511210352
4915510247491
4915511954226
4915510849772
4915510499041
4915511538329
4915511192103
4915510487587
4915511268382
4915511955300
4915511763970
4915510011164
4915510963074
4915511596787
4915510174456
4915510430974
4915510292096
4915510583470
4915510290854
4915511057240
4915510858469
4915511362003
4915511351133
4915510732434
4915511247867
4915511303542
4915510045848
4915510026827
4915511211273
4915510593696
4915510669425
4915510328949
4915510746761
4915510997254
4915510612127
4915510421256
4915511754234
4915511763461
4915510206081
4915510646564
4915510669348
4915510771230
4915511826486
4915510504370
4915511593006
4915511011975
4915511539599
4915510023666
4915511384496
4915510402140
4915510771207
4915511780454
4915511200520
4915510691052
4915510562694
4915511817413
4915511647165
4915511712197
4915510691122
4915510672867
4915511401468
4915510360657
4915511001677
4915511246399
4915510148665
4915510164816
4915510701326
4915510935659
4915511382108
4915511757091
4915510676938
4915510197755
4915510956406
4915510754824
4915510296566
4915510317170
4915510270784
4915510080177
4915511107255
4915511328977
4915510969820
4915510526032
4915510837154
4915511951916
4915510111527
4915510564880
4915511999246
4915511237107
4915510196195
4915510168282
4915510812257
4915510532073
4915511624674
4915511318602
4915511842577
4915510969763
4915511636074
4915511478033
4915511342005
4915511897405
4915510243677
4915511527097
4915510045772
4915511583132
4915510860403
4915511141161
4915511221836
4915511195701
4915511217261
4915511233396
4915511514104
4915511729663
4915510320954
4915511270258
4915510830198
4915510680238
4915511364829
4915511852159
4915510070716
4915511799537
4915511795790
4915511068072
4915511570511
4915511905285
4915511678799
4915511067274
4915510147042
4915511211283
4915511848321
4915510064384
4915510852500
4915511833099
4915511169393
4915510250385
4915511504876
4915510655780
4915511383931
4915510327236
4915511484316
4915510328760
4915510991191
4915511658537
4915511947724
4915510381317
4915511341258
4915511246343
4915510144677
4915510247932
4915511474022
4915511666978
4915510574953
4915511917056
4915510091372
4915511626820
4915510447461
4915511977632
4915511238547
4915511195451
4915511529342
4915511305913
4915511182314
4915511394199
4915510836833
4915510027071
4915510469944
4915511114763
4915510555009
4915510823992
4915510731981
4915511106564
4915511438500
4915511905582
4915511421968
4915510710789
4915511584664
4915510159701
4915510067116
4915510083257
4915511673399
4915510866803
4915511995195
4915511239822
4915511980620
4915511843571
4915510832099
4915511938429
4915510165736
4915510186147
4915511290274
4915511363905
4915510568277
4915510373045
4915510311002
4915510688664
4915511867858
4915510770375
4915511830219
4915511493188
4915510888220
4915511154389
4915510037154
4915511445172
4915511326773
4915510363794
4915511019722
4915510314437
4915510983013
4915511323052
4915511974325
4915510139549
4915510867042
4915511716586
4915511183979
4915511057190
4915510505135
4915511789274
4915511766451
4915510725486
4915511061897
4915510939491
4915510013569
4915510478776
4915511851296
4915510874986
4915510038851
4915510636428
4915511123162
4915511472748
4915510958105
4915511098157
4915511129957
4915510948808
4915510426180
4915510163381
4915510509023
4915510958920
4915510010558
4915511940607
4915510262674
4915510575119
4915510041203
4915511560870
4915511155556
4915510461434
4915511343656
4915511867635
4915511250528
4915511220056
4915510078876
4915511851859
4915511110452
4915511933543
4915510282424
4915510313443
4915511318715
4915510435443
4915510574961
4915510951184
4915510586389
4915511521537
4915511664077
4915511485708
4915510921234
4915510820766
4915510765705
4915511484200
4915510532896
4915511643168
4915510780876
4915510105386
4915510565119
4915510457461
4915510035201
4915510366950
4915511720201
4915511431373
4915511146200
4915510478437
4915511274053
4915510797519
4915510904279
4915510794922
4915511679489
4915511936243
4915510608761
4915510506114
4915511312793
4915511001754
4915510402875
4915511367211
4915511228320
4915510946888
4915511773724
4915510720722
4915510152870
4915510949566
4915510927030
4915510185864
4915511880762
4915510219703
4915511608357
4915510744422
4915510264641
4915510426883
4915510074180
4915511550997
4915510374810
4915511303021
4915511739924
4915510646979
4915510619955
4915511350715
4915511515489
4915510481014
4915510324287
4915510995859
4915510981861
4915510003448
4915511158961
4915510640962
4915511323364
4915510176099
4915511507992
4915511520861
4915511745056
4915511257128
4915511897271
4915511141672
4915511695786
4915511343718
4915511173775
4915510297857
4915511542514
4915510915374
4915511588267
4915510359045
4915510518384
4915511375414
4915510929702
4915511509323
4915511706706
4915510624026
4915510088764
4915511291831
4915511949050
4915511278817
4915510407042
4915510898351
4915510605564
4915510765885
4915511425151
4915511082322
4915510158323
4915510013423
4915510651585
4915511951996
4915510022121
4915511172250
4915511447311
4915511410073
4915510822958
4915510446933
4915511509482
4915511323467
4915510190970
4915511188568
4915510190336
4915511948885
4915510321810
4915511024237
4915511744024
4915511482924
4915510086885
4915511136884
4915510279890
4915510601726
4915510011548
4915510767749
4915511821388
4915511081371
4915510779993
4915511992052
4915510628588
4915511381055
4915510045088
4915510106357
4915510483264
4915510137486
4915511091167
4915511214199
4915510543582
4915510102743
4915510585880
4915510903433
4915511230692
4915510027248
4915511091119
4915510544162
4915510550392
4915510871050
4915511998156
4915511268663
4915510257162
4915510099083
4915511893983
4915511594406
4915510634078
4915511299722
4915511545100
4915510002070
4915511296513
4915510222548
4915510941337
4915510101240
4915510852392
4915511693010
4915510421893
4915510834733
4915510969905
4915511667015
4915510299939
4915510439462
4915511027601
4915511065149
4915511979817
4915511013757
4915510348200
4915510960042
4915510454052
4915510908914
4915511739978
4915511302858
4915510305801
4915510438439
4915511049960
4915511779313
4915511457000
4915511118544
4915510977730
4915510032291
4915510648403
4915511275218
4915511546966
4915510536042
4915510628535
4915510102958
4915510720336
4915510447616
4915511006723
4915511518865
4915511506057
4915511158933
4915510021148
4915510877076
4915511572195
4915511462366
4915510044145
4915511868832
4915510530167
4915510769512
4915511762900
4915511240508
4915511884105
4915510188482
4915510224162
4915510354138
4915510715288
4915511796903
4915510974215
4915510922959
4915510193676
4915510970365
4915511071375
4915510699034
4915511003458
4915510415270
4915510543874
4915511865092
4915511999635
4915510141936
4915510441274
4915511560351
4915511596539
4915510084576
4915511097296
4915510373375
4915511919662
4915510991025
4915510574224
4915511311901
4915511561667
4915510521270
4915510752592
4915510394837
4915510598850
4915510215782
4915511592403
4915511778017
4915511820175
4915511971672
4915510315284
4915511746516
4915510384440
4915511428207
4915510681552
4915510501218
4915511997506
4915510895082
4915510873796
4915511139911
4915511759107
4915510199685
4915511663736
4915511913617
4915511923463
4915510931060
4915511778153
4915511572119
4915510539181
4915510572506
4915510527211
4915510043031
4915510526923
4915510125203
4915511316270
4915510673055
4915511421284
4915510057212
4915510237144
4915511736196
4915510025687
4915511781311
4915510974044
4915510274753
4915510489836
4915510693919
4915510617279
4915511564570
4915511879708
4915510888592
4915510224096
4915511151326
4915510400621
4915511272240
4915511026129
4915511404365
4915510554812
4915510345722
4915510079648
4915511250838
4915510659968
4915510455105
4915511668595
4915510107703
4915511327396
4915511145738
4915510776788
4915511385877
4915511527051
4915510218618
4915510839294
4915511674125
4915511154889
4915511756108
4915510087104
4915510219477
4915510068314
4915511137996
4915510857299
4915510322887
4915510814458
4915510842061
4915511106808
4915511460885
4915510734557
4915510261741
4915511078407
4915510425160
4915511505725
4915511434477
4915511479149
4915511272320
4915510627054
4915510409058
4915511441366
4915511423179
4915510479736
4915510587611
4915510969279
4915511148604
4915511995627
4915510392336
4915511844961
4915510210773
4915511002314
4915510756916
4915510730547
4915511793010
4915511377662
4915510777005
4915510069937
4915510253075
4915510073997
4915511854565
4915510816301
4915511473611
4915511673042
4915511899304
4915511866327
4915510862639
4915511592228
4915511038057
4915510310436
4915510288128
4915511316988
4915511610983
4915510664564
4915511218160
4915510579389
4915511593869
4915510911101
4915511321576
4915510897808
4915510575672
4915510589038
4915510254403
4915510485550
4915511475244
4915511408544
4915511352463
4915510302756
4915511036774
4915511700388
4915510185528
4915511257110
4915510280440
4915510498736
4915511196326
4915510614383
4915510264730
4915510606783
4915510378138
4915511180235
4915510271472
4915511659577
4915510710520
4915511903023
4915511950974
4915510143834
4915511503660
4915510311577
4915510259070
4915510235524
4915510650875
4915510464987
4915510211944
4915510474944
4915510991897
4915510178929
4915510308552
4915510574823
4915511160060
4915510947455
4915511051630
4915511925284
4915510497058
4915510724080
4915510531923
4915510783743
4915511096805
4915510858878
4915511839555
4915511972826
4915510645849
4915510173629
4915510623787
4915511275363
4915511719985
4915511321319
4915511969730
4915510122194
4915511910389
4915511503776
4915511350365
4915511923991
4915511282013
4915511607887
4915510719285
4915510286535
4915511959182
4915511313068
4915510010624
4915510007955
4915511235852
4915510381013
4915510974809
4915511960254
4915511876578
4915510726394
4915511273032
4915511700004
4915511375863
4915511698260
4915511762401
4915510795650
4915510923200
4915510067773
4915510443124
4915511683909
4915510948308
4915510102978
4915511455945
4915511950741
4915511899317
4915510714038
4915511716735
4915510908765
4915511734452
4915510218521
4915510958158
4915511758980
4915511330186
4915510052486
4915510061187
4915510274796
4915511924596
4915511122722
4915510460435
4915511742320
4915511780436
4915510465636
4915511376814
4915510351024
4915511879867
4915511928866
4915511504402
4915510403300
4915511708469
4915511405933
4915511306845
4915511806606
4915510853127
4915511529605
4915510497069
4915510869672
4915511178261
4915510892038
4915510318615
4915511296439
4915511708342
4915511256389
4915510768502
4915510652193
4915510861985
4915510785476
4915511782325
4915510926012
4915511268229
4915510493714
4915511412812
4915510936823
4915510148870
4915510871420
4915511426568
4915511234307
4915510817302
4915511290711
4915511403654
4915511152492
4915510339844
4915510172864
4915511808124
4915510518830
4915511251163
4915511550755
4915511544258
4915510879560
4915511476112
4915510150815
4915511741451
4915511365877
4915510143296
4915511716427
4915510099190
4915511962493
4915510760048
4915511573638
4915511681203
4915511200490
4915510796561
4915511674323
4915511410739
4915510434821
4915510089903
4915511576505
4915510735053
4915510319424
4915510935354
4915510829678
4915511064301
4915510263012
4915510626901
4915510656482
4915510223737
4915510757568
4915510604155
4915510160290
4915511961369
4915511435624
4915511858387
4915511667487
4915511104715
4915511586095
4915510377547
4915510486416
4915510669904
4915511244475
4915511081740
4915511930354
4915511900577
4915510382540
4915510034266
4915511758686
4915510612529
4915511394150
4915510045008
4915510997203
4915510500510
4915511141514
4915511447197
4915510575782
4915510584580
4915510768340
4915510348454
4915511847718
4915510956929
4915510074796
4915511526775
4915511626426
4915511195211
4915510247776
4915511014202
4915511631585
4915511825857
4915511424927
4915510411204
4915511568603
4915510496699
4915510195263
4915510565945
4915511878179
4915511067282
4915511962753
4915511794422
4915510641166
4915510190964
4915511360826
4915511684017
4915510065611
4915511255580
4915511659435
4915511637587
4915511298283
4915511630849
4915510410371
4915510677347
4915510433064
4915511249320
4915510114927
4915511127744
4915511951989
4915511983820
4915511470784
4915510395456
4915511061669
4915510365122
4915511916800
4915511952957
4915510309204
4915510566800
4915511653249
4915511482511
4915511483193
4915510329290
4915511141216
4915511276151
4915510363876
4915511090790
4915511016224
4915510444061
4915510043569
4915511188360
4915510386397
4915510003366
4915510262199
4915511874458
4915510012208
4915511794680
4915510434177
4915510973672
4915510366316
4915510888625
4915511695809
4915511923257
4915511216919
4915510407718
4915510478391
4915511043795
4915511040466
4915510729622
4915510693510
4915510952286
4915511803723
4915510806842
4915510736813
4915511503540
4915511045424
4915511573020
4915510761709
4915511203260
4915511756572
4915510375874
4915510594018
4915511700991
4915511808087
4915510718307
4915510614246
4915510506175
4915510693979
4915510594546
4915511996980
4915510988647
4915511889502
4915511104849
4915511306924
4915510790275
4915510808509
4915510526003
4915510023096
4915511129174
4915511896137
4915511930504
4915511181607
4915511199982
4915511793547
4915510774072
4915511251833
4915511340722
4915511359063
4915511987217
4915510163149
4915511826742
4915511360124
4915510766183
4915510631158
4915510900109
4915510575357
4915511382600
4915511060191
4915510166696
4915510007841
4915511517678
4915510238848
4915511167737
4915511346015
4915510986579
4915511217018
4915511467486
4915510838464
4915510717972
4915511155251
4915511613195
4915510832174
4915510822053
4915510997288
4915510704097
4915510780674
4915511285086
4915510656578
4915511312921
4915510579712
4915511485285
4915511817123
4915511040175
4915510337808
4915510487855
4915510990057
4915511053430
4915510223791
4915510431562
4915511591732
4915510248098
4915510430471
4915511400578
4915511704323
4915511681086
4915510666400
4915511796421
4915511672660
4915510926916
4915510740499
4915511891853
4915510709473
4915511064942
4915510676068
4915511027771
4915510731144
4915511357969
4915511231688
4915511741907
4915511881932
4915511407895
4915510536542
4915511891443
4915511349347
4915511604899
4915510718618
4915510745106
4915510733952
4915510336379
4915510826731
4915510164638
4915511201339
4915511562322
4915511287699
4915510726575
4915510723102
4915511166344
4915510661312
4915510492584
4915510378453
4915511721185
4915510566186
4915510327947
4915511066922
4915511449798
4915510520379
4915511104822
4915511322852
4915511723343
4915510430767
4915511806557
4915510315833
4915510490912
4915511390684
4915511592275
4915510797487
4915511391047
4915510107949
4915510886564
4915510430101
4915510996828
4915510948235
4915511728438
4915510048269
4915511187929
4915511226428
4915511203228
4915510786599
4915510920878
4915511370531
4915510019362
4915510907851
4915511437986
4915511311575
4915511119208
4915510797834
4915510435524
4915510449594
4915510610154
4915511117998
4915510968253
4915510972292
4915510025562
4915511096349
4915510895155
4915510458455
4915510919822
4915511705125
4915510652464
4915510091596
4915511469246
4915511924750
4915511802843
4915510288226
4915511793417
4915510815339
4915510311568
4915511471542
4915511554029
4915510558992
4915511765884
4915511366908
4915510313526
4915510367838
4915510232561
4915510942081
4915510788094
4915510878368
4915510387188
4915510176242
4915510060729
4915510439018
4915510437835
4915511480823
4915510138297
4915510415784
4915510454550
4915511847454
4915510034667
4915510248732
4915511714053
4915511241793
4915511728911
4915510449470
4915510746806
4915511379230
4915511650454
4915510620801
4915510165144
4915511878468
4915510505481
4915511011574
4915510827972
4915510276947
4915510132562
4915511758395
4915511406261
4915511307076
4915510831673
4915511055138
4915510515706
4915510304011
4915511205862
4915511786277
4915511892646
4915511490554
4915510340775
4915510372079
4915510183811
4915510823011
4915510408029
4915510148698
4915511334857
4915511609334
4915510091539
4915511839285
4915510382134
4915511235422
4915510470248
4915511802648
4915510070590
4915510171714
4915511843636
4915510038968
4915510864354
4915510423799
4915511477329
4915511858586
4915510726725
4915510111884
4915511819059
4915510317823
4915511413989
4915510631150
4915510581132
4915511185405
4915510933935
4915511223456
4915511853248
4915511659985
4915510590026
4915511001173
4915510391265
4915510362605
4915511214849
4915511517074
4915510710839
4915511879036
4915511629843
4915510917630
4915511364883
4915511037107
4915511080303
4915510750316
4915510987322
4915511506810
4915511258231
4915510024953
4915510860569
4915511836683
4915511912865
4915510141833
4915511989237
4915511960268
4915511239332
4915511278699
4915511128310
4915510532727
4915511503565
4915510976686
4915510534891
4915511920625
4915511074200
4915510533591
4915511299783
4915510670980
4915510413308
4915510228904
4915511617884
4915510928067
4915511990539
4915510088072
4915510938286
4915510493096
4915510280894
4915510850540
4915510040834
4915510582378
4915510221811
4915510553554
4915511205074
4915511739401
4915511111985
4915511591047
4915511388567
4915511100187
4915510793139
4915510444618
4915511974744
4915511983971
4915511795238
4915511878724
4915510619943
4915511105173
4915510210072
4915511262927
4915511674318
4915510375754
4915510154739
4915510547105
4915510448940
4915510053519
4915511131983
4915511198164
4915510176369
4915510425476
4915511123929
4915511635367
4915511333499
4915511591735
4915510431690
4915510798259
4915511346273
4915510185452
4915511040543
4915511731493
4915510900255
4915511880010
4915511620731
4915510879431
4915510101746
4915511831193
4915511782454
4915511929182
4915510665540
4915510831719
4915511000493
4915510898548
4915511156833
4915511993892
4915511927958
4915511217719
4915510380428
4915510367872
4915510452307
4915511108769
4915511537554
4915510038065
4915510133765
4915510482217
4915511637259
4915510772118
4915510303627
4915511944649
4915510203860
4915511033953
4915511226783
4915510917616
4915510414240
4915510659083
4915510960881
4915510465060
4915510263823
4915511331462
4915511322041
4915510580275
4915511374673
4915510354214
4915511000058
4915510598194
4915511268672
4915511987596
4915511620426
4915510147810
4915510261067
4915511864080
4915510185099
4915510418899
4915510375498
4915510502322
4915510431902
4915511133650
4915510765513
4915510926572
4915511661744
4915510338889
4915510497874
4915511253894
4915511728564
4915510566882
4915511394005
4915511709496
4915510083671
4915510068537
4915510836757
4915511592176
4915510748935
4915511528857
4915511070069
4915510290721
4915511917956
4915511477985
4915510174995
4915510213884
4915511281942
4915511610972
4915511610848
4915511374991
4915511355683
4915511066878
4915511900635
4915511875557
4915510260091
4915510339708
4915510339756
4915510780013
4915510120811
4915511480778
4915510255291
4915511005064
4915510019667
4915510705218
4915511385433
4915510957607
4915510272233
4915510879088
4915511733262
4915510502094
4915511096782
4915510629336
4915511613155
4915511301276
4915511897909
4915510334983
4915511241760
4915510713557
4915510801478
4915510783994
4915511781162
4915510086698
4915511985041
4915511900602
4915510392377
4915511484427
4915510375381
4915511599493
4915511010259
4915510367002
4915511522263
4915511329891
4915511399683
4915511112636
4915510725135
4915510757018
4915510962150
4915510742070
4915510277808
4915511789570
4915511611293
4915511253756
4915510974694
4915510557983
4915511986886
4915511572004
4915511907070
4915511962182
4915511366475
4915511106244
4915510210219
4915510869081
4915511599918
4915510652884
4915510209554
4915510617243
4915511998756
4915510880650
4915511376922
4915511532871
4915511916832
4915510176508
4915511595901
4915511864332
4915511021511
4915510705935
4915511012757
4915510194532
4915510181206
4915511259346
4915511399703
4915510925410
4915510645077
4915511762529
4915511557276
4915510232269
4915511936176
4915510910224
4915511959128
4915510637040
4915511580865
4915511602071
4915511431263
4915511399946
4915511685714
4915511019329
4915510926355
4915510330536
4915510966263
4915510103472
4915510178745
4915510306287
4915510830910
4915511356435
4915511461923
4915510028735
4915511605191
4915510632738
4915510597961
4915510030241
4915510334862
4915511836035
4915510466655
4915511384917
4915511222774
4915511785029
4915511615115
4915510266435
4915510240492
4915511903591
4915511039441
4915511819376
4915510860806
4915511635402
4915511498414
4915511433463
4915511328652
4915511781221
4915511825340
4915510123462
4915511428261
4915510188437
4915510312505
4915511913831
4915511341911
4915511288231
4915511057046
4915511348335
4915510896045
4915511001702
4915510743329
4915511424649
4915510152509
4915510326022
4915511296671
4915510891029
4915511967294
4915511016725
4915510048628
4915510986490
4915510449429
4915511977492
4915511574997
4915510960273
4915510946726
4915511508433
4915511307495
4915511627399
4915510396058
4915511897890
4915510727988
4915511363507
4915511983914
4915511363031
4915511454966
4915511795809
4915510003008
4915510906389
4915510550213
4915510815717
4915510976665
4915510229568
4915510071164
4915511007113
4915510151738
4915511373160
4915510871368
4915510687855
4915510952822
4915510586572
4915511640487
4915511264974
4915510767718
4915511902081
4915510190969
4915510013090
4915511167437
4915510092909
4915511557296
4915511349516
4915510680370
4915510443145
4915511533423
4915511410652
4915511737811
4915511863996
4915510258211
4915511732791
4915511849458
4915511324801
4915510778334
4915510885624
4915510569563
4915511966342
4915510069036
4915510013292
4915511994943
4915510272943
4915510876763
4915511209471
4915511028862
4915510048672
4915511797124
4915511299342
4915511827382
4915511779480
4915511915800
4915510739041
4915511610082
4915510934199
4915510126644
4915510246389
4915510035027
4915511066130
4915510051522
4915511536715
4915510649555
4915510294396
4915511557882
4915510875198
4915511630845
4915510335401
4915511265122
4915511100551
4915510439489
4915511859754
4915511816463
4915510802368
4915510825251
4915510914859
4915510458937
4915511614290
4915511199612
4915511757126
4915510276864
4915510207186
4915511942377
4915510469409
4915511844937
4915510777331
4915511651463
4915510572928
4915510928011
4915511850030
4915511499130
4915511786339
4915510446397
4915511172335
4915510373996
4915511620357
4915510770071
4915510635092
4915511022248
4915511850418
4915510395737
4915511738475
4915510252105
4915510297647
4915510346970
4915511624248
4915511513026
4915511693706
4915511486885
4915510003741
4915510922797
4915511586397
4915511367335
4915510935729
4915511325321
4915511402627
4915510567548
4915511978306
4915510275492
4915510875164
4915511673299
4915511890252
4915510448698
4915511224439
4915511130217
4915510335571
4915511094827
4915511325778
4915511641258
4915511095906
4915510550962
4915511386504
4915511881560
4915511302507
4915511225236
4915510424684
4915511426255
4915510855516
4915510080656
4915510814835
4915511862678
4915511971823
4915511656724
4915511279353
4915511609303
4915511476470
4915510104735
4915510364314
4915510011962
4915510518210
4915511398300
4915510493303
4915511567779
4915511414291
4915510484241
4915510463582
4915511029711
4915510489644
4915510499145
4915510793250
4915510426366
4915511063522
4915510080799
4915511344477
4915511399684
4915510713283
4915510384926
4915510811064
4915511852996
4915510299594
4915511138269
4915510659720
4915510911959
4915510122764
4915510549578
4915510231066
4915510400054
4915510458967
4915510594762
4915510177211
4915511923059
4915510336615
4915510036162
4915511318443
4915511721277
4915511295029
4915511183447
4915511975302
4915510658655
4915510323683
4915510088387
4915510663110
4915511366104
4915511680303
4915510450813
4915510245212
4915511645746
4915510859059
4915510928286
4915511711720
4915511020999
4915511562543
4915511540714
4915511495046
4915510742208
4915511299732
4915510367303
4915511020547
4915510337092
4915511088538
4915510997611
4915511153511
4915510003361
4915510303036
4915511266841
4915510525788
4915511728495
4915510447953
4915510436929
4915510554330
4915510072893
4915510947442
4915510072724
4915510024518
4915510645872
4915510305418
4915510880124
4915510436781
4915511540953
4915511514328
4915511995936
4915511002851
4915511656070
4915510219356
4915511212309
4915510053148
4915510062830
4915511297514
4915511870902
4915510055936
4915511679752
4915511855548
4915510880477
4915510618042
4915510826380
4915510873150
4915511966610
4915510148315
4915511590019
4915510081182
4915511686543
4915510683378
4915510302176
4915511744435
4915511253863
4915511602226
4915511402798
4915511493298
4915510038700
4915511230769
4915510340179
4915510856255
4915510629779
4915511320021
4915510536967
4915510362434
4915511433455
4915510727244
4915510095253
4915510590314
4915510737656
4915511493566
4915510885956
4915510766817
4915510534966
4915510575709
4915511391580
4915511076141
4915511768152
4915510558272
4915511730754
4915511131455
4915510706582
4915510243413
4915511906662
4915510824918
4915510380849
4915511081757
4915511067447
4915510862414
4915511771226
4915511349185
4915510123982
4915510953859
4915511742530
4915510028542
4915510400025
4915511619615
4915510549924
4915511981535
4915510938366
4915511552088
4915510950182
4915511909642
4915510601570
4915510873974
4915510688243
4915511026578
4915510360219
4915511471374
4915510064772
4915511818619
4915510047286
4915511066973
4915510534860
4915510623382
4915511407571
4915510351926
4915510793442
4915510628831
4915510339044
4915511450831
4915510178634
4915511209241
4915510749815
4915510179734
4915511062647
4915511525443
4915510221421
4915510682569
4915511077085
4915510314448
4915510155181
4915511851982
4915511539765
4915511289959
4915510181986
4915510820034
4915511556994
4915511338102
4915510346800
4915511842408
4915510928593
4915511974975
4915511261327
4915511718541
4915511066772
4915510914434
4915511474217
4915510121384
4915510161981
4915510574319
4915511366280
4915510097375
4915510243203
4915511136712
4915511381168
4915511673006
4915510425406
4915510366515
4915510818970
4915510253068
4915511109015
4915511872077
4915511480842
4915510112450
4915510144257
4915511102257
4915511529914
4915510476891
4915511958945
4915510338762
4915510522645
4915511316696
4915511089204
4915510941263
4915511116146
4915510364634
4915511301734
4915511574110
4915510948865
4915510571935
4915511397925
4915510572051
4915511920600
4915510862134
4915510975824
4915511131561
4915510346242
4915510514094
4915510857241
4915511622365
4915511669384
4915511802125
4915511255565
4915510973137
4915511977953
4915510500800
4915510873690
4915510028570
4915510750780
4915511291455
4915511211289
4915510401896
4915511859761
4915511663436
4915510652231
4915511817892
4915510445432
4915510171541
4915510522268
4915511232168
4915511682764
4915510486971
4915510008177
4915511536054
4915511732108
4915511947405
4915511608201
4915510241515
4915511408987
4915511190827
4915510200040
4915510785797
4915510851220
4915511542139
4915511402618
4915511796540
4915510276123
4915511717627
4915510435699
4915511833070
4915510311825
4915511347613
4915511697179
4915511975185
4915511845430
4915511608236
4915511632833
4915511133572
4915511220961
4915510171102
4915511639823
4915511927038
4915510964537
4915511479511
4915511037960
4915511281081
4915510623763
4915510458833
4915510008723
4915511991103
4915511460208
4915511538703
4915511270331
4915510288769
4915510957365
4915511776199
4915511775276
4915511519855
4915510851059
4915511730913
4915510166012
4915511758439
4915511162615
4915511655758
4915510927988
4915510493723
4915510010204
4915510689405
4915511050823
4915510813770
4915510490661
4915510603509
4915510469859
4915511294817
4915511208635
4915511908026
4915510921557
4915511664677
4915511678868
4915511024585
4915511000023
4915510074647
4915511536189
4915511791500
4915511566647
4915511300130
4915511189168
4915510825863
4915511449350
4915510713540
4915511628916
4915510798259
4915511197347
4915510381322
4915511904538
4915510493413
4915510986067
4915510751793
4915511284733
4915511133817
4915511938800
4915510637994
4915510770054
4915510714599
4915511616771
4915510829162
4915510879685
4915510068009
4915510475769
4915510928069
4915510482756
4915511229597
4915510197455
4915511652617
4915511218365
4915511050663
4915510615506
4915510792128
4915511623076
4915511773058
4915511926679
4915510828970
4915511493091
4915511037509
4915510830583
4915510333304
4915511626499
4915510881544
4915510314494
4915511061911
4915511015232
4915511839770
4915510618521
4915510965361
4915510528163
4915511698572
4915510569724
4915511572018
4915511100352
4915510112216
4915511249941
4915511288907
4915511576026
4915511653610
4915511803807
4915511475327
4915511248888
4915510220053
4915511572252
4915510293335
4915510423823
4915510707557
4915510622071
4915510939075
4915510160312
4915511862635
4915510268279
4915511037488
4915511542287
4915511191951
4915511548140
4915511135874
4915510786695
4915511390099
4915510793191
4915510249806
4915510516340
4915510762229
4915511068418
4915510039101
4915510991175
4915511517634
4915511556120
4915510749873
4915510202278
4915511864487
4915511856142
4915510251892
4915511605235
4915510951708
4915511774053
4915510007294
4915511719587
4915510367726
4915510811706
4915510705380
4915511227892
4915511133803
4915511894249
4915511104391
4915511399705
4915510268242
4915510539488
4915510893532
4915510608004
4915511461281
4915511930006
4915511426928
4915511895105
4915510746561
4915510992310
4915511355480
4915510440524
4915510101422
4915511760361
4915510782943
4915511818792
4915511043433
4915511114576
4915510064438
4915510742825
4915510624659
4915510826294
4915511310996
4915510655005
4915511874707
4915511938882
4915510249955
4915510770738
4915511223447
4915511372220
4915510864564
4915510655319
4915511013560
4915511334707
4915510243010
4915510348732
4915511062594
4915510286059
4915511968451
4915511874217
4915511653163
4915510111690
4915510031079
4915511980296
4915510316356
4915510463948
4915511375178
4915510105928
4915511640178
4915510542159
4915511245439
4915511545196
4915510492015
4915510650048
4915511685864
4915511718506
4915511552939
4915511652417
4915510211306
4915510212511
4915510772413
4915510806924
4915510266864
4915511947510
4915510641437
4915510730264
4915510526743
4915510518091
4915510936231
4915511687001
4915511438789
4915510865228
4915510193515
4915511060000
4915511375345
4915511094410
4915510097325
4915510615326
4915511928978
4915510995438
4915510885705
4915510753029
4915510210693
4915511087312
4915510057963
4915511452745
4915511019789
4915510468867
4915510593991
4915511316510
4915511724381
4915511424454
4915511712103
4915510021752
4915511596506
4915511578495
4915510847370
4915511072995
4915511606799
4915510551290
4915510507950
4915510023321
4915511507393
4915510015518
4915511340875
4915511203296
4915511040350
4915511139884
4915510082033
4915511102158
4915511362121
4915510601878
4915511742375
4915511164833
4915510682223
4915510537322
4915511983305
4915511204946
4915510717285
4915511024744
4915510980320
4915510752770
4915510165920
4915511660112
4915510997161
4915511118924
4915511214404
4915511799460
4915511503232
4915511399952
4915510610634
4915510784491
4915510499797
4915511242840
4915511506389
4915510144980
4915511127866
4915510382339
4915510937938
4915510869429
4915511385082
4915510143298
4915510615528
4915511167475
4915511200166
4915510059157
4915511364864
4915511172901
4915511308845
4915511757654
4915510505690
4915510110766
4915511212801
4915511771380
4915510783192
4915511089791
4915511069899
4915510190658
4915510356760
4915510969817
4915511203369
4915511355488
4915511472106
4915510920746
4915511377248
4915511173378
4915511584519
4915510566931
4915510767254
4915510537443
4915510192750
4915510976742
4915511657720
4915511556274
4915510862823
4915511237126
4915511537810
4915510744125
4915511798052
4915511116116
4915510783186
4915511919057
4915511109486
4915510673798
4915510180669
4915510745716
4915510727573
4915511359541
4915510456461
4915510094277
4915511020595
4915511658132
4915511782436
4915510173237
4915511805769
4915510936664
4915511300462
4915510149127
4915510860065
4915511621502
4915510598731
4915511732107
4915510761000
4915510094937
4915510173851
4915511277166
4915510029581
4915511364663
4915510998874
4915510773901
4915511984101
4915511488249
4915511707240
4915510474327
4915510910354
4915510471986
4915510440054
4915510671347
4915510342108
4915511762145
4915510537627
4915510085297
4915511086661
4915510451023
4915510203115
4915510314710
4915511669673
4915511847077
4915510329794
4915511907681
4915511879622
4915511314958
4915510383217
4915510615239
4915510191293
4915511937726
4915511020037
4915510818784
4915511976815
4915510218950
4915511347934
4915511626090
4915510321228
4915510645874
4915511762222
4915511293964
4915511324341
4915511590295
4915511317457
4915510338386
4915511839630
4915510206138
4915511685745
4915511401529
4915511934922
4915511833842
4915511433670
4915511010444
4915510268735
4915510980428
4915510521558
4915511811992
4915511796797
4915511894478
4915510262411
4915510474155
4915510006005
4915510771693
4915510508644
4915511435436
4915510992680
4915510238887
4915510107712
4915511215409
4915510570500
4915511387224
4915510039014
4915511581123
4915511713108
4915511658622
4915510073544
4915510219527
4915510277000
4915510515131
4915511393892
4915510138430
4915511037025
4915510487517
4915510562222
4915511247657
4915511565501
4915511697740
4915510544184
4915511804503
4915510898103
4915510465816
4915510918109
4915510614018
4915511627120
4915510179406
4915510659512
4915510105894
4915510396902
4915511512389
4915510395992
4915511228670
4915511502665
4915511562254
4915510117224
4915511199851
4915511197320
4915511585051
4915510595286
4915511144338
4915511201131
4915510274993
4915510161825
4915511273137
4915511672017
4915510865638
4915510419612
4915510631939
4915511120059
4915511466462
4915511297572
4915511422344
4915510613112
4915510323736
4915510565851
4915510015699
4915511959072
4915511560581
4915511047873
4915511350940
4915510674641
4915511798438
4915510392490
4915511601353
4915510279401
4915510190443
4915510905726
4915511277818
4915511616161
4915511555921
4915511020201
4915511680433
4915510700106
4915511975335
4915511374888
4915510481947
4915511768523
4915510103160
4915511319241
4915511749256
4915510063733
4915511977171
4915510288034
4915510032848
4915510258828
4915510436393
4915510508411
4915510751638
4915510789353
4915510445641
4915511168640
4915510239495
4915511214428
4915510774269
4915511722909
4915511716755
4915510967802
4915511057877
4915511807855
4915510019982
4915510278661
4915510138960
4915510765189
4915510088664
4915510013601
4915510882976
4915511478626
4915510284051
4915510759829
4915510358379
4915510730189
4915511093568
4915510157932
4915511688141
4915510929308
4915511757515
4915510232940
4915510191079
4915510220820
4915510158314
4915510293584
4915510121212
4915511200105
4915510871518
4915510906167
4915510976324
4915511539586
4915511830841
4915510619720
4915510974525
4915510088822
4915510188304
4915510151277
4915510737059
4915511098449
4915511076273
4915510899788
4915511674378
4915510111400
4915510937733
4915510772019
4915511156118
4915511694689
4915510388278
4915511756417
4915511533906
4915511469044
4915510788933
4915511219234
4915510520332
4915511666845
4915510855326
4915510293459
4915511150272
4915510379926
4915511163620
4915510854003
4915511009913
4915511680690
4915510320021
4915510855858
4915510518784
4915511690040
4915510919094
4915511946287
4915511221058
4915511059797
4915510910109
4915510240473
4915511539065
4915510349267
4915511879416
4915511068003
4915511726185
4915510747996
4915511950848
4915510572987
4915511767177
4915510372614
4915510852184
4915511155528
4915510485354
4915511383628
4915510450715
4915511095022
4915511592803
4915511371841
4915510485514
4915510104742
4915510397684
4915511400986
4915511520854
4915511265929
4915511451314
4915511408681
4915511121530
4915510690098
4915511345518
4915511835637
4915511666906
4915511892235
4915511770251
4915511350227
4915510997425
4915511175828
4915511416984
4915510135262
4915510920779
4915510415559
4915510872457
4915511356703
4915511426177
4915511634306
4915511117317
4915511262087
4915511252995
4915510292173
4915510119117
4915510491815
4915510298291
4915510633576
4915511764087
4915511086377
4915511779694
4915511166785
4915510883032
4915511110679
4915511870091
4915510446298
4915511110145
4915510625770
4915511833038
4915510059636
4915510146723
4915511886971
4915511491050
4915511614055
4915511096546
4915510904009
4915511572793
4915511032193
4915511259078
4915511629446
4915510267178
4915510807350
4915510904328
4915510464849
4915510658041
4915511087528
4915510787883
4915511697902
4915510595120
4915511614425
4915511027177
4915511443861
4915511998917
4915510266131
4915511436705
4915510099209
4915511251331
4915510984588
4915510741968
4915511683210
4915511820618
4915510503195
4915511536318
4915510790320
4915510333652
4915510400015
4915510951256
4915511561280
4915511350800
4915510900310
4915511307900
4915511714042
4915510232844
4915510484010
4915510993080
4915511627275
4915511680296
4915511526983
4915511918488
4915510569539
4915511186517
4915511444025
4915511311598
4915510989697
4915511228525
4915510975320
4915511683763
4915510494139
4915511660321
4915511752208
4915511800049
4915511176518
4915510831137
4915511124412
4915511997430
4915510893149
4915510732424
4915510260832
4915510761532
4915510377565
4915510858478
4915510586191
4915510287770
4915510549248
4915510893687
4915511192398
4915511339757
4915511384555
4915511619403
4915511117820
4915510374276
4915510823366
4915511556008
4915510118027
4915511314686
4915511298734
4915510546470
4915511469543
4915510339571
4915510358771
4915510758383
4915511455805
4915511609173
4915510557209
4915510002117
4915510881587
4915510243153
4915511501741
4915511221887
4915510872895
4915510434301
4915510536242
4915511962207
4915511223192
4915510858739
4915510432836
4915510768987
4915511864766
4915511805860
4915511440370
4915510031181
4915510732668
4915510127174
4915510035291
4915511895973
4915510342648
4915511128156
4915511550013
4915510810313
4915511679755
4915511863479
4915511499953
4915511046117
4915511489132
4915510409373
4915510344646
4915511056323
4915510603386
4915511866248
4915510493670
4915510373331
4915510039300
4915510596858
4915510072098
4915511826059
4915510292260
4915511592510
4915510157222
4915511837335
4915511315405
4915511151348
4915510297737
4915510289495
4915511727532
4915510251979
4915511531113
4915511765752
4915510680594
4915510113091
4915511298118
4915511262643
4915511806024
4915511256560
4915510271571
4915510193570
4915511306014
4915511592848
4915511778251
4915511978343
4915510813906
4915510483030
4915511523196
4915511027980
4915511325562
4915510698003
4915510290528
4915510575748
4915510720620
4915510243395
4915510721311
4915510944229
4915510726561
4915510670303
4915510786817
4915511386678
4915510461669
4915511344467
4915511252985
4915511168687
4915511694326
4915510281266
4915510790519
4915510369410
4915510503755
4915511922726
4915511624235
4915511003479
4915511437575
4915510532057
4915510299804
4915510195338
4915510719775
4915511533292
4915511546072
4915510816652
4915511826274
4915511883136
4915511469524
4915511725121
4915511570101
4915511522463
4915511671366
4915510498424
4915511918533
4915511527358
4915510135885
4915510199734
4915510708496
4915510815174
4915510455377
4915511629546
4915511015532
4915510808414
4915511887524
4915510590607
4915511119746
4915511519965
4915511042013
4915511718954
4915510234750
4915511729355
4915510101700
4915511209906
4915510546174
4915511011774
4915511516808
4915511518224
4915511708473
4915511582540
4915511732748
4915510001440
4915510847862
4915511886593
4915510819061
4915511180806
4915511380911
4915511055253
4915510141990
4915510704231
4915511386838
4915511772824
4915511257042
4915511710692
4915511418507
4915510321887
4915510282330
4915511296510
4915510431740
4915510931383
4915510987653
4915511284341
4915511897072
4915510275405
4915511875509
4915510908172
4915510676738
4915510780493
4915510544409
4915511639038
4915510871098
4915511046692
4915510057930
4915511390409
4915510257126
4915510731104
4915511404930
4915510686118
4915511458428
4915511533769
4915510734627
4915510090448
4915510367773
4915510558586
4915510609309
4915510295906
4915511882262
4915510888538
4915511773119
4915511184679
4915510417070
4915510981853
4915510047622
4915511344837
4915510535317
4915510290676
4915510185383
4915510056232
4915510014356
4915511690931
4915510220675
4915510518408
4915511397549
4915511937174
4915511078124
4915510349251
4915511629756
4915510133456
4915511903317
4915511817575
4915510509792
4915511861265
4915511916664
4915511620979
4915510251797
4915511998133
4915510549717
4915510587756
4915510385274
4915510015250
4915511830741
4915511862205
4915511266133
4915511160483
4915510817350
4915510098939
4915511224250
4915510686035
4915510423851
4915511503047
4915511904087
4915510474548
4915510630044
4915510888843
4915510367320
4915510575350
4915511081447
4915511154935
4915511069986
4915510059211
4915510204103
4915510235949
4915511385327
4915510142078
4915510079746
4915510401240
4915511161004
4915511248557
4915510319961
4915510162385
4915511731147
4915511285672
4915510896032
4915510417175
4915511666088
4915510542438
4915511495682
4915510625834
4915511136705
4915510891316
4915510766257
4915510056921
4915510302140
4915510564886
4915511775614
4915511140137
4915511565256
4915511009015
4915511524866
4915511753620
4915511767749
4915510239530
4915510830874
4915511362346
4915510259670
4915511861831
4915510590448
4915510612541
4915510460033
4915510156170
4915511172651
4915510873074
4915511012388
4915511344060
4915510681204
4915511829312
4915511792684
4915510894106
4915511585876
4915510697492
4915511144712
4915511184513
4915511585533
4915511604522
4915511410070
4915511145353
4915511429651
4915511977021
4915510356768
4915510245574
4915511673134
4915511347795
4915510868585
4915511460115
4915510870312
4915510887736
4915510859095
4915510791462
4915510874926
4915510317480
4915511831658
4915511757262
4915511497846
4915511914378
4915511723848
4915510588979
4915511713035
4915511230224
4915510123766
4915511624995
4915511355573
4915511999998
4915510957030
4915510638375
4915511520759
4915510390240
4915510037360
4915510897825
4915510636442
4915510029493
4915511574891
4915511481886
4915510396373
4915510426099
4915510210717
4915510443386
4915510433473
4915511205233
4915510754034
4915510187099
4915511865502
4915510606364
4915511545625
4915510165526
4915511488410
4915510969183
4915510807064
4915510480991
4915510173147
4915511586972
4915511260134
4915510715789
4915511176067
4915511813427
4915510327530
4915510457438
4915510319517
4915510720838
4915510894624
4915510612157
4915511452579
4915511368595
4915511337753
4915510396253
4915510454065
4915510746542
4915511374644
4915510129173
4915510178315
4915510782660
4915510816395
4915511292257
4915511752386
4915511717052
4915511166133
4915511041905
4915510111805
4915510437398
4915511829026
4915511371138
4915511421390
4915511451217
4915511192547
4915511622239
4915510325201
4915511922461
4915511911642
4915511363613
4915510464370
4915510211742
4915510641551
4915510023738
4915511852380
4915510865816
4915510066656
4915510780713
4915510524752
4915511233399
4915510730337
4915511593007
4915511821588
4915511799437
4915510558478
4915510398162
4915511031688
4915511791768
4915510526526
4915511804200
4915511950419
4915510746856
4915511889734
4915510364874
4915510333824
4915511946501
4915510880880
4915511867994
4915510348066
4915510670862
4915511463730
4915511735503
4915510809896
4915511272783
4915511963850
4915510071035
4915511212714
4915511677123
4915510155245
4915510685971
4915511969516
4915510544130
4915510388029
4915510238462
4915510766882
4915511890726
4915511149523
4915511488329
4915511118458
4915511801367
4915511215208
4915510627976
4915511316274
4915510985412
4915510357089
4915511450414
4915510505632
4915510345535
4915510015026
4915510697640
4915510334882
4915510746147
4915510580350
4915510298224
4915510690018
4915510061809
4915510645743
4915510616803
4915511988937
4915511576581
4915511542460
4915511481191
4915510011673
4915511789746
4915511871597
4915510549160
4915510464803
4915511683581
4915510414751
4915510900775
4915511686732
4915510638898
4915511206291
4915510071067
4915511764590
4915510894635
4915510731838
4915510158205
4915510891657
4915511341331
4915510795114
4915510769960
4915511245599
4915510798255
4915511512094
4915511932367
4915511685434
4915510362522
4915511387560
4915510839274
4915511424252
4915511835871
4915511685233
4915510263361
4915510010014
4915510671016
4915510404418
4915511515995
4915511549330
4915511346393
4915511536429
4915510684309
4915511468047
4915510497335
4915510115662
4915510071042
4915511195184
4915511893303
4915510498606
4915510074704
4915510717719
4915510627192
4915511777403
4915511694345
4915510858738
4915510011387
4915510443427
4915510975937
4915510143423
4915510440198
4915511180795
4915510512788
4915510575025
4915511744765
4915511567517
4915511371592
4915511705574
4915510357823
4915511151687
4915511613487
4915511498040
4915511266285
4915510852514
4915511376126
4915511952947
4915511255332
4915511155724
4915511582425
4915510333518
4915511476291
4915511513756
4915510539846
4915510596622
4915510564048
4915510803067
4915511746475
4915511583885
4915510933909
4915511759240
4915511523433
4915511130022
4915511663701
4915510956861
4915510751458
4915510037639
4915510903810
4915510630267
4915510338897
4915511363074
4915511718340
4915510401160
4915511579742
4915510626072
4915510054090
4915511793625
4915511725201
4915510055539
4915510331816
4915510434901
4915511007331
4915510480447
4915511584434
4915511439359
4915511387096
4915511375307
4915511085612
4915510504763
4915511474163
4915510396875
4915511346436
4915510247563
4915510039272
4915511237474
4915511088299
4915510678275
4915510090095
4915510961265
4915511108347
4915510684758
4915511470225
4915511719736
4915511934810
4915510201410
4915510939952
4915510929666
4915510898305
4915510642645
4915510652101
4915511091020
4915511752296
4915511733640
4915510490943
4915510118409
4915511994036
4915510198808
4915511747777
4915510589380
4915510605476
4915510127684
4915511761472
4915511460880
4915511076443
4915510822090
4915510808011
4915511780022
4915511747052
4915510039625
4915511042143
4915511601970
4915510393342
4915510538934
4915510393058
4915511159727
4915511955933
4915510878499
4915510038585
4915511954484
4915510760909
4915510874762
4915510842151
4915511065756
4915510122978
4915510356403
4915511534671
4915511458348
4915511313331
4915510695855
4915510977891
4915510577655
4915511121492
4915510033232
4915510906624
4915510831572
4915510720636
4915511675481
4915511845902
4915510208239
4915511867465
4915511097571
4915511970161
4915510360981
4915510868667
4915510971052
4915510098338
4915511388233
4915510597480
4915511471392
4915510063720
4915511736691
4915511492308
4915510836413
4915510455735
4915510264326
4915511776098
4915510484756
4915510516842
4915510361637
4915511275733
4915510547595
4915511421892
4915510848329
4915510511719
4915511653434
4915511529176
4915511135916
4915510289610
4915511372979
4915510340656
4915510837658
4915511052620
4915510772707
4915510977131
4915511449036
4915511322772
4915511880684
4915510991152
4915510480463
4915511930341
4915511597550
4915510112588
4915511607891
4915510221568
4915510368862
4915511722211
4915511263945
4915511207120
4915510021826
4915511337785
4915511634738
4915511940660
4915510325822
4915510372018
4915510494065
4915510693699
4915511217865
4915510886212
4915510929135
4915511578588
4915510990128
4915511274757
4915510331222
4915511271523
4915511193079
4915510557984
4915510048084
4915511332905
4915510886140
4915511355725
4915510316827
4915511806191
4915511689460
4915511310308
4915510102775
4915510992488
4915510421724
4915511988578
4915511655674
4915510196078
4915510218696
4915511868016
4915510703527
4915511249424
4915510128021
4915511511855
4915511635004
4915510188338
4915511718709
4915510459240
4915511238801
4915511859562
4915511007787
4915510923862
4915510027128
4915511761483
4915511693270
4915510912123
4915510017331
4915511845696
4915511185934
4915511626452
4915510877903
4915510802489
4915511319417
4915511588574
4915510807858
4915510333138
4915511950238
4915511139737
4915510971837
4915510675775
4915510254088
4915510883798
4915510856061
4915510985728
4915510433174
4915510446841
4915510726881
4915510225241
4915511771496
4915510372838
4915511523014
4915511803729
4915511075377
4915510299846
4915511388593
4915511026520
4915510555786
4915511657007
4915511828851
4915511326584
4915511454147
4915510652158
4915510051064
4915510371980
4915510102682
4915511182982
4915511987919
4915510646340
4915510664961
4915510193069
4915510442732
4915511985194
4915511236033
4915510303663
4915511442360
4915511488950
4915511619913
4915511829952
4915510943453
4915510142282
4915511029506
4915511392159
4915511392612
4915510139475
4915511868596
4915511281063
4915511121305
4915510836146
4915510298624
4915510365000
4915511925782
4915511783958
4915511471848
4915510662943
4915510587871
4915510981230
4915511645126
4915510547181
4915510524471
4915510197473
4915510823801
4915510748566
4915510248747
4915510730422
4915510839083
4915511061793
4915510736735
4915511636041
4915510282159
4915511333931
4915511760453
4915511851751
4915510357160
4915511476627
4915510046397
4915510241762
4915511933453
4915511776289
4915511483314
4915510082282
4915511487881
4915511882279
4915511666546
4915510453707
4915510968351
4915510981441
4915511306682
4915511033268
4915511848193
4915511232773
4915511825174
4915510882081
4915510858176
4915510384832
4915511277810
4915511128674
4915511189510
4915511860685
4915511479351
4915511143179
4915511402523
4915511939281
4915511723431
4915511570732
4915510531548
4915510304461
4915511159646
4915510462669
4915510688115
4915511212991
4915510691484
4915511254151
4915511508744
4915511047379
4915510330404
4915511561030
4915511846166
4915511119962
4915511224998
4915510821625
4915510752304
4915510669919
4915510633274
4915510542646
4915510146237
4915511221005
4915510935429
4915510916085
4915511081824
4915511543504
4915510644524
4915511048682
4915511365143
4915511627840
4915511378783
4915510384112
4915511783540
4915510606314
4915511525754
4915510922898
4915511184686
4915511971591
4915510419185
4915510600801
4915510467221
4915511475647
4915511415791
4915511251714
4915511423248
4915510577042
4915511346968
4915511063292
4915511174019
4915510417670
4915510426393
4915511739205
4915511209578
4915511729008
4915510202742
4915511867740
4915511399415
4915510888766
4915511775371
4915510418456
4915510839612
4915511932558
4915511642308
4915510825345
4915511870688
4915511833466
4915511910006
4915511730810
4915511926755
4915510733237
4915511909649
4915510213014
4915511571524
4915511481426
4915510668048
4915511812534
4915510726857
4915510272284
4915511371099
4915510172600
4915511787325
4915511616941
4915511979899
4915510217225
4915510686315
4915510710843
4915511692927
4915511751322
4915511038355
4915510167214
4915511461106
4915511800683
4915510163581
4915510026109
4915511124471
4915511740914
4915510231623
4915511011115
4915510019995
4915511803117
4915510955293
4915511039337
4915510404969
4915511440489
4915511452388
4915510429192
4915511229141
4915511831316
4915510200968
4915511962645
4915511922440
4915510832337
4915511801419
4915511081954
4915511687808
4915511159162
4915510957546
4915511662142
4915511352864
4915510800540
4915510217881
4915511985736
4915510671003
4915511353619
4915510398654
4915510183429
4915510493055
4915511959259
4915510243930
4915510576894
4915510280995
4915510919821
4915511321654
4915510627574
4915510586604
4915511630188
4915511287627
4915511871541
4915510286827
4915510960147
4915511429621
4915510182431
4915510567245
4915511011836
4915511322367
4915511063015
4915511133730
4915510911639
4915511894856
4915510688634
4915510536590
4915511127274
4915510074121
4915510266843
4915511532699
4915510557373
4915511668959
4915510578082
4915511425378
4915511846874
4915510630054
4915510471817
4915510168243
4915511296648
4915511557438
4915510027287
4915511826494
4915510102367
4915510152093
4915511310333
4915511832443
4915511660818
4915510317035
4915511409662
4915511742997
4915511312513
4915510344059
4915510513253
4915510991485
4915510437999
4915511247822
4915510977849
4915510834694
4915510029734
4915511875672
4915510043792
4915511724116
4915510638851
4915511150859
4915511588674
4915511783402
4915511565459
4915511329814
4915510152138
4915511924586
4915511580763
4915511562514
4915510271564
4915511497819
4915510419697
4915511490393
4915510774911
4915510817648
4915511870514
4915510812936
4915510000023
4915510958225
4915511507262
4915511891112
4915510330734
4915510001960
4915511526182
4915510552440
4915511066528
4915511349146
4915510996185
4915510538763
4915510080785
4915511191838
4915510587499
4915510758638
4915511672791
4915511443370
4915510809471
4915510552113
4915511094960
4915511058706
4915510217740
4915511922065
4915511895743
4915510997684
4915510283391
4915510722310
4915510534254
4915510485320
4915511578597
4915511540240
4915510084656
4915510205431
4915510284411
4915511546244
4915511060409
4915510642506
4915510869855
4915511461004
4915511092662
4915510502642
4915510443826
4915510097987
4915510976520
4915510962279
4915510863835
4915510663798
4915510492865
4915510846505
4915511602633
4915510859332
4915510911012
4915510829311
4915510666498
4915511106669
4915511021077
4915511953994
4915510914083
4915510266428
4915510182816
4915510502997
4915511563698
4915510738670
4915511809220
4915511097905
4915510053504
4915510441683
4915511049020
4915511954849
4915510009340
4915511772341
4915511833492
4915511872649
4915510088535
4915510842680
4915511274475
4915510961205
4915511087645
4915510214014
4915510684662
4915510072696
4915510776049
4915511489887
4915511712787
4915510149541
4915511059855
4915511175151
4915510500084
4915510923714
4915511828566
4915511990218
4915510413005
4915511953066
4915510236128
4915511063001
4915510022765
4915511483353
4915511064516
4915510263507
4915511747043
4915510075815
4915511748248
4915511028994
4915510129842
4915511692211
4915511208507
4915510608499
4915511338983
4915511227430
4915511738972
4915510490746
4915510074882
4915511828871
4915511201905
4915511485539
4915510515176
4915511331475
4915510070718
4915511486982
4915510922694
4915511220362
4915510034894
4915511394911
4915511463045
4915510441852
4915510477043
4915510412963
4915510582735
4915511079525
4915510462094
4915510132119
4915510555663
4915511962346
4915511536665
4915510976891
4915511615546
4915511802604
4915510379278
4915511491758
4915511193661
4915511610788
4915511331086
4915511024728
4915511531029
4915511173133
4915511271348
4915511249099
4915511311001
4915511489623
4915510815326
4915511208696
4915511453250
4915510368473
4915511772969
4915510733055
4915511368721
4915510482154
4915511982926
4915511562371
4915510222173
4915511308025
4915511253389
4915510209862
4915511443908
4915511953753
4915510877160
4915511542749
4915510712982
4915511448600
4915510825973
4915511432533
4915510036973
4915511615115
4915510155058
4915510934201
4915510870121
4915511603563
4915510522769
4915510102908
4915510163757
4915511380844
4915511810632
4915511123653
4915511720213
4915510174721
4915510494470
4915511272565
4915510694384
4915511712936
4915511579519
4915511984263
4915511764419
4915511230654
4915510324321
4915510492987
4915510230024
4915510939950
4915511949290
4915511074002
4915511308760
4915510936908
4915510429559
4915511189672
4915510769457
4915510520607
4915511049890
4915510465611
4915510932023
4915510005878
4915510263587
4915510518862
4915510064741
4915511746276
4915511771158
4915511868786
4915510993978
4915511172879
4915511361494
4915510855241
4915510932818
4915510254457
4915510981255
4915511394657
4915510320300
4915511471840
4915511179579
4915510741950
4915511955045
4915510211647
4915510372527
4915511135437
4915511782613
4915510068342
4915510339207
4915511538014
4915511306999
4915511425484
4915510033640
4915511193072
4915510487898
4915510441605
4915510858021
4915511546314
4915510217007
4915510657594
4915510296180
4915511478329
4915510694452
4915511824359
4915510461662
4915511263746
4915510250356
4915510076827
4915511718797
4915510257153
4915511732105
4915510242925
4915511491240
4915511606291
4915511609564
4915511132935
4915511011162
4915511737567
4915510332741
4915511669801
4915510119759
4915510695057
4915510625750
4915511148652
4915510679862
4915511779499
4915510582591
4915511494824
4915510639023
4915510275406
4915510191325
4915511442961
4915511021001
4915510029546
4915510870460
4915510171560
4915511623433
4915511958117
4915510499602
4915510280234
4915511632704
4915510793320
4915510180219
4915510817914
4915510589793
4915510257618
4915510329479
4915511996777
4915511519081
4915510430722
4915510629674
4915511191561
4915510358457
4915510836551
4915511723717
4915511855397
4915510614356
4915510736165
4915510108919
4915510588574
4915510258600
4915511990338
4915511408391
4915510914343
4915510209590
4915510578511
4915511937867
4915511630853
4915511596380
4915510790139
4915510208129
4915510254934
4915511945848
4915511506424
4915511581942
4915510101981
4915510889121
4915510055851
4915510905050
4915511771840
4915511414353
4915510367282
4915511831099
4915511808065
4915510479067
4915511838281
4915510514805
4915511924444
4915511500518
4915511625649
4915511049773
4915511568538
4915510699984
4915511152545
4915511976584
4915510868619
4915510842190
4915511002270
4915511719034
4915511890046
4915511552186
4915511275627
4915510152632
4915510856561
4915510665945
4915511966043
4915510216892
4915511071338
4915510733677
4915510790809
4915510166921
4915511261441
4915511989344
4915510118591
4915510228947
4915510212559
4915510070105
4915511557988
4915510911792
4915511520761
4915511282182
4915510709592
4915511433632
4915510285485
4915511824334
4915511521787
4915510002708
4915511329501
4915511362682
4915510827885
4915511629409
4915511683238
4915510420692
4915510587845
4915511258657
4915511378808
4915510014546
4915510648734
4915510009410
4915510181082
4915510943000
4915510646960
4915510575816
4915510037895
4915511037242
4915510866824
4915511101203
4915510108130
4915511461751
4915511325884
4915511878562
4915510480915
4915511572486
4915511576907
4915511925466
4915510078535
4915511446057
4915511627758
4915510910063
4915511254524
4915511430619
4915510146500
4915510821182
4915510332626
4915511632266
4915510833978
4915510711834
4915511026708
4915510186504
4915511605054
4915511637842
4915511192525
4915511942176
4915511988156
4915510682914
4915510042541
4915511635019
4915511528892
4915510930454
4915511054109
4915510432688
4915510455986
4915511655924
4915510012412
4915511093274
4915510389137
4915510568278
4915510632234
4915510430082
4915510672636
4915510295290
4915511646220
4915511957200
4915510225582
4915511935319
4915510288726
4915511553612
4915510793201
4915510730086
4915511476072
4915511138059
4915511821810
4915511087833
4915510688511
4915510503872
4915511801075
4915511771364
4915511478337
4915510305348
4915510920717
4915510918748
4915510675534
4915510654521
4915510275043
4915510272484
4915510997698
4915510114368
4915510281975
4915511664080
4915511778883
4915511578655
4915510114445
4915510791346
4915511703600
4915510650348
4915511902370
4915510178816
4915511096111
4915510249944
4915511809357
4915511949266
4915511152300
4915510075539
4915511090120
4915510523492
4915510668691
4915511900921
4915510412255
4915510219491
4915511976190
4915510393572
4915510491818
4915511351153
4915511014490
4915510784633
4915510828184
4915510288398
4915510313415
4915511611636
4915510124668
4915510951462
4915511478264
4915510212644
4915511437156
4915510705996
4915510388657
4915510991731
4915511263249
4915510338393
4915511898752
4915510863701
4915511984799
4915511365788
4915510520945
4915511296986
4915510009802
4915511685524
4915511345506
4915510079440
4915510760052
4915511399561
4915510199654
4915510071731
4915510116722
4915510061196
4915510820314
4915510639695
4915510287874
4915510362114
4915511519169
4915510963748
4915511152846
4915510267672
4915510612585
4915511460109
4915510864752
4915511513956
4915510963290
4915510431082
4915511340319
4915510218045
4915511104778
4915511024914
4915510369327
4915510240343
4915510817580
4915510390953
4915510071498
4915511043036
4915510250935
4915511315257
4915510370624
4915511559776
4915510393574
4915511154722
4915510053675
4915510744452
4915510965391
4915510541301
4915510410907
4915510013551
4915510179820
4915510331539
4915511635259
4915511367190
4915511772083
4915510104016
4915510610019
4915511996378
4915510322085
4915511070793
4915510513634
4915511544528
4915511923976
4915510099724
4915510899750
4915511519491
4915510148679
4915511629038
4915510441530
4915510074430
4915511606594
4915510165793
4915510152960
4915510066074
4915511179435
4915511665617
4915511041464
4915511195934
4915510364111
4915511436999
4915511727402
4915510035419
4915510308655
4915510163436
4915510701554
4915510514516
4915511305286
4915511592006
4915511926928
4915510671261
4915511025620
4915511554045
4915511843921
4915510325474
4915510025678
4915511988926
4915511219685
4915511195744
4915510451405
4915510582913
4915511119027
4915511389294
4915510925237
4915511325590
4915511490812
4915511706346
4915511903936
4915510661090
4915510345434
4915510674092
4915510834845
4915511394862
4915511996618
4915510338358
4915510350252
4915510390065
4915511327624
4915510797337
4915510351061
4915510349094
4915511199660
4915511182750
4915510304898
4915511955847
4915510796320
4915510031409
4915511802818
4915511874397
4915511513827
4915511007571
4915510851616
4915510444654
4915511356484
4915511191789
4915510855543
4915511161502
4915511235248
4915511217780
4915510981960
4915511852498
4915510541342
4915510773891
4915511255816
4915511129097
4915511886826
4915510418969
4915511385019
4915511854789
4915511605383
4915510381911
4915511171124
4915511604090
4915510699962
4915510848804
4915511245355
4915510799406
4915510907976
4915511765426
4915511334740
4915510292428
4915510293502
4915510443868
4915510136008
4915511717130
4915511796328
4915510279740
4915511118793
4915511288094
4915511840012
4915510541865
4915510190964
4915510391284
4915510469287
4915511615231
4915511284168
4915511035552
4915511225536
4915510594356
4915510939403
4915510515932
4915511001154
4915510735199
4915510139104
4915510740838
4915511702060
4915510483327
4915511708446
4915511025123
4915510708938
4915511436531
4915510287617
4915510098141
4915510185820
4915511265550
4915510006905
4915510714641
4915510597025
4915510853763
4915511335575
4915510914231
4915510322641
4915511362960
4915511587024
4915511094248
4915511718409
4915511194563
4915511024561
4915511548504
4915511943106
4915510459299
4915511417732
4915511316201
4915511343033
4915510849417
4915510553007
4915511809538
4915511082617
4915511892799
4915511867376
4915510656564
4915511855402
4915510155486
4915510587286
4915510524472
4915510591865
4915510543053
4915511364517
4915510430563
4915511103252
4915511810565
4915510067583
4915510949730
4915510221718
4915511708458
4915510519808
4915510385718
4915510738338
4915510624277
4915510373631
4915511671733
4915511036242
4915511435792
4915510553273
4915511391931
4915510268138
4915510373046
4915511435342
4915511133968
4915510151710
4915510510385
4915511502322
4915511388212
4915510494731
4915510440023
4915511592862
4915510409423
4915510561490
4915510381968
4915511053705
4915511714635
4915511875589
4915510032777
4915511597425
4915510027808
4915510740397
4915510330492
4915510841083
4915511955732
4915510781495
4915511741514
4915510841757
4915511456262
4915511327154
4915510282804
4915511366504
4915510440494
4915510154548
4915510652625
4915510358751
4915510440770
4915510805583
4915511800686
4915510378739
4915511476926
4915510497518
4915510186899
4915510597615
4915510523963
4915510400886
4915510381233
4915510799049
4915510693545
4915511079365
4915510110914
4915511482763
4915510833892
4915510073441
4915511710003
4915511798145
4915510759123
4915511779689
4915510848343
4915511401925
4915511783244
4915510145383
4915511258303
4915511595018
4915511126452
4915511020580
4915511098332
4915511770963
4915510540973
4915510294519
4915510794728
4915510839890
4915510951206
4915510288328
4915510371805
4915510315599
4915511599361
4915510667759
4915511644077
4915510907952
4915511420688
4915511191707
4915510718449
4915511151349
4915510090358
4915511302227
4915510943886
4915510364468
4915510038596
4915511791614
4915510614519
4915511303037
4915511784958
4915510251484
4915511049270
4915511260509
4915511456482
4915511081874
4915510403973
4915511652354
4915511756363
4915510733193
4915511948290
4915511006510
4915511372417
4915510318029
4915511519081
4915511001948
4915511245988
4915510004760
4915510655028
4915510774683
4915510251600
4915510654936
4915511302880
4915510508881
4915511090011
4915511558868
4915511982847
4915510114845
4915510780921
4915511214999
4915511282010
4915511438086
4915510449320
4915510195626
4915510627599
4915511994562
4915511146900
4915511005423
4915511186369
4915510306733
4915511217867
4915511459408
4915511737402
4915510206287
4915511000070
4915511209147
4915510627930
4915511498425
4915510355223
4915510016187
4915510918703
4915511500337
4915510894863
4915511837074
4915511879797
4915511409495
4915511314966
4915511638889
4915511634002
4915510714257
4915511223358
4915510541071
4915510774834
4915511478700
4915511738008
4915511062666
4915510478477
4915510356314
4915510242579
4915510883349
4915510842005
4915511796943
4915511137591
4915510081591
4915511126513
4915510507143
4915510717501
4915510871339
4915511519291
4915510079223
4915511135081
4915510220909
4915511805491
4915511846437
4915511655075
4915510355867
4915510538230
4915511754143
4915511241077
4915510505777
4915511491530
4915511422353
4915511891392
4915510996155
4915510309301
4915510947680
4915511403985
4915511759252
4915510573795
4915511464665
4915511898489
4915510323952
4915510801461
4915511209101
4915511661148
4915510602750
4915511681287
4915511395475
4915510958123
4915510823982
4915511415397
4915510066112
4915510817252
4915511002215
4915510340134
4915510966840
4915511331305
4915511504132
4915510261431
4915511545850
4915510619925
4915511520891
4915510191944
4915511154756
4915511917612
4915510147979
4915510344807
4915510541087
4915511825338
4915511985634
4915510764555
4915510623182
4915510086045
4915511779424
4915511507981
4915511694878
4915511611447
4915510106711
4915510580475
4915511907429
4915511455501
4915510362867
4915510841329
4915511813343
4915511025975
4915511543874
4915511618534
4915510077293
4915511949122
4915510220910
4915511719386
4915511664715
4915510688937
4915511744379
4915511471986
4915511144179
4915510395333
4915510863012
4915511900253
4915511659308
4915511908919
4915510199461
4915510204261
4915510144726
4915511755646
4915510919911
4915511583420
4915511143126
4915510124318
4915510306007
4915510439065
4915510512496
4915510190090
4915511729642
4915511328901
4915511373237
4915511698969
4915511057155
4915511724025
4915511013913
4915511027788
4915511661503
4915511993767
4915511723834
4915511052005
4915510119820
4915511123001
4915510897427
4915511728166
4915511621350
4915511008872
4915511161209
4915510961500
4915511152254
4915510679302
4915510912952
4915510643652
4915511875470
4915511234160
4915511791799
4915510979776
4915510089462
4915510248109
4915510551800
4915511389767
4915511465748
4915510727282
4915511652012
4915511598819
4915511922603
4915510974212
4915510412789
4915510858378
4915510165051
4915511055296
4915510562314
4915510104805
4915511962794
4915511584914
4915511367279
4915510368992
4915511443156
4915511000541
4915511641615
4915511561785
4915511992885
4915511999382
4915511130057
4915511823718
4915511104914
4915511344677
4915511484470
4915511121920
4915510205440
4915510144445
4915511515662
4915511079084
4915511515211
4915510363034
4915510665988
4915510126398
4915510720434
4915510996864
4915510618144
4915510057727
4915511699024
4915510636328
4915510697172
4915510965876
4915510405131
4915510603293
4915510407822
4915511328614
4915511020539
4915510540422
4915511155830
4915510750736
4915511160586
4915511484807
4915510575795
4915510372477
4915511819498
4915511898366
4915510269885
4915510494230
4915511479744
4915510032500
4915511927748
4915511798537
4915510790981
4915511009849
4915510046179
4915510853952
4915510681230
4915510309173
4915511501288
4915510879479
4915511727454
4915511932023
4915511912190
4915511087177
4915511346050
4915510230731
4915510885611
4915511513165
4915511442296
4915511975055
4915511309494
4915511381961
4915511632545
4915511715922
4915511829535
4915510875321
4915510265216
4915511121023
4915510351991
4915510573375
4915510388781
4915510074723
4915511292915
4915511977164
4915510348922
4915511443204
4915510170381
4915510012230
4915510514098
4915511883882
4915511206621
4915511934670
4915511338022
4915511424227
4915511526122
4915511754430
4915510377515
4915510750326
4915510125213
4915511808160
4915511491996
4915511656928
4915511326487
4915510310850
4915511620473
4915510061482
4915511165733
4915511437933
4915510736687
4915510026153
4915510739789
4915510722757
4915510434028
4915511717369
4915510169780
4915510373822
4915510345437
4915510718896
4915511444546
4915510496771
4915511478683
4915510227955
4915510251642
4915511427855
4915510244818
4915511139673
4915510576248
4915510790290
4915511411617
4915510099433
4915511264568
4915510994332
4915510232924
4915511173753
4915511763010
4915510163088
4915511068810
4915511748853
4915511297532
4915511053594
4915511324736
4915510032279
4915511568029
4915511991127
4915511164130
4915511151045
4915511345136
4915510689569
4915510085682
4915511281076
4915510815232
4915511499070
4915510348571
4915511774701
4915510013043
4915511067611
4915511429881
4915511017167
4915510516747
4915511753798
4915510939023
4915510758317
4915510716862
4915510900842
4915511089851
4915510897243
4915510634647
4915511053497
4915510059509
4915510226520
4915511175952
4915510940780
4915511662530
4915511604562
4915510762198
4915511350352
4915511934450
4915511277756
4915511694878
4915510157051
4915510750978
4915510230941
4915511877462
4915510950862
4915511790458
4915511055688
4915511866734
4915511979515
4915510781608
4915511322928
4915510876968
4915510595945
4915511352208
4915510409540
4915510556813
4915511777198
4915510288344
4915510735085
4915510058618
4915510186309
4915510807657
4915510346257
4915511933020
4915510775603
4915511381210
4915510159367
4915510373780
4915511359792
4915510761954
4915511814730
4915510702303
4915511767295
4915510293531
4915510547978
4915510287177
4915511873760
4915510799925
4915510387729
4915510410975
4915510230933
4915511847951
4915510544320
4915510142037
4915510925355
4915510444317
4915510330389
4915511807201
4915510663436
4915510890296
4915510733624
4915510311803
4915511773702
4915511363361
4915510272804
4915511311841
4915511345388
4915510917256
4915510599074
4915511513173
4915511723272
4915510488636
4915511901090
4915510911952
4915510446556
4915510987643
4915511296112
4915511294364
4915510013644
4915510518209
4915511061560
4915510343766
4915510629153
4915511496357
4915510761795
4915510670427
4915511456142
4915510497575
4915511284592
4915511356858
4915511700362
4915511524703
4915510270982
4915511027995
4915510439787
4915510997433
4915511045653
4915510273074
4915510644864
4915510412517
4915510070305
4915511760679
4915510067815
4915511700150
4915511835299
4915511487191
4915511770487
4915511576901
4915511797404
4915511885082
4915511478148
4915511429258
4915510514869
4915510397930
4915511070234
4915511613818
4915511384164
4915510127027
4915510994855
4915510280279
4915511707045
4915510502618
4915511509564
4915510389807
4915510188223
4915510557351
4915511470860
4915511102968
4915511316247
4915510739902
4915510611584
4915511553652
4915511490821
4915511675724
4915511719780
4915511915868
4915511274454
4915510648489
4915510790118
4915510527890
4915510050458
4915510833418
4915510868500
4915511357502
4915511438235
4915511306483
4915511836229
4915510327947
4915511578662
4915511099453
4915510235815
4915510123053
4915510383229
4915510285954
4915510209020
4915510711913
4915510072852
4915510335888
4915511531182
4915511047903
4915510433444
4915511824981
4915511368528
4915511960912
4915511025698
4915510197108
4915510934258
4915510909119
4915511466787
4915511916427
4915511185980
4915511685939
4915511676303
4915510257144
4915511581678
4915510707041
4915511097204
4915510458225
4915510930492
4915510006416
4915510613834
4915510137388
4915510223701
4915510297284
4915510102003
4915510929314
4915510137740
4915511225526
4915510528246
4915510693461
4915511528516
4915511912364
4915511301386
4915510477252
4915510846817
4915510671914
4915510030835
4915511197556
4915511385990
4915510293261
4915510020315
4915510742992
4915511175359
4915511200963
4915511519793
4915510758592
4915510164770
4915510791106
4915511602221
4915510214415
4915510443782
4915511796519
4915510579512
4915510902752
4915510114134
4915510405054
4915510195287
4915510392081
4915510957911
4915511802848
4915510716626
4915510985367
4915511246856
4915510134805
4915510831973
4915510819371
4915511579556
4915510548169
4915510399848
4915511905364
4915510389561
4915510227841
4915511670868
4915511150806
4915510915912
4915511376881
4915511762878
4915511101292
4915511599547
4915511657693
4915511292949
4915510168107
4915511312661
4915510643593
4915510752698
4915510008833
4915511204072
4915510377466
4915510781598
4915510829128
4915511078479
4915511796294
4915510714524
4915510691163
4915510122920
4915510454830
4915511552751
4915510919769
4915511688004
4915510915873
4915511484778
4915510521602
4915510624860
4915510012473
4915511916181
4915511522224
4915510768896
4915511123439
4915510173560
4915510332314
4915510544880
4915510786456
4915510060484
4915511344653
4915510668465
4915511980806
4915511397366
4915511180734
4915510296744
4915511196585
4915511565678
4915511153232
4915510998448
4915510210623
4915511043086
4915511440896
4915510219113
4915510373957
4915511636158
4915511440240
4915511051386
4915510810550
4915511729146
4915511019943
4915511061093
4915511494049
4915511779150
4915510373451
4915510923111
4915511631734
4915511736317
4915511115876
4915510381106
4915511725262
4915511698055
4915510728395
4915511944267
4915510940643
4915510320627
4915510396285
4915510295305
4915511104139
4915510217528
4915510000267
4915510025276
4915511254238
4915511252912
4915511707276
4915510355476
4915511183232
4915511016604
4915511695135
4915510091037
4915511957657
4915510659298
4915511524259
4915510772866
4915511766354
4915511576364
4915510306377
4915511303867
4915511022062
4915510384490
4915510057221
4915511895321
4915511937315
4915510044973
4915510424112
4915511549956
4915510874700
4915510573829
4915510949472
4915511066201
4915510580118
4915511913843
4915511924844
4915510234759
4915510053792
4915511289439
4915510877978
4915511989326
4915511950610
4915511028128
4915510325878
4915511854553
4915510268499
4915510795110
4915510227300
4915511352478
4915511896278
4915510020500
4915511147594
4915510190928
4915511814880
4915511099071
4915510801224
4915510384497
4915510919641
4915511294351
4915510625415
4915511089226
4915511064287
4915510342703
4915511685145
4915510687668
4915511328656
4915511944491
4915510763654
4915510826379
4915510332273
4915511911787
4915510911555
4915511515354
4915511781326
4915510092078
4915510398155
4915510861559
4915510040051
4915510335837
4915510811511
4915511066188
4915510522172
4915511229069
4915510119766
4915510140142
4915511659472
4915510423488
4915510645953
4915510546380
4915511587633
4915510310264
4915510162301
4915510897890
4915510661186
4915511051444
4915511555640
4915510016729
4915510401114
4915510785196
4915510435927
4915510322072
4915511822121
4915510705654
4915510895284
4915511423427
4915511591339
4915511762173
4915510816149
4915510068104
4915510427287
4915510918996
4915511585962
4915511781666
4915511078060
4915510775063
4915511532113
4915510319166
4915511111136
4915511184040
4915511060679
4915510401185
4915510542481
4915510238218
4915510816466
4915510755291
4915510851108
4915510896050
4915511597565
4915511293969
4915510708261
4915511728712
4915511795665
4915511289576
4915511330806
4915511280320
4915510996448
4915511454442
4915510144693
4915510519720
4915510620498
4915511728638
4915510770641
4915511457595
4915510391977
4915510204541
4915511377646
4915510702238
4915510557441
4915511946508
4915511110724
4915510292783
4915510585310
4915511270724
4915511757371
4915510185968
4915510357299
4915511224035
4915510879442
4915510494811
4915510304663
4915511467174
4915510449876
4915510299916
4915511589084
4915510952978
4915510448611
4915511293148
4915510654012
4915511402957
4915511266028
4915511687725
4915510304797
4915511667448
4915510814536
4915510299258
4915510220523
4915510210360
4915510261770
4915511931767
4915510430326
4915511513781
4915511596884
4915510775509
4915510595650
4915511558711
4915510456846
4915511245546
4915510247982
4915511635952
4915510777572
4915511833515
4915510593685
4915510740628
4915511420597
4915510780486
4915510548120
4915511650257
4915510879313
4915511457040
4915511479412
4915510632212
4915510952916
4915510095448
4915511741968
4915510962595
4915511185216
4915511021820
4915511150420
4915510758586
4915510671900
4915511769368
4915510956883
4915510944237
4915510927608
4915511204257
4915510545387
4915511673161
4915511522383
4915510880285
4915510463827
4915511610616
4915510945910
4915511158407
4915511420670
4915511137981
4915511206218
4915510827128
4915510301555
4915510291232
4915511884095
4915510069946
4915510651179
4915511678070
4915510431370
4915511457358
4915511508391
4915510345651
4915510826414
4915511180367
4915511905946
4915511858836
4915510706660
4915511368811
4915510773021
4915511384862
4915510913801
4915510545811
4915510220279
4915511717736
4915510901019
4915510137929
4915511717536
4915511851934
4915510310610
4915510981441
4915510128120
4915510701227
4915511516222
4915510579370
4915511438308
4915510823662
4915510613206
4915510685341
4915511029021
4915510369509
4915511219187
4915510637649
4915511091769
4915510569917
4915510073486
4915511336074
4915511441453
4915510636872
4915510530869
4915510474412
4915511112337
4915510640556
4915511894957
4915510276995
4915510383709
4915511804454
4915510692100
4915510886611
4915511740802
4915510178837
4915510057446
4915510649813
4915511197021
4915510277592
4915511182498
4915511722537
4915511385293
4915510340448
4915510120567
4915510324061
4915510851043
4915510872881
4915511368202
4915511955201
4915511660585
4915511810977
4915511108472
4915510791774
4915510450785
4915511087209
4915510235311
4915511554395
4915510263171
4915511903994
4915511147618
4915511378459
4915511942397
4915510313993
4915510888659
4915511013695
4915511799758
4915511691007
4915511824788
4915511029929
4915511290181
4915510957709
4915511648461
4915510591184
4915511389581
4915510003314
4915510978324
4915511771214
4915511322796
4915510589592
4915510275507
4915511009137
4915511701036
4915510593553
4915510422144
4915511913463
4915511950959
4915510821007
4915510423513
4915510280932
4915510151423
4915510441472
4915510146648
4915510658165
4915511925803
4915511068039
4915510850561
4915511683057
4915510018695
4915510533677
4915511051445
4915511594579
4915511397326
4915510720455
4915510800465
4915511606016
4915510366283
4915510098599
4915510311296
4915510140438
4915510187054
4915510472400
4915510879952
4915510289397
4915510828623
4915510578447
4915510295701
4915511409510
4915511547023
4915511701274
4915511465086
4915510115847
4915511108174
4915510941868
4915511865925
4915511052437
4915510477718
4915510642987
4915510443347
4915510979114
4915511276573
4915511280780
4915511594064
4915511260153
4915510718213
4915511266951
4915510033014
4915510297020
4915511878965
4915511880000
4915511443588
4915510322251
4915511548642
4915511355755
4915510085853
4915511491062
4915511626475
4915511307413
4915511459865
4915511201635
4915510664784
4915510081106
4915510033627
4915511067081
4915511801292
4915511525541
4915511020089
4915510005529
4915510892866
4915511708371
4915511226537
4915511791025
4915510274373
4915511767459
4915511844106
4915511238441
4915510452973
4915511494988
4915510811469
4915510936387
4915510083903
4915511496721
4915510200223
4915511890214
4915511653508
4915511897239
4915510199507
4915510416939
4915510489597
4915511027810
4915510162868
4915510153473
4915511133814
4915511110147
4915511657849
4915510569083
4915511017887
4915511179746
4915510813684
4915510967439
4915510337804
4915511544701
4915511760546
4915511978530
4915511803147
4915510865362
4915510821225
4915510540010
4915510917618
4915510883743
4915511906666
4915511156338
4915511007644
4915510838567
4915510050850
4915511483545
4915510646601
4915511557699
4915510018252
4915510654177
4915510690875
4915510252012
4915511220814
4915510699511
4915511104202
4915511987785
4915510925947
4915511339562
4915511394848
4915511218476
4915511353024
4915511294403
4915510901576
4915511056167
4915510472651
4915511565336
4915510268412
4915511313040
4915510189821
4915511152414
4915511941973
4915511960632
4915510702085
4915511319763
4915511545809
4915511814829
4915511168138
4915511386612
4915511267986
4915511382782
4915511774153
4915510214060
4915510189781
4915511581666
4915510082693
4915510507371
4915510471960
4915510819457
4915510146841
4915511335211
4915511834452
4915511451530
4915511141904
4915510801391
4915511068235
4915510110720
4915511728894
4915510173197
4915511802057
4915510052879
4915510539613
4915510745591
4915511419876
4915511315621
4915511738525
4915510822279
4915511353572
4915511579518
4915511851752
4915510183411
4915511818995
4915511858696
4915510647128
4915510099226
4915511379024
4915510863767
4915510963252
4915511365210
4915510393110
4915511373086
4915510688072
4915511760023
4915510472837
4915511811810
4915511638061
4915510285818
4915510423640
4915510135260
4915510805181
4915511511895
4915511541313
4915510181521
4915510275249
4915510762531
4915510499296
4915511536540
4915511905501
4915511377162
4915510426149
4915511882225
4915511058720
4915510981053
4915510730480
4915510394337
4915511644045
4915510572474
4915510532529
4915510418249
4915510624423
4915511585438
4915511375311
4915511999089
4915510787862
4915510469777
4915511467439
4915510284921
4915511487366
4915511398279
4915510674896
4915511889420
4915510275703
4915510733791
4915511818978
4915511264705
4915511736961
4915510119019
4915511466800
4915511908859
4915510599682
4915511510619
4915511503808
4915511076474
4915510455186
4915511372617
4915510264190
4915511066392
4915511642154
4915510020384
4915510943395
4915510513108
4915510571374
4915511058949
4915510149710
4915511274293
4915510546616
4915511397481
4915511784137
4915511509813
4915510991614
4915511554598
4915511742246
4915511960618
4915511341413
4915510718564
4915510612723
4915511760904
4915510770597
4915510654634
4915511992393
4915510199387
4915511357279
4915511970274
4915510170655
4915511922068
4915510588521
4915510107052
4915510422709
4915511711466
4915510053149
4915510110637
4915510321626
4915511787571
4915511186838
4915511977320
4915510665647
4915511843194
4915511779352
4915510297736
4915510975167
4915511159991
4915511258735
4915510028164
4915511326320
4915511623390
4915510803819
4915510522147
4915510772096
4915511390403
4915510574885
4915510485398
4915511462130
4915511711610
4915510000608
4915510477083
4915511812168
4915511035285
4915510474988
4915511222057
4915511323940
4915510643467
4915511127336
4915511776959
4915511481984
4915511047014
4915511389671
4915510339450
4915511838919
4915510952050
4915510241529
4915511017222
4915511758849
4915510642049
4915511951072
4915510760496
4915511208120
4915511016937
4915511078603
4915511787932
4915510128568
4915510887032
4915510544836
4915510002577
4915511396225
4915510713051
4915510625136
4915511412498
4915511749824
4915511010057
4915510612145
4915510792893
4915511118545
4915510463107
4915511470849
4915510410025
4915511355484
4915511271242
4915510393307
4915510963077
4915511551107
4915511133522
4915510759422
4915511373222
4915510792211
4915511202064
4915510810190
4915510518942
4915511631340
4915510540660
4915510485149
4915510352039
4915510813172
4915511791820
4915510984942
4915510148606
4915510624082
4915510352494
4915510885683
4915510507936
4915510069374
4915510633586
4915511638455
4915510067862
4915510723506
4915511185855
4915510750817
4915511244607
4915510712900
4915511303699
4915511415822
4915510916231
4915511537020
4915510379503
4915511174298
4915511414572
4915510190204
4915511367952
4915510061640
4915511405532
4915510785442
4915510753072
4915511206181
4915510703251
4915511708503
4915511712218
4915510693527
4915510748601
4915511133682
4915510593797
4915510207438
4915510972736
4915510829727
4915510935178
4915511731624
4915511094559
4915510905218
4915511414657
4915511109819
4915510748229
4915510157465
4915511755581
4915510874130
4915511735873
4915511429354
4915511094250
4915511875519
4915511371135
4915511938746
4915511206329
4915510155334
4915511173231
4915510722759
4915511874178
4915510804688
4915511763880
4915510113378
4915511288285
4915510634071
4915510885745
4915511676243
4915510882553
4915511450067
4915511090460
4915511354154
4915510523966
4915511446001
4915511818600
4915510010890
4915510124793
4915511642106
4915511425534
4915511339859
4915511941269
4915510851448
4915511795214
4915511238143
4915511139211
4915510073104
4915511518254
4915511531473
4915511855143
4915511110556
4915511553142
4915511983948
4915511463954
4915510384083
4915511920519
4915510648745
4915510318985
4915511537779
4915510964001
4915510042749
4915511818024
4915510095932
4915511934689
4915511962729
4915510030633
4915510703601
4915511592098
4915511677690
4915511467767
4915511275404
4915510849673
4915510705545
4915511761210
4915510209414
4915510306348
4915511378833
4915510850197
4915510538038
4915511233608
4915510112864
4915511706767
4915510454959
4915510962576
4915510955474
4915510359205
4915510819638
4915510418284
4915510608989
4915511749042
4915511340340
4915511990686
4915510609582
4915510375408
4915511875803
4915510015319
4915510008016
4915511793957
4915510701259
4915511755130
4915510909594
4915511352658
4915510838842
4915510046874
4915511046428
4915511166415
4915511622389
4915511208280
4915510623440
4915511691178
4915511415483
4915511540539
4915511430513
4915510384739
4915511147188
4915510118469
4915510772283
4915511320874
4915511118118
4915510636642
4915510031111
4915510192224
4915510620915
4915510552504
4915510032166
4915511240995
4915511774554
4915511593947
4915510441068
4915510615067
4915511226906
4915510742009
4915510272329
4915510806801
4915510313724
4915510304578
4915511325534
4915510172647
4915510337085
4915510498565
4915510261877
4915511567288
4915510929845
4915511866715
4915511473956
4915510815306
4915511790856
4915511048479
4915511577309
4915510852507
4915511705631
4915511540880
4915510696773
4915511630414
4915510537002
4915511357093
4915510590021
4915510166857
4915511975695
4915510882488
4915511913042
4915511389144
4915511423355
4915511157881
4915511496676
4915511503785
4915511164081
4915510771028
4915510894683
4915510357564
4915510728937
4915511838576
4915510545688
4915511542273
4915511690855
4915511843784
4915510922268
4915510390640
4915511923673
4915511078819
4915511739138
4915510525710
4915511423317
4915511199478
4915511585813
4915511096584
4915511157676
4915511446983
4915511895788
4915510350504
4915511619667
4915511426613
4915511381447
4915510706740
4915510322144
4915511719965
4915510903614
4915511077925
4915510669001
4915511151437
4915511670816
4915510422485
4915511841145
4915510826115
4915511098219
4915511606647
4915511265517
4915511527589
4915510830127
4915510679469
4915511639789
4915510039491
4915510160801
4915510129134
4915510925853
4915510257787
4915510640477
4915511476449
4915510690722
4915511213898
4915511194502
4915511337421
4915510441255
4915510022039
4915510214076
4915511723398
4915510413439
4915510570307
4915511444695
4915511939706
4915510068566
4915511486095
4915511058613
4915510245440
4915510767174
4915510141866
4915511397485
4915511123333
4915511699158
4915510738740
4915511522406
4915511432902
4915510239882
4915510706480
4915511178399
4915510134203
4915510108941
4915510576207
4915511310769
4915510180095
4915511766944
4915511666441
4915511533452
4915510057586
4915511605967
4915511454681
4915510010646
4915510523045
4915511808531
4915511512736
4915510610766
4915511104286
4915510273940
4915511736592
4915510339323
4915511496814
4915511212101
4915510253680
4915510745849
4915510931926
4915511034479
4915511499767
4915511694551
4915511491329
4915510923294
4915510391218
4915510230566
4915511753967
4915511001109
4915511769728
4915510547691
4915510438336
4915511777319
4915510085598
4915511717350
4915511201399
4915511294416
4915511925395
4915510775152
4915511803508
4915511681481
4915511408438
4915511770133
4915511155579
4915510779804
4915510069380
4915511672784
4915510540538
4915511718725
4915511729781
4915510959671
4915510541348
4915511831827
4915510114635
4915511656354
4915511138680
4915510894784
4915510401111
4915510095713
4915511802030
4915511130525
4915510277956
4915511769263
4915511944259
4915511432262
4915511842083
4915510242381
4915510611186
4915511957035
4915510446439
4915510922859
4915511036021
4915511588017
4915511488590
4915510367807
4915511888597
4915511615878
4915511902463
4915510047241
4915511297674
4915510556015
4915511481016
4915510770808
4915511194729
4915510673305
4915510491320
4915510482360
4915510484749
4915510856884
4915510229675
4915511213488
4915511428881
4915510540782
4915511346770
4915510889308
4915511668104
4915510670854
4915511361201
4915511673859
4915510401841
4915511057021
4915510030362
4915510001693
4915510706101
4915510803878
4915511801975
4915510125880
4915511098505
4915510267072
4915511823852
4915510807323
4915510814924
4915510605576
4915510404582
4915511669463
4915510281069
4915510825403
4915511838138
4915511977351
4915511913605
4915511270473
4915510871767
4915510305575
4915511336179
4915511227899
4915510340424
4915511987639
4915511459746
4915510643324
4915511004614
4915511949704
4915510077714
4915511483509
4915510639291
4915510073978
4915510917969
4915511452964
4915510845098
4915511257986
4915510729805
4915510931908
4915511656516
4915510112927
4915510719656
4915510372601
4915511743850
4915511678170
4915510997861
4915510554862
4915510851102
4915511797485
4915510536503
4915510595544
4915511289414
4915510712971
4915511757484
4915511929689
4915511368483
4915510350867
4915511721693
4915510564470
4915511160442
4915510444824
4915510666215
4915510244872
4915510148551
4915511731291
4915511770067
4915511496451
4915511914288
4915510046860
4915511996130
4915510494070
4915511462215
4915510161054
4915511340005
4915510282844
4915510606577
4915511929385
4915510298497
4915510321077
4915510390227
4915510915313
4915510278573
4915510154503
4915510509973
4915511217327
4915510586626
4915511429899
4915510763379
4915511290879
4915511176770
4915510283438
4915510547786
4915510347794
4915511356120
4915510131213
4915510000407
4915511078989
4915511869673
4915511697385
4915510921639
4915511145670
4915510028723
4915511517477
4915510847215
4915511421549
4915511941617
4915511833373
4915511599641
4915511156771
4915511939645
4915510464152
4915511076628
4915510402953
4915510115657
4915510468987
4915511574401
4915511995736
4915510596956
4915511867467
4915510692383
4915510807486
4915510631255
4915510539612
4915511184954
4915510220566
4915511597025
4915511386244
4915510778648
4915510609117
4915510182440
4915511700437
4915510307981
4915511279169
4915511508089
4915511576167
4915511015861
4915510729790
4915510879320
4915510791383
4915510108731
4915511740339
4915511012793
4915511759017
4915510284995
4915510326952
4915510490748
4915510776537
4915511051603
4915510471515
4915510379903
4915510169675
4915510382715
4915510598153
4915511786618
4915510619444
4915511981323
4915511521519
4915511985115
4915510818273
4915511787965
4915510128895
4915511831590
4915511720544
4915510290119
4915511110191
4915511415815
4915511014522
4915510723160
4915511732195
4915511997157
4915511897166
4915511169708
4915510093455
4915510360459
4915510391820
4915510829747
4915510443224
4915511487250
4915511437048
4915511828679
4915511415825
4915510634730
4915511052804
4915511343307
4915511493920
4915510145055
4915510188509
4915511425744
4915511608718
4915510234760
4915510105026
4915510932686
4915510407338
4915510937961
4915510154026
4915511680923
4915510260114
4915511834301
4915510858260
4915510418948
4915510893836
4915510649920
4915511092842
4915510293659
4915510631693
4915510093472
4915510581364
4915510627838
4915510837289
4915510843189
4915510322098
4915510530860
4915510860386
4915511846218
4915511702390
4915510718569
4915511105297
4915511104953
4915511282882
4915510315280
4915511766375
4915511719513
4915511462751
4915511713634
4915510484943
4915511820925
4915511566299
4915511267909
4915511626852
4915510887245
4915511205749
4915510743299
4915511942400
4915511690102
4915510886801
4915510323683
4915510903365
4915511148432
4915510983282
4915510519916
4915511028661
4915510853890
4915510514841
4915510644718
4915510470139
4915510297090
4915511257536
4915510169456
4915510768945
4915510126040
4915511722234
4915510154819
4915510648955
4915510783828
4915511430403
4915511294737
4915510852873
4915511175657
4915511904905
4915510834244
4915511952436
4915510902655
4915511468341
4915510385576
4915510521428
4915510870283
4915511958254
4915511786349
4915511534594
4915510693393
4915510226615
4915510522693
4915510906448
4915511963435
4915511939222
4915510532783
4915511976865
4915511828830
4915510887674
4915510630847
4915511169234
4915510132269
4915510300599
4915511570945
4915511842993
4915510835992
4915511517115
4915511879542
4915511983010
4915510674085
4915510826907
4915510204273
4915510807846
4915511745208
4915510861740
4915511398086
4915510597441
4915510914824
4915511761658
4915510370347
4915511598006
4915510316212
4915511490708
4915511234828
4915510042091
4915510575506
4915510018065
4915511940099
4915511052968
4915510337143
4915510029662
4915510992139
4915511590466
4915511568082
4915510071176
4915510060716
4915511436694
4915510851552
4915511874463
4915511479445
4915511129598
4915510207914
4915510333287
4915511550352
4915510365476
4915511051244
4915511175127
4915510336729
4915511229131
4915510618428
4915510378360
4915511060086
4915510626747
4915511163955
4915510009693
4915511476751
4915510040818
4915511627213
4915511722093
4915510234082
4915510963978
4915511248591
4915510860112
4915511246899
4915510783722
4915510294329
4915511711735
4915510594039
4915510847640
4915510951541
4915510929197
4915510705639
4915511923449
4915511709736
4915511457746
4915511096887
4915511733262
4915511779125
4915510238508
4915511908072
4915511059199
4915511360479
4915510066001
4915510980716
4915510741455
4915510390895
4915510584683
4915510336957
4915511899656
4915511897221
4915511582415
4915510787656
4915511370535
4915511813205
4915510518474
4915510017680
4915510529247
4915510262093
4915511944314
4915511776658
4915510442173
4915511890182
4915510147250
4915510347854
4915511867145
4915510446007
4915510521097
4915510663351
4915510162020
4915511281206
4915510576600
4915511912869
4915511402083
4915510843052
4915511055935
4915511877480
4915511012489
4915510683105
4915511224291
4915511463152
4915510258589
4915511225303
4915510246242
4915510332148
4915511301960
4915511745929
4915510370043
4915511644917
4915511359379
4915510867439
4915510227002
4915511210071
4915510362189
4915511059515
4915511963512
4915511867604
4915510507666
4915511882909
4915510315765
4915510546229
4915511622435
4915511291441
4915510983050
4915510805551
4915511164796
4915511792352
4915511502675
4915510761546
4915510903612
4915510836833
4915511526040
4915511817198
4915511785926
4915511844637
4915511116606
4915511107431
4915510288228
4915510258728
4915510697249
4915510857443
4915510614205
4915510472796
4915510386055
4915511754443
4915510657818
4915511327935
4915511852727
4915510839389
4915510768151
4915510352808
4915510866400
4915511387183
4915510046312
4915511431547
4915511844087
4915510761137
4915511602451
4915510071325
4915510567458
4915510519649
4915511120116
4915511200592
4915510746426
4915510088244
4915510681332
4915511258520
4915510856657
4915511588457
4915511288948
4915510482851
4915511167155
4915511218984
4915511029321
4915510806865
4915510186093
4915511776997
4915511469709
4915511610216
4915510934274
4915511743850
4915510062222
4915510114129
4915510628895
4915510581329
4915510013616
4915511550812
4915510847382
4915510717005
4915510327923
4915510339974
4915511588272
4915511859670
4915510288252
4915511154644
4915510889414
4915510617920
4915511607319
4915511757897
4915511353167
4915510407749
4915510758943
4915510229477
4915510687032
4915510589123
4915511737704
4915510410042
4915510831512
4915511195919
4915510351316
4915510921152
4915511099607
4915510092763
4915511442064
4915510719499
4915510724150
4915511705062
4915510972603
4915510095504
4915510219643
4915510394779
4915511979505
4915511263894
4915511866319
4915511377452
4915511953503
4915510842594
4915511686836
4915511315032
4915511982626
4915511561433
4915511907911
4915511453840
4915510093849
4915510976659
4915511904678
4915510774804
4915511640031
4915511890407
4915510027790
4915510821917
4915510217992
4915510017307
4915511997108
4915511577277
4915511470612
4915510299095
4915510647607
4915510432862
4915511929004
4915511693378
4915510802903
4915511362116
4915510238615
4915510695946
4915510085710
4915511064832
4915510727131
4915511472645
4915510397861
4915510054114
4915511805321
4915511581261
4915511585008
4915511495421
4915511217199
4915510316246
4915510274847
4915510339700
4915510293103
4915511525971
4915511379078
4915510625698
4915510773839
4915510197992
4915511903357
4915510591821
4915510390974
4915510058131
4915510244996
4915510259263
4915511614781
4915511140607
4915511940561
4915510327788
4915510034960
4915510766742
4915511557582
4915510814543
4915511669732
4915511416469
4915511967526
4915511125973
4915510204256
4915511369018
4915511513217
4915511218879
4915510936223
4915510296309
4915511622809
4915511809760
4915511982042
4915510320276
4915511126860
4915511253661
4915511894711
4915511769033
4915511408966
4915511046699
4915510871622
4915510599624
4915510369681
4915510438040
4915510906413
4915511975760
4915511044359
4915510902345
4915510201590
4915510368912
4915511564713
4915511461716
4915511701576
4915511650189
4915511643992
4915511957642
4915511691188
4915510316290
4915511466234
4915511164930
4915510591969
4915511542309
4915511333710
4915511778338
4915511256850
4915510822325
4915511586990
4915511719922
4915511314074
4915510248258
4915510378008
4915510067931
4915511521310
4915511786657
4915511129784
4915510703993
4915511174092
4915510716748
4915511376055
4915510845797
4915510899082
4915510485875
4915511158362
4915510008283
4915510694932
4915511207719
4915510897297
4915511385355
4915510808235
4915511178349
4915511024329
4915511343354
4915510806410
4915510170900
4915510304072
4915510228252
4915511725088
4915510867226
4915511959930
4915510225208
4915511591436
4915510872589
4915511259304
4915510362487
4915510367706
4915511865082
4915510519644
4915510017348
4915510329421
4915510868677
4915511241439
4915510967205
4915511803604
4915510276548
4915511347905
4915510816210
4915510751943
4915510062072
4915510003275
4915510099133
4915510997982
4915510419678
4915511930663
4915511332682
4915510547188
4915511526064
4915511013157
4915511911967
4915511922358
4915511845638
4915510297807
4915511892391
4915511738740
4915510919659
4915511220377
4915510292967
4915511361849
4915511151122
4915510150751
4915510077799
4915510081825
4915510282783
4915511249456
4915511248761
4915510811147
4915510499314
4915510150599
4915511703127
4915510504006
4915510905323
4915510409443
4915511022202
4915510921067
4915510140702
4915511658288
4915510317075
4915510611650
4915511638792
4915510679077
4915510205267
4915510669142
4915511056834
4915511404797
4915511786815
4915511945308
4915511594472
4915510235956
4915511826350
4915511935621
4915510110183
4915510685030
4915511081006
4915511265819
4915510664764
4915511988406
4915511726301
4915510308919
4915511849639
4915510809622
4915511321720
4915511494207
4915511729143
4915511496956
4915511350303
4915511355085
4915510432410
4915511723459
4915511971037
4915510514177
4915510093164
4915510414185
4915511445147
4915510773717
4915510223918
4915510521976
4915511963601
4915511629809
4915510195416
4915511564934
4915510297288
4915510802105
4915511888638
4915510187259
4915511309739
4915511415805
4915511633897
4915511214069
4915511247459
4915511826651
4915511572735
4915511176362
4915510570620
4915511045195
4915511857089
4915510376276
4915511266896
4915511972937
4915510959879
4915511410161
4915510370676
4915511259851
4915510916190
4915511892319
4915511318992
4915510737667
4915511947719
4915510976305
4915511250624
4915511681520
4915510686130
4915511798367
4915510552114
4915510846434
4915510426345
4915511393876
4915510999682
4915510075581
4915511466327
4915511696508
4915511678735
4915511538269
4915510459269
4915511039386
4915510727731
4915510706506
4915511878898
4915510368409
4915510695533
4915511734782
4915510566924
4915510413883
4915510261061
4915510431263
4915511746992
4915510560584
4915510232597
4915510667447
4915510555513
4915511294354
4915510829991
4915510316366
4915511139519
4915511503556
4915511186380
4915510969524
4915511754020
4915511451090
4915511284664
4915511369009
4915511645970
4915510170125
4915510376732
4915511734243
4915511118310
4915511535716
4915511273964
4915510111370
4915510345980
4915510269541
4915510510889
4915510631482
4915511892781
4915511576895
4915511418523
4915510724961
4915511147355
4915511911045
4915511275732
4915511951623
4915511426537
4915511573689
4915511429324
4915510118087
4915510824901
4915510958456
4915510848975
4915511284334
4915511174961
4915510304078
4915510258024
4915510766485
4915511604555
4915511075031
4915510178042
4915511401627
4915510110870
4915511619200
4915511469608
4915510295840
4915511932427
4915510336087
4915510130571
4915510713890
4915510063655
4915511328702
4915510295084
4915510665504
4915510593222
4915511105175
4915510375937
4915510905615
4915510971117
4915510110289
4915511879982
4915511367799
4915511563628
4915511674123
4915511596327
4915511885467
4915511564351
4915510147546
4915510237370
4915510294625
4915511547093
4915511767170
4915510376742
4915511026304
4915510374321
4915510912606
4915510424580
4915511879095
4915510581372
4915511325786
4915510233262
4915511160012
4915511646892
4915510480193
4915511675430
4915510999571
4915510111985
4915511279041
4915511069747
4915511326906
4915510295599
4915511180190
4915510749101
4915511425478
4915510467420
4915511742262
4915511687825
4915510154220
4915510199358
4915511403694
4915510496962
4915511104820
4915510258522
4915510974756
4915511080644
4915511194075
4915511274063
4915511897512
4915511811924
4915510940370
4915511001551
4915510480266
4915510798203
4915511375135
4915510715388
4915511833882
4915510193808
4915511666042
4915510386784
4915510984375
4915511627296
4915510861854
4915511673145
4915511362425
4915510720612
4915510506268
4915510271487
4915511269540
4915510064314
4915510294066
4915510837660
4915511311658
4915511670772
4915510962625
4915511268860
4915511733635
4915511032152
4915511013748
4915510148614
4915511695542
4915511410917
4915511257412
4915510528983
4915510322805
4915511537622
4915511915048
4915511471966
4915510727772
4915511588110
4915511616555
4915511644455
4915510711995
4915510489376
4915510286342
4915510075299
4915511232202
4915511553509
4915510506943
4915511773470
4915510805323
4915510993029
4915511918001
4915510595478
4915510707788
4915511612458
4915510294570
4915510978943
4915510613976
4915511089822
4915511095209
4915510880810
4915511359854
4915510977256
4915510891538
4915511022638
4915510179478
4915511939030
4915510977743
4915511456701
4915510738443
4915511054960
4915510079952
4915511443588
4915511651484
4915510182005
4915511183218
4915511575954
4915510844003
4915511858550
4915510428468
4915511686996
4915511764006
4915510861300
4915511483235
4915511314622
4915510316578
4915510976416
4915510958053
4915511568238
4915511735092
4915511196083
4915511637296
4915510857441
4915511813357
4915511018350
4915511954104
4915510424928
4915511388393
4915510957455
4915511387889
4915511580796
4915511672382
4915511924167
4915510378795
4915510220299
4915510007995
4915511380121
4915511831174
4915510000130
4915511933409
4915510118683
4915510409808
4915510556432
4915511855346
4915511465905
4915510148348
4915511198563
4915511483220
4915511469908
4915511441832
4915510974996
4915510407836
4915510203665
4915511078382
4915510132694
4915510156355
4915511082336
4915510651031
4915511841327
4915511619635
4915511534577
4915510452123
4915510824346
4915510091772
4915511118475
4915510874642
4915511165110
4915511710510
4915511853034
4915511273709
4915511958668
4915510504910
4915511538105
4915510151926
4915510961140
4915511093364
4915511860929
4915511438401
4915511143114
4915511182060
4915511201151
4915511877662
4915510345776
4915511231020
4915510057896
4915511789356
4915511262891
4915510967038
4915511694076
4915510566980
4915511147189
4915510916140
4915510073057
4915510386755
4915511222614
4915511620600
4915511612029
4915510310599
4915511607020
4915511616544
4915510870281
4915511528032
4915511304323
4915510634289
4915510861596
4915510991438
4915511250982
4915510962545
4915510200051
4915510767013
4915510205606
4915510922749
4915511260705
4915510839723
4915511078021
4915511595611
4915510934839
4915511624992
4915510191586
4915510596998
4915510479296
4915510327997
4915511471059
4915510909767
4915510567799
4915510975003
4915510028774
4915510057335
4915510823887
4915510847528
4915511815676
4915511647240
4915511764536
4915511757927
4915511803247
4915511319520
4915511906675
4915510471952
4915511765207
4915510073484
4915511932755
4915511458127
4915510256108
4915511019673
4915510816313
4915511027249
4915510683664
4915511377522
4915510644074
4915511624836
4915511281343
4915510945238
4915511038667
4915511660513
4915511331589
4915511750700
4915511284707
4915510756550
4915510878182
4915511269819
4915511408092
4915511323275
4915511686865
4915510096881
4915510829734
4915510665228
4915510546837
4915510290353
4915511501302
4915510950741
4915511697648
4915511599386
4915510746049
4915510644781
4915511840411
4915510958075
4915511493924
4915510858428
4915510443062
4915510528878
4915510584331
4915511267242
4915511595448
4915510868215
4915511019007
4915511244175
4915510569274
4915510584121
4915511674204
4915510118095
4915511285285
4915510067777
4915510801306
4915511453725
4915511250694
4915511581507
4915510046586
4915511094047
4915510489797
4915510191446
4915511033687
4915510238314
4915510896277
4915510457769
4915510180190
4915511129864
4915510548417
4915511804707
4915510422019
4915511630435
4915511029621
4915510606523
4915511955422
4915511252393
4915511097745
4915510606014
4915511829625
4915511356825
4915510415445
4915511026406
4915511729176
4915510058720
4915511286159
4915510228546
4915511860668
4915510508516
4915511001548
4915510493160
4915511841140
4915511274423
4915510757171
4915510827354
4915511996767
4915511638134
4915510591879
4915511401148
4915510061944
4915510327203
4915511874772
4915510536941
4915510497964
4915511622554
4915510985292
4915510374517
4915510878577
4915511693451
4915511116439
4915510497230
4915511618423
4915511345527
4915510704678
4915511355695
4915510372111
4915511382649
4915510354275
4915511578729
4915510168529
4915510290508
4915510167123
4915510761884
4915510435706
4915510549224
4915511384449
4915511627061
4915511901476
4915511495142
4915511647727
4915510348248
4915511539417
4915511596619
4915511050305
4915511196744
4915511223168
4915510292350
4915511516790
4915511289643
4915510796650
4915510907938
4915510997367
4915510627081
4915511581328
4915510751668
4915510716738
4915510610307
4915511179619
4915511673123
4915511119856
4915510121968
4915511519080
4915511914004
4915510779667
4915510122085
4915511327877
4915511599268
4915510122402
4915511288017
4915510509555
4915511160998
4915511291736
4915511642027
4915510574121
4915510590455
4915511215013
4915510173241
4915510774071
4915511939675
4915511586658
4915511609927
4915510431571
4915511470786
4915511099087
4915510975375
4915511558229
4915510953942
4915511683350
4915510387636
4915510369649
4915511356897
4915511503571
4915511090285
4915510412856
4915510697776
4915511288487
4915510608763
4915510614291
4915510833124
4915510239679
4915510875650
4915511550334
4915510542662
4915510592538
4915510442495
4915510361674
4915510620473
4915511019849
4915511450752
4915511696770
4915511251531
4915511881784
4915510674360
4915510582466
4915511852831
4915510785026
4915511208722
4915510261605
4915510119482
4915511611085
4915510844104
4915511133548
4915511722744
4915511103165
4915511819965
4915511735321
4915510471397
4915510504139
4915511773700
4915510794331
4915510438424
4915510780476
4915510923992
4915511555088
4915510531760
4915510809594
4915510080871
4915510371425
4915510192599
4915511606295
4915511500004
4915511712882
4915511369556
4915510625980
4915511640049
4915511107168
4915511018370
4915510455775
4915511639442
4915510287716
4915510414649
4915510004858
4915511279283
4915511732315
4915511296910
4915510062287
4915510812014
4915510526606
4915510979030
4915510023506
4915510782032
4915511112811
4915511161348
4915510094224
4915511874821
4915511368417
4915511539066
4915510564297
4915510330691
4915511287039
4915510986835
4915510055182
4915510114783
4915510526667
4915511308022
4915510348571
4915511095913
4915510738284
4915510324252
4915511719117
4915510766668
4915511649549
4915510815458
4915511424907
4915510194627
4915510110695
4915510520285
4915510591374
4915511373979
4915511289645
4915511086103
4915510934604
4915511008645
4915510382332
4915511851003
4915511704348
4915510157325
4915511873483
4915511540508
4915510252706
4915511405534
4915511744530
4915511935710
4915511012634
4915510642905
4915511415466
4915511369330
4915510899014
4915510469642
4915511887516
4915511736817
4915511921554
4915511909576
4915510764288
4915510357439
4915511180806
4915510334249
4915511054207
4915510643248
4915511770851
4915510350590
4915511837434
4915511690334
4915510579826
4915510841048
4915511396744
4915510583987
4915510985140
4915511181731
4915511738393
4915511378743
4915510463124
4915510702915
4915510177142
4915511767868
4915510748722
4915511049657
4915511731958
4915510068244
4915511082091
4915511082484
4915511807133
4915510016623
4915510729378
4915510710887
4915511717158
4915511913434
4915510272041
4915510734606
4915511463524
4915511916962
4915511714673
4915510482353
4915511782156
4915510494253
4915511645271
4915511887480
4915510716195
4915511837867
4915511640674
4915510019465
4915510706491
4915510934351
4915510876200
4915511224249
4915511216555
4915511830547
4915511015803
4915511837579
4915511475592
4915511609516
4915511721204
4915510890214
4915511581520
4915511679366
4915510359872
4915511274499
4915511560174
4915511820896
4915511597986
4915510224303
4915510825415
4915511991309
4915510640317
4915511675519
4915511736285
4915510840967
4915510222577
4915510986542
4915511444868
4915511387333
4915510931662
4915510700271
4915510275973
4915511624224
4915511142790
4915510412023
4915510173891
4915511683074
4915510033123
4915511545744
4915511937253
4915511095408
4915511821875
4915511954710
4915511699814
4915510770969
4915511697294
4915511799632
4915511297157
4915510802102
4915511238078
4915510454843
4915511905221
4915511216569
4915511080742
4915511988512
4915510751014
4915511720839
4915511743870
4915511063042
4915511592469
4915511199184
4915510379045
4915511958271
4915511253257
4915510504305
4915510032306
4915510454087
4915511970640
4915510170785
4915510400973
4915510839048
4915511915943
4915510880470
4915511823161
4915510667597
4915511631061
4915510493191
4915510968529
4915510745131
4915510312225
4915510573959
4915511021708
4915510504112
4915510993120
4915511485702
4915510118151
4915510557645
4915510096460
4915511439945
4915510608786
4915511256092
4915511493625
4915511028087
4915510295512
4915510173450
4915510453015
4915511571910
4915511069596
4915510695988
4915511129214
4915510653030
4915510387094
4915511305697
4915511333128
4915511847884
4915511864634
4915510040807
4915510763879
4915510983795
4915510896562
4915511702849
4915511529328
4915511913366
4915510838994
4915510550585
4915510758559
4915511711608
4915511266227
4915511592668
4915511321348
4915510292060
4915511031463
4915510341843
4915510900703
4915510951364
4915511459534
4915511509916
4915511238164
4915511126418
4915510973174
4915510340933
4915511656285
4915511102354
4915510764285
4915510725966
4915510549331
4915510595792
4915511088498
4915511672841
4915511646126
4915510930145
4915510684452
4915510314189
4915511129911
4915511358288
4915511202820
4915510444833
4915510495989
4915510922297
4915510530436
4915511057230
4915510649062
4915510039896
4915510757237
4915510446298
4915511467995
4915511808792
4915510401291
4915510157857
4915511149006
4915511574750
4915511504205
4915510021045
4915511714275
4915510479736
4915510694283
4915511581454
4915510973777
4915510286232
4915510931868
4915511222873
4915511429611
4915511956317
4915510352141
4915511722250
4915511995397
4915511541190
4915510497467
4915510975917
4915510367363
4915511235205
4915511067718
4915511424324
4915510388312
4915511501266
4915510614886
4915511753650
4915511859445
4915510691011
4915511942452
4915511594934
4915510170517
4915510518129
4915510209996
4915511350602
4915511537051
4915510590631
4915511452460
4915510553812
4915510572298
4915510332285
4915510651952
4915510002911
4915511231186
4915510493735
4915510264991
4915511766876
4915511102079
4915511012237
4915511578860
4915511499699
4915511199058
4915511462820
4915510180815
4915511453625
4915511139711
4915511166407
4915510330795
4915510829764
4915511374494
4915511257170
4915511448465
4915510944961
4915510242951
4915510775902
4915510658676
4915510165709
4915511318276
4915511899266
4915511490731
4915510389502
4915510339053
4915510411727
4915511645919
4915511185824
4915511541563
4915510785473
4915510437994
4915511929847
4915510749076
4915510071788
4915511605728
4915510380549
4915510757300
4915510165826
4915510382234
4915511841638
4915511061833
4915510274190
4915510902111
4915510183249
4915510192367
4915511985045
4915511395564
4915511024816
4915510399558
4915510487780
4915511863370
4915511185988
4915511076668
4915511334668
4915511549835
4915511024412
4915511697036
4915510200772
4915511017761
4915511710753
4915511404755
4915510888777
4915510776192
4915510693217
4915510806226
4915511732448
4915510347564
4915510781590
4915511516838
4915511343018
4915510085576
4915510508465
4915510495551
4915511852370
4915511031984
4915510999024
4915510878730
4915510553256
4915510481627
4915510911839
4915510369664
4915510097111
4915511635793
4915510449735
4915511054524
4915510062110
4915510814528
4915511336560
4915511283644
4915511827842
4915511782376
4915511759721
4915511196731
4915511466515
4915510536492
4915510976660
4915511785786
4915510139385
4915511742997
4915511352361
4915511869395
4915510940604
4915511514079
4915510738805
4915511380751
4915511924670
4915511966011
4915511929968
4915511843004
4915510254909
4915510904349
4915511191869
4915510217990
4915510078098
4915510371855
4915510175243
4915510510283
4915511925153
4915510307227
4915511033366
4915510776682
4915511526194
4915511054003
4915510757953
4915510081604
4915511673187
4915511083096
4915510026519
4915510838199
4915510527354
4915511037091
4915511140374
4915510826328
4915511098262
4915510352147
4915511838890
4915510505026
4915511538173
4915510214249
4915511058504
4915510777724
4915510717218
4915510578047
4915510192283
4915510990241
4915510166885
4915511604589
4915511861015
4915510889924
4915511299222
4915510884328
4915511611915
4915510480334
4915510523296
4915510772517
4915510634798
4915510059003
4915511352814
4915510039819
4915510838551
4915511365690
4915511821721
4915510347647
4915510212054
4915510075303
4915510495850
4915510067715
4915510867877
4915510270765
4915510497422
4915511777689
4915511270408
4915510311986
4915511475143
4915511667471
4915511971914
4915511021632
4915511201142
4915511894380
4915510452118
4915511451036
4915510123969
4915511882788
4915510745693
4915510084311
4915510322766
4915511650955
4915510184037
4915510197317
4915511169066
4915510440261
4915510052879
4915510389532
4915510525167
4915510712397
4915511745649
4915510179102
4915511509324
4915511187754
4915511538190
4915511566227
4915511467170
4915511748881
4915511825640
4915510969812
4915510009776
4915510790183
4915511175079
4915511283186
4915511978068
4915511197266
4915511260447
4915510058958
4915511041420
4915511495498
4915510818358
4915511383966
4915511712696
4915510712405
4915511649363
4915511508880
4915511634933
4915510626344
4915511838681
4915510132057
4915510723612
4915511116742
4915511848568
4915510046303
4915511353882
4915511557778
4915511451981
4915510325231
4915510866437
4915511454920
4915510659622
4915511528709
4915510895347
4915511293823
4915510383046
4915510349927
4915511701967
4915510832030
4915511204588
4915510518415
4915510644394
4915510288290
4915510135403
4915511002996
4915511419492
4915511128727
4915510782924
4915510390954
4915511268052
4915510720666
4915510885642
4915511290567
4915510876135
4915510549946
4915510073569
4915510177078
4915510402598
4915510247272
4915511931948
4915511737971
4915510839208
4915510605988
4915510230650
4915511328279
4915510518223
4915510142757
4915511048840
4915510703292
4915510000441
4915511752845
4915510647997
4915510090822
4915510936923
4915510781850
4915510173789
4915511141842
4915511130773
4915511718938
4915511050724
4915511310852
4915510387743
4915511150619
4915510013220
4915510543010
4915511471783
4915511534902
4915511402836
4915510111075
4915511735205
4915511608511
4915510958264
4915511962200
4915510195498
4915510975180
4915511460748
4915511622871
4915510458691
4915511707930
4915511642345
4915511510095
4915510961566
4915511692634
4915510993776
4915511018467
4915510225716
4915510532258
4915510573067
4915511740969
4915510194215
4915510098255
4915511374855
4915511044900
4915511585764
4915511827431
4915511944996
4915510810318
4915510589701
4915510044058
4915510351057
4915510774279
4915511526238
4915510643613
4915511550704
4915511883113
4915511664597
4915510751126
4915510191580
4915510784670
4915511510314
4915510751644
4915510840062
4915511703151
4915511794427
4915511241081
4915511268240
4915510144070
4915510661862
4915511194438
4915510646052
4915510687334
4915511955833
4915510325279
4915510521335
4915510890805
4915510467265
4915511540960
4915510010297
4915511514168
4915510645603
4915510392764
4915510757542
4915510445764
4915510197277
4915510849982
4915511312505
4915511278420
4915511599468
4915510051245
4915511128324
4915510373619
4915511761173
4915510842804
4915510949322
4915511742264
4915510317360
4915510521465
4915510519509
4915511842861
4915511789690
4915511098913
4915510902444
4915511008986
4915510333077
4915510972518
4915511428253
4915510079563
4915510084287
4915511833646
4915510069260
4915510298164
4915510958981
4915510508332
4915511751357
4915511755825
4915511870459
4915511879939
4915510078650
4915511103165
4915510556311
4915510788911
4915510452647
4915510380762
4915511286471
4915510515778
4915511108697
4915510608036
4915510863993
4915511594322
4915510016115
4915511546900
4915511946828
4915510967319
4915510807727
4915511522692
4915510708952
4915510722396
4915511710753
4915510402289
4915511455283
4915511799098
4915510402705
4915510982349
4915510290477
4915510583145
4915510021884
4915510951612
4915511387339
4915510698280
4915510676442
4915510068919
4915510769484
4915510537983
4915510405239
4915511114515
4915511263065
4915510569000
4915511785479
4915510539147
4915511214810
4915511413075
4915511687661
4915511989641
4915511398703
4915510897435
4915511522427
4915510916246
4915510067531
4915511937786
4915511158346
4915510622400
4915510263361
4915510334023
4915511284168
4915511507499
4915510608364
4915510439808
4915511679803
4915510297175
4915511420278
4915510148880
4915510641422
4915511598539
4915510818473
4915510541103
4915511859708
4915511058147
4915510511952
4915511809846
4915511101929
4915511979483
4915511935680
4915511872123
4915511739940
4915510379678
4915511166408
4915511102423
4915510901705
4915510607455
4915511546342
4915510370931
4915511570730
4915511055845
4915511206935
4915511790538
4915510962518
4915511283147
4915510574107
4915511712812
4915510802442
4915511973748
4915510182395
4915510061443
4915510186158
4915511971105
4915510286353
4915511003461
4915510792419
4915511207460
4915511459508
4915511431594
4915510460196
4915511648607
4915511470773
4915510022353
4915510886534
4915511241783
4915511632194
4915511190034
4915511287434
4915511093108
4915510637460
4915511123796
4915510782265
4915511226747
4915510063318
4915511071096
4915510482621
4915510013049
4915510303348
4915511578773
4915511355251
4915511715184
4915511747268
4915510310256
4915510015177
4915511569834
4915510384526
4915510171250
4915510523622
4915510519952
4915510333175
4915511300457
4915511662539
4915510105823
4915510304958
4915511552530
4915510186151
4915511268126
4915511450344
4915511794409
4915511939533
4915510862812
4915511755612
4915510978535
4915511873718
4915511201204
4915511829400
4915511619407
4915511929279
4915510741638
4915510377923
4915511238637
4915510106999
4915510535498
4915511127262
4915511898739
4915511960824
4915511217944
4915510690339
4915511105351
4915510917443
4915510331378
4915511101991
4915511645000
4915511480459
4915511418313
4915511730972
4915511469466
4915511760374
4915510337318
4915511234496
4915511679400
4915510062472
4915510029771
4915510460202
4915510570356
4915510799026
4915511855959
4915510123463
4915510010101
4915510846056
4915510079148
4915511078377
4915510424222
4915511570214
4915511390942
4915511352579
4915511427734
4915510549865
4915510224878
4915511401877
4915510086066
4915510203890
4915511047024
4915510353370
4915511931587
4915510047477
4915510154418
4915511582300
4915511791754
4915511721986
4915511933018
4915510300963
4915511226415
4915510240675
4915510836223
4915510456105
4915510658325
4915511053881
4915510214556
4915511850382
4915510162705
4915511490861
4915511536130
4915510056828
4915510241507
4915510392177
4915510080541
4915511107890
4915511783489
4915511761830
4915510529671
4915510881748
4915511145373
4915511589516
4915511071966
4915511690477
4915510789208
4915510350656
4915510542586
4915511634909
4915510674430
4915511995301
4915510071414
4915511929105
4915511137856
4915511510149
4915510015565
4915510733898
4915511152878
4915511240466
4915511661492
4915510655991
4915510123415
4915510104409
4915510189738
4915511794869
4915511822710
4915511331843
4915511878008
4915510359408
4915511475832
4915511671123
4915510971884
4915510468122
4915510178976
4915510545461
4915511774783
4915510050996
4915511118801
4915510973310
4915511376046
4915510829068
4915511137767
4915510956244
4915511677075
4915511088155
4915510892481
4915511779725
4915510308985
4915511596723
4915510791468
4915511695287
4915510662588
4915511800848
4915510376923
4915510701694
4915511009628
4915510573381
4915511283403
4915510952212
4915510382978
4915510561661
4915510879252
4915510112600
4915510629436
4915510087160
4915511748467
4915511258290
4915511916785
4915510627596
4915511651155
4915511203933
4915510629116
4915511061225
4915511441273
4915510401217
4915511502246
4915510406079
4915510794211
4915511367004
4915511830046
4915510335126
4915511999536
4915510369552
4915511711107
4915510946236
4915510935426
4915510628395
4915511279951
4915510718985
4915511148953
4915510409173
4915511183984
4915510400013
4915511177110
4915510707477
4915511527646
4915511817308
4915511881226
4915510506475
4915510959724
4915511353988
4915510838379
4915511525550
4915510785890
4915510748977
4915511912884
4915510319129
4915510217690
4915510362781
4915511869157
4915510910492
4915510970605
4915510718270
4915510137897
4915510020811
4915510244887
4915511415471
4915510283816
4915510258726
4915511151424
4915510034430
4915510903020
4915510696652
4915511017362
4915511491114
4915510842426
4915511228023
4915511028874
4915511213751
4915511009966
4915511024554
4915510718527
4915511026930
4915510722649
4915511586938
4915510732724
4915510254515
4915510710171
4915511721072
4915510830805
4915510978324
4915510074747
4915510520923
4915511338353
4915510753675
4915511218945
4915511427602
4915511040676
4915510643464
4915511462077
4915511414619
4915510811917
4915510666737
4915510361997
4915510698889
4915511836842
4915510306659
4915510406404
4915511852297
4915511080437
4915511246973
4915510071611
4915511982965
4915511353396
4915511837118
4915511642402
4915510051045
4915511738458
4915510038377
4915510667289
4915511183858
4915511077357
4915511852839
4915510799304
4915511140434
4915510010347
4915510227118
4915510957506
4915510841968
4915510788257
4915511653197
4915511020512
4915511157098
4915510022065
4915510206688
4915511653880
4915510354560
4915510535613
4915510470560
4915510223630
4915510490921
4915511432174
4915511292384
4915510657744
4915511808255
4915511922283
4915511898573
4915510100472
4915511097145
4915511926476
4915510800758
4915511119935
4915510169149
4915510734809
4915510284512
4915511315631
4915510903295
4915510623789
4915510801863
4915511928737
4915510759142
4915510995889
4915511043176
4915511535634
4915510151790
4915511745044
4915511747089
4915511069679
4915511962683
4915511983704
4915510151564
4915511290801
4915511380556
4915510045279
4915510061162
4915511316187
4915511819073
4915510931871
4915511878190
4915510777423
4915511408947
4915511872127
4915511985178
4915511956539
4915511855500
4915511289381
4915511278891
4915511076563
4915510521281
4915511851158
4915510654656
4915510577806
4915510864139
4915511871406
4915511384769
4915511885509
4915510609220
4915511940959
4915511241836
4915511549349
4915511423506
4915511095697
4915511247372
4915510059470
4915510739725
4915511457757
4915510873231
4915511055760
4915510058139
4915510871939
4915510439626
4915510961609
4915510465130
4915511364746
4915510246622
4915511391555
4915511234037
4915511991076
4915511231755
4915511453688
4915511225058
4915511736360
4915510795094
4915510573448
4915510733703
4915510196331
4915511714920
4915510974752
4915510569808
4915510099364
4915511788389
4915510767569
4915510827770
4915510659999
4915510381618
4915510588662
4915511855032
4915511363795
4915511646396
4915510822158
4915510203262
4915511665972
4915511874544
4915510025378
4915510561801
4915511570954
4915511487577
4915511426653
4915511509828
4915511709667
4915510295687
4915510006790
4915511111669
4915510488819
4915511258882
4915511123400
4915510573582
4915510786187
4915510619983
4915510373435
4915510999740
4915510183181
4915510526448
4915511886930
4915510541903
4915510480485
4915511606828
4915511004585
4915510653081
4915510065203
4915510388333
4915510358968
4915511882452
4915510312406
4915510268018
4915510654447
4915511773067
4915511304832
4915510716838
4915511989386
4915511591769
4915510658364
4915511348275
4915510687697
4915510047468
4915511600063
4915510093309
4915510206666
4915510214627
4915511165298
4915511030065
4915511784260
4915511285032
4915510625775
4915510880995
4915511197732
4915510818908
4915511278079
4915510365799
4915511262603
4915511376682
4915511895852
4915510776682
4915511041525
4915511647518
4915510938515
4915511141404
4915511964831
4915511665223
4915511211178
4915510680143
4915510067213
4915511393613
4915510327499
4915511928067
4915510930424
4915511995536
4915511337848
4915510518128
4915510310955
4915511066168
4915511505502
4915511841026
4915510175748
4915510766590
4915510325891
4915511479669
4915510413628
4915510660306
4915510701330
4915510442098
4915511523691
4915511460491
4915510947521
4915510955558
4915511183578
4915511602351
4915510515304
4915510119905
4915510453132
4915511260409
4915510470938
4915511182728
4915511208068
4915510264141
4915510096676
4915510040537
4915510174476
4915511568034
4915510301841
4915510538852
4915510064775
4915510658315
4915511113837
4915511022068
4915511607713
4915510005259
4915511006625
4915510356990
4915511389278
4915510806202
4915510248103
4915511421029
4915511409741
4915510106489
4915510652776
4915510139288
4915511551754
4915510334948
4915510127845
4915511355205
4915510425792
4915511899981
4915510782972
4915511684744
4915510671355
4915510540310
4915511297918
4915511892904
4915511377159
4915510015406
4915510169597
4915511293525
4915510950193
4915511741654
4915511759840
4915510028844
4915511577192
4915511213222
4915511975351
4915511038655
4915511444238
4915510954585
4915510560975
4915511835198
4915510071530
4915511568065
4915510803491
4915511524338
4915511912008
4915511130513
4915510885852
4915511594929
4915511675879
4915511973280
4915510569815
4915511214661
4915511969694
4915510858121
4915511696159
4915510856587
4915511268738
4915510815688
4915510025602
4915510962392
4915511177273
4915510255934
4915511825887
4915510859661
4915510176409
4915511799866
4915511706643
4915510033346
4915511482128
4915511746601
4915511861472
4915510171211
4915511370622
4915511931979
4915510488997
4915511803078
4915511368852
4915511599744
4915511140544
4915510505815
4915511557710
4915510381799
4915511897329
4915511618338
4915510852273
4915510711004
4915511983445
4915510105718
4915511210169
4915511441251
4915511029663
4915511835605
4915510339726
4915511851201
4915510690223
4915511898004
4915510834307
4915510402812
4915510136123
4915510125792
4915511437906
4915510101302
4915511316752
4915511543441
4915511284101
4915511754160
4915510972056
4915510317058
4915511732599
4915511783190
4915511256583
4915510526717
4915511317389
4915511662214
4915510055579
4915510971162
4915511693419
4915511758851
4915511893481
4915510450969
4915511393523
4915510839479
4915510634745
4915510454178
4915511534866
4915511544495
4915511151988
4915510137134
4915510104439
4915510641272
4915511003969
4915511986849
4915511937508
4915510981905
4915510772576
4915511776167
4915511805804
4915510392526
4915511564242
4915511453759
4915510361654
4915510811252
4915510620632
4915510680818
4915511204029
4915510993070
4915510972237
4915510329098
4915510629452
4915510164379
4915510263647
4915511230878
4915511928565
4915511674698
4915510321788
4915510791634
4915510055279
4915510924867
4915511575147
4915510087576
4915511115249
4915511682128
4915511710384
4915511547671
4915510048152
4915511252241
4915511645801
4915511635626
4915510233574
4915510855952
4915511819747
4915510069172
4915511844564
4915510465148
4915510931369
4915510321038
4915511467586
4915511428971
4915510381707
4915511447041
4915511331251
4915511930845
4915510048499
4915511153407
4915510159277
4915510384132
4915510726181
4915511868243
4915510208544
4915511310838
4915510546435
4915510045128
4915511959348
4915510403001
4915510509868
4915511435956
4915511411033
4915510518796
4915511407503
4915510225335
4915511903089
4915511918765
4915510679948
4915510899479
4915511822844
4915511413942
4915510860872
4915510174001
4915511336166
4915510575348
4915511444175
4915510688233
4915511322331
4915510016492
4915510655672
4915511810965
4915510301625
4915510977059
4915510003926
4915510135074
4915511022705
4915510183828
4915511714743
4915510034798
4915511206802
4915510587592
4915511497675
4915510951396
4915511371920
4915510659454
4915510344437
4915511800854
4915510026733
4915510220926
4915510838835
4915510095920
4915510697295
4915511508127
4915511724470
4915510954144
4915511566896
4915511160290
4915510676847
4915510252321
4915511134800
4915511322004
4915510185909
4915511258576
4915511496233
4915510957293
4915511310927
4915511466591
4915511374185
4915511255895
4915511117035
4915510019127
4915511505316
4915510078545
4915510089211
4915510489335
4915511151756
4915510125516
4915511268615
4915511398507
4915510118833
4915510807775
4915511810394
4915510772106
4915511627403
4915511501595
4915511374372
4915510556539
4915510805775
4915511916271
4915510385808
4915511555180
4915510928422
4915510049041
4915510385882
4915511510856
4915510650754
4915510023079
4915511140597
4915511760499
4915511794189
4915510052672
4915510977115
4915510414627
4915510445409
4915511373204
4915511489911
4915510744388
4915511408124
4915510056762
4915511378500
4915511863105
4915510831224
4915511913569
4915511099922
4915511834891
4915510535347
4915510439177
4915511225042
4915511079090
4915510623141
4915510221661
4915511585140
4915510708227
4915510371737
4915510403807
4915510990300
4915511138355
4915510636824
4915511600781
4915511455746
4915511893566
4915511025999
4915511262026
4915510700753
4915510210082
4915511290559
4915511576130
4915511991150
4915510595914
4915511197867
4915510636421
4915511260383
4915510736968
4915511226206
4915510726495
4915510882461
4915511090223
4915511368606
4915511266292
4915510588474
4915511715945
4915511750994
4915510731416
4915510211953
4915511916454
4915511988042
4915511449547
4915510753106
4915511365112
4915510824120
4915510835532
4915511386805
4915511300334
4915510576632
4915510630852
4915511823975
4915511848739
4915511091006
4915511567565
4915511671384
4915511746511
4915510840178
4915510009078
4915511939939
4915511653117
4915510619625
4915510549684
4915511166178
4915511678708
4915511067870
4915511513083
4915510137362
4915511734657
4915510025296
4915511016340
4915510150757
4915510618838
4915510344236
4915510906709
4915511320071
4915511038682
4915511524818
4915511296125
4915510105289
4915511917960
4915511798276
4915510132899
4915510950661
4915510345708
4915510024886
4915510443983
4915511243994
4915511355586
4915511036213
4915511573266
4915511460712
4915510990259
4915510280043
4915510681365
4915510480771
4915510875262
4915510185356
4915510310509
4915510389699
4915511766353
4915510202770
4915510737066
4915511014424
4915510553833
4915510940794
4915511645176
4915510871848
4915510177194
4915511272201
4915510857538
4915510981375
4915510886573
4915511025378
4915510564033
4915510091990
4915510043705
4915510057561
4915510257865
4915510423475
4915510712319
4915510947396
4915510770800
4915511039067
4915511599273
4915510496189
4915511007076
4915511704922
4915511256676
4915511904356
4915511887615
4915510584988
4915511409176
4915511948437
4915511941022
4915511122981
4915510865263
4915510230224
4915511273383
4915511673602
4915511432005
4915510150394
4915510331755
4915511001108
4915510504460
4915510726024
4915511825108
4915510268336
4915511034977
4915511653566
4915510530953
4915511210850
4915511141969
4915510828173
4915510462859
4915511472204
4915510916341
4915510237067
4915511184814
4915510466512
4915511461558
4915510897773
4915510191049
4915511562490
4915510727848
4915511762369
4915510183196
4915510007649
4915511709250
4915511068708
4915510479145
4915511621055
4915511652682
4915511232512
4915510348660
4915510464664
4915511219499
4915510784234
4915511951867
4915510882164
4915511421969
4915511871150
4915511568309
4915511548854
4915510221083
4915510989072
4915510467135
4915511361453
4915511290766
4915511991463
4915511395946
4915511849635
4915511515542
4915511506323
4915510245513
4915511938579
4915511765575
4915510170526
4915510665840
4915511347158
4915511497399
4915511116462
4915511507262
4915510169749
4915511403158
4915511454470
4915511564165
4915510264832
4915511655558
4915511623106
4915511642125
4915510963252
4915511030586
4915510753035
4915510447368
4915511599197
4915511346896
4915511036543
4915510881555
4915510411160
4915510296164
4915511361069
4915511028603
4915511775663
4915510479448
4915510810369
4915511812829
4915511489505
4915510574869
4915511224197
4915510254799
4915511327131
4915511162554
4915510952874
4915511284625
4915511096795
4915510396067
4915511463114
4915510231474
4915511078349
4915511150245
4915511646066
4915511516986
4915511095449
4915511495252
4915510407446
4915511605679
4915510349119
4915511462200
4915511404685
4915510011109
4915510536878
4915511056160
4915510153130
4915510276832
4915510940398
4915511850695
4915511826192
4915511639486
4915511173859
4915510398934
4915511910186
4915510116819
4915511784398
4915510054734
4915511980997
4915510745774
4915511228084
4915511191615
4915511410261
4915511009889
4915511557831
4915511545423
4915511601185
4915511196406
4915511055348
4915510487740
4915510557905
4915511074231
4915510709491
4915510423601
4915511043377
4915510603851
4915511586244
4915510954564
4915510543251
4915511639980
4915511790826
4915511159866
4915510182904
4915510332562
4915510903428
4915510412305
4915510439955
4915511343874
4915511929848
4915511750698
4915511823773
4915511243643
4915510031752
4915510303209
4915511039072
4915510545962
4915510606890
4915510130201
4915511803242
4915511387928
4915511741249
4915510618639
4915510005394
4915510350966
4915511943649
4915511626724
4915510960369
4915511220735
4915510517100
4915511294075
4915511989567
4915511433832
4915511928651
4915511640199
4915511387587
4915511720436
4915511280237
4915510961217
4915511589842
4915510029824
4915510525294
4915510505950
4915511525008
4915510425804
4915510716263
4915510308868
4915511591191
4915510108776
4915511938318
4915511100383
4915510332574
4915510858885
4915510656532
4915511172686
4915510457941
4915510238586
4915510371629
4915511399104
4915510573777
4915510058344
4915511090520
4915510076345
4915511795654
4915510219478
4915511917824
4915510322431
4915510010151
4915510346565
4915511818115
4915511639424
4915510651930
4915510569531
4915511182578
4915510949156
4915510727700
4915510002091
4915511237132
4915510263956
4915510112293
4915511849158
4915510457510
4915511876940
4915511717699
4915511594460
4915511336562
4915511451905
4915510589267
4915511771512
4915510409440
4915510666591
4915510608805
4915510369974
4915511806619
4915510467620
4915510070208
4915510839479
4915510738393
4915510888526
4915511950860
4915510986853
4915511268090
4915511592720
4915511072121
4915511933914
4915510447930
4915511245633
4915510864775
4915510475723
4915511122256
4915510306725
4915510309456
4915510211006
4915510814571
4915511952025
4915511030539
4915511955816
4915510126605
4915510933108
4915510266949
4915510279501
4915510270941
4915511680411
4915510462794
4915511533207
4915511783773
4915510729238
4915510582033
4915510473479
4915511120374
4915510900515
4915510897608
4915510476844
4915510826084
4915511861763
4915511422652
4915510461771
4915511524967
4915511966413
4915510968152
4915510952437
4915510290657
4915511077782
4915511971535
4915510028486
4915510939827
4915510587717
4915510970846
4915510948073
4915510893760
4915510261781
4915510261305
4915511930367
4915511247185
4915511552387
4915511674919
4915511225272
4915511402508
4915511772646
4915511077303
4915511375442
4915511233919
4915511988158
4915510347102
4915510340319
4915510183626
4915511298613
4915511136327
4915510726063
4915510134222
4915510494213
4915510870402
4915511681959
4915511036509
4915510821488
4915511340499
4915511790312
4915510591271
4915510464331
4915511956777
4915510066796
4915510328304
4915510214559
4915511092642
4915511681865
4915511049410
4915510893890
4915510906756
4915511814519
4915511410825
4915511332264
4915511590927
4915511546107
4915510030698
4915511041992
4915511939786
4915511528006
4915511718901
4915511978939
4915511469744
4915510518404
4915510122478
4915510572254
4915511253009
4915510316598
4915511276614
4915511864489
4915510139802
4915510988564
4915510054402
4915510757590
4915510217281
4915511367121
4915510694458
4915510825641
4915510812128
4915510451349
4915510591268
4915510318577
4915511260861
4915511808658
4915510304864
4915511803256
4915510780108
4915510936008
4915511020101
4915510909502
4915511403587
4915511274650
4915510973444
4915511800410
4915510666863
4915510040352
4915510122665
4915511123939
4915511515726
4915510607923
4915511663152
4915511849854
4915511125607
4915511652388
4915510703821
4915511072204
4915511200477
4915510034706
4915510817280
4915510947316
4915511860685
4915510337315
4915510898828
4915510484491
4915511883178
4915511875248
4915511283984
4915511527909
4915511884633
4915511623504
4915511402878
4915510916727
4915511097409
4915511232525
4915511819885
4915511241948
4915510958660
4915510599955
4915511427425
4915511176477
4915511783063
4915510358648
4915511846288
4915511031041
4915510811739
4915511182042
4915510704941
4915510391993
4915510833996
4915510403746
4915511792784
4915511464880
4915511923336
4915511127598
4915511507372
4915511421541
4915511197392
4915511837007
4915511660081
4915511174796
4915510949227
4915511508239
4915510738238
4915511324649
4915511077213
4915511449344
4915510591994
4915510140711
4915510125864
4915510353452
4915511761784
4915511143323
4915511442742
4915510511421
4915510146148
4915510687269
4915511203643
4915510006539
4915510958239
4915511575258
4915511696326
4915511048512
4915510255913
4915510644418
4915510959678
4915510146071
4915511439483
4915510849999
4915510829012
4915511287696
4915511011577
4915510689716
4915510394812
4915511456154
4915510635729
4915511620428
4915510306795
4915510427797
4915511732234
4915511116395
4915511575832
4915511647292
4915510283601
4915511093123
4915511661355
4915511984763
4915510925835
4915511667025
4915510886993
4915510047655
4915511336484
4915511027231
4915511413173
4915510435240
4915510153247
4915510625740
4915510643269
4915511104167
4915511412873
4915510605579
4915510220775
4915511469688
4915511518794
4915511866155
4915510989408
4915510767211
4915510073996
4915510855392
4915511952892
4915510430936
4915510019862
4915511169707
4915510351308
4915510495078
4915510624987
4915510896570
4915511009507
4915511234088
4915511246954
4915511487681
4915511390865
4915511744084
4915510975541
4915510520413
4915511207008
4915511633503
4915511588314
4915511903119
4915511058721
4915510900739
4915511767342
4915510997395
4915510732968
4915511759748
4915510768247
4915511463041
4915511363514
4915511290438
4915511054302
4915510289167
4915510817772
4915511031467
4915511924102
4915511986463
4915510782262
4915510604847
4915511507748
4915511489390
4915511447497
4915510575869
4915511888272
4915510629815
4915511996817
4915511189301
4915510914714
4915511056573
4915510236474
4915510740957
4915510859809
4915510933297
4915510718827
4915511151447
4915511650520
4915511491197
4915511515630
4915510607556
4915510936315
4915511047092
4915510538091
4915511528415
4915510227087
4915510151832
4915510339228
4915511088570
4915510219311
4915510325007
4915511550465
4915511973276
4915511857911
4915510162680
4915510537298
4915511014031
4915511471647
4915511910104
4915511208584
4915510525362
4915510787651
4915510840571
4915511389086
4915510509380
4915510860250
4915510670900
4915510161319
4915511469327
4915510478231
4915510036505
4915511956689
4915510679054
4915511190910
4915511482109
4915511991220
4915511046865
4915510509624
4915510305243
4915510628460
4915510046492
4915510947991
4915510249317
4915510398937
4915510267741
4915510958672
4915510905862
4915510841649
4915510879000
4915510737641
4915511981178
4915511137944
4915510287111
4915510350715
4915511041369
4915510653057
4915510693198
4915510740105
4915510300003
4915511966237
4915511280378
4915511747818
4915511949223
4915510223256
4915511362265
4915511234691
4915511100518
4915511565462
4915511807652
4915510575683
4915510701149
4915510421932
4915511884479
4915511040990
4915511627606
4915510857671
4915510632023
4915510576868
4915510068272
4915511198719
4915511234231
4915511454465
4915510397662
4915510835559
4915511301043
4915511469609
4915510762385
4915510470396
4915510485349
4915510711270
4915511475176
4915510817922
4915511546313
4915510972240
4915510959199
4915510541541
4915510393358
4915510120976
4915510179455
4915511962890
4915511555084
4915510132992
4915511647983
4915510993556
4915511171437
4915510560885
4915511816466
4915511720407
4915510940921
4915511644429
4915510012892
4915510590460
4915511923430
4915511785368
4915511595389
4915510297037
4915511550950
4915510814605
4915510643169
4915511016789
4915510358915
4915510577375
4915510280099
4915510754268
4915510415310
4915510241571
4915511676251
4915511132978
4915510724177
4915511141180
4915510998546
4915511403219
4915511652718
4915511303416
4915511436722
4915510289195
4915511951898
4915510740517
4915511709204
4915510212590
4915510141617
4915511123550
4915511779691
4915510998122
4915510009398
4915510296989
4915511866846
4915510579125
4915510897450
4915511096338
4915511859758
4915510672531
4915510183507
4915511613790
4915510742929
4915511806733
4915510682928
4915510247622
4915510749119
4915511802130
4915510382676
4915511689677
4915510267604
4915510975112
4915510649578
4915510112729
4915510350289
4915510353142
4915511544136
4915511313588
4915510421124
4915511301379
4915510107220
4915511807416
4915511876871
4915511040053
4915510024649
4915510669619
4915510904612
4915510602573
4915511739590
4915511732599
4915510505313
4915511836353
4915510010522
4915510843990
4915511018521
4915511769958
4915511194081
4915511093777
4915510496092
4915511003309
4915511822442
4915510923076
4915510437345
4915510356314
4915510928376
4915511607334
4915511320345
4915510596120
4915511719342
4915511296080
4915510779188
4915510356176
4915510477937
4915511061411
4915510469851
4915510002914
4915511738816
4915511858725
4915510477184
4915510444177
4915510946962
4915511426981
4915511407310
4915510568533
4915510255119
4915511310107
4915511087337
4915511492482
4915510962439
4915511961489
4915510017320
4915510772154
4915510273163
4915511127337
4915511200700
4915510457132
4915510092902
4915510205102
4915511096693
4915510021140
4915511557642
4915510774111
4915511065570
4915511276077
4915510349516
4915511164739
4915510527364
4915510321501
4915510536076
4915511929483
4915510648753
4915511613390
4915511833566
4915510259749
4915510699755
4915511236528
4915511053056
4915510063971
4915511138832
4915510472288
4915511957302
4915510420446
4915511965675
4915511465240
4915510619706
4915511387449
4915510311467
4915511903270
4915510805451
4915510191594
4915510396334
4915510630380
4915510219431
4915511157237
4915510798191
4915510481617
4915511390188
4915510373040
4915510526535
4915510328033
4915510905961
4915511782846
4915510581986
4915510668234
4915511008619
4915511614382
4915511963727
4915511602234
4915510611324
4915511299770
4915511879586
4915511264458
4915511299342
4915511777718
4915511703817
4915510051223
4915511074773
4915510978354
4915511004115
4915511714188
4915511733798
4915511979708
4915510532941
4915510653068
4915510571038
4915511595555
4915511505547
4915511750112
4915510055994
4915511285988
4915510792176
4915510516589
4915511392684
4915510240972
4915511348892
4915511327405
4915511339627
4915510871964
4915511056729
4915510520714
4915510596832
4915511033660
4915511571328
4915510176296
4915510504739
4915510098765
4915511039522
4915510721783
4915511628144
4915510114734
4915510587410
4915510037115
4915510281163
4915511639172
4915511432781
4915511450970
4915511164123
4915510015908
4915511749898
4915510407507
4915510238328
4915511724499
4915511589744
4915511887949
4915510176390
4915510497917
4915510786062
4915510764208
4915511207174
4915510671993
4915510644804
4915511352552
4915510531847
4915510775898
4915511868004
4915511884087
4915511012617
4915511297461
4915510733190
4915510984651
4915511552951
4915510293103
4915511952843
4915511059802
4915510110697
4915511794386
4915511221038
4915510939940
4915511918115
4915511455381
4915511451464
4915511045360
4915511961458
4915510466549
4915511488236
4915511983466
4915511408235
4915511694564
4915511775915
4915511307430
4915511982690
4915511403715
4915510659113
4915511198123
4915511464532
4915511121142
4915510137384
4915511804309
4915511556555
4915511588079
4915510730064
4915511682785
4915511725904
4915510440811
4915510815716
4915510374403
4915511692145
4915510594754
4915510123212
4915511364726
4915510257594
4915511990183
4915510736503
4915511820157
4915511165407
4915511450927
4915510512536
4915511180095
4915511219770
4915511533365
4915511026501
4915510626710
4915511489092
4915511000206
4915511728458
4915510412099
4915510258542
4915510821207
4915511868017
4915511949837
4915510660151
4915511661233
4915511288998
4915510258206
4915511916152
4915510925166
4915510564738
4915510981565
4915511761736
4915510496734
4915510582961
4915511542684
4915511642012
4915511247914
4915511494069
4915510080547
4915511163574
4915510543516
4915511067199
4915510951192
4915510649730
4915510697250
4915510768235
4915510188136
4915511083924
4915510967245
4915510376631
4915510634666
4915510694887
4915510563843
4915510051744
4915511110449
4915510885724
4915510634695
4915510178219
4915510584590
4915510069988
4915511010846
4915511593902
4915510862577
4915510460040
4915511510457
4915510876665
4915510556350
4915510897861
4915511820797
4915511954250
4915510173862
4915511528254
4915510369187
4915511955669
4915510732695
4915510516952
4915510215716
4915511745039
4915511637600
4915510868919
4915511620483
4915510501571
4915511743836
4915510867777
4915510095790
4915511036627
4915510288560
4915511465181
4915510164880
4915511603324
4915510560881
4915510590674
4915510887423
4915511260676
4915510741771
4915511956728
4915510502356
4915511297093
4915511440644
4915510009727
4915510184944
4915510655482
4915511216508
4915510625380
4915511783639
4915510331005
4915511997786
4915511439902
4915511475992
4915511674009
4915511537373
4915511804231
4915510749272
4915510219007
4915511898962
4915511344606
4915511351865
4915511531527
4915510152422
4915511866559
4915511529829
4915510771200
4915511889547
4915511107089
4915510879111
4915511407829
4915511059226
4915511113511
4915510717264
4915511324442
4915511661389
4915511033415
4915511920257
4915510383778
4915511244143
4915511508438
4915511637997
4915510230263
4915510989055
4915511952694
4915511255243
4915511795227
4915510321666
4915511462795
4915511831146
4915511757608
4915511227027
4915511354395
4915511179072
4915511339385
4915511962946
4915511422671
4915510577134
4915511635628
4915511804615
4915511837114
4915511912308
4915511797129
4915510371465
4915510876118
4915510088743
4915511844694
4915510355590
4915511466584
4915510596475
4915511733586
4915511540020
4915511516177
4915511845273
4915511401882
4915511746170
4915510046166
4915510749866
4915510817613
4915511435624
4915511474260
4915511167794
4915511610819
4915510771063
4915510943264
4915511723186
4915511853580
4915510374565
4915511079319
4915511596487
4915510363047
4915511949734
4915510939652
4915510645545
4915511464331
4915510636310
4915511814146
4915511564081
4915510858689
4915510647870
4915511705275
4915511752533
4915510424900
4915511622108
4915510928235
4915510229391
4915511023446
4915510895370
4915511537865
4915510802753
4915511428870
4915511443638
4915510222301
4915511685330
4915510255542
4915510826093
4915511117707
4915510399878
4915510022473
4915511984717
4915510401233
4915511800721
4915511569799
4915510109800
4915510736891
4915511929185
4915511147692
4915510808707
4915511617869
4915510263246
4915511520395
4915510854766
4915511339519
4915511083354
4915511607514
4915510232389
4915511952812
4915511190337
4915510965216
4915511962994
4915510562155
4915511666674
4915510004583
4915511297396
4915511543660
4915511735225
4915510291083
4915510422763
4915511095284
4915510605306
4915511648096
4915511778518
4915511815010
4915510756574
4915510361541
4915511688972
4915511514946
4915510127837
4915510155707
4915511596767
4915510437378
4915510354818
4915510399648
4915510465629
4915511925214
4915510966525
4915510038294
4915511726644
4915511300170
4915511882465
4915511510007
4915510581117
4915511298258
4915510629205
4915511771795
4915510345803
4915511789301
4915510691716
4915511565346
4915510163118
4915510956922
4915511718064
4915510862715
4915511645373
4915510863643
4915511115124
4915510435709
4915511507425
4915510797668
4915510351054
4915510753288
4915511722622
4915511664327
4915510474591
4915511678992
4915510447952
4915511306379
4915511347913
4915510819089
4915510715721
4915511564903
4915511335417
4915511669150
4915511887180
4915510304407
4915511202236
4915510742253
4915511217870
4915511907812
4915511373923
4915510672171
4915510460946
4915511269535
4915510408708
4915510519159
4915510532912
4915511658179
4915511883616
4915511041761
4915510275322
4915511205145
4915511877767
4915511292863
4915511743222
4915511727995
4915510853052
4915510781958
4915511919522
4915510207402
4915510267934
4915511379573
4915510080175
4915510960059
4915510507373
4915510624356
4915510754156
4915510571400
4915511652369
4915510592364
4915510193148
4915510947440
4915511772275
4915510605577
4915511509987
4915511478435
4915511740384
4915510270160
4915510784841
4915510903609
4915511801127
4915510931502
4915511280268
4915511524427
4915511094461
4915511947795
4915511998725
4915510811290
4915511998960
4915510122670
4915510439686
4915510498588
4915510780475
4915511233186
4915510463404
4915510424833
4915510148423
4915510359060
4915511337918
4915511019052
4915510874842
4915511916860
4915510065031
4915511478437
4915511771982
4915511430260
4915510856123
4915510987391
4915511989795
4915510622834
4915511200553
4915511627688
4915510354802
4915511923176
4915511191732
4915510961756
4915510137443
4915511555065
4915510729233
4915510849733
4915511765026
4915510015212
4915510257278
4915511249196
4915511407835
4915510396410
4915511568115
4915510022934
4915510780468
4915510526907
4915510055554
4915511132604
4915510740792
4915511391588
4915510725215
4915511479596
4915510316083
4915510492418
4915511873896
4915510194049
4915511381199
4915510685083
4915511502512
4915510023854
4915511666600
4915510742783
4915511666589
4915511781110
4915510926432
4915511686320
4915511074356
4915510537901
4915511642379
4915510093034
4915511272186
4915510155590
4915510013433
4915510967090
4915510424143
4915511150174
4915511837329
4915510860001
4915510488675
4915510506721
4915511043278
4915510776673
4915510968701
4915510726894
4915510416788
4915510269017
4915511559317
4915511813787
4915511656743
4915511580689
4915510407434
4915511264582
4915510052097
4915511921972
4915511799043
4915511033525
4915511858032
4915511365740
4915511476730
4915511056762
4915510493065
4915510646756
4915510534648
4915510602609
4915511023403
4915511850816
4915511916415
4915511759828
4915511429189
4915511459161
4915510787700
4915511885183
4915510449288
4915510966025
4915510957859
4915511490401
4915510247412
4915511872739
4915510924347
4915511434745
4915510787796
4915511673553
4915510771676
4915510523140
4915510324344
4915511053688
4915510287726
4915511965700
4915511506935
4915511274571
4915510499420
4915510084881
4915511807077
4915510680764
4915511348122
4915510833697
4915511342460
4915510977978
4915511024355
4915510541533
4915511635038
4915511706975
4915510596031
4915510228162
4915511424622
4915510626559
4915510543225
4915511262415
4915510519639
4915511956600
4915510291522
4915510903651
4915510911590
4915510441543
4915510804687
4915510246708
4915511942080
4915511063204
4915511591614
4915511674203
4915510653973
4915511893226
4915510853301
4915510486521
4915510443424
4915511761845
4915510402659
4915510916696
4915510453904
4915510063885
4915511045153
4915510278691
4915511643253
4915510560752
4915510439224
4915510324142
4915510944426
4915511268256
4915511268127
4915510423750
4915510493677
4915510268173
4915510557954
4915511134977
4915510406741
4915510743127
4915511109665
4915510904554
4915511777811
4915511684996
4915510139007
4915511664080
4915510597729
4915511882672
4915510626889
4915510313503
4915510868623
4915511227475
4915511812961
4915511692931
4915510319304
4915511804013
4915510228895
4915511790921
4915511119350
4915510997414
4915511142323
4915511398578
4915510120425
4915511954659
4915511505936
4915511525338
4915511447274
4915511601650
4915510531177
4915510824713
4915510322584
4915510743895
4915511738746
4915511844726
4915511220675
4915510817933
4915510249786
4915510848511
4915511688177
4915510697246
4915510836963
4915510015501
4915510588105
4915510271431
4915511746885
4915510835982
4915510282548
4915510664143
4915511093712
4915511499029
4915510472100
4915511376939
4915510839718
4915511788049
4915510522749
4915511212736
4915510163190
4915510649321
4915510891756
4915510836738
4915510828216
4915510264579
4915511760578
4915511595933
4915510692702
4915511490316
4915510831486
4915510013173
4915510796433
4915510657870
4915510218620
4915510731133
4915511943531
4915511731808
4915511228199
4915511316574
4915510454223
4915510865923
4915510293629
4915511032143
4915511249793
4915511363752
4915511890047
4915510208581
4915510755306
4915510992680
4915510510875
4915510759008
4915511515478
4915510232518
4915511314038
4915510904663
4915510238586
4915511430893
4915511376234
4915511492513
4915511787192
4915510854684
4915510441230
4915511492315
4915511470101
4915510801070
4915510933740
4915510419516
4915510663196
4915511117167
4915510204561
4915511640560
4915511871699
4915511966180
4915511732420
4915510253372
4915511233928
4915511939686
4915510054671
4915510050693
4915510736802
4915510558799
4915510669658
4915510687783
4915511068123
4915511464525
4915510591556
4915510728798
4915511632449
4915511278399
4915511923566
4915510395754
4915510156444
4915510205231
4915511149659
4915511589077
4915510844944
4915511056376
4915511722984
4915511809075
4915510221802
4915510445026
4915510046482
4915511650361
4915511484962
4915510150074
4915510135683
4915511437671
4915511959800
4915511918579
4915510217999
4915511722063
4915511309844
4915510090987
4915511820291
4915511351080
4915511285499
4915510823699
4915510452189
4915510763821
4915511875432
4915511857245
4915511011482
4915511607940
4915510184337
4915511386778
4915511342306
4915510347709
4915510237603
4915510246283
4915510471671
4915511930892
4915511240788
4915511305347
4915510596442
4915511421148
4915511885515
4915511013735
4915510399729
4915510311019
4915510317649
4915510400507
4915510018855
4915511937333
4915511457610
4915511705146
4915510553246
4915511471190
4915511277111
4915510217765
4915510907286
4915510769788
4915511751276
4915510364860
4915511383768
4915511430208
4915510067413
4915511247539
4915510998613
4915511033758
4915511304052
4915511710327
4915511311018
4915510106871
4915510317753
4915510037202
4915510157480
4915511265184
4915510748024
4915511588280
4915510277744
4915511439156
4915511253431
4915511885079
4915511618520
4915511999935
4915510082175
4915511522758
4915511696220
4915511133018
4915510830884
4915510202879
4915511100035
4915510705178
4915511488511
4915511173594
4915511783514
4915511630957
4915510239482
4915510754708
4915511800414
4915510505653
4915511028459
4915511700507
4915511036278
4915511174456
4915511621840
4915511619092
4915511651898
4915511187919
4915511063923
4915510349459
4915511950421
4915511851262
4915510390530
4915510994363
4915511578403
4915510297188
4915511853918
4915510404334
4915511502187
4915511835852
4915511264983
4915511792419
4915511210733
4915511738937
4915510539270
4915510680412
4915510641288
4915510588306
4915511115938
4915511418506
4915511589706
4915510797142
4915511736013
4915510441826
4915511680793
4915510284293
4915510922286
4915511714531
4915510394488
4915511513469
4915511054385
4915511421548
4915510104135
4915511197309
4915511870150
4915511094859
4915510064142
4915511600990
4915510819594
4915511808142
4915510214496
4915510626634
4915510563847
4915510321065
4915510396737
4915510559726
4915510620053
4915510692835
4915510839298
4915511395183
4915511726614
4915510364241
4915510627698
4915511678308
4915510524681
4915510094428
4915511526876
4915510814494
4915510975071
4915510819256
4915510652439
4915510440302
4915510970054
4915510144758
4915511868044
4915510261875
4915510239960
4915511782524
4915511000947
4915511024549
4915510407037
4915511873761
4915510393372
4915510254742
4915510872070
4915511083082
4915511402406
4915510619842
4915511752059
4915510259989
4915510076399
4915510246628
4915510829210
4915511197878
4915510468201
4915510124000
4915511598273
4915510086099
4915511543210
4915510726783
4915511567176
4915510613988
4915510345749
4915511861594
4915511897487
4915510590731
4915511518359
4915510859138
4915511507541
4915511544225
4915510573199
4915510935516
4915510417557
4915511856915
4915511865914
4915510648422
4915510263683
4915510723349
4915510841315
4915510508503
4915511581199
4915510482860
4915510721093
4915511402824
4915510793880
4915511991415
4915511958362
4915511049044
4915510673281
4915511549497
4915511855486
4915510981640
4915510244449
4915511051529
4915511257744
4915511809380
4915510954044
4915510438925
4915510011928
4915510901649
4915511305798
4915510545862
4915510141103
4915511348408
4915511282561
4915510422808
4915511065382
4915510966661
4915511597012
4915511060644
4915510276514
4915511041712
4915510715142
4915511743503
4915510147411
4915511174084
4915511450735
4915510704391
4915511013744
4915511649455
4915510739182
4915511570469
4915511894164
4915511088341
4915511197829
4915510678835
4915511040259
4915511161907
4915511804058
4915510284054
4915510492470
4915510979430
4915510462134
4915510576814
4915510658001
4915511567613
4915511080404
4915510606794
4915511235691
4915510158112
4915511249014
4915510206804
4915510595457
4915511034917
4915511969111
4915510092119
4915511117658
4915511096988
4915510489714
4915511466303
4915511336093
4915511354582
4915511653128
4915510844173
4915511428387
4915511314931
4915510847472
4915511926711
4915511894997
4915510108022
4915511187521
4915511781207
4915510942313
4915510941781
4915510354970
4915510374272
4915510575432
4915510242858
4915510952646
4915510854890
4915511017516
4915510885552
4915511683851
4915511067640
4915510279726
4915510297260
4915510770920
4915510566602
4915510765248
4915511360481
4915510614460
4915511788998
4915510154431
4915511783745
4915510555600
4915511503987
4915510340188
4915511454156
4915511883339
4915510047531
4915511747410
4915511260965
4915510328113
4915511982203
4915511606780
4915511254418
4915511190427
4915511071676
4915511509247
4915510973873
4915510773833
4915510343864
4915510937792
4915510771752
4915511352504
4915510915873
4915511771256
4915510723184
4915511172056
4915510722961
4915511709126
4915511114030
4915510054702
4915511851658
4915511211218
4915510176819
4915510849735
4915510756722
4915510912264
4915510678505
4915510451278
4915510040741
4915511006226
4915511871134
4915510296636
4915511253759
4915510712237
4915511392413
4915511499474
4915510151215
4915510959072
4915510882782
4915510156328
4915511324563
4915511027263
4915511473480
4915511572487
4915510815713
4915511372769
4915510921202
4915510032691
4915510389061
4915511627511
4915511477578
4915510239215
4915510173644
4915510771002
4915511904833
4915510274300
4915510453689
4915510947729
4915511911228
4915510801829
4915511564756
4915510115711
4915511566841
4915511219114
4915511062692
4915510131220
4915511018205
4915510601863
4915511302704
4915511426075
4915511642259
4915511535282
4915511789609
4915510221173
4915511347620
4915510214645
4915510409871
4915511314400
4915510352704
4915510800084
4915511518054
4915510927736
4915511176122
4915510194551
4915510294848
4915510362011
4915511585131
4915510555704
4915510630930
4915510443959
4915510831061
4915510578466
4915510468325
4915510950753
4915510358243
4915511218350
4915510681497
4915510111866
4915510511025
4915510624800
4915510833543
4915511486808
4915511115717
4915510230042
4915510635523
4915511459549
4915510627322
4915511448179
4915510165394
4915511637200
4915511522971
4915510232620
4915510025329
4915510144097
4915511068149
4915511607104
4915510146030
4915511323639
4915510554413
4915511906721
4915511488585
4915511005594
4915510211775
4915511572646
4915510488658
4915510280684
4915510195946
4915510425583
4915511175239
4915510859342
4915510884091
4915510807906
4915510739042
4915510677450
4915510314308
4915511265094
4915511079985
4915511783705
4915510674574
4915510991224
4915511073732
4915511560316
4915510076200
4915511646917
4915510964692
4915511289094
4915511156884
4915511957580
4915510806042
4915510695988
4915510254902
4915511920789
4915510498593
4915511546832
4915511670748
4915510137107
4915510212233
4915510525702
4915510558549
4915510847603
4915511587799
4915511854294
4915511257646
4915511854664
4915510885888
4915511526436
4915511887136
4915511501769
4915511804160
4915510465403
4915510605200
4915510656642
4915511526330
4915511367028
4915510870041
4915510137615
4915510773709
4915511090478
4915510495600
4915510185672
4915510139799
4915511734140
4915511606252
4915510777486
4915510103726
4915511212777
4915510353717
4915511074046
4915510411119
4915511712378
4915511234488
4915510998811
4915511185477
4915511684941
4915511896876
4915510832617
4915510006685
4915511767062
4915510383917
4915511208043
4915510623792
4915510221114
4915511995056
4915510135213
4915511451425
4915511472834
4915511213392
4915511408810
4915511279277
4915511781284
4915510046542
4915510668661
4915511184738
4915511020087
4915511440661
4915510844338
4915511933097
4915510613642
4915511903710
4915510043066
4915510683934
4915511209977
4915511168252
4915510587954
4915510620679
4915511360884
4915511489566
4915510283693
4915510189562
4915510628643
4915511201780
4915510196445
4915511952132
4915510813230
4915511827898
4915511969576
4915510963712
4915510506713
4915510406412
4915511242626
4915510188139
4915510595354
4915510694721
4915511126381
4915511645063
4915511809900
4915510889623
4915510586199
4915511792619
4915510022951
4915511278021
4915510130435
4915511301723
4915510634823
4915511889542
4915511379609
4915510231344
4915511177877
4915510989588
4915510199862
4915510456056
4915510902871
4915510006370
4915510925489
4915511176183
4915510360422
4915511092594
4915510668439
4915510924239
4915511058336
4915511086554
4915511369959
4915511065701
4915510767581
4915510247791
4915510367592
4915511096681
4915510389160
4915510341886
4915510296252
4915510611734
4915510207456
4915511537459
4915510970189
4915511953367
4915510853180
4915511916082
4915511544507
4915510968523
4915510434418
4915511596925
4915510180001
4915510461150
4915510944768
4915511107100
4915511257334
4915510231579
4915511941190
4915511029794
4915511445744
4915511319235
4915510885461
4915510627858
4915510464250
4915510875068
4915511292843
4915511089187
4915511429230
4915511516842
4915510473812
4915510063037
4915510180377
4915511060013
4915510938111
4915510203315
4915510069934
4915511799624
4915511438013
4915511152901
4915510473335
4915511439513
4915511642718
4915511227893
4915511907984
4915510217528
4915510710077
4915511427697
4915510557633
4915511837605
4915511461589
4915511184806
4915511599944
4915510528913
4915511709560
4915511561306
4915511252180
4915511932946
4915511111616
4915511019573
4915510592874
4915510206169
4915511228434
4915510078031
4915510654885
4915511496514
4915511792944
4915511068001
4915511811124
4915511834278
4915511133809
4915511007819
4915511562394
4915511689901
4915511634778
4915510918048
4915510752193
4915510716952
4915511465312
4915510532848
4915511881188
4915510478736
4915511166981
4915511319034
4915510603940
4915511225668
4915510045187
4915511483568
4915511936298
4915511121963
4915510245675
4915511247442
4915510152299
4915510463781
4915510141802
4915510958814
4915511574529
4915510572075
4915510563216
4915511046962
4915511758499
4915510812674
4915511829172
4915510806031
4915510504745
4915511823909
4915510781590
4915511081174
4915510389346
4915510155272
4915510939899
4915510224109
4915510505857
4915511557826
4915511562596
4915511520359
4915510281916
4915511494209
4915511457675
4915510942901
4915510815138
4915511360461
4915510367907
4915511334194
4915510574189
4915510841555
4915511578883
4915511912322
4915511165611
4915511419180
4915511905701
4915511775332
4915510457887
4915511316948
4915511563513
4915511491101
4915511842408
4915510132138
4915511860012
4915511092109
4915510196043
4915511990504
4915510485030
4915511287314
4915510761220
4915510348287
4915511550079
4915511943476
4915511917234
4915511655186
4915511022192
4915511825102
4915510608962
4915511138247
4915511276310
4915510178348
4915511813423
4915511733351
4915510387386
4915510539684
4915511175976
4915511526314
4915510847285
4915511047847
4915510275469
4915510087580
4915511223247
4915510446842
4915511811797
4915511885371
4915510186966
4915510810166
4915511490911
4915511521759
4915511047772
4915510136288
4915510883602
4915511878480
4915510447885
4915511654960
4915510402094
4915511808406
4915511697915
4915510965630
4915511110991
4915510789429
4915511793510
4915510996233
4915510280182
4915511834122
4915510732214
4915510071877
4915511828993
4915510510789
4915511206892
4915511944035
4915510969873
4915511192423
4915511697226
4915511216437
4915511931373
4915511742608
4915511662346
4915510762408
4915511506537
4915511993195
4915511604008
4915510530227
4915511514596
4915510696930
4915511403707
4915511824860
4915511953789
4915511979643
4915510511266
4915510768355
4915510272697
4915510160620
4915511652976
4915511057003
4915510446594
4915511129498
4915510368188
4915510178714
4915511119352
4915510521182
4915511221845
4915510868017
4915510688019
4915511069161
4915511316186
4915511006885
4915510837445
4915511041239
4915511746829
4915510349808
4915511262956
4915511955515
4915510697418
4915510957994
4915510847542
4915510644548
4915511457823
4915511034711
4915510434974
4915511586334
4915510288328
4915511232776
4915510836735
4915510356842
4915511845519
4915510480089
4915510668207
4915510068536
4915510278172
4915511409775
4915510954416
4915510597151
4915511296687
4915511161600
4915510676471
4915510177867
4915511019018
4915511467114
4915511361170
4915511141211
4915511370085
4915511248948
4915511889222
4915510394527
4915510455850
4915510114669
4915511849539
4915511381732
4915510175148
4915510682185
4915510456313
4915511480813
4915510651115
4915510520089
4915510839458
4915511903238
4915510481218
4915510063366
4915510249344
4915510990678
4915510491017
4915510428589
4915510292506
4915511610596
4915510165285
4915510988023
4915511030622
4915511072662
4915511553066
4915511020172
4915511534100
4915511016951
4915511799629
4915510498421
4915511289015
4915510667466
4915511529289
4915510757961
4915511346811
4915510753515
4915510113342
4915511029934
4915510956829
4915510966665
4915511023225
4915510869381
4915511053923
4915511393623
4915510598464
4915511446125
4915511243003
4915510711363
4915511381378
4915511949339
4915511839216
4915510223501
4915511338366
4915510263793
4915511807506
4915511088916
4915510626850
4915510549591
4915511597011
4915510218785
4915510193063
4915511018205
4915510846626
4915510832925
4915511749318
4915510012629
4915510156783
4915511252094
4915510356253
4915510345738
4915510823311
4915510951552
4915510149127
4915511962002
4915511375741
4915511471211
4915511105135
4915510563189
4915510352103
4915511722790
4915511404827
4915511551567
4915511603021
4915510102669
4915510502533
4915511191101
4915511427532
4915510573761
4915511501709
4915510856051
4915511562483
4915511327118
4915510549158
4915510604523
4915511662876
4915510036187
4915510269011
4915511776878
4915511827965
4915510882624
4915511031998
4915510793864
4915511753997
4915510000778
4915511968071
4915511512995
4915510284292
4915510785702
4915511250525
4915510943347
4915510859242
4915510349846
4915510568999
4915510067188
4915510944880
4915511220928
4915511863393
4915511595364
4915510253087
4915511991884
4915510839355
4915511611830
4915510782082
4915510077598
4915510234157
4915510446078
4915510731400
4915511903864
4915511860237
4915510673707
4915510910178
4915510380442
4915510082763
4915511734063
4915511647229
4915510547119
4915510464017
4915510082027
4915510156409
4915510775481
4915511379905
4915511542471
4915510122817
4915511965248
4915511112553
4915511130264
4915510272298
4915510753801
4915511559744
4915511312575
4915511970125
4915510050023
4915510038653
4915510368013
4915511615932
4915511131393
4915510545033
4915510451378
4915510950714
4915510403130
4915510084343
4915510800983
4915510751986
4915510910129
4915511555160
4915511153747
4915511523130
4915510445592
4915510590980
4915510825513
4915510368347
4915510968986
4915511715609
4915510256962
4915511565018
4915510237358
4915511651598
4915510805322
4915510410416
4915510120326
4915511858625
4915511536033
4915510273653
4915510180412
4915511921482
4915511479217
4915511717019
4915511003063
4915511413575
4915511225991
4915511371969
4915510180439
4915511799330
4915511087341
4915510615735
4915510895118
4915511175063
4915511840069
4915510093411
4915511900018
4915511954063
4915510850036
4915511263998
4915511203507
4915510890417
4915511740344
4915510235683
4915510541171
4915511043515
4915510307546
4915510381377
4915510306948
4915511806893
4915510436048
4915510952643
4915511418001
4915510123003
4915511513452
4915510634193
4915510918439
4915511162799
4915511119720
4915511868350
4915511525617
4915510963106
4915510879598
4915511544031
4915510571768
4915510558512
4915510194603
4915511922065
4915510879969
4915510930525
4915510915620
4915511474154
4915511144127
4915510309191
4915511959967
4915510728448
4915511090781
4915510364361
4915511103400
4915510266277
4915511510929
4915510299251
4915511622521
4915511288331
4915510937455
4915511586969
4915511890028
4915510415293
4915511200706
4915511572395
4915510176736
4915510606676
4915511468933
4915511727495
4915511579150
4915511208690
4915510087354
4915511659866
4915511405222
4915510328167
4915511993900
4915510129327
4915510055090
4915511700825
4915511990871
4915511606021
4915510142713
4915511957283
4915511520327
4915511502017
4915511174425
4915511182608
4915511070200
4915511916230
4915511163789
4915511930601
4915510760635
4915511322001
4915511878372
4915510149459
4915511247848
4915511378017
4915511272927
4915511150824
4915510634974
4915510471807
4915510146900
4915511092695
4915511304195
4915510818444
4915511986778
4915511525074
4915511241447
4915511078277
4915510104550
4915511238595
4915511622056
4915511714897
4915511988096
4915511898879
4915510518105
4915511455610
4915510210619
4915510482635
4915510401389
4915510028617
4915510994122
4915510860929
4915510557465
4915511337761
4915510045169
4915511959982
4915510245592
4915510698884
4915510842353
4915510555127
4915510594862
4915511927118
4915510412036
4915511201407
4915510214275
4915510883940
4915510794597
4915510672117
4915510600938
4915510695041
4915510790322
4915511766230
4915510241290
4915510532940
4915511679407
4915511041050
4915511067310
4915510058443
4915511431725
4915510634173
4915511002402
4915511653639
4915510749909
4915511214407
4915511965168
4915511896103
4915511297983
4915510832639
4915511687713
4915511679779
4915511936830
4915511277100
4915510457364
4915511720485
4915511309656
4915510831747
4915510614100
4915511392188
4915511922701
4915511463930
4915510752113
4915510008643
4915510238587
4915510104984
4915511303326
4915510918028
4915511065623
4915510254707
4915510609092
4915511852436
4915510147935
4915511461254
4915510632369
4915511476933
4915511323542
4915511818246
4915510143045
4915510286324
4915510788969
4915511884539
4915510012516
4915510159598
4915511970651
4915511107465
4915511717454
4915510308881
4915510404826
4915511870078
4915511749746
4915511240868
4915510821280
4915510622109
4915511261193
4915510795681
4915510877441
4915510837684
4915510231931
4915510609271
4915510633286
4915511035406
4915510662777
4915511476277
4915510765416
4915511756762
4915510560634
4915511778699
4915511918630
4915511167862
4915510144624
4915511689740
4915510951184
4915510262035
4915511944771
4915510021945
4915511542346
4915511038940
4915511601427
4915510274605
4915510477797
4915511049719
4915511634227
4915511256543
4915510722004
4915511901171
4915511614249
4915510580482
4915511341843
4915510959914
4915511831439
4915510266854
4915511097741
4915510399954
4915510933923
4915510355965
4915511529238
4915511366663
4915511676355
4915510069777
4915511257881
4915511801700
4915510041567
4915511875277
4915511812605
4915511441675
4915510177067
4915510957263
4915510774863
4915510611946
4915511075866
4915511949996
4915511969802
4915510231265
4915511293571
4915510098687
4915510046774
4915511266577
4915510537505
4915510166693
4915511418116
4915510500050
4915510250329
4915510810068
4915511742377
4915511657954
4915510204330
4915511969835
4915510986570
4915511853116
4915511880007
4915511197375
4915510259695
4915511296716
4915511097265
4915511929521
4915511944532
4915510403777
4915510023768
4915511006524
4915511360189
4915511745058
4915511514970
4915510348053
4915510488766
4915510408994
4915510881407
4915511079781
4915510707819
4915510062192
4915511107233
4915511482128
4915511451606
4915511812271
4915511761240
4915511071855
4915510474823
4915511409140
4915510022555
4915511200381
4915511605997
4915511011593
4915511781235
4915510906570
4915510987751
4915511318553
4915511734510
4915511711990
4915510975622
4915511534605
4915510965765
4915510573885
4915511273681
4915510795774
4915510645263
4915510489133
4915511441309
4915510739776
4915510848822
4915510615306
4915511071084
4915510560392
4915511056440
4915511206549
4915510329837
4915511009087
4915510600166
4915511321440
4915510948860
4915511330494
4915510603670
4915511685699
4915510814934
4915510324133
4915511135763
4915511812468
4915511213761
4915511892416
4915510470547
4915510946245
4915510222141
4915510137611
4915511735683
4915510995726
4915510821110
4915511828436
4915511534472
4915511238744
4915510476402
4915511270192
4915510052857
4915511721731
4915511854137
4915510223251
4915510237823
4915510577507
4915511283431
4915510006967
4915511181677
4915511409995
4915511392279
4915510025058
4915511446337
4915511024852
4915510290108
4915511651056
4915511954695
4915511362491
4915510558715
4915510662828
4915510732603
4915511295303
4915511460626
4915511232271
4915510414713
4915511925259
4915511474131
4915511059512
4915510046902
4915510016035
4915511370125
4915511702537
4915511665863
4915511383607
4915510852138
4915510881583
4915510974991
4915511462696
4915511954236
4915511762971
4915510694269
4915510997256
4915510705855
4915511282570
4915511774370
4915511762179
4915511654126
4915511040604
4915511761019
4915510211951
4915511112006
4915510160993
4915510061789
4915511153096
4915510215786
4915510856597
4915510630529
4915511421806
4915511430244
4915511603058
4915510493564
4915510838462
4915511945911
4915511585215
4915510284926
4915511853663
4915511286204
4915511025133
4915511036104
4915510658869
4915510221199
4915511528704
4915511537836
4915511351106
4915511069290
4915510664683
4915511633884
4915511805655
4915511691550
4915511353106
4915511582380
4915510385508
4915510387744
4915511693577
4915510060356
4915510864315
4915511302634
4915511954217
4915511499432
4915510511478
4915511809919
4915511906589
4915511772670
4915511450111
4915510436216
4915510953329
4915511471970
4915510705772
4915510422090
4915510869079
4915510486217
4915511792647
4915511011547
4915510209264
4915511805135
4915510638897
4915511774561
4915510579028
4915510541285
4915510358269
4915511467679
4915511435605
4915511429899
4915510622838
4915510421511
4915510587585
4915510081043
4915510161764
4915511747639
4915510544366
4915510499006
4915510782858
4915510378302
4915511483945
4915510770111
4915510253161
4915510809399
4915511179926
4915510536864
4915510262428
4915510307223
4915511029679
4915510568294
4915510449080
4915510279358
4915511543942
4915511225151
4915510122314
4915511951265
4915511565736
4915511343007
4915511573733
4915511969334
4915510569243
4915511065559
4915510359482
4915511612887
4915511018086
4915510586664
4915511748688
4915510725884
4915511553125
4915511356903
4915510271712
4915511054373
4915511501223
4915510681990
4915510718783
4915510321449
4915511332965
4915511399113
4915511969616
4915511785793
4915510671948
4915511464813
4915511485850
4915511178682
4915511949595
4915510800410
4915511825704
4915511681101
4915510777144
4915511813478
4915511661015
4915511505782
4915510914516
4915510913828
4915511869511
4915511888748
4915511173215
4915511540404
4915510941626
4915511200219
4915510795282
4915511765200
4915510521085
4915511774699
4915510770972
4915511323625
4915511595680
4915511254714
4915511923713
4915511572001
4915511846881
4915510760536
4915510046584
4915511438071
4915511888096
4915511158255
4915510787050
4915511958451
4915510290464
4915511354826
4915511561941
4915511187500
4915510382600
4915511568190
4915511217999
4915510964496
4915510850462
4915511871860
4915510469197
4915510295404
4915510909081
4915511752754
4915510485855
4915511009380
4915510331618
4915511567181
4915510127366
4915510894117
4915510121098
4915510528944
4915510837197
4915510319782
4915511013820
4915511672124
4915511824631
4915510597207
4915510653822
4915510605101
4915511375976
4915510598568
4915511057642
4915510641460
4915510330240
4915511848747
4915511495525
4915511825082
4915511079005
4915510037065
4915511889168
4915510999706
4915510744328
4915511252279
4915511000961
4915511379560
4915511082790
4915510378355
4915510923920
4915510494789
4915510136545
4915510064323
4915511399947
4915510223092
4915511568605
4915510822774
4915511413912
4915510476201
4915511612243
4915510508897
4915511723992
4915511632976
4915511224948
4915511219825
4915511204799
4915511163569
4915511957714
4915510349163
4915510604875
4915511108566
4915510397043
4915511268104
4915511306091
4915511011754
4915510248754
4915510844585
4915511974033
4915511741955
4915511934369
4915510469956
4915511936083
4915510604467
4915511981773
4915510345940
4915510775995
4915511829037
4915511159763
4915511307076
4915510947063
4915511605208
4915511442031
4915511136986
4915511875268
4915511636422
4915510825358
4915511177672
4915510509395
4915511971054
4915510637160
4915511312108
4915511520346
4915511609972
4915511300580
4915510032679
4915511988485
4915511445031
4915511190112
4915510204416
4915510165441
4915511274226
4915510400017
4915511915553
4915510705982
4915510465956
4915511751185
4915511361957
4915511857197
4915511434033
4915511876583
4915510611902
4915511909964
4915511342704
4915510329372
4915510751738
4915510578657
4915510586329
4915510119393
4915510156281
4915510276637
4915510507557
4915511515929
4915510131800
4915510761622
4915510522324
4915511787986
4915511266036
4915510503391
4915510665491
4915510257453
4915510491956
4915511150019
4915510977885
4915510368657
4915511170668
4915510092504
4915511991812
4915511062496
4915511155314
4915511423328
4915511095812
4915511218744
4915510584769
4915510370702
4915510349852
4915510054175
4915510257740
4915511745376
4915510867823
4915510173759
4915510906918
4915511429752
4915511988668
4915510827985
4915510996482
4915511238531
4915511300433
4915510454445
4915511199382
4915511734403
4915511409001
4915511367063
4915511423870
4915510169846
4915511501970
4915510535314
4915511258279
4915510815048
4915510744374
4915511999469
4915511029635
4915510791657
4915511758901
4915510041109
4915511273392
4915510964135
4915510240677
4915510804401
4915510696998
4915510450943
4915511459635
4915511369265
4915511882209
4915511297112
4915510604932
4915511779339
4915511708861
4915511753547
4915510282191
4915511032040
4915510819988
4915510362320
4915510927183
4915511926425
4915511401176
4915511012833
4915511718210
4915510916120
4915510246144
4915510320662
4915511857553
4915510429900
4915510769343
4915511691414
4915511866296
4915511520112
4915510622715
4915511803557
4915510241950
4915510638031
4915511501853
4915511257112
4915511982577
4915511989486
4915511100467
4915510339107
4915510495196
4915510098044
4915511844494
4915511584475
4915511696372
4915510424592
4915510181505
4915511990935
4915511937404
4915510269559
4915510924250
4915510286783
4915511785475
4915511610113
4915511645173
4915511388314
4915511710563
4915510097707
4915510337038
4915511877804
4915511350602
4915511835952
4915510754925
4915510910574
4915510182873
4915511045608
4915511648712
4915510111329
4915510383434
4915510717320
4915510385077
4915511451921
4915511948314
4915511061473
4915511534801
4915511917470
4915511732122
4915511097651
4915511658090
4915511115771
4915511370555
4915511437681
4915511677993
4915511653293
4915511769042
4915510355668
4915510796198
4915511328789
4915510484648
4915510087986
4915511830847
4915510667595
4915510050682
4915511596602
4915510196785
4915510526371
4915510643069
4915511915004
4915510629472
4915511756320
4915510315657
4915510720392
4915510428715
4915511628511
4915511752383
4915511109477
4915511078993
4915511493014
4915510860611
4915511113356
4915510367951
4915510851144
4915510542729
4915511807408
4915511648820
4915511615848
4915511642441
4915511877839
4915511594234
4915510011258
4915511832517
4915511679636
4915510664165
4915510104298
4915511948513
4915510333186
4915510424683
4915510546946
4915511983006
4915510112363
4915510114367
4915510186114
4915510236747
4915510955887
4915511402929
4915510815154
4915510171237
4915511532929
4915510481846
4915511657238
4915510511912
4915511777020
4915511617539
4915511949807
4915511154087
4915511014357
4915510468581
4915510486782
4915511702081
4915510107055
4915510942440
4915511020584
4915510806759
4915511402255
4915511162903
4915511784799
4915511448417
4915511294474
4915511362789
4915510080082
4915510377158
4915510715488
4915511717913
4915510396210
4915510812480
4915511212347
4915511005467
4915511285196
4915511753441
4915511839055
4915511786010
4915510785131
4915511622549
4915510721364
4915511500647
4915511123011
4915511557650
4915510444850
4915511830257
4915510068533
4915510417912
4915510112543
4915511834168
4915510809135
4915511180494
4915511115827
4915510936797
4915510207209
4915510575541
4915510020616
4915510441903
4915511348912
4915510961162
4915511515080
4915511799404
4915510932265
4915511904682
4915511447583
4915510795360
4915510702250
4915510188186
4915511980389
4915511967780
4915511464105
4915511695796
4915511483887
4915510103419
4915510852318
4915511955666
4915511967374
4915510031614
4915511106147
4915510432376
4915511111370
4915511354751
4915511657236
4915510136524
4915511417148
4915510870812
4915511306365
4915510104774
4915510806144
4915511027802
4915510875453
4915510877656
4915510558355
4915511858217
4915510374407
4915510562551
4915510905185
4915510517572
4915510517896
4915511134819
4915511239224
4915511646483
4915510001114
4915510431937
4915510598209
4915510720505
4915511225729
4915511091844
4915510734813
4915510394819
4915511971817
4915511124573
4915511155115
4915510234633
4915511635843
4915511809538
4915511632718
4915511966096
4915511920234
4915510303189
4915510561352
4915511307091
4915511909443
4915510757348
4915511023546
4915510359177
4915511385922
4915511363508
4915511013176
4915511909800
4915510350335
4915510467185
4915510146495
4915511546057
4915511920716
4915511014752
4915510975187
4915510187166
4915510048596
4915511072989
4915511068254
4915510330413
4915511742029
4915510762608
4915511846863
4915511227452
4915510032381
4915510871215
4915511829669
4915511167238
4915511614829
4915511083409
4915511879186
4915511644360
4915510982935
4915510533026
4915511218614
4915511457613
4915510858297
4915511971830
4915510554264
4915511967192
4915511196049
4915510940302
4915510672891
4915511805733
4915511524121
4915511810430
4915510797833
4915510884439
4915511606439
4915510857258
4915510199132
4915510901373
4915510591079
4915510203981
4915511438874
4915511308294
4915510924036
4915511184361
4915511426329
4915510930844
4915510187813
4915511137769
4915511236235
4915511499797
4915510822360
4915510431048
4915511587072
4915511910693
4915510238813
4915511182303
4915511761348
4915510372975
4915511131721
4915510011614
4915511132697
4915510044446
4915510513605
4915510803633
4915511362796
4915511541809
4915510005334
4915511470580
4915510306498
4915511391417
4915511934691
4915510534958
4915510067143
4915510263117
4915511542898
4915511086361
4915510962936
4915510208066
4915511401715
4915511408511
4915510394307
4915511695663
4915511359462
4915511412911
4915510720604
4915511735804
4915510220682
4915511070824
4915510025006
4915510880262
4915510806473
4915510080039
4915510576105
4915510853067
4915511610083
4915510272613
4915511753651
4915511007243
4915510781781
4915510863031
4915510580336
4915510758583
4915511288697
4915511717030
4915511780055
4915511927514
4915511932999
4915511412609
4915511471534
4915510644111
4915510158645
4915511329164
4915510912320
4915511506019
4915510348143
4915511095686
4915510137796
4915510424407
4915511267582
4915511105358
4915510356606
4915511906242
4915511304305
4915511756264
4915511865296
4915510444767
4915510965226
4915510796222
4915511422665
4915510257818
4915511194457
4915510035156
4915510600291
4915510629822
4915511218354
4915511983507
4915510781536
4915510004538
4915511170968
4915511463903
4915511864324
4915511157427
4915510915503
4915510118570
4915511857097
4915511857107
4915511552430
4915510484301
4915510156734
4915510563713
4915510378361
4915511352675
4915511848863
4915510490452
4915511614715
4915510338413
4915510300539
4915510937551
4915511013375
4915510104763
4915510185580
4915510617405
4915510693994
4915511598702
4915510786054
4915510693520
4915511924122
4915510920568
4915511656064
4915510135927
4915510118406
4915510392358
4915510619868
4915511141393
4915511161375
4915510613001
4915511095822
4915510789496
4915510785308
4915510109518
4915510250880
4915510648888
4915511860771
4915510188336
4915510823113
4915511114229
4915510434214
4915511418354
4915510728565
4915510578296
4915510781198
4915511557495
4915511684914
4915510813839
4915510913980
4915510867358
4915510783468
4915511822389
4915510814988
4915510887470
4915510999687
4915510162044
4915511529148
4915511986126
4915511980359
4915510024857
4915511742291
4915510862706
4915510645049
4915511663631
4915511790872
4915510391348
4915511760740
4915511063827
4915511139450
4915511384360
4915510754725
4915511457990
4915511730986
4915510394643
4915510759065
4915511823789
4915511405362
4915511804593
4915511795462
4915511083931
4915511414209
4915510597580
4915510577092
4915511394450
4915510902651
4915511771444
4915510409536
4915510734949
4915510440122
4915511726981
4915511690906
4915510929102
4915510233742
4915511256381
4915510862817
4915510695580
4915511852294
4915511748083
4915510374960
4915511437549
4915510149867
4915510757812
4915511744330
4915510280398
4915510981208
4915511583804
4915510946573
4915510484381
4915511574813
4915511103133
4915511928049
4915510082786
4915510452758
4915510919788
4915511339467
4915510333875
4915510053866
4915511476957
4915510177822
4915511254689
4915511123401
4915510307047
4915511930936
4915510497530
4915510539813
4915510868151
4915511160788
4915511249349
4915511774043
4915511728068
4915510648798
4915511504959
4915510601150
4915511626784
4915511856639
4915511187152
4915510150264
4915511033924
4915511691038
4915510346476
4915511062624
4915510786745
4915510080680
4915511156575
4915510214240
4915510266288
4915511445264
4915511063745
4915511505445
4915511182561
4915511859044
4915510498966
4915510371911
4915510809633
4915511147836
4915511315953
4915510199414
4915510959293
4915511196329
4915510688408
4915510173897
4915510638024
4915511289242
4915511265391
4915510661883
4915510179715
4915511429784
4915510398293
4915511154002
4915510114773
4915510614056
4915510004764
4915510870341
4915510761356
4915510405919
4915511422035
4915511236448
4915510422719
4915510010292
4915511780583
4915510608576
4915510163286
4915511661253
4915510419514
4915510691205
4915510023740
4915511550786
4915510552030
4915511236052
4915511280473
4915511722703
4915510500836
4915510953823
4915510860436
4915510016484
4915510227977
4915511708547
4915511370933
4915511669843
4915511360443
4915510892874
4915511317180
4915510532380
4915511994538
4915510968127
4915510150949
4915511987802
4915511265126
4915511016578
4915510470892
4915510999962
4915511481129
4915511724285
4915510731716
4915510096075
4915511548739
4915511678123
4915511274201
4915510890494
4915510679837
4915511113517
4915511723616
4915511910069
4915511923943
4915511017884
4915510720670
4915511356391
4915511300717
4915511586702
4915510574114
4915511065730
4915510452876
4915511930379
4915510626013
4915510560660
4915510785348
4915511189848
4915511355906
4915510079074
4915510928446
4915510264416
4915510628557
4915510158043
4915511009782
4915510127148
4915510178289
4915511450202
4915510386109
4915510744460
4915510798581
4915511508110
4915510692618
4915511143021
4915510983325
4915510544659
4915510707024
4915511506978
4915510432235
4915511454758
4915511978881
4915511901751
4915510163926
4915510523504
4915511182760
4915511292835
4915510703937
4915510288390
4915511770170
4915510675176
4915511498737
4915511892527
4915510222860
4915510983006
4915511973911
4915510353264
4915510733073
4915510640625
4915510897402
4915511366596
4915511749193
4915510805723
4915511081499
4915511888309
4915511262658
4915511143348
4915511299941
4915510515391
4915511004300
4915510202343
4915511633222
4915510734852
4915510453932
4915510289057
4915510196049
4915511313023
4915510888434
4915510209193
4915510367617
4915510380332
4915511723282
4915511671580
4915510696523
4915511110299
4915510684536
4915511026495
4915511108953
4915510610834
4915511004854
4915510387401
4915510708904
4915510256750
4915510440905
4915510607555
4915510493310
4915510858214
4915510414888
4915510160168
4915511425230
4915511231286
4915511687412
4915511694932
4915511897818
4915511825959
4915511288093
4915510890190
4915510051303
4915510198998
4915510806763
4915511548594
4915511377813
4915510027509
4915511526943
4915510628052
4915510843035
4915510925960
4915510071392
4915511952165
4915511129546
4915511653232
4915510935168
4915510326306
4915510342877
4915511705687
4915510358944
4915511572070
4915511468334
4915511187209
4915511209432
4915510848220
4915511548864
4915510460304
4915511686471
4915510854397
4915510179622
4915511603679
4915511863607
4915510898405
4915511385575
4915511775876
4915511239970
4915511712841
4915511053254
4915510497393
4915511588321
4915511958663
4915511878883
4915511975705
4915511491987
4915511653120
4915510731123
4915510360002
4915510506644
4915510190024
4915511690951
4915511536274
4915511260150
4915510702907
4915511613535
4915510666230
4915510740279
4915511935540
4915511794248
4915510999578
4915510771166
4915511632053
4915510073168
4915510851686
4915510303641
4915510066823
4915511740884
4915511772705
4915511250424
4915511115945
4915510985535
4915510781673
4915510754793
4915511775811
4915510072456
4915510101817
4915510791039
4915511349750
4915511468827
4915511285728
4915511198991
4915511776019
4915510076947
4915511068865
4915510427967
4915510103564
4915510449161
4915510646487
4915510557459
4915511213600
4915510480143
4915510736639
4915511834969
4915511621707
4915511332071
4915511392922
4915511269782
4915511018220
4915510051871
4915511016253
4915511507854
4915511621092
4915511881222
4915510254254
4915510280634
4915510764590
4915511217238
4915511859121
4915510388537
4915511618127
4915511840630
4915510679962
4915511252659
4915511645780
4915511191658
4915510832600
4915510818146
4915511603675
4915511706726
4915510310406
4915510654755
4915510832037
4915510773331
4915510099113
4915510730167
4915510845963
4915511319090
4915510453897
4915510758998
4915510464342
4915511085497
4915510179541
4915511290741
4915510088215
4915511529364
4915510351726
4915510297035
4915511126782
4915510825895
4915511138615
4915510748853
4915511613481
4915510415487
4915511856686
4915510663574
4915511581742
4915510722249
4915510601455
4915511986660
4915511375131
4915510586561
4915510088215
4915510980870
4915510924348
4915511951173
4915510846701
4915511238146
4915511501035
4915510893788
4915511161758
4915511933654
4915510083952
4915510804595
4915511338040
4915511341136
4915510303282
4915511247173
4915510975329
4915510716337
4915510179396
4915511712204
4915510660192
4915510672961
4915511009465
4915511388817
4915510058642
4915511220531
4915511206762
4915511115838
4915511566276
4915510421206
4915511514908
4915511080066
4915511513221
4915510162915
4915510746692
4915511458935
4915510527171
4915511171137
4915510992640
4915510564966
4915510207506
4915511307731
4915510292353
4915510825642
4915511010330
4915510793942
4915511760305
4915510245143
4915511338758
4915511585387
4915510625543
4915510690637
4915511076844
4915510634516
4915510564020
4915511108926
4915510526494
4915511761543
4915510833601
4915510158370
4915510246781
4915510426893
4915511792047
4915510366144
4915510500518
4915511556002
4915510867128
4915510963331
4915511210430
4915511625002
4915511025102
4915511142763
4915511066506
4915511852382
4915510802320
4915510102782
4915511653393
4915510137119
4915511910621
4915511371203
4915511909560
4915511496800
4915510352821
4915510004145
4915510189380
4915510276807
4915510257945
4915511427241
4915511015073
4915511543921
4915511043415
4915510040767
4915510323933
4915511638860
4915511625805
4915511728649
4915511170611
4915510174471
4915510784088
4915511820717
4915511968239
4915511151992
4915510565939
4915511876989
4915511936954
4915510182833
4915510644007
4915510150346
4915511703958
4915510478793
4915511291136
4915510015811
4915510786652
4915510280943
4915510812886
4915511029624
4915510035348
4915510303042
4915511437873
4915511414554
4915510398978
4915510706132
4915511018976
4915511472065
4915511250219
4915510535535
4915510699601
4915510894070
4915511126657
4915511871091
4915511183314
4915510901711
4915511642480
4915510687358
4915510810048
4915510630444
4915510555421
4915511555403
4915510562519
4915510680645
4915510185468
4915511221154
4915510584669
4915511298865
4915510762548
4915510472032
4915511411236
4915510257082
4915511129838
4915511241515
4915511677074
4915511383113
4915511915990
4915510798120
4915511823411
4915511064895
4915510856864
4915511411874
4915511912617
4915510518812
4915511131188
4915510556045
4915510807861
4915511897673
4915511149729
4915511076476
4915510162705
4915511505306
4915510342424
4915510826492
4915511107715
4915511957165
4915510383344
4915511946566
4915511673898
4915511929838
4915510191678
4915510747146
4915510044262
4915511483211
4915511572130
4915511845644
4915510631005
4915510336751
4915511444804
4915510476743
4915510470858
4915510504053
4915510278524
4915510646563
4915511040022
4915511373924
4915511544904
4915511043809
4915510202956
4915511366502
4915511996774
4915510106373
4915511043182
4915511743943
4915511061319
4915511600284
4915510566379
4915511100237
4915511683093
4915510358563
4915511361479
4915510670088
4915511433054
4915510597864
4915510454492
4915510452387
4915511257002
4915510897540
4915510631452
4915510473999
4915510833927
4915510444381
4915511318270
4915511393509
4915510025834
4915510898291
4915510649148
4915511335871
4915510690044
4915511995705
4915510061728
4915511501132
4915511944507
4915510815680
4915510349261
4915511938463
4915511737918
4915511340583
4915511559612
4915511542742
4915511065114
4915510342052
4915511184061
4915511024376
4915510522762
4915510317489
4915511277468
4915511098867
4915511066312
4915510033375
4915510590791
4915511762007
4915511246373
4915510708545
4915511499574
4915511748974
4915511592851
4915511073990
4915511002711
4915510822204
4915511516721
4915511124194
4915511563879
4915511599416
4915511992024
4915510775947
4915510338721
4915511663093
4915511680503
4915510300947
4915510814343
4915510069609
4915510063360
4915511476137
4915510672310
4915511371748
4915511593873
4915510271112
4915511651746
4915511155955
4915511783386
4915511183740
4915511779732
4915511578124
4915511506239
4915511127182
4915510923303
4915511498611
4915511562456
4915511499608
4915511758827
4915510068057
4915511227765
4915510477434
4915510562078
4915510622862
4915511329757
4915511593653
4915511871520
4915511541098
4915511058333
4915510927471
4915511849454
4915511149737
4915510896652
4915510934487
4915510847644
4915511553065
4915510618083
4915510778339
4915511114916
4915511392953
4915510721789
4915510609641
4915510968336
4915510679966
4915510655279
4915510696706
4915511207459
4915511599721
4915511633977
4915510336983
4915511289916
4915511281390
4915511234625
4915511395981
4915511367519
4915511992905
4915510090341
4915511133338
4915511678363
4915510186927
4915510525159
4915511316159
4915511938100
4915510345932
4915511117620
4915511080542
4915510852750
4915511922827
4915510309976
4915510415455
4915510529638
4915510466689
4915510117304
4915510647121
4915511367139
4915511521867
4915510138910
4915511713339
4915511511863
4915510366071
4915510483599
4915510557634
4915511201079
4915511873903
4915510169103
4915511784662
4915510641550
4915511480949
4915511541578
4915510590058
4915510930260
4915511624176
4915510005251
4915511341967
4915510274646
4915510345354
4915511490775
4915510973781
4915511548443
4915510351283
4915510591828
4915510211756
4915511980728
4915510602965
4915511623553
4915510348521
4915511821213
4915510447992
4915510099153
4915511200627
4915510220424
4915511155653
4915510615770
4915510868463
4915511561991
4915511906030
4915511356034
4915510401816
4915510731287
4915510564457
4915510618009
4915511249342
4915511351961
4915510667393
4915511050979
4915510775258
4915511259442
4915510683514
4915511706975
4915510193244
4915510733711
4915510677559
4915511668217
4915511541868
4915511664197
4915511940983
4915510831764
4915510809171
4915511658183
4915511611799
4915510391473
4915510594538
4915511248334
4915511364151
4915511212730
4915511146485
4915510933571
4915510578003
4915511257438
4915510776950
4915511669274
4915510772162
4915510933037
4915511599407
4915510577955
4915511986037
4915511601708
4915510867664
4915510972270
4915510053188
4915510746230
4915511115265
4915511584564
4915510777143
4915510532976
4915511728958
4915510451882
4915510196259
4915510615571
4915510257344
4915511839136
4915510575142
4915511224982
4915511322404
4915510090385
4915510700243
4915510899551
4915510933199
4915510573443
4915510398133
4915511977664
4915510759423
4915511938344
4915510969694
4915510830486
4915511642545
4915510075568
4915511206532
4915510473189
4915510403530
4915510364875
4915511906011
4915511140159
4915510988958
4915510252636
4915510745980
4915511688589
4915510529517
4915511016124
4915511295130
4915510646013
4915510184345
4915511638718
4915511824685
4915510973204
4915511638320
4915510772998
4915510443400
4915511647097
4915511390532
4915511446107
4915510787139
4915510812985
4915511693647
4915510399052
4915510878450
4915510855995
4915510048582
4915511483635
4915510636360
4915511585601
4915511992745
4915510455510
4915510432414
4915511847385
4915511199706
4915511261849
4915511302277
4915510482784
4915510074639
4915511302968
4915510882471
4915511011033
4915510852299
4915510080352
4915510319102
4915511992397
4915510957432
4915510919509
4915511503284
4915511465975
4915511243860
4915511251919
4915511799282
4915511995417
4915511981997
4915511277266
4915511888722
4915510699511
4915511379746
4915510778245
4915510742369
4915511413913
4915511619733
4915510592631
4915510932550
4915511726488
4915511567212
4915510999183
4915510403791
4915511926810
4915511707459
4915510559994
4915510899483
4915511109535
4915510532629
4915510265821
4915510727480
4915510953313
4915511224694
4915510441127
4915510526798
4915510947881
4915511886333
4915511890400
4915511648066
4915510110431
4915511338214
4915510924125
4915510524040
4915511454567
4915510982343
4915511332444
4915511749957
4915511460942
4915510724095
4915510305215
4915511982173
4915510671256
4915510858384
4915510396556
4915511765021
4915510140217
4915511505025
4915510330009
4915510238895
4915510209978
4915511706896
4915510834650
4915511881921
4915511175024
4915511428943
4915510048974
4915510266167
4915511951073
4915511500036
4915511457831
4915511247102
4915510244390
4915511633875
4915510901087
4915511242776
4915510635655
4915511035195
4915510467040
4915511418155
4915510232747
4915511527252
4915510079521
4915510354352
4915510233465
4915510953431
4915511119277
4915511809601
4915511355402
4915510444607
4915510347490
4915511810581
4915511787597
4915510719495
4915510675038
4915510540035
4915511165906
4915510522410
4915510447128
4915510853619
4915511011110
4915511268260
4915511265177
4915511968879
4915510346846
4915510606463
4915510816891
4915511638591
4915510070718
4915510417871
4915511079258
4915510763157
4915510248506
4915510428314
4915511885347
4915510147459
4915511161583
4915511066061
4915510584588
4915510964682
4915510054552
4915511075359
4915510459187
4915511555026
4915511961552
4915510763163
4915511930694
4915511877492
4915510733830
4915510508377
4915510637135
4915510582923
4915510601020
4915511570215
4915511380880
4915510582854
4915510110524
4915511058578
4915511948127
4915510489673
4915510737715
4915511843884
4915511740899
4915511583454
4915511039112
4915511452977
4915511277554
4915510140454
4915510108171
4915510336470
4915511593572
4915510485326
4915511668149
4915511454447
4915510836817
4915511957170
4915510990195
4915511326645
4915511315964
4915510933301
4915511712286
4915511545137
4915510143180
4915511693602
4915511993960
4915510545575
4915511280358
4915511158829
4915510921945
4915510002857
4915511895281
4915510401785
4915511563586
4915510490654
4915510237748
4915510103913
4915510200875
4915511033160
4915510958802
4915511379222
4915511196630
4915510713742
4915510230131
4915510795223
4915510588015
4915510791001
4915510461830
4915510094987
4915510945903
4915511861700
4915510927508
4915510122944
4915511816851
4915511631953
4915510403003
4915510022918
4915510211185
4915511159869
4915510483235
4915511956846
4915511239482
4915510698515
4915511798386
4915510445342
4915511219267
4915511643374
4915510520447
4915511423160
4915511377261
4915511655046
4915511616136
4915511992404
4915510058648
4915510817210
4915510524495
4915511344397
4915510836615
4915511192886
4915511429041
4915511033275
4915511058980
4915511965915
4915511843677
4915511525188
4915511947750
4915510561580
4915510309005
4915510550740
4915511067277
4915511912054
4915510752950
4915510140476
4915510996760
4915511651948
4915510245691
4915511441706
4915510021153
4915510394833
4915511889797
4915511039940
4915511805680
4915511739838
4915510498791
4915510603357
4915511176169
4915510871251
4915511205991
4915510578095
4915511356657
4915510390369
4915510156079
4915510768374
4915511823588
4915511978538
4915510737773
4915511767410
4915510188478
4915511554124
4915511325890
4915511143932
4915511575970
4915511041644
4915511116134
4915510506690
4915510330885
4915511559260
4915510675034
4915510145159
4915511723345
4915511688535
4915510785241
4915511936359
4915510749018
4915510972729
4915510832833
4915510446700
4915511227765
4915511553729
4915511914332
4915510847146
4915511898039
4915510914975
4915511042258
4915510787879
4915510140306
4915510830550
4915511326435
4915511335056
4915510946959
4915510006081
4915511267945
4915510886596
4915510264162
4915511895645
4915511004306
4915510191162
4915510186939
4915511659573
4915511504179
4915510950277
4915511282665
4915511725449
4915510452211
4915511451211
4915510067321
4915511645213
4915511991409
4915511993729
4915511566946
4915510886160
4915510640461
4915511800970
4915511514782
4915511246686
4915510344399
4915511595912
4915510098575
4915511018885
4915510994754
4915510212067
4915510994146
4915511190402
4915510861581
4915510306423
4915511606033
4915511712792
4915511063751
4915510589141
4915510785823
4915510734447
4915511386889
4915511902569
4915510238254
4915510406419
4915510578278
4915510431040
4915510491245
4915510962594
4915510084414
4915511928982
4915510048035
4915510258375
4915511623241
4915510666908
4915510216754
4915511182615
4915511826617
4915510737078
4915511780662
4915510558314
4915510464483
4915510147703
4915510299480
4915510968255
4915511412557
4915511800432
4915511183518
4915510202123
4915511278754
4915510103661
4915511375490
4915510262241
4915511292169
4915510044898
4915510229821
4915510569759
4915510809422
4915510798976
4915510335370
4915511432659
4915511310791
4915510047987
4915510735334
4915510731818
4915511141175
4915511445494
4915511381280
4915511971986
4915510138236
4915511098689
4915510613152
4915511136403
4915510414559
4915511979521
4915511072247
4915510003750
4915511159295
4915511881979
4915511246410
4915511473454
4915511444479
4915511214076
4915510549004
4915510701254
4915511480768
4915511779242
4915511982371
4915510853790
4915510520437
4915510284828
4915511615002
4915511327018
4915511700014
4915511676522
4915511004553
4915511802302
4915511667823
4915511109705
4915510275952
4915511354803
4915511159858
4915511957446
4915511080132
4915511452594
4915511949758
4915511862374
4915510140013
4915510766760
4915510259487
4915510887105
4915511473532
4915510378336
4915510003717
4915510023342
4915511329649
4915510474597
4915511784132
4915511353689
4915511739713
4915511019920
4915510984214
4915511595006
4915511167694
4915510906343
4915511806686
4915510433765
4915511520757
4915511579987
4915510689721
4915511484604
4915511762372
4915510265192
4915510850139
4915511490192
4915510328007
4915510415666
4915510738497
4915510452155
4915511986622
4915510386075
4915511494073
4915510644981
4915510330252
4915511970441
4915511812326
4915511026898
4915511150806
4915510539954
4915511300673
4915511957111
4915511111615
4915510711355
4915511539797
4915510384912
4915511250630
4915511003918
4915510625578
4915510863585
4915510800434
4915510997595
4915510672811
4915510161133
4915511433611
4915510697854
4915510312408
4915511049040
4915511682943
4915511268882
4915510189055
4915510431096
4915511526900
4915511194973
4915510891752
4915510833422
4915510737601
4915510327186
4915510231991
4915510304466
4915510099141
4915511582740
4915511469490
4915511069024
4915511441072
4915510611104
4915510551268
4915511825857
4915511108060
4915510215391
4915510325150
4915511990669
4915510499223
4915510984999
4915510098557
4915511765509
4915511554297
4915511754207
4915510617960
4915510693849
4915511592802
4915511700472
4915510728509
4915511699787
4915511697199
4915510188341
4915511181776
4915510962819
4915510596221
4915510846495
4915511204413
4915510056756
4915510922932
4915511390592
4915511421850
4915511947724
4915510674544
4915511482078
4915510527532
4915510339245
4915510811668
4915510884532
4915511672396
4915510409201
4915510116594
4915510842755
4915510135854
4915511107029
4915511390721
4915510522967
4915511733470
4915510562060
4915510626979
4915510775007
4915511269074
4915510394599
4915511082879
4915510472933
4915510495051
4915510905706
4915510201212
4915511430770
4915511366938
4915511542297
4915510179188
4915511604298
4915510290667
4915510215822
4915511307358
4915510329898
4915510354295
4915510071839
4915510241437
4915511192527
4915510105539
4915511990305
4915510045811
4915511125713
4915510332642
4915511921145
4915510646798
4915510316568
4915511054741
4915511857429
4915511440716
4915511754055
4915510606104
4915510433945
4915510046146
4915510406299
4915510622256
4915510674172
4915510547054
4915511714698
4915511756760
4915510397178
4915510168061
4915510997236
4915511553813
4915511624309
4915510447021
4915510191863
4915511433106
4915510791198
4915511797677
4915510293251
4915511270774
4915510146647
4915511052245
4915511493981
4915511334117
4915511934021
4915510080925
4915510574135
4915511497499
4915510918475
4915511376157
4915510835738
4915510390570
4915511993425
4915511474995
4915511465202
4915511638251
4915510753083
4915510557264
4915511439545
4915510377318
4915511215792
4915511814764
4915511877234
4915511362844
4915510356690
4915511779422
4915510233059
4915511001639
4915510128921
4915511871809
4915511681264
4915511753736
4915510796263
4915510856296
4915511264043
4915510469420
4915510911114
4915511725138
4915510863199
4915511126858
4915511124315
4915510909593
4915511119137
4915510408579
4915511232710
4915511370602
4915511074389
4915511921359
4915511388219
4915511627004
4915510837101
4915510951721
4915510298215
4915510929963
4915511541119
4915510790577
4915510374110
4915511932154
4915511584902
4915510340324
4915511489863
4915511853017
4915510838580
4915511655781
4915511970123
4915511883736
4915511456605
4915510811622
4915510995276
4915510767841
4915510226923
4915510854664
4915510894688
4915510401585
4915511972014
4915511273737
4915510540812
4915511007950
4915511705926
4915510424937
4915510702124
4915510756188
4915511340059
4915511568328
4915510540688
4915510950028
4915511480717
4915511206367
4915510494572
4915510834205
4915511923995
4915511052340
4915511463617
4915510674132
4915511603858
4915511631287
4915510290886
4915510835992
4915511722230
4915510869534
4915510876367
4915511914243
4915511566842
4915511155179
4915510406842
4915510926169
4915510888591
4915510101086
4915511310094
4915510090102
4915510620755
4915510360209
4915511505317
4915510115444
4915510096604
4915511123561
4915510706697
4915510080814
4915511870897
4915510501558
4915511030469
4915511214157
4915511680925
4915511203271
4915511363907
4915510321204
4915510786791
4915511637978
4915511627752
4915511921721
4915511963275
4915510371266
4915510607239
4915511717483
4915510757653
4915511052466
4915510078228
4915511109241
4915511286234
4915510978911
4915511565731
4915511027692
4915511924439
4915510897207
4915511224920
4915510132245
4915510034592
4915510539651
4915511759655
4915511140960
4915510165325
4915510005627
4915510226511
4915511404028
4915510267650
4915510268462
4915511290975
4915510977257
4915511288922
4915511472171
4915510509343
4915510781802
4915510869642
4915510183615
4915510873676
4915510356059
4915511852998
4915511184601
4915511141190
4915510203438
4915511879295
4915511710869
4915511203747
4915510312610
4915511825575
4915510025483
4915511848409
4915510536529
4915511922892
4915511387013
4915510413067
4915511693431
4915510014471
4915511072951
4915511706877
4915510747443
4915511670040
4915510477998
4915511519967
4915510561311
4915511656312
4915510263243
4915511952945
4915511454146
4915511573927
4915510987611
4915511602527
4915511197390
4915510221305
4915511070066
4915510326757
4915510449896
4915511162003
4915510343297
4915510352093
4915511385489
4915511146100
4915511652090
4915510811970
4915510419702
4915510545631
4915511211288
4915510531804
4915510787808
4915511833046
4915510340813
4915511135611
4915511699361
4915510403298
4915511575255
4915510111862
4915510691779
4915511514986
4915510684901
4915510758861
4915511095834
4915511230063
4915511363589
4915511140314
4915510070997
4915510349516
4915510903366
4915511748718
4915510142113
4915510584706
4915511102691
4915511048045
4915510763404
4915510888546
4915510345118
4915511355633
4915510414016
4915510207887
4915511069185
4915511917244
4915510900985
4915511249823
4915510170282
4915510394675
4915510202916
4915511572357
4915511322541
4915511592396
4915510818521
4915511483822
4915511580288
4915510433400
4915511163223
4915510049392
4915510742120
4915510065107
4915510950294
4915511727344
4915510858463
4915510183887
4915511193852
4915510090493
4915510807697
4915511351081
4915510953062
4915511191730
4915511034551
4915511678911
4915511128698
4915511042490
4915510403881
4915510372845
4915510733263
4915510653100
4915510478918
4915511460033
4915511172088
4915510238727
4915511305129
4915511261823
4915511886580
4915511953387
4915510834963
4915510271522
4915510628636
4915511845513
4915511314518
4915511924549
4915511052384
4915510496445
4915511907595
4915510113245
4915510752365
4915510595528
4915511378711
4915511488039
4915511357719
4915510768270
4915511833175
4915510709291
4915511696562
4915511913150
4915511967422
4915510642949
4915510410051
4915511861469
4915510339501
4915511737627
4915511337751
4915511698539
4915510747212
4915511782640
4915511262532
4915510333555
4915510935926
4915510476278
4915511355478
4915510101761
4915511698532
4915510107688
4915510843520
4915511056203
4915511294018
4915511955280
4915511336618
4915511842974
4915511154567
4915511654478
4915510830882
4915511590300
4915511750333
4915511668753
4915511829936
4915511713410
4915510982477
4915511564222
4915511857863
4915510174086
4915510163099
4915510701473
4915511280579
4915511581935
4915510494985
4915511185265
4915510330751
4915510701534
4915510076247
4915511826749
4915510113570
4915510588879
4915511945908
4915511580823
4915510765466
4915511207500
4915510047650
4915511966722
4915511686826
4915510561593
4915510602442
4915511340225
4915511382273
4915510226151
4915510609844
4915511097814
4915511376127
4915511136633
4915511397038
4915510739408
4915511597286
4915510496070
4915511196526
4915511077819
4915511379135
4915510236839
4915510831440
4915510726830
4915511671576
4915511181876
4915511699464
4915510979942
4915511649124
4915511876284
4915511541720
4915510288080
4915510248495
4915511275488
4915511420242
4915510864815
4915511459755
4915511219270
4915510962005
4915511006029
4915510012513
4915511877066
4915511312204
4915511626340
4915510867653
4915510212522
4915510916806
4915511080648
4915510007521
4915510622043
4915510985308
4915511112787
4915511569886
4915510808351
4915510390164
4915511490167
4915511888315
4915511426049
4915510816978
4915510621308
4915511167374
4915511648546
4915511398620
4915511637842
4915511576836
4915510360931
4915510516864
4915511239600
4915510568255
4915511031471
4915510613172
4915510854656
4915510861054
4915510988551
4915510515322
4915510640863
4915510572034
4915510785575
4915511328937
4915511211798
4915511315979
4915511186591
4915511003995
4915511690479
4915511029508
4915511005580
4915511386797
4915510506620
4915510535920
4915511069082
4915510557127
4915510698589
4915511387644
4915511778327
4915510727979
4915511173022
4915510376508
4915511272559
4915511481805
4915510048647
4915511945542
4915511189303
4915511377507
4915511760717
4915511849899
4915511008454
4915510278560
4915511320958
4915511928087
4915511673811
4915510100968
4915511324180
4915511380675
4915510603139
4915510701261
4915510967009
4915511206001
4915511056948
4915511601300
4915511756778
4915510726025
4915510956474
4915511739698
4915511851590
4915510991878
4915511196878
4915510541691
4915511785619
4915510972034
4915511026029
4915510202124
4915511036880
4915510332408
4915510536363
4915511763287
4915510241284
4915510826259
4915510283330
4915511000098
4915511531354
4915510878880
4915510794128
4915511324242
4915511110286
4915510574764
4915510055572
4915510795179
4915510389044
4915511613141
4915510168854
4915510095466
4915510320124
4915510467835
4915510626545
4915511886045
4915510628936
4915511104131
4915510138814
4915510219359
4915511462995
4915510291129
4915510225799
4915511533508
4915510864062
4915510707434
4915511509297
4915510837753
4915511150063
4915511001506
4915510638801
4915511822457
4915511936562
4915511997664
4915511950868
4915510599153
4915511772701
4915511759448
4915511104737
4915510322188
4915511621484
4915510619294
4915510199422
4915510680577
4915511650224
4915511110363
4915510124823
4915511767808
4915510634522
4915510463960
4915511019516
4915511610752
4915510244138
4915510524219
4915511794721
4915511599422
4915510318061
4915510330044
4915510285155
4915511539291
4915511827720
4915511801546
4915511842481
4915510692394
4915511899487
4915511103914
4915510084276
4915511707698
4915510949808
4915510553019
4915510567560
4915511578502
4915511631229
4915511437614
4915510750794
4915510932361
4915510234144
4915511143132
4915510901349
4915511203924
4915511212111
4915510077505
4915510401638
4915510519565
4915511011433
4915510834757
4915510204100
4915510954251
4915510003810
4915510202226
4915510931732
4915510334921
4915510720089
4915511957169
4915511801888
4915511750184
4915510476789
4915511584016
4915510522131
4915511762557
4915511525182
4915511113903
4915510437201
4915510042550
4915510369790
4915510151047
4915510534064
4915510540768
4915510427686
4915510965333
4915510471859
4915510359762
4915510517812
4915511258113
4915510412711
4915511549051
4915511505533
4915511169166
4915511953944
4915510935930
4915511362194
4915511094796
4915510183302
4915510824658
4915511531945
4915510728361
4915511249208
4915511650339
4915510672028
4915511505984
4915511614592
4915510656764
4915510867310
4915510641038
4915511969413
4915511546412
4915511511399
4915510165883
4915510942015
4915510711744
4915511771162
4915511914836
4915510765504
4915510421469
4915511240062
4915511699913
4915511944529
4915510423931
4915511359426
4915510624460
4915510592285
4915511122005
4915511773657
4915511739119
4915510544949
4915511978330
4915510325685
4915510875503
4915510102233
4915511103349
4915510215995
4915510529454
4915511595876
4915511830935
4915511625650
4915511909931
4915511589319
4915510973390
4915511302644
4915510309472
4915511994497
4915510113562
4915510146973
4915510993325
4915511514238
4915510716039
4915510968185
4915510012601
4915510639950
4915510786214
4915510678426
4915510464721
4915511000972
4915511081181
4915511574869
4915510775556
4915510843615
4915510318510
4915511524630
4915511354723
4915510452681
4915511679454
4915510314922
4915510207835
4915510982307
4915510459732
4915511213389
4915511227820
4915511812613
4915511058606
4915511203845
4915510220309
4915511083486
4915511533077
4915510652736
4915511629573
4915511009631
4915511606899
4915510390333
4915511706678
4915511814641
4915511087402
4915510604218
4915510924381
4915511422738
4915510664443
4915510299480
4915511475889
4915510030539
4915510352251
4915511327506
4915511268016
4915510101995
4915511176989
4915510003401
4915511049055
4915510635827
4915511268125
4915510491003
4915511393918
4915511892093
4915511847721
4915510101902
4915511191873
4915511431882
4915510812009
4915510471227
4915511408512
4915511414406
4915511057994
4915511885770
4915510961457
4915510449428
4915510021406
4915510381011
4915510881236
4915510243617
4915511433328
4915511523439
4915511690451
4915510884842
4915510704919
4915511430705
4915511646213
4915511245464
4915511181820
4915510184147
4915511268471
4915511159048
4915510424948
4915511850940
4915511273679
4915511036883
4915511373022
4915511057872
4915511364132
4915511696104
4915510277144
4915511348078
4915510230971
4915510207080
4915511499361
4915510969617
4915510360419
4915511251931
4915511637144
4915510015438
4915510031632
4915510245433
4915510930553
4915510962664
4915511072064
4915510585856
4915510728106
4915511089342
4915510405069
4915510229986
4915510027005
4915511790864
4915510334034
4915510730485
4915510825120
4915511989764
4915511076585
4915510863248
4915511871439
4915510457383
4915510245617
4915511796934
4915510604264
4915511112034
4915510092168
4915511735148
4915511481387
4915510369591
4915511898943
4915510038363
4915510725929
4915511591666
4915510010948
4915510753144
4915510121331
4915510680504
4915511078954
4915510844325
4915511662491
4915511073800
4915511177089
4915510738932
4915510523861
4915510009861
4915511522723
4915510252874
4915511012249
4915511592036
4915510338290
4915511493131
4915511114502
4915510809646
4915510365125
4915510028948
4915511775393
4915511277884
4915511547522
4915511588368
4915511472209
4915510624283
4915510336789
4915510631310
4915510549455
4915510361198
4915511359369
4915510899163
4915511986130
4915511347253
4915510091712
4915511593231
4915511972304
4915510588300
4915510960494
4915511810575
4915511700944
4915511880344
4915511993865
4915511674968
4915510912258
4915510388831
4915510930402
4915510987261
4915511800211
4915511713544
4915510029073
4915510065234
4915510580820
4915511071724
4915511384412
4915510082317
4915511491938
4915511875873
4915511807736
4915511724977
4915510928335
4915511197398
4915511259550
4915510059247
4915511229086
4915511812506
4915511359922
4915510587101
4915511064598
4915511015570
4915511872779
4915511465188
4915510247817
4915510898354
4915510758102
4915510035149
4915510079640
4915510727996
4915510232481
4915510041810
4915510514481
4915510081019
4915511893215
4915511354281
4915511764603
4915511128863
4915511553246
4915511433616
4915510197236
4915511294707
4915510319562
4915511900555
4915510869953
4915510216093
4915511100721
4915511861326
4915511283021
4915511624042
4915510410565
4915511232825
4915510609779
4915511585274
4915511790707
4915510780454
4915510823538
4915510944438
4915510644980
4915510754930
4915511117874
4915510891611
4915511064637
4915511931075
4915511711942
4915511045874
4915511157493
4915510349064
4915511967237
4915510597131
4915511914335
4915510962844
4915511624789
4915511977153
4915510604639
4915510774469
4915511623725
4915510702450
4915511968285
4915511043237
4915511207548
4915510960448
4915510658124
4915510037943
4915511782007
4915510920563
4915510055517
4915510610790
4915511109005
4915510344740
4915511243050
4915511245657
4915511955934
4915511892186
4915511207218
4915510655367
4915510926020
4915511361833
4915511589160
4915510423157
4915511688903
4915510669877
4915511960208
4915510632247
4915511330387
4915511559716
4915510468218
4915511465624
4915510894625
4915511549548
4915510417978
4915510845498
4915510575743
4915511887904
4915510058105
4915510146120
4915511514000
4915511634394
4915511540571
4915510035672
4915511758853
4915511635848
4915510458682
4915511769509
4915511663353
4915511607148
4915511450626
4915511702152
4915511093724
4915511575653
4915510614540
4915511682698
4915510267210
4915510580298
4915511393177
4915511535661
4915511866841
4915510616914
4915510037033
4915510513477
4915511844598
4915510027338
4915510126638
4915511078268
4915511298342
4915511977954
4915510008979
4915511379288
4915511319676
4915510831451
4915510732748
4915511384725
4915510345313
4915511903252
4915510102092
4915510638158
4915510584553
4915511662066
4915511569454
4915510551277
4915510384577
4915510621324
4915511519414
4915510015002
4915511643752
4915511330394
4915511608170
4915511473038
4915510398977
4915511638519
4915511563598
4915510817527
4915510974788
4915510354245
4915510563975
4915511847093
4915510591526
4915511186752
4915510997653
4915510869162
4915510558412
4915511927899
4915510245176
4915511288714
4915510855265
4915510276302
4915511301262
4915511568154
4915511287372
4915511177023
4915510010837
4915511233291
4915510510396
4915510496823
4915510263435
4915510632777
4915511874220
4915510555669
4915510002144
4915510556291
4915510714654
4915510732774
4915511867316
4915510801924
4915511296803
4915510484434
4915511262268
4915511700827
4915511967071
4915510915931
4915510143633
4915510346809
4915511370842
4915511683467
4915511095126
4915510238446
4915511999890
4915510256062
4915510964026
4915510621996
4915511410023
4915510342123
4915511187594
4915511546861
4915510782737
4915511829476
4915511615463
4915511962642
4915511272284
4915510421139
4915510458707
4915510665064
4915510140225
4915510818676
4915511119503
4915510925540
4915511191086
4915510374282
4915511460724
4915510645506
4915510974754
4915511973399
4915510953082
4915511068944
4915511801707
4915511658896
4915511329553
4915510594614
4915511817238
4915511305697
4915510221917
4915511721498
4915510094737
4915511952560
4915510557286
4915510449027
4915511373480
4915510585103
4915510754474
4915511386407
4915511354310
4915510130951
4915510263493
4915511439887
4915510937178
4915511039570
4915511278489
4915511998714
4915510382659
4915511613229
4915511572846
4915510563862
4915511337685
4915510872806
4915511388103
4915511788568
4915510189543
4915511784178
4915511525952
4915511380096
4915510120595
4915510736802
4915510963339
4915511384264
4915511462240
4915511663875
4915511571490
4915511391627
4915511570324
4915510222104
4915511161430
4915510852565
4915510629444
4915510569916
4915511254220
4915511829506
4915511510615
4915510515969
4915511617282
4915511720514
4915510131976
4915510775872
4915511054941
4915511766965
4915510204518
4915510181184
4915511803404
4915510769013
4915510331965
4915511854771
4915510545160
4915510062337
4915511675882
4915511056841
4915510217681
4915511847014
4915511262684
4915511690226
4915510379945
4915510381146
4915511241929
4915511484987
4915511222445
4915511126276
4915510363947
4915510527796
4915511429654
4915511448118
4915511325744
4915511382712
4915510679787
4915510420599
4915510494464
4915511386759
4915511777771
4915511885363
4915511311139
4915510807250
4915511633896
4915511493900
4915511291265
4915510333652
4915510576283
4915510735633
4915511310110
4915510616524
4915510471063
4915510871895
4915510427648
4915511497977
4915511759121
4915510067937
4915511557603
4915510679165
4915511038467
4915511756323
4915511489662
4915511749454
4915511894698
4915510242316
4915511681774
4915511403854
4915511313473
4915510466184
4915511508623
4915510947680
4915510890890
4915510192376
4915510596456
4915510027002
4915511223392
4915510042587
4915511026932
4915510710890
4915511256296
4915510910048
4915511406857
4915510099198
4915510206497
4915510572607
4915510852062
4915510659749
4915511675411
4915510690758
4915511578071
4915511069672
4915510059507
4915510953768
4915510821407
4915511131488
4915510950721
4915510776706
4915511737346
4915511831408
4915510406094
4915511278625
4915510044514
4915511297384
4915510255036
4915511117240
4915511570602
4915510121424
4915511524458
4915510812724
4915510068495
4915510810763
4915511672314
4915510865206
4915510840225
4915510800056
4915510317755
4915510003717
4915510624587
4915510206077
4915510561574
4915511114017
4915510564614
4915511111203
4915511420722
4915511906826
4915510807911
4915510967574
4915511261326
4915510739360
4915511748254
4915511870519
4915511216141
4915511489196
4915511421898
4915511067498
4915511156914
4915510102022
4915511676895
4915510763565
4915511766979
4915511071343
4915510062720
4915510602068
4915510934914
4915511664554
4915511504881
4915510726223
4915511094403
4915511662452
4915511330912
4915510734797
4915511598730
4915510649367
4915511170931
4915510592909
4915510150571
4915510668975
4915511940676
4915510890630
4915510104324
4915510233098
4915510533176
4915510600962
4915510921036
4915511563330
4915511802732
4915510217689
4915511916511
4915511215080
4915510575631
4915510342190
4915510063297
4915511031063
4915511616579
4915511534296
4915510901935
4915511613305
4915511607324
4915510526463
4915511735506
4915510666110
4915511486693
4915511225615
4915510510703
4915511438420
4915511938047
4915511372858
4915511863084
4915510414552
4915510367145
4915511952421
4915511172917
4915511478278
4915511043030
4915511784225
4915510424111
4915510226842
4915511356333
4915511219110
4915510308570
4915510878005
4915511627056
4915510304225
4915510795486
4915511060359
4915511461897
4915510007237
4915511972943
4915511788224
4915511951198
4915511156453
4915510144175
4915510169959
4915511686331
4915510832103
4915511866117
4915510051899
4915510985093
4915511352193
4915511734421
4915511275723
4915511806567
4915510085672
4915510918247
4915510699258
4915510914681
4915510309994
4915511919534
4915511669430
4915511013424
4915511078123
4915510646946
4915511306882
4915511149605
4915510230401
4915511125893
4915510846575
4915510239877
4915511424022
4915511567683
4915510552061
4915511311038
4915510840007
4915510390239
4915511406668
4915510422429
4915511361118
4915510616435
4915511525078
4915511285893
4915510995902
4915511267561
4915511912138
4915511074319
4915510712703
4915511376704
4915511507613
4915511377250
4915510990122
4915510073900
4915510652785
4915511664982
4915510171916
4915510469797
4915511322123
4915510849972
4915511318283
4915511199429
4915510128021
4915510599069
4915510024502
4915510164101
4915510824737
4915510121708
4915510310701
4915511721348
4915510881744
4915510122803
4915511485335
4915511406150
4915510233802
4915511692016
4915511499573
4915510540103
4915511580362
4915511903043
4915511439473
4915510389436
4915511274618
4915510415134
4915511570186
4915511055067
4915511484616
4915510113597
4915511980805
4915510849210
4915511354338
4915510177534
4915511705165
4915511737223
4915511139239
4915510252836
4915510550956
4915510247417
4915510438800
4915511407972
4915511213944
4915511537374
4915511584602
4915511606557
4915510443864
4915511831979
4915511101250
4915511336934
4915510135955
4915511562096
4915511677756
4915511276123
4915511179110
4915511730895
4915511622385
4915511717730
4915510178943
4915511466175
4915510086221
4915510846001
4915510489867
4915510929104
4915511846444
4915511485682
4915510100785
4915511812303
4915510491258
4915510320744
4915510365585
4915510593347
4915510078800
4915511073233
4915510477440
4915511084033
4915510567751
4915511319823
4915510190121
4915511710677
4915511238835
4915510883424
4915511517275
4915511225850
4915510830598
4915511175305
4915511013504
4915510355661
4915510765086
4915510945046
4915511121374
4915510494369
4915511746581
4915511155818
4915510677221
4915510259598
4915511250842
4915511739589
4915510329851
4915511694367
4915511103461
4915510109092
4915510417605
4915511803319
4915510082866
4915510775277
4915510344681
4915511204232
4915510772499
4915511833468
4915510721757
4915511633413
4915511139880
4915510601048
4915511068645
4915510166833
4915510258048
4915510210474
4915511133776
4915510668678
4915510187285
4915510205214
4915511974796
4915510418398
4915511506119
4915511416358
4915510115514
4915511170334
4915510383375
4915510688810
4915510671750
4915511072352
4915510855254
4915510455220
4915510975002
4915511440012
4915511762417
4915510594572
4915511718879
4915510532900
4915511277226
4915510364575
4915510781930
4915510215006
4915511938899
4915510204049
4915511929078
4915510182263
4915511987300
4915510464304
4915510242788
4915511189485
4915510920680
4915510757535
4915511633045
4915510094325
4915510642232
4915510846885
4915511532643
4915510159336
4915510333571
4915510555875
4915510789496
4915510207709
4915511442999
4915511001502
4915511109845
4915511772231
4915511883808
4915510642134
4915510876307
4915511925248
4915511744184
4915510865974
4915511802089
4915511818980
4915511617400
4915510319913
4915510154859
4915510556214
4915511141954
4915511291274
4915511899394
4915511817936
4915510210315
4915510780912
4915510741759
4915511687930
4915510648969
4915511907878
4915510073984
4915511069694
4915511702783
4915511893799
4915511278237
4915510075116
4915511503455
4915510509008
4915510805396
4915510394236
4915510069027
4915510708090
4915511869567
4915511835221
4915510933706
4915510405977
4915511824218
4915511602293
4915510376173
4915511443656
4915511994660
4915510458505
4915511736347
4915511609144
4915510692839
4915511532471
4915511010106
4915510862804
4915511320350
4915510990255
4915511157997
4915510011121
4915510972158
4915510502966
4915511333893
4915510551449
4915510054342
4915510859015
4915510402474
4915510109352
4915510198964
4915510923585
4915510947955
4915510331197
4915511971889
4915510667356
4915510089417
4915511513826
4915510565908
4915510548943
4915510395856
4915511437299
4915511861343
4915511966613
4915510532712
4915511615583
4915511991196
4915511821706
4915510098449
4915511501953
4915510830195
4915510984436
4915510966192
4915510471928
4915511153581
4915511509456
4915510621620
4915511932863
4915510086872
4915511535043
4915511319463
4915510734197
4915511519334
4915511620953
4915510446900
4915510872119
4915510229862
4915510183805
4915511930649
4915511510628
4915511200146
4915511446356
4915510367234
4915510385321
4915511654322
4915511574921
4915511429948
4915511866751
4915511001321
4915511140559
4915511478405
4915511411038
4915510573698
4915510938405
4915510099601
4915511811295
4915510635540
4915511437630
4915510854422
4915511638449
4915510643372
4915511958497
4915511106830
4915511672947
4915511918281
4915511611116
4915511692337
4915511264106
4915511518398
4915510685651
4915511757717
4915511186371
4915511852305
4915511192229
4915510362413
4915511049776
4915510476394
4915511721953
4915510561281
4915510986570
4915510491810
4915510159629
4915511061704
4915510686766
4915511588347
4915510435970
4915511161398
4915511652837
4915511409393
4915511267888
4915511973286
4915510227663
4915510219976
4915510739651
4915510483517
4915511173697
4915510180933
4915511478842
4915511342548
4915510018518
4915510309454
4915510197833
4915511964324
4915511642159
4915511544363
4915510214754
4915510496094
4915510184146
4915510124919
4915511229298
4915511273174
4915511303251
4915511486485
4915510784086
4915510568316
4915510684354
4915511440952
4915510482380
4915510938202
4915511640116
4915511691961
4915511489520
4915510629616
4915510637680
4915511134993
4915511774159
4915510054957
4915510629987
4915511933269
4915511589589
4915511614898
4915510363691
4915511492520
4915511426200
4915511017757
4915511957050
4915510975462
4915510188797
4915510453514
4915511664079
4915510422950
4915510188146
4915510328186
4915510113765
4915511140725
4915511259961
4915511560705
4915510375335
4915510605514
4915511394330
4915510513863
4915511384798
4915511876560
4915510370563
4915511555868
4915510952997
4915510135837
4915510358486
4915511893382
4915510357056
4915510608774
4915511335226
4915511196066
4915511161149
4915511894651
4915510046981
4915510896897
4915511916163
4915511810579
4915510473500
4915511984744
4915510429689
4915510726541
4915511891073
4915510964990
4915510633748
4915511142666
4915511770535
4915510013515
4915510056941
4915510219020
4915511411222
4915510887951
4915510861601
4915510794394
4915510169440
4915511830345
4915510850192
4915510873944
4915510645584
4915510895854
4915511203689
4915510603076
4915510524897
4915511102421
4915510669653
4915510087144
4915511854183
4915510925219
4915510794727
4915511190443
4915511329373
4915511724710
4915511284325
4915510965198
4915510428816
4915510878323
4915510386967
4915511328980
4915510851464
4915511327303
4915510048588
4915511869698
4915511051954
4915510761174
4915510781198
4915511518226
4915510980190
4915510894304
4915510749486
4915511129211
4915511837626
4915511810418
4915510617593
4915511454888
4915511883002
4915511459598
4915511325605
4915511883322
4915510562661
4915511440452
4915510918194
4915510980830
4915510380596
4915510073060
4915510393689
4915511708377
4915511901241
4915510024628
4915511005139
4915511552579
4915511830309
4915510630738
4915511897165
4915511421322
4915511894000
4915510325494
4915511853120
4915510191441
4915510910874
4915510085686
4915511696471
4915510890046
4915510142009
4915511365464
4915510769166
4915511105431
4915510545921
4915510354207
4915510372854
4915511092873
4915511318037
4915510076853
4915510475181
4915510696531
4915511072216
4915510277505
4915511743370
4915511978685
4915511496566
4915510812612
4915511337681
4915511471472
4915510632107
4915510094961
4915511676724
4915510648575
4915511848504
4915511983483
4915510225442
4915511034553
4915510553661
4915510577294
4915511527987
4915510305130
4915511469844
4915511919591
4915511446504
4915510837525
4915511060446
4915510947683
4915510260507
4915511640032
4915511882840
4915511086654
4915511154989
4915510630777
4915510544311
4915511083966
4915511289431
4915510813845
4915510588021
4915510395283
4915511773897
4915510041268
4915511662265
4915511552831
4915510414839
4915511435850
4915511216122
4915511453110
4915510863504
4915511887645
4915511021103
4915510971167
4915510146933
4915510394084
4915511810728
4915510431455
4915511389518
4915510625604
4915510632131
4915511747420
4915511544104
4915510730215
4915511654648
4915510561299
4915511958986
4915511905721
4915511570192
4915510146669
4915510878844
4915510436538
4915511023333
4915510513814
4915510663611
4915511327905
4915510845326
4915511250273
4915511402606
4915511913078
4915510359992
4915510201932
4915511403342
4915511293031
4915510294458
4915511644180
4915511760861
4915510568504
4915511111765
4915510843035
4915510584092
4915511023166
4915511289972
4915511968407
4915511286492
4915511606974
4915510234367
4915511194826
4915510586265
4915511875196
4915511393951
4915510512030
4915511555080
4915510611817
4915510770242
4915511163188
4915510197737
4915511979771
4915510823401
4915511740106
4915510576477
4915511244995
4915510823757
4915510937001
4915510393618
4915511798885
4915511117732
4915511147981
4915510900111
4915510644002
4915510280559
4915510947770
4915510830042
4915510213921
4915511806859
4915511616717
4915511262777
4915511715459
4915511032836
4915510159271
4915511087339
4915510060057
4915511952692
4915511983577
4915510324262
4915510171586
4915510994545
4915511292613
4915511078761
4915511606655
4915510172021
4915510338407
4915510547148
4915511799332
4915511664121
4915511946012
4915510117283
4915511180976
4915510437990
4915510341283
4915510852045
4915510952016
4915510109301
4915510014388
4915510514101
4915511385870
4915511518362
4915511163227
4915511892462
4915511128369
4915511898807
4915510345685
4915511894627
4915511162013
4915510780856
4915511619832
4915511251270
4915510086336
4915511130892
4915511624033
4915510712952
4915511850804
4915511401972
4915510908580
4915510906111
4915511408467
4915511497154
4915511573086
4915511291331
4915511679227
4915511519592
4915511885589
4915511453044
4915511803447
4915510105670
4915511209235
4915511188527
4915511523811
4915510052710
4915510874979
4915511457602
4915511150800
4915511228013
4915511441826
4915510384696
4915511684540
4915510675896
4915511829441
4915510425166
4915510490566
4915511734322
4915510918074
4915511064683
4915511600047
4915511771222
4915510395081
4915511144715
4915511335441
4915510070524
4915510064979
4915511201394
4915510010459
4915510561115
4915510075835
4915511273956
4915510752093
4915510458411
4915510718210
4915511429732
4915511855172
4915510021589
4915510071112
4915511662755
4915510906091
4915510930240
4915511815184
4915510862442
4915510747187
4915511821949
4915510453781
4915510045193
4915511494101
4915511090639
4915511969263
4915510334136
4915511098655
4915510660734
4915511397414
4915510964799
4915511591443
4915510919274
4915510301679
4915511696980
4915510227092
4915510849533
4915511006239
4915511739641
4915511754857
4915510687905
4915510811281
4915510040556
4915510134095
4915511931473
4915511794269
4915511936636
4915511243369
4915510611016
4915511162641
4915510063315
4915511156609
4915510451590
4915510809479
4915511322699
4915511508393
4915511975565
4915511386891
4915511856274
4915511334278
4915510586845
4915510137207
4915511006673
4915511172468
4915511499412
4915510944572
4915511538727
4915510472791
4915510401053
4915510980800
4915511038963
4915510264980
4915510972634
4915510042988
4915510309185
4915511139461
4915510116659
4915511982783
4915511102184
4915511541732
4915510704338
4915511686821
4915510540730
4915511803080
4915511245909
4915510502510
4915511549341
4915510439468
4915510485136
4915510863780
4915510065731
4915511663268
4915511095594
4915510423171
4915510473213
4915510519962
4915511962069
4915511905210
4915511745091
4915510756449
4915510048535
4915510704639
4915510159062
4915511707322
4915511797184
4915510653525
4915510935155
4915511799402
4915511687276
4915510485398
4915511446690
4915511288771
4915510458677
4915511306281
4915511825461
4915510929728
4915510112506
4915511630042
4915511942274
4915511439253
4915511924127
4915510799841
4915510184488
4915510492209
4915510050630
4915511940728
4915510664077
4915511117447
4915511491015
4915510980991
4915510362415
4915511899040
4915510345727
4915510936369
4915510892405
4915511029709
4915511554039
4915511352440
4915511294509
4915510752346
4915510033739
4915510576010
4915511177615
4915510463662
4915511686831
4915511808194
4915510445159
4915511323970
4915510486633
4915511061948
4915510672645
4915510909017
4915510744017
4915510310708
4915511039901
4915511476763
4915510880726
4915510983061
4915511547506
4915511613265
4915511344582
4915511531085
4915510168322
4915510598554
4915510266138
4915511162002
4915510790864
4915511224782
4915510810187
4915510152261
4915510408575
4915511929093
4915511018845
4915510528099
4915510669505
4915510766343
4915510180134
4915511213384
4915510521721
4915511712457
4915510487988
4915511016447
4915510327920
4915511084954
4915510944503
4915510286750
4915511101281
4915511924485
4915510291932
4915511470042
4915510436611
4915511237397
4915511809974
4915510616396
4915510633527
4915510457851
4915511314407
4915511180012
4915510369032
4915511028793
4915510514069
4915510218247
4915510751969
4915511223734
4915510758813
4915510055896
4915510881041
4915511705622
4915511754835
4915511082252
4915510434096
4915510412210
4915511721323
4915511206880
4915511943541
4915511749406
4915511010519
4915511262452
4915511358755
4915511771679
4915510906113
4915510235407
4915510599452
4915511957692
4915510180090
4915510503289
4915511186013
4915511427222
4915511123938
4915510253699
4915510006917
4915510519287
4915511154377
4915510630547
4915511956412
4915511903824
4915511444414
4915511047760
4915510419938
4915510190273
4915510016069
4915511674188
4915511826051
4915510340472
4915510956485
4915511844856
4915511646965
4915510512012
4915510871737
4915511178810
4915511315971
4915510017897
4915511827268
4915510704827
4915511017128
4915511313595
4915511040879
4915510171284
4915510992399
4915511061854
4915510381561
4915511267253
4915511324832
4915511479828
4915511321083
4915510058433
4915511174128
4915511976982
4915511847741
4915511836244
4915510739483
4915511254436
4915510122028
4915511857247
4915511680542
4915510388757
4915511922621
4915510901990
4915511602086
4915511623328
4915511720535
4915511748495
4915511691470
4915510762063
4915511616651
4915511707855
4915510144953
4915510348375
4915510539354
4915510679856
4915511000284
4915511345569
4915510086950
4915511936248
4915510787434
4915510521809
4915510973641
4915511105692
4915511800706
4915510951284
4915510397730
4915511047266
4915510150252
4915511530661
4915511552766
4915510063186
4915511773318
4915510976473
4915511255801
4915510482016
4915510925993
4915510360432
4915511876164
4915511460130
4915510308890
4915511412617
4915510977572
4915511408949
4915511632212
4915511661715
4915511780247
4915511698744
4915511707236
4915511432200
4915511521477
4915511368608
4915510723131
4915510723317
4915510494435
4915511550147
4915510306195
4915510962178
4915511845303
4915511154754
4915511995624
4915510234036
4915511915202
4915510298345
4915510213477
4915510269052
4915511449042
4915510540893
4915510152292
4915510075569
4915511672809
4915510340177
4915511119277
4915511418461
4915510682694
4915511679694
4915511376749
4915510511663
4915511282483
4915511185948
4915511209383
4915510924173
4915510879756
4915511137347
4915511025685
4915510532243
4915511083109
4915511258387
4915510845591
4915510840704
4915511716228
4915511610122
4915510550076
4915511229914
4915510198223
4915511262452
4915510180313
4915511886862
4915511108040
4915511530428
4915511394466
4915511024001
4915510060474
4915510379732
4915511423197
4915511437097
4915511350227
4915511058230
4915510537051
4915510184535
4915511028174
4915511529062
4915511465249
4915511509431
4915511588873
4915511596441
4915510975482
4915510742907
4915510090622
4915511391998
4915511440957
4915510249976
4915510569071
4915511296060
4915511858059
4915511300330
4915511339562
4915510477999
4915510819333
4915511066536
4915511285828
4915510350245
4915510112596
4915510860208
4915510210498
4915510135646
4915510444363
4915511737164
4915511511628
4915510992398
4915510265517
4915510257842
4915510013059
4915510313515
4915510863388
4915510601185
4915511580806
4915511676621
4915510097639
4915511363240
4915510111070
4915511940100
4915511749691
4915511901207
4915511488936
4915511138179
4915511760756
4915510267026
4915510416212
4915511425992
4915510586237
4915511194633
4915510451331
4915510500597
4915510333467
4915510557402
4915511772176
4915511912371
4915511002132
4915511484121
4915511370589
4915511503895
4915511591759
4915510258675
4915511669703
4915510938192
4915510720301
4915510971796
4915510509378
4915510739634
4915511187471
4915510684454
4915511700538
4915510101472
4915510257505
4915511120666
4915511090802
4915510913591
4915510409600
4915510926862
4915511267386
4915511031838
4915511248922
4915511174887
4915510909639
4915510792882
4915511471390
4915511340058
4915511142472
4915510392621
4915511296670
4915511091891
4915511703644
4915511480880
4915510420111
4915511677496
4915511702139
4915511132265
4915511610802
4915510695245
4915510786589
4915510329902
4915510927645
4915510782742
4915511833720
4915511629575
4915510337399
4915510583364
4915511068961
4915510604258
4915510061219
4915511003917
4915510967313
4915511207984
4915510167214
4915511060705
4915510115343
4915511082203
4915510993294
4915510527435
4915510697495
4915510900856
4915511395855
4915511583676
4915510068779
4915511330583
4915511703641
4915510245695
4915510212567
4915510355467
4915511438872
4915511562487
4915510973520
4915511067571
4915511408825
4915510775533
4915511877990
4915511570494
4915510874561
4915511468113
4915511197634
4915511879133
4915510953109
4915510444545
4915510399179
4915511351810
4915510224160
4915511056226
4915511150198
4915511489888
4915510847567
4915510610931
4915510671494
4915510213923
4915510074522
4915511576822
4915511268590
4915510756762
4915510775775
4915510997573
4915511524065
4915510992780
4915510395622
4915511352379
4915510172938
4915510790407
4915510733522
4915511067851
4915511719165
4915510332708
4915510582800
4915511922815
4915510497398
4915510862667
4915511108562
4915510608543
4915511152947
4915510794522
4915510835258
4915511115144
4915511885527
4915511937107
4915510381526
4915511452495
4915510145717
4915510311192
4915511661505
4915510891604
4915510156777
4915511249618
4915511178518
4915511848055
4915511304552
4915510094079
4915511567659
4915510053470
4915511782392
4915510989685
4915511525461
4915510097800
4915510729864
4915510138911
4915510707900
4915511705423
4915511570373
4915510799315
4915510651777
4915511462272
4915511395038
4915511136685
4915510323323
4915511099314
4915510509514
4915511304603
4915510202661
4915510863431
4915510066523
4915510662027
4915511380750
4915511946039
4915510146893
4915511819263
4915511563202
4915511406145
4915510721245
4915510146985
4915510352700
4915510781973
4915511726990
4915511241805
4915510259572
4915511601344
4915511236767
4915511768029
4915510952695
4915511034123
4915510659601
4915511418529
4915511144738
4915510305661
4915510252546
4915510677278
4915511178820
4915511693868
4915511959335
4915511213913
4915511405085
4915511255131
4915511759408
4915511084646
4915511153560
4915510619150
4915510862181
4915510461706
4915510467377
4915510930922
4915511948763
4915511761052
4915510107275
4915510912487
4915510202158
4915510823759
4915510638878
4915511476661
4915510576618
4915511985696
4915511412137
4915510551010
4915510256964
4915511947926
4915511654674
4915510257740
4915510932758
4915511331765
4915510788562
4915510262446
4915510880910
4915510780477
4915511470412
4915511282269
4915510027356
4915511554280
4915511055044
4915510700275
4915510282853
4915510129974
4915510071826
4915510457283
4915510208694
4915511595050
4915511228988
4915510191136
4915511598066
4915510970516
4915510682475
4915511132360
4915511767945
4915510430463
4915511782588
4915510561610
4915510399812
4915510213282
4915511370541
4915511594383
4915510853307
4915510758582
4915510723541
4915510806029
4915511077215
4915511757374
4915510719475
4915511989102
4915510646476
4915510436042
4915511492656
4915511886372
4915511379690
4915511740776
4915511199780
4915510984851
4915510869423
4915510702958
4915510474701
4915510292873
4915511070446
4915511750386
4915510320113
4915510113836
4915510935630
4915511831202
4915510940698
4915511944634
4915510948013
4915510880990
4915511013588
4915511611451
4915510156445
4915510479895
4915511941534
4915510914753
4915510474918
4915510043564
4915511998058
4915511670317
4915510980348
4915511150272
4915511649821
4915511523494
4915511895562
4915511285853
4915510558148
4915511321233
4915510932193
4915510229093
4915510286877
4915510589680
4915510716988
4915511661937
4915511595994
4915511915920
4915510445291
4915510792995
4915511022241
4915510941969
4915511225364
4915511768509
4915511081907
4915510892053
4915510110321
4915511134623
4915511009925
4915511462749
4915510481829
4915511993868
4915510382190
4915510361157
4915511497022
4915511929347
4915511063297
4915510670936
4915511575214
4915511633631
4915510651240
4915510175522
4915510487633
4915510492297
4915510770760
4915510332024
4915510692455
4915511580403
4915510603429
4915510220799
4915511952911
4915511580917
4915510913558
4915511963207
4915510161797
4915510713108
4915511489723
4915511122514
4915511728250
4915510226867
4915510823813
4915511574848
4915510608052
4915511637399
4915511836536
4915511692354
4915510293486
4915510045907
4915510184236
4915510911755
4915510715327
4915511917881
4915510159545
4915510909756
4915510334384
4915510494862
4915511401477
4915511131189
4915511839789
4915510934292
4915511652598
4915511905191
4915511603934
4915511313185
4915510151137
4915510529022
4915511487605
4915511635290
4915511477605
4915511846452
4915511124795
4915511971444
4915511199292
4915510490766
4915510441916
4915510685131
4915511723892
4915510776889
4915510673271
4915510330889
4915511197882
4915510066317
4915510233677
4915510629014
4915510362740
4915510074611
4915511384244
4915510181773
4915510142274
4915511518417
4915510117111
4915511120469
4915511773975
4915511427062
4915510801291
4915510533889
4915510200921
4915511661614
4915510995616
4915511584375
4915511014242
4915511386638
4915511846434
4915510521314
4915511883915
4915510543593
4915511267954
4915510441747
4915511994469
4915510412817
4915510974860
4915510466460
4915511584297
4915511213235
4915511920525
4915510546699
4915511740746
4915511299727
4915511394913
4915511858784
4915511793526
4915511859516
4915511739194
4915510901250
4915511578005
4915510019232
4915510717231
4915510248002
4915511529209
4915510728790
4915510666910
4915511773179
4915510612067
4915511227637
4915510138216
4915511362475
4915511956837
4915510202496
4915511547968
4915511814655
4915511693524
4915510250661
4915511268130
4915510791370
4915511353915
4915511250733
4915511169164
4915511240997
4915511601551
4915511740705
4915511656159
4915510527832
4915510566521
4915510060205
4915510679808
4915510425840
4915510493811
4915511209734
4915511768584
4915510983862
4915510321842
4915510584725
4915510242054
4915511137172
4915511078239
4915511771718
4915511291739
4915511772580
4915511955824
4915510422604
4915510722595
4915510884423
4915511627776
4915511745030
4915511571318
4915511411725
4915510836839
4915511231858
4915510006711
4915510217995
4915510150080
4915511484873
4915510626669
4915511810781
4915511781828
4915510574404
4915511099641
4915510929436
4915511566596
4915510935412
4915510412254
4915511754584
4915510599179
4915511435335
4915511861728
4915511676491
4915510780946
4915510199173
4915511125995
4915511984244
4915510815035
4915511881263
4915510514547
4915511125155
4915511016627
4915511840102
4915510786525
4915511924662
4915511338698
4915511445853
4915510697141
4915511659959
4915511501953
4915510531150
4915511485120
4915511439403
4915511412037
4915510952920
4915510629943
4915511709422
4915511055484
4915510768087
4915511641172
4915511253231
4915511083516
4915510160880
4915511020222
4915510452146
4915511118723
4915510764903
4915510925908
4915511016027
4915510715421
4915511208918
4915510425866
4915510694158
4915510692448
4915511719030
4915511440057
4915510422656
4915511225041
4915510279276
4915510534567
4915510085260
4915511241823
4915510827929
4915510689038
4915511780595
4915511496924
4915511758411
4915511660249
4915510048201
4915511403743
4915510679803
4915511390750
4915511839350
4915510965170
4915510184730
4915511751400
4915511505966
4915511396490
4915510974549
4915511658690
4915511739395
4915511956944
4915510352954
4915511056904
4915511326438
4915510831565
4915511936994
4915510069184
4915511607987
4915511243727
4915510314942
4915510587674
4915511393451
4915510653175
4915511100630
4915510469493
4915510907192
4915510565117
4915510304987
4915510449832
4915510426407
4915511644748
4915511736920
4915511776181
4915511690165
4915510272550
4915511051641
4915510172078
4915511905327
4915511460843
4915510805703
4915511430150
4915510891694
4915511347955
4915510146996
4915510402752
4915511353455
4915511615870
4915510092695
4915511885001
4915511618475
4915511998740
4915510759454
4915510480017
4915510848014
4915511522825
4915511191477
4915510665374
4915511717822
4915511089997
4915511939180
4915510309715
4915511805901
4915510069151
4915510010515
4915510843560
4915510466958
4915511674363
4915510210034
4915511139262
4915510077532
4915510301346
4915511912826
4915511191138
4915510576348
4915510995284
4915510685887
4915510563796
4915511482707
4915511918269
4915511562181
4915511303107
4915510263312
4915511772288
4915510200586
4915511573102
4915510062553
4915511020343
4915511881271
4915510559145
4915510523767
4915510808849
4915511617248
4915510145065
4915511928273
4915510540909
4915511556855
4915510495773
4915511067652
4915511761905
4915511604414
4915511853735
4915511407477
4915510719377
4915511193066
4915510788069
4915510468625
4915510194475
4915511691206
4915510732590
4915511186369
4915510668269
4915511873481
4915510956339
4915510210089
4915511312797
4915510680980
4915510391886
4915511017284
4915511646798
4915510000985
4915510231136
4915511784930
4915511796989
4915511983929
4915510453300
4915510790252
4915510622471
4915510996650
4915510945874
4915511005250
4915511583683
4915510078748
4915511017776
4915510019552
4915510142057
4915511492580
4915510813203
4915511806433
4915510834770
4915511408725
4915511977219
4915511348458
4915511747223
4915511498596
4915510389968
4915510048859
4915510959718
4915510285916
4915510762936
4915510046987
4915510274516
4915510293169
4915510514190
4915510809073
4915511766042
4915510254833
4915511287100
4915510704797
4915510264707
4915510537777
4915510170951
4915511560399
4915510650076
4915511988562
4915511326712
4915510050880
4915511274527
4915511017172
4915511682861
4915510850610
4915510302786
4915511517708
4915510092004
4915510963277
4915510945288
4915510900377
4915510295815
4915510381675
4915511812031
4915510558252
4915510902667
4915510776761
4915510102203
4915511608194
4915511942859
4915511325574
4915510155802
4915511585839
4915510357412
4915510300280
4915510169794
4915511094269
4915511458469
4915510291806
4915510279317
4915510948308
4915510035203
4915511712152
4915511922564
4915510257738
4915511011829
4915511895066
4915511332433
4915511990040
4915510416740
4915510383771
4915510511104
4915510670258
4915510169558
4915510445321
4915510784824
4915511937382
4915510176634
4915510613755
4915511197009
4915510591925
4915511636722
4915510224779
4915510881851
4915510435537
4915510421524
4915511437580
4915510757371
4915511796389
4915510337664
4915510954084
4915510939805
4915510003984
4915510103482
4915511604750
4915510383961
4915511293417
4915510131832
4915511871903
4915510956204
4915511823461
4915511285533
4915510646326
4915510387408
4915510326847
4915511459090
4915511168208
4915510485917
4915510786126
4915510625556
4915511248000
4915510068556
4915510094919
4915510068513
4915511979806
4915510726670
4915511382969
4915510338933
4915510111746
4915510593677
4915510202901
4915511288185
4915511896802
4915510697993
4915511605536
4915511297691
4915510079853
4915511708872
4915511929483
4915511413444
4915510606296
4915510582181
4915511867240
4915511535313
4915511342190
4915510525114
4915510447704
4915510076621
4915510547370
4915511817362
4915511368992
4915511545035
4915511466217
4915510200197
4915511436620
4915510729812
4915510418606
4915510816944
4915510651666
4915510262045
4915510704816
4915510733319
4915511543337
4915510533459
4915510811216
4915510084054
4915511923003
4915511130273
4915511738669
4915511165052
4915510727036
4915510241106
4915511833748
4915511805716
4915511344289
4915510335386
4915511770229
4915510262879
4915510358570
4915511689263
4915511422010
4915511132273
4915510869810
4915511598685
4915510684574
4915511696261
4915511532936
4915511135809
4915511477898
4915511370160
4915510506877
4915511596394
4915510947781
4915510683449
4915511982410
4915511555730
4915510734619
4915511830739
4915510132111
4915511838467
4915511531035
4915510290743
4915510164834
4915511151861
4915510588321
4915511386379
4915510349392
4915510533943
4915511891826
4915511688513
4915511020601
4915511442913
4915510115902
4915510904602
4915510047873
4915510306527
4915510550128
4915511220768
4915511750512
4915510858480
4915511921700
4915511946908
4915511643530
4915511541580
4915511082459
4915510599755
4915511386592
4915511876040
4915510935902
4915510102563
4915511063671
4915511373135
4915510021046
4915511735303
4915511834682
4915511628054
4915511383289
4915511737043
4915510192899
4915510905322
4915511608618
4915511841650
4915510666336
4915510726773
4915511228927
4915511425125
4915511349298
4915511508653
4915510423988
4915511039480
4915510473623
4915511300629
4915510426754
4915510648665
4915510151977
4915510091351
4915511483358
4915510732575
4915511233867
4915511094372
4915511055507
4915510812273
4915510438640
4915510748130
4915510323586
4915511241388
4915510812667
4915510282926
4915510889717
4915511092057
4915510291605
4915510995540
4915510098291
4915510925982
4915510956834
4915510313781
4915510631517
4915510060125
4915510676206
4915511079137
4915510322321
4915510689367
4915511371249
4915510719333
4915510601383
4915511813194
4915510716819
4915511469481
4915511839775
4915510410035
4915510917275
4915511355511
4915511244616
4915511467661
4915511818825
4915511683452
4915510276853
4915510659816
4915510466546
4915511645645
4915510404766
4915510534142
4915511954190
4915510433857
4915511467360
4915511813923
4915511705673
4915511014877
4915511379609
4915511340397
4915511980673
4915510460740
4915510242147
4915511964156
4915510708632
4915511473475
4915511363821
4915511491154
4915510298162
4915511115782
4915511573663
4915510866228
4915511718193
4915510553552
4915511820233
4915511634450
4915510773134
4915510264081
4915510863927
4915511111634
4915511594902
4915510907220
4915511084011
4915510788468
4915511856468
4915510256916
4915511928457
4915511485418
4915510068748
4915510999704
4915510890105
4915511937124
4915511902461
4915511899035
4915510645578
4915510299317
4915510420161
4915510475629
4915511964394
4915510680264
4915510457023
4915510872409
4915510496259
4915510195002
4915510897551
4915511161242
4915511055286
4915511416551
4915510943546
4915510995743
4915510022634
4915510263839
4915511482927
4915511253614
4915511248310
4915510886323
4915510035924
4915511949117
4915511256887
4915511086298
4915511649591
4915511977252
4915510978931
4915510350213
4915511873917
4915511027002
4915510829349
4915510694349
4915510760873
4915511418989
4915510949896
4915511874305
4915511941138
4915510769996
4915510840165
4915510143339
4915510454216
4915510617619
4915511219141
4915511037902
4915511198584
4915510768213
4915511706094
4915511470593
4915510998933
4915511233469
4915511396948
4915510485633
4915510299806
4915510632302
4915511191882
4915511466830
4915511896744
4915510759175
4915511721665
4915510375407
4915510629938
4915511101529
4915510230091
4915510218958
4915510745725
4915511270623
4915511273165
4915510993642
4915511672289
4915510239578
4915511418767
4915511581900
4915510873327
4915511244465
4915510637407
4915511832854
4915511164575
4915511968042
4915510849557
4915511598355
4915510229083
4915511131321
4915510136362
4915510897707
4915510446542
4915511367314
4915510046226
4915510608820
4915511671635
4915510528192
4915510290207
4915510602348
4915511418118
4915510120268
4915510878133
4915510872355
4915510493887
4915510809054
4915511829952
4915510354338
4915511569719
4915511681696
4915510828627
4915510655390
4915511241708
4915510947602
4915511152189
4915511302202
4915511851326
4915510709179
4915510350365
4915510658971
4915510487132
4915511098859
4915511653236
4915510996347
4915510925890
4915510293760
4915510334229
4915511662806
4915510276529
4915511670192
4915510743718
4915510288929
4915510354897
4915510028018
4915511731214
4915510675375
4915511217472
4915510013045
4915511521324
4915511225610
4915510399309
4915511221468
4915510826972
4915510656726
4915510076639
4915511892956
4915510644379
4915510544590
4915510621182
4915511125990
4915510222097
4915511663379
4915510867599
4915510400807
4915511951447
4915511970937
4915510933079
4915510434447
4915511016484
4915511973281
4915511082978
4915511711351
4915510829074
4915511186504
4915511708031
4915510503764
4915511443059
4915510164263
4915511344421
4915510424099
4915510936383
4915510528431
4915511627155
4915510571821
4915510039285
4915510692667
4915511468809
4915510687469
4915511606385
4915510801124
4915510172379
4915510840912
4915511523246
4915511077901
4915510027621
4915511566257
4915510726898
4915510329263
4915511214906
4915510260039
4915511434763
4915510998297
4915510682341
4915510179969
4915511749916
4915511292075
4915511696960
4915511010376
4915511567621
4915511443685
4915511336558
4915510772323
4915511451567
4915511890562
4915511136739
4915511137087
4915510424320
4915511194426
4915511076994
4915510442443
4915511735927
4915510370638
4915511760428
4915511020957
4915511124126
4915511637551
4915510509816
4915511538155
4915510052334
4915511108155
4915510645211
4915511447556
4915511246335
4915510068619
4915510341453
4915511594502
4915510094512
4915511083595
4915511662594
4915510647320
4915510847791
4915511718751
4915511224147
4915510303081
4915511008624
4915511326579
4915510661018
4915511850244
4915511936913
4915510749344
4915511806727
4915510023291
4915510872480
4915510052796
4915510147671
4915511228718
4915510406200
4915510920955
4915511655247
4915511665904
4915511780706
4915510915295
4915510117870
4915511947422
4915510596223
4915511621428
4915510904795
4915510728325
4915511611208
4915511276242
4915511169215
4915511334424
4915511481130
4915510613559
4915510945496
4915511686007
4915511461549
4915511190172
4915511407097
4915511925903
4915510715735
4915511967819
4915510671573
4915510263245
4915511097619
4915510669410
4915511533326
4915510495928
4915510471670
4915511687199
4915511381982
4915510036671
4915511503396
4915510262023
4915511470836
4915511084899
4915510383860
4915510958771
4915510931658
4915510386189
4915510773748
4915511876553
4915510274811
4915510686252
4915510001486
4915510290147
4915511190426
4915510653205
4915511361057
4915510541786
4915510007198
4915510837231
4915510310363
4915511905917
4915511055305
4915510767584
4915511358628
4915510056827
4915510889556
4915511734677
4915510360421
4915510303241
4915511975298
4915510135817
4915511490456
4915511853559
4915510896089
4915511662924
4915510808375
4915510720797
4915511242346
4915510373717
4915510942044
4915510916990
4915510405188
4915511262307
4915510159324
4915510614344
4915510963754
4915510699805
4915510653119
4915511786629
4915511080730
4915510785633
4915511041694
4915510324171
4915511692255
4915511933205
4915511923435
4915510522173
4915510719121
4915511242384
4915510813686
4915510922864
4915510315278
4915510526710
4915510883036
4915510544194
4915510126674
4915511315724
4915511272133
4915510176270
4915511501268
4915510074402
4915510982184
4915511275381
4915511296529
4915510586414
4915510730478
4915510880258
4915510761410
4915510212826
4915510935571
4915510991291
4915510449977
4915511951904
4915510420101
4915510735551
4915511939395
4915511932298
4915510979462
4915510991716
4915511746775
4915510334165
4915511533372
4915510744165
4915510123335
4915511458793
4915511415489
4915510016860
4915511811675
4915511598230
4915511081896
4915510889884
4915510710960
4915511867184
4915510883175
4915511661917
4915511310377
4915511137440
4915510754862
4915510300503
4915510209232
4915510861139
4915510538820
4915510860748
4915510923889
4915511177669
4915511727509
4915510516739
4915511595711
4915511697362
4915510220866
4915510387821
4915510094640
4915510385072
4915511680211
4915511286474
4915510992383
4915510942039
4915511138732
4915510318313
4915510517371
4915511834323
4915510130264
4915510937367
4915510897857
4915510293860
4915510727365
4915511247994
4915510906522
4915511547050
4915510422739
4915511259192
4915510646701
4915511587666
4915510782212
4915511460244
4915511804583
4915510231283
4915511479683
4915510547960
4915510017276
4915510439716
4915510314364
4915510432856
4915510484262
4915511214593
4915511993288
4915510923381
4915511299272
4915510686851
4915511625333
4915511106291
4915510233103
4915510221918
4915510507905
4915511602090
4915510665253
4915511607631
4915511699754
4915511170201
4915510119731
4915511888888
4915511965154
4915510854227
4915511589645
4915511440245
4915511902176
4915510976922
4915510963349
4915511126156
4915510741797
4915511174643
4915510463473
4915510527098
4915511314428
4915510180529
4915510217854
4915510979866
4915511345016
4915510193231
4915511060641
4915511200202
4915511077895
4915510915756
4915510714235
4915510605410
4915510142267
4915510277743
4915511090436
4915511938444
4915510483813
4915511410413
4915511550084
4915510542043
4915511587847
4915510952233
4915510884662
4915511336488
4915511540585
4915511122394
4915511951867
4915511330406
4915510007344
4915510674807
4915510901687
4915510437303
4915511213528
4915510050426
4915510354500
4915510630596
4915511168875
4915511267613
4915511429316
4915510748554
4915511921636
4915510453485
4915510431006
4915511677305
4915510797626
4915511724807
4915511710699
4915511489113
4915511607954
4915510620370
4915511399973
4915511745079
4915511523019
4915510901844
4915511609567
4915510933252
4915510403109
4915511460480
4915511771464
4915511577998
4915510364523
4915511102385
4915510554450
4915511607763
4915511521200
4915510917001
4915511772163
4915510944585
4915511469801
4915511914377
4915511640813
4915510928693
4915511459108
4915510654147
4915510654027
4915510909465
4915511576630
4915511329247
4915510131361
4915510358025
4915510845630
4915510783085
4915510311986
4915511888827
4915511394629
4915510669113
4915510573296
4915510278623
4915510361161
4915510499959
4915510398435
4915510269002
4915510842637
4915511319690
4915511803088
4915510293711
4915510196192
4915511940710
4915511860226
4915511691227
4915511922184
4915511651855
4915511168864
4915511063243
4915510357926
4915511484222
4915511179386
4915511699172
4915511438893
4915511522185
4915510418777
4915510603362
4915511144611
4915510926120
4915510133067
4915511763930
4915511627569
4915510667402
4915510193317
4915510250902
4915511132753
4915511731062
4915511733931
4915510074014
4915510949993
4915511234485
4915511695108
4915511711761
4915510802660
4915510325902
4915511755410
4915511419124
4915510707300
4915510375635
4915510258887
4915510348553
4915510183876
4915511473456
4915511512716
4915511732562
4915510914757
4915510925767
4915511952629
4915510774422
4915511642450
4915510192385
4915511067532
4915510833044
4915510590990
4915511045869
4915511062847
4915510182957
4915511233535
4915510844068
4915511264206
4915510965741
4915510771175
4915510984398
4915510148627
4915510655741
4915511588861
4915510539782
4915511704968
4915510466704
4915510653391
4915510976724
4915510743114
4915511063623
4915511005307
4915510523478
4915511825056
4915511925426
4915510672349
4915511756670
4915511752882
4915510877570
4915510281119
4915510594729
4915511702017
4915510665974
4915511566955
4915510485374
4915511856431
4915510453376
4915510751588
4915510694395
4915511424781
4915510898677
4915510441172
4915511607378
4915510259954
4915511345150
4915511679326
4915510463672
4915511021889
4915510869971
4915511852766
4915511299382
4915511181089
4915511520381
4915511209697
4915510464667
4915510830230
4915510238067
4915511870628
4915511788780
4915511042761
4915510342045
4915510403725
4915511241112
4915510526930
4915511813788
4915511930395
4915510758750
4915510718797
4915511538047
4915511553098
4915511369434
4915510688574
4915511283504
4915510725168
4915510855629
4915511436682
4915511175446
4915511977140
4915511240072
4915510636734
4915511196824
4915511204650
4915511682112
4915511853999
4915511129803
4915510966799
4915511693852
4915510321078
4915510566178
4915510711748
4915511136996
4915511634840
4915510136913
4915510867377
4915510429945
4915511569742
4915511505378
4915510849017
4915511235516
4915511555481
4915511234062
4915510105249
4915510316761
4915511173509
4915511623009
4915510187945
4915511278378
4915510425067
4915511675660
4915510837048
4915510343567
4915510438891
4915511271498
4915510949841
4915511190136
4915510803470
4915511814231
4915511891884
4915510801180
4915510456670
4915511928556
4915511101904
4915510938049
4915511014423
4915510229150
4915511124394
4915511114933
4915511395981
4915511548139
4915511927509
4915511269794
4915510533777
4915510480529
4915510296052
4915511209225
4915510145292
4915511797222
4915510877890
4915511672063
4915510412001
4915511625559
4915511531640
4915510774362
4915510835804
4915510903476
4915510464963
4915511943894
4915511282695
4915511426598
4915510563620
4915511850714
4915510016393
4915510894493
4915511175243
4915511655599
4915511020233
4915510004170
4915511313055
4915510741999
4915511305806
4915511189740
4915510608010
4915511890051
4915510583396
4915511029425
4915510507881
4915511133271
4915511189040
4915511564211
4915510197667
4915511217953
4915510594974
4915511397740
4915510077367
4915510466790
4915510778235
4915510057570
4915511580675
4915510491091
4915511681983
4915511143008
4915510149680
4915511557727
4915510032355
4915511182519
4915511078197
4915511620262
4915510172441
4915510893358
4915511241520
4915511511881
4915510838015
4915511743763
4915511914441
4915510106704
4915510922692
4915511732888
4915510998471
4915511055113
4915510711661
4915510712451
4915510833852
4915510846632
4915511316757
4915510649904
4915511399970
4915510268439
4915510441755
4915510208344
4915511058617
4915510908894
4915511214148
4915510541307
4915510082805
4915511838910
4915510314660
4915510233220
4915511500551
4915510848318
4915511683933
4915511561096
4915511127428
4915511759990
4915510718841
4915510586668
4915510028068
4915510404421
4915510955149
4915511892233
4915510087918
4915511172071
4915510664542
4915511813775
4915511940353
4915510132678
4915511178528
4915510857969
4915511055771
4915510484586
4915511849655
4915511136234
4915511295949
4915510038287
4915510524849
4915511622920
4915510251114
4915511655003
4915510973082
4915511356662
4915511407130
4915511320148
4915510685719
4915510654661
4915511824840
4915510150183
4915510138786
4915510120587
4915510296396
4915510330997
4915510099974
4915511973878
4915511024727
4915510468941
4915510881667
4915510721450
4915511971117
4915511156504
4915510211809
4915511082227
4915510627932
4915510488335
4915511332260
4915510483695
4915511794654
4915510620708
4915510951979
4915510313195
4915511913588
4915510374042
4915511365572
4915510045038
4915511019289
4915510168488
4915510311950
4915510366199
4915511284538
4915511815023
4915511301811
4915510679296
4915511536851
4915510833529
4915510068696
4915510161430
4915511858010
4915510745065
4915511915938
4915511940552
4915511940100
4915510618380
4915510121565
4915511511957
4915510838421
4915510132653
4915510071216
4915511170231
4915510171151
4915511960146
4915511092724
4915510366341
4915511494136
4915510353880
4915511105278
4915510480257
4915511443692
4915511399221
4915510306436
4915511054426
4915511672605
4915510227357
4915511211386
4915510400212
4915510517612
4915510142486
4915511070139
4915511806490
4915511710112
4915511621087
4915510422060
4915511681420
4915511542564
4915511117087
4915511026423
4915511410777
4915510045008
4915510383120
4915511175431
4915511954222
4915510259903
4915510241185
4915510879499
4915510280183
4915510243053
4915510291788
4915511283413
4915510366990
4915510241091
4915510742997
4915511314568
4915511004481
4915510794390
4915511817173
4915510797744
4915510750819
4915510445735
4915510606959
4915511534541
4915511472912
4915510582916
4915510341315
4915511501034
4915510490461
4915510947267
4915511477086
4915510935316
4915511080919
4915511136749
4915510730096
4915510626551
4915510658461
4915511452445
4915511244119
4915510500154
4915510108157
4915511763724
4915511990766
4915510207158
4915510803154
4915510236784
4915510659118
4915511524645
4915510406924
4915510808566
4915511433961
4915511500278
4915511837643
4915510531410
4915510709045
4915511553236
4915510681278
4915510660597
4915511180643
4915510161081
4915511807932
4915510564058
4915511238930
4915510721963
4915511294105
4915510337380
4915510335174
4915511453038
4915511931360
4915511538401
4915511922613
4915510840380
4915511929255
4915511935363
4915511196486
4915510516114
4915511013768
4915511803972
4915511452979
4915510642672
4915511962843
4915511255256
4915511680649
4915510191635
4915510179928
4915510242961
4915510517900
4915510246007
4915511014063
4915511501719
4915511487532
4915511525417
4915510632768
4915511750469
4915510964839
4915510712634
4915511682916
4915510710285
4915510791005
4915510856243
4915511379333
4915510801822
4915511728231
4915511816821
4915511139047
4915510111625
4915510699544
4915511824218
4915510139668
4915510168783
4915510085369
4915510115754
4915511728665
4915511158831
4915511058306
4915511895171
4915510037135
4915511122930
4915510520007
4915510338535
4915510738657
4915510554948
4915510358628
4915510782181
4915510351459
4915510128726
4915510436604
4915511951583
4915511411775
4915510427874
4915511346108
4915510015915
4915510670501
4915510333690
4915510336416
4915510608612
4915510447679
4915510521693
4915510101917
4915511164581
4915510312342
4915511032826
4915511162562
4915511993219
4915511296824
4915511587808
4915510978493
4915510047712
4915510884721
4915511592770
4915511114846
4915510708015
4915511279906
4915510837644
4915510450988
4915511973419
4915511540294
4915510382610
4915511745403
4915510586865
4915510430377
4915511604566
4915511493933
4915510817833
4915510493786
4915511289026
4915511004649
4915510239460
4915510568656
4915511475450
4915510477192
4915510421349
4915511675661
4915511658667
4915511007990
4915511717720
4915511432545
4915510992363
4915510808755
4915510397862
4915510993414
4915510482763
4915510690161
4915511304302
4915511141422
4915510878904
4915510969252
4915510157427
4915510452122
4915510083723
4915511274665
4915510233756
4915510120233
4915510705735
4915511963822
4915510386872
4915511354697
4915510869293
4915510105068
4915511831506
4915511199420
4915511124544
4915511504933
4915511623716
4915511086936
4915510607034
4915511479432
4915511221790
4915511089182
4915510949103
4915511570934
4915511822834
4915510879218
4915510291866
4915510185085
4915511028936
4915511265122
4915510934131
4915511053084
4915510343390
4915511370542
4915510649745
4915510588419
4915510825232
4915511180514
4915510607672
4915510340024
4915511862927
4915511606770
4915511689033
4915510997802
4915511511017
4915511480907
4915510421341
4915510273321
4915510932323
4915510774116
4915511818539
4915510553631
4915511221408
4915511767837
4915510431605
4915511811084
4915511589456
4915510811336
4915511091120
4915510468556
4915511731579
4915510050810
4915510370934
4915510622284
4915510908829
4915510297456
4915511062368
4915511691203
4915511649418
4915510289584
4915511425449
4915510752557
4915511242365
4915510509661
4915511586395
4915511749475
4915510186650
4915510044649
4915510418669
4915510907563
4915511564905
4915510346984
4915511719678
4915511987323
4915511708351
4915511326705
4915511043321
4915510584731
4915511528255
4915510442613
4915511352311
4915511220222
4915511883322
4915511844127
4915511322348
4915510186327
4915511720772
4915510847534
4915511451319
4915511924731
4915510669322
4915510632312
4915511886903
4915511210293
4915510174902
4915510361113
4915511481724
4915511927507
4915510957706
4915510345934
4915511746782
4915511641220
4915511201694
4915511754030
4915511732011
4915510532370
4915510962581
4915511707624
4915510500106
4915510825603
4915511914630
4915510253186
4915511302146
4915510508276
4915510518683
4915511176656
4915510830967
4915510347758
4915510207873
4915511604890
4915510471987
4915510969380
4915511923651
4915510554102
4915510495335
4915511091877
4915511515390
4915510457541
4915510245401
4915510776075
4915511944355
4915510763410
4915511710925
4915510625315
4915511612535
4915511808842
4915511053669
4915510994753
4915510342758
4915511760174
4915510769889
4915510071405
4915510451033
4915511470133
4915511611278
4915511952387
4915510214019
4915511541474
4915511624039
4915511555389
4915511051251
4915510246038
4915511376661
4915511177535
4915511491886
4915510848172
4915510848053
4915511670356
4915510491299
4915511124241
4915510670482
4915511089133
4915511293882
4915510943926
4915511865303
4915511569697
4915511482691
4915511401100
4915511668635
4915511364677
4915511690975
4915511225873
4915510781957
4915511130774
4915510253302
4915511304616
4915511310421
4915510221092
4915511541641
4915511800408
4915510834252
4915510127051
4915510426595
4915510881396
4915511290914
4915511270758
4915511059632
4915510854885
4915511998223
4915511858310
4915510827895
4915511295761
4915510903088
4915511227632
4915511280579
4915511207243
4915511488950
4915510776022
4915511952621
4915510031189
4915510116530
4915510688968
4915511227174
4915510356894
4915511831721
4915510271386
4915511593465
4915510842110
4915510837746
4915511262986
4915511268226
4915511664054
4915510432766
4915511381955
4915510680334
4915511273551
4915510300480
4915511371538
4915510959296
4915510458143
4915510143777
4915511482565
4915511498486
4915511259704
4915510281674
4915511921390
4915511488263
4915510189604
4915510566333
4915510398930
4915511295553
4915511784415
4915511715093
4915511827889
4915511113513
4915510252355
4915510265751
4915510823948
4915511631815
4915510914293
4915511715668
4915511829059
4915510043183
4915511940429
4915511864887
4915511726519
4915511328031
4915510204003
4915511594684
4915510643126
4915510153707
4915511207048
4915510545639
4915510282118
4915510968003
4915511372650
4915510243258
4915511419868
4915510309229
4915511433657
4915511990843
4915511322351
4915511377737
4915510565573
4915510190686
4915510342465
4915511970705
4915511809857
4915510595774
4915510653432
4915510741690
4915510699664
4915510909585
4915511324259
4915510093432
4915511579438
4915510172199
4915510377517
4915510354131
4915511841244
4915510468033
4915510305521
4915511796970
4915511445719
4915511991484
4915511887072
4915511086680
4915511773300
4915511048161
4915511232410
4915511564500
4915511219360
4915510810228
4915510147764
4915510761808
4915511802698
4915511640397
4915510892049
4915511190521
4915511604000
4915510172185
4915510733339
4915510743840
4915511391730
4915510814087
4915510349378
4915510869092
4915511872261
4915511976030
4915510249964
4915510186672
4915510871348
4915511256390
4915511306059
4915510957409
4915510036523
4915510743039
4915510384037
4915510376461
4915510583013
4915511453974
4915510829639
4915511573046
4915510202743
4915511512917
4915511793739
4915510467559
4915511391891
4915511589596
4915511355058
4915511435460
4915511725535
4915511472750
4915511866840
4915511772383
4915510292255
4915510059697
4915511502205
4915511822920
4915510628732
4915510645226
4915511564553
4915510140212
4915511915795
4915511780206
4915511231149
4915510769388
4915511549904
4915511218841
4915511752066
4915511348209
4915511878083
4915510389308
4915511876968
4915510466824
4915510837448
4915510259330
4915510910553
4915511030487
4915510374246
4915510632637
4915510870476
4915510300643
4915510879087
4915510170530
4915510549624
4915510961860
4915511158398
4915511142873
4915510990143
4915511326568
4915510913906
4915510410092
4915510968947
4915511791285
4915510276153
4915511615437
4915510123352
4915511703764
4915511033249
4915511115255
4915510548590
4915511145348
4915511197082
4915510705561
4915510825300
4915510476030
4915511709171
4915510276709
4915510622066
4915511495442
4915510204282
4915510144038
4915510794097
4915511316821
4915511722451
4915510392243
4915510109105
4915511355009
4915510759212
4915511312148
4915510413853
4915511332275
4915510961256
4915510707674
4915510083028
4915510346601
4915511599695
4915511540765
4915510970546
4915510614696
4915511638927
4915510628333
4915511784965
4915510285603
4915511786982
4915510172363
4915511598458
4915510510751
4915510380787
4915511533463
4915510099764
4915511923375
4915511829763
4915510776449
4915510620660
4915510377219
4915510581999
4915511021538
4915510253390
4915510409090
4915510336079
4915511703239
4915510993902
4915511798708
4915510782599
4915510817944
4915510604655
4915510419351
4915510852088
4915510547302
4915511795787
4915510253931
4915511693288
4915511239363
4915510051082
4915511758444
4915510505490
4915511610317
4915511398890
4915510021060
4915511678651
4915511809107
4915510528610
4915510559822
4915511662746
4915511160297
4915511326668
4915510436480
4915511426739
4915511900823
4915510186402
4915511638622
4915510419810
4915511530026
4915510133722
4915510998294
4915511995884
4915510493902
4915511822292
4915510866351
4915511753025
4915510780514
4915511520008
4915511526425
4915511045293
4915510780824
4915511929726
4915511103227
4915511692542
4915511594433
4915510924848
4915511673877
4915511138321
4915510155005
4915510477510
4915510774884
4915511717557
4915510084355
4915511893646
4915511814949
4915510477994
4915510711649
4915511651871
4915510014422
4915511520030
4915510604972
4915511844111
4915511934822
4915510781463
4915510814297
4915510574413
4915510918007
4915511219257
4915511853641
4915511936514
4915510156067
4915511492893
4915511519882
4915510730620
4915511668115
4915510584251
4915511625086
4915511008576
4915511328073
4915510885215
4915511838942
4915511529649
4915510562124
4915510584709
4915510352924
4915511156268
4915510849842
4915511707000
4915510441976
4915511349325
4915510472980
4915511075912
4915510858710
4915510063195
4915511930516
4915511752515
4915510159112
4915511358479
4915510543656
4915511424691
4915510506393
4915510451795
4915510460620
4915511205638
4915511616017
4915511156938
4915510020945
4915511965252
4915511665089
4915510356648
4915510222337
4915510044458
4915511895762
4915510674726
4915510176788
4915510843743
4915511748922
4915510359904
4915511747370
4915511557824
4915511795875
4915510136538
4915510107609
4915511458928
4915511834162
4915511106750
4915511938044
4915510478779
4915510714892
4915511942705
4915510213165
4915511221730
4915511821755
4915511621658
4915510681102
4915511318600
4915511623130
4915511344923
4915511631702
4915511937091
4915511092284
4915510903923
4915511368904
4915510972211
4915511341437
4915511211760
4915511011911
4915511884417
4915510250535
4915511504300
4915511252913
4915511857230
4915511922037
4915510071233
4915510868114
4915510141847
4915511792570
4915511280093
4915511356572
4915510007914
4915511542580
4915511806598
4915511673478
4915511430512
4915510991255
4915510282411
4915510779038
4915510115109
4915510527112
4915511648429
4915510335805
4915511940952
4915511870199
4915510034191
4915511897194
4915510619990
4915511102189
4915511255704
4915511639502
4915510420187
4915511723419
4915510676074
4915510151060
4915510424978
4915510560084
4915511676628
4915511299398
4915510715726
4915511986003
4915511180004
4915511860669
4915511848708
4915510056514
4915511882274
4915510307293
4915511294761
4915511243048
4915510989803
4915511683392
4915510621336
4915511435248
4915511186278
4915511218029
4915510396209
4915511602090
4915511507386
4915510880032
4915511790029
4915510507154
4915510052353
4915510747617
4915511989606
4915511583660
4915511187395
4915510695274
4915510687985
4915511983472
4915511613434
4915510110562
4915510307519
4915511661694
4915511169830
4915510880481
4915510288206
4915511670014
4915510982598
4915511809830
4915510539657
4915510017100
4915511020293
4915510953588
4915511283596
4915510468672
4915511104476
4915510228575
4915510457552
4915510081605
4915510879042
4915510573929
4915510160996
4915510793961
4915511609806
4915511305198
4915510478066
4915510215159
4915510374928
4915511141361
4915510612549
4915510934678
4915510321148
4915510599769
4915511914696
4915510010579
4915510692979
4915511903752
4915511834517
4915510792794
4915511999606
4915510250440
4915510471611
4915510447752
4915510703488
4915510583382
4915510702798
4915511650874
4915510676683
4915510782754
4915511569762
4915510205230
4915511898166
4915511635408
4915510620728
4915510757578
4915510952546
4915510009205
4915510683999
4915511826520
4915510701313
4915511499870
4915510683538
4915511845465
4915511916057
4915511428227
4915510903867
4915511663474
4915511154728
4915511594926
4915511978774
4915510377007
4915510388218
4915511118110
4915510578473
4915511913642
4915510839609
4915510809358
4915511014960
4915510837869
4915510541495
4915510138794
4915511793269
4915511054887
4915511245757
4915510759043
4915511390565
4915511581095
4915510017378
4915510467253
4915510176182
4915511380431
4915511253210
4915510704931
4915511229569
4915511512406
4915511597094
4915511529565
4915510971826
4915511488898
4915510717159
4915510191471
4915510761437
4915511226273
4915510407179
4915511667695
4915510096859
4915511144383
4915510215561
4915511815169
4915511788892
4915510839435
4915510855032
4915510853963
4915511578527
4915511348625
4915511139395
4915511352143
4915511945589
4915511994589
4915510999284
4915511761967
4915510794398
4915511440686
4915510021233
4915510412593
4915511732594
4915511655898
4915511094067
4915511046249
4915511504977
4915511297287
4915511039778
4915511962516
4915510768468
4915511938867
4915511003703
4915510190927
4915510437876
4915510205587
4915510302231
4915510222621
4915510622313
4915511262291
4915511596656
4915510638665
4915510107754
4915511650734
4915510713847
4915510382591
4915510259661
4915511985139
4915510478993
4915510849671
4915511728741
4915510461767
4915511004431
4915511054349
4915511991655
4915510358693
4915511306708
4915511132318
4915511558807
4915511351618
4915510259437
4915511025922
4915511762445
4915511920242
4915511457465
4915510781937
4915511827226
4915511758195
4915510960046
4915510466746
4915510640844
4915511751505
4915511531365
4915510768031
4915510066736
4915511563685
4915511816840
4915511493245
4915510142952
4915511962087
4915510819173
4915510428151
4915510668790
4915510456892
4915510452076
4915511713718
4915511961453
4915510619623
4915510534823
4915510959025
4915510716418
4915511893569
4915511043515
4915511323781
4915510022681
4915511243982
4915510065359
4915510477675
4915510888898
4915511180602
4915510478650
4915511069591
4915510884257
4915511696223
4915510294851
4915511951955
4915511119558
4915510531133
4915511343943
4915510860159
4915511599569
4915510156465
4915511519475
4915510942923
4915510213401
4915511999673
4915511788932
4915511338568
4915511372167
4915511766208
4915510433336
4915510299190
4915510209365
4915510035798
4915510660769
4915510186858
4915511872005
4915510901297
4915511513094
4915510722902
4915510863380
4915511749364
4915510088717
4915510907396
4915510244955
4915511919020
4915511518681
4915511223668
4915511515627
4915510438756
4915510514203
4915511641937
4915510943441
4915510670625
4915511552274
4915510329019
4915510308704
4915511190259
4915510859715
4915510341646
4915510832356
4915510340788
4915511267171
4915511708814
4915510024321
4915510206713
4915510298301
4915510653584
4915510985907
4915511261955
4915511093546
4915511766165
4915510903376
4915511249839
4915511324489
4915510893968
4915510763751
4915511078594
4915510424483
4915511636467
4915511041513
4915511979009
4915510835770
4915510385061
4915510791625
4915510825433
4915511401119
4915511944350
4915511510034
4915510503436
4915511422961
4915511856565
4915510983840
4915510133520
4915511157616
4915511793429
4915510024392
4915510633033
4915511424925
4915510282982
4915510179060
4915510374265
4915510760278
4915511422219
4915511539235
4915511322235
4915511830578
4915511699528
4915511888022
4915511262589
4915511829869
4915511312425
4915511548822
4915511637483
4915510173289
4915510788754
4915511388314
4915510777948
4915511126784
4915510905603
4915511134432
4915511051136
4915510060053
4915510945695
4915510728644
4915510372374
4915510932635
4915511691239
4915510186280
4915510532197
4915510174879
4915511728716
4915511820152
4915510858759
4915511780911
4915511297562
4915511100720
4915511009629
4915511008966
4915510753504
4915510008856
4915510015609
4915510944945
4915510996608
4915510683328
4915511265797
4915510608840
4915510701310
4915511159473
4915510298769
4915510914685
4915510015228
4915511022158
4915511989610
4915510841174
4915510513067
4915511146874
4915511140269
4915510320841
4915511938638
4915510679043
4915511470151
4915510602892
4915510428335
4915511536928
4915511641617
4915510955335
4915511662705
4915511784643
4915511775040
4915510913912
4915511092104
4915511846492
4915510592429
4915511828704
4915511046554
4915510080236
4915511833791
4915511514790
4915511783480
4915511354985
4915511503583
4915510549930
4915511083671
4915510407384
4915510886203
4915511810163
4915510453319
4915510429067
4915511565230
4915511707129
4915510563315
4915511381106
4915511637279
4915510901877
4915511493231
4915510902125
4915510039100
4915510924883
4915510925369
4915511365089
4915511457963
4915510931898
4915511089194
4915511866918
4915511145589
4915510015970
4915510275051
4915510333439
4915510160575
4915510179183
4915510339209
4915511767056
4915510436779
4915511785286
4915511988016
4915511891736
4915511787668
4915511028679
4915510640590
4915510274089
4915510306952
4915510413638
4915511467452
4915510940137
4915510926364
4915510035570
4915510807891
4915510880207
4915511373006
4915510972847
4915511661168
4915511724194
4915511182211
4915510855375
4915511265287
4915510080072
4915510273037
4915510459562
4915510535683
4915510179924
4915511396227
4915510689180
4915511408340
4915511362616
4915511800138
4915510339260
4915511996120
4915510453307
4915510299187
4915511117196
4915511886848
4915510735313
4915511294429
4915511457383
4915511021321
4915510120702
4915511372183
4915511415696
4915511512266
4915511282748
4915511900217
4915511906991
4915511846338
4915511968685
4915510343939
4915510979475
4915511116053
4915510603773
4915510204284
4915511110601
4915510920957
4915510122396
4915510757818
4915510466778
4915510941142
4915511748508
4915510351824
4915510281212
4915511393972
4915510307009
4915510428840
4915510477318
4915510521043
4915511679843
4915510569868
4915511692286
4915511683351
4915510447982
4915511605130
4915510491016
4915510102653
4915510218998
4915511172322
4915510678826
4915511014028
4915511936989
4915511554108
4915511632706
4915511260024
4915510480982
4915510488765
4915511326277
4915511123509
4915511004474
4915510891015
4915511087411
4915510021522
4915510509110
4915511568830
4915511337383
4915511182250
4915510916654
4915510907978
4915510112475
4915510189142
4915510343119
4915511289368
4915511047244
4915510625659
4915510279781
4915511689301
4915510185891
4915511043541
4915510875497
4915511042430
4915511617427
4915510873858
4915511347109
4915510119569
4915510452967
4915510380359
4915510085300
4915510229946
4915511956798
4915510676314
4915510071120
4915510482317
4915510290875
4915511075166
4915510328459
4915511910898
4915510258565
4915511043224
4915510548971
4915510873502
4915511828583
4915511403908
4915510532588
4915511983648
4915511595845
4915511932470
4915510161744
4915510563480
4915511387149
4915511293501
4915510666313
4915511287101
4915510235914
4915510351074
4915511494284
4915510442464
4915511296744
4915510910759
4915511959301
4915511911792
4915510837421
4915511445708
4915510358484
4915510112274
4915510066749
4915511971866
4915510607472
4915511263376
4915511335151
4915511681193
4915511454458
4915510084576
4915510916917
4915511215510
4915511012243
4915511617381
4915511468064
4915510269099
4915511026120
4915510367211
4915511193589
4915510359905
4915511440114
4915510637951
4915511188547
4915510844247
4915511337586
4915510840881
4915510237565
4915510166825
4915510872365
4915510024348
4915510414366
4915511974188
4915511626866
4915511233111
4915511017817
4915510301285
4915510874393
4915510955339
4915511983733
4915511586550
4915510211368
4915510317452
4915511535407
4915510687248
4915511949031
4915510402422
4915510822952
4915511841273
4915511738059
4915511627279
4915511076873
4915511934760
4915510993274
4915511504981
4915511547173
4915510588581
4915511295207
4915510682237
4915510368938
4915511675107
4915511978342
4915511346749
4915510675994
4915510638162
4915511588691
4915510756072
4915511955210
4915511522882
4915510282547
4915510068378
4915511249578
4915511770488
4915510560613
4915511158204
4915511790570
4915511809773
4915510644847
4915510784599
4915510432664
4915511287485
4915511829134
4915510169683
4915510979529
4915510679753
4915511211117
4915511694187
4915511921562
4915510974116
4915511738159
4915511964923
4915511836692
4915510269957
4915511301880
4915510745749
4915511647149
4915511543015
4915510841046
4915510483220
4915510547366
4915510129135
4915510377647
4915511655324
4915510236390
4915510916845
4915510264805
4915511004631
4915510543582
4915511368704
4915510487293
4915511053762
4915510122342
4915510214870
4915510817666
4915510683175
4915511435819
4915510473073
4915510881487
4915510108715
4915511835367
4915510576244
4915511919378
4915510799353
4915511085242
4915510839958
4915510498940
4915510682374
4915510435897
4915511972585
4915511744053
4915511113395
4915511205912
4915510982496
4915511867109
4915510460030
4915510951606
4915511250867
4915511650871
4915510375984
4915511096089
4915510630293
4915511542996
4915511019839
4915510621682
4915510492710
4915510326575
4915511073974
4915510646166
4915511158465
4915511249928
4915511397971
4915510987821
4915510740678
4915510964086
4915511337070
4915511747565
4915511054120
4915510974143
4915511932330
4915511573323
4915511056326
4915511003904
4915510635406
4915511749837
4915510559305
4915511934092
4915510830477
4915510440009
4915510989508
4915510710210
4915510197983
4915511777654
4915511928746
4915510803803
4915510167143
4915511739884
4915511995365
4915511197889
4915511467404
4915510166815
4915510909020
4915510250248
4915510226798
4915510331663
4915511893240
4915510042964
4915511224018
4915511675183
4915510054390
4915510194962
4915510848812
4915511055878
4915511454552
4915511416351
4915510915543
4915511920625
4915510248204
4915511795254
4915510747553
4915511485354
4915510204763
4915510211493
4915510547024
4915510749560
4915510104383
4915511363662
4915510782373
4915510019969
4915511823403
4915511816870
4915510999351
4915510502636
4915510588961
4915511212136
4915511627038
4915511161697
4915510013011
4915510945120
4915511758271
4915510244145
4915511605699
4915511428958
4915510659311
4915510829956
4915511351637
4915510908805
4915510062109
4915511123026
4915510187674
4915511850884
4915511173646
4915510434316
4915511244192
4915511220237
4915510393720
4915511991275
4915510884676
4915510570431
4915510869193
4915510651711
4915510257389
4915511776144
4915510879397
4915510853872
4915510121033
4915511192701
4915510849714
4915511678197
4915511737963
4915510132195
4915511073708
4915511395585
4915510348064
4915510309050
4915511923187
4915510652984
4915511841102
4915510199420
4915510316588
4915511727970
4915510857078
4915510314912
4915511618395
4915510585851
4915510251961
4915510573868
4915510510858
4915510485917
4915511287618
4915511835394
4915510768182
4915510346828
4915510751177
4915511913875
4915510335795
4915511345057
4915511165800
4915511647062
4915511676945
4915511371705
4915511792682
4915511436472
4915511024703
4915511121564
4915510087895
4915510680026
4915510871428
4915511265579
4915510034232
4915511512121
4915510395141
4915510461551
4915511188873
4915510590280
4915511463929
4915510422413
4915511617100
4915510348765
4915510298331
4915511292111
4915511835038
4915511387459
4915511469185
4915511803555
4915511623213
4915511231239
4915510828450
4915510859141
4915510142009
4915510167558
4915511942296
4915510376224
4915511648304
4915510626388
4915511667116
4915510306162
4915511918116
4915511345396
4915511992523
4915511782799
4915510051388
4915510230573
4915510288053
4915511394199
4915511084795
4915511517041
4915510721377
4915511374729
4915511163706
4915510658824
4915511088252
4915511514275
4915511236464
4915511631005
4915511988512
4915511282908
4915510952641
4915510641100
4915510168313
4915510685185
4915511848593
4915511195981
4915510474357
4915510885345
4915511601192
4915510377487
4915511316821
4915511432410
4915511716111
4915511002267
4915511647757
4915510402568
4915511344358
4915510133452
4915510663124
4915510730083
4915511703190
4915511131248
4915511178143
4915511978532
4915510990649
4915510166163
4915511535023
4915511146006
4915511725156
4915510267814
4915511834899
4915511104233
4915510895516
4915510138207
4915511968717
4915510493506
4915510724467
4915511731465
4915510498840
4915510707778
4915511427089
4915510738129
4915510600773
4915511917412
4915510034512
4915510357203
4915510003240
4915511346582
4915511322935
4915511498514
4915510277314
4915511868252
4915510718910
4915510018541
4915511151145
4915510851504
4915511755210
4915511918740
4915511135403
4915511828339
4915510258070
4915511047392
4915510591807
4915510187602
4915510676598
4915511726872
4915510727454
4915510059778
4915510552804
4915510765923
4915510224533
4915510611280
4915510457535
4915511031848
4915511445640
4915511592960
4915511045649
4915511765217
4915511526740
4915511808822
4915510063571
4915511537758
4915510802831
4915510875790
4915510726750
4915510846527
4915510818226
4915510191287
4915510290567
4915510833376
4915510572027
4915511416040
4915510145795
4915510181369
4915510143489
4915511063734
4915510130808
4915511126712
4915511806729
4915510276583
4915510424614
4915510586544
4915510896854
4915511499166
4915511586344
4915511842529
4915510629682
4915510522260
4915511435681
4915511695891
4915510595588
4915511372612
4915511135562
4915510339153
4915510081908
4915510552829
4915511019357
4915511616587
4915510674637
4915510207372
4915510336044
4915510836515
4915511460863
4915510914290
4915510629706
4915511240175
4915511115714
4915511472461
4915510377356
4915510834462
4915510394657
4915511163001
4915510059302
4915510191853
4915511227513
4915511503049
4915510165752
4915510354833
4915510048095
4915511256506
4915510631423
4915510921546
4915511326786
4915511502668
4915510713397
4915510076168
4915510608857
4915510896160
4915511362770
4915511713519
4915510270290
4915510838047
4915510369387
4915510524013
4915511140919
4915510558224
4915511327932
4915510951864
4915510286981
4915510305674
4915510523156
4915511351148
4915511242835
4915511077669
4915510655854
4915510988895
4915511236886
4915510006760
4915510205304
4915511615393
4915510323927
4915510280648
4915510680276
4915511274498
4915510792489
4915510722033
4915511810986
4915511650142
4915510927616
4915511981821
4915511731212
4915510016735
4915511229212
4915510804911
4915510313249
4915510157323
4915510917376
4915511727048
4915511940174
4915510351314
4915511637745
4915511165268
4915510744068
4915511225055
4915511047253
4915511879887
4915510105051
4915511063660
4915511194922
4915510040165
4915511459790
4915511983553
4915511881467
4915511356672
4915510724348
4915511494271
4915510111437
4915511122755
4915511524737
4915511957566
4915511282300
4915511661685
4915511041168
4915511390635
4915511183089
4915511427811
4915510999188
4915510756908
4915511566520
4915511337029
4915511733219
4915511971881
4915511624257
4915511268691
4915511546100
4915510905229
4915510851495
4915510438573
4915511940168
4915511447103
4915510141797
4915511858927
4915511218357
4915511290617
4915511549801
4915510598050
4915511756799
4915511633976
4915510926333
4915511783942
4915511230996
4915510181306
4915510870274
4915510933506
4915511159280
4915510721106
4915510394518
4915510192206
4915510260388
4915510866760
4915510032764
4915511867229
4915510234436
4915510812157
4915510001258
4915511564876
4915511494790
4915511985719
4915511259193
4915511697785
4915510843720
4915511720851
4915511685722
4915511302131
4915510303882
4915510356360
4915511942851
4915510529311
4915511492981
4915511301396
4915510387242
4915511352110
4915511921370
4915511264990
4915511251902
4915511573701
4915511729161
4915511012626
4915511020731
4915511033016
4915510752975
4915511042020
4915510786320
4915510669156
4915510247149
4915510898429
4915510073005
4915511243562
4915511022652
4915511206799
4915511130568
4915511623286
4915511571453
4915510706720
4915511612157
4915511374187
4915510296912
4915510987525
4915511325468
4915511984358
4915510071271
4915510184936
4915510546198
4915510575960
4915510815488
4915511320117
4915510722262
4915511446882
4915510299284
4915510186721
4915510720111
4915511783801
4915511572101
4915510900377
4915510243209
4915511531873
4915511492947
4915510344631
4915510747613
4915511050000
4915510813218
4915511323093
4915510388540
4915510397535
4915511345527
4915510639148
4915510880992
4915511336955
4915511138233
4915511577252
4915511934702
4915511836523
4915510034837
4915510408241
4915511405551
4915510102916
4915510348864
4915511944706
4915510209100
4915511852109
4915510676128
4915510063661
4915510295248
4915511881659
4915511287481
4915511976303
4915511496503
4915511789201
4915511105470
4915510283632
4915511622349
4915510925184
4915510930946
4915510112581
4915511976908
4915511263531
4915511251634
4915511248303
4915510651390
4915510044144
4915511702425
4915510986551
4915511524200
4915511585922
4915510581976
4915511381352
4915510518726
4915510319426
4915511129350
4915511268998
4915510338968
4915511036050
4915510841841
4915511927109
4915510275467
4915511272165
4915511115734
4915511410298
4915510124393
4915510832086
4915511345408
4915510155073
4915511085769
4915511852217
4915511637873
4915511120431
4915510211758
4915511798140
4915510300342
4915511852656
4915511847759
4915511897207
4915511141408
4915510888921
4915511439787
4915511320107
4915511495872
4915511619408
4915510022546
4915510621901
4915510700182
4915510366004
4915511340570
4915511419864
4915511140644
4915510309390
4915511458688
4915511753580
4915510869718
4915510239680
4915510908088
4915511102553
4915510452302
4915511115726
4915511881244
4915510231954
4915510226511
4915510832801
4915511954948
4915511592814
4915510793807
4915510704280
4915511847163
4915510034194
4915511066621
4915511604479
4915511463205
4915511009745
4915511463399
4915510367078
4915511498886
4915511760586
4915510309855
4915511698959
4915511738752
4915511626700
4915510126689
4915510053076
4915511451849
4915511458695
4915510184115
4915510086630
4915510558520
4915510950702
4915510440694
4915510427937
4915511297009
4915510397392
4915511236113
4915510061438
4915510117439
4915510317521
4915510607378
4915511390120
4915511285353
4915511455604
4915511696628
4915511976189
4915511784290
4915510666374
4915511584276
4915510453800
4915511236698
4915510681778
4915511575825
4915511348462
4915510249614
4915511408782
4915511210966
4915511832164
4915510186042
4915511084851
4915510004250
4915510128855
4915511028972
4915510283735
4915511537835
4915510961672
4915510210599
4915510816602
4915510771999
4915510480750
4915510935957
4915510071002
4915510449657
4915510313173
4915510427635
4915511708742
4915510851000
4915511427120
4915511422026
4915510947386
4915511794718
4915511409883
4915511194245
4915511953737
4915511950619
4915511061035
4915510080536
4915510679680
4915511586720
4915511400464
4915511659227
4915511810755
4915511847122
4915510227400
4915511178911
4915511564704
4915510737890
4915511225215
4915510119827
4915510518430
4915511979139
4915511274855
4915511160586
4915510137843
4915510254048
4915510862480
4915510334470
4915510172545
4915510426875
4915511582258
4915511221204
4915510200218
4915511688191
4915510075116
4915511759808
4915511880085
4915511675826
4915510872623
4915511268197
4915510911587
4915510631071
4915510875119
4915511217481
4915510292536
4915511032210
4915510656879
4915511505824
4915510401348
4915510000251
4915510027860
4915510635051
4915511435929
4915510554642
4915510918105
4915511061469
4915511675407
4915511958643
4915511041509
4915510839631
4915511617753
4915511900567
4915511918289
4915511052226
4915510172838
4915511036740
4915510189593
4915511983585
4915510611856
4915510849588
4915511215524
4915511854992
4915510851015
4915510148388
4915510336529
4915510616675
4915511002557
4915510231420
4915510959819
4915511074847
4915510643716
4915510561272
4915511822096
4915511585772
4915510150660
4915511264631
4915510039029
4915510470693
4915511943545
4915510065318
4915510103743
4915510785943
4915511756082
4915511578321
4915511507951
4915511571456
4915510900110
4915511258337
4915511128088
4915511342296
4915510223299
4915510031265
4915511128872
4915511484173
4915511420039
4915510613220
4915511792996
4915510689541
4915510025773
4915510983798
4915510736160
4915511975388
4915510399309
4915511621156
4915510399524
4915511504783
4915510444533
4915511204093
4915511509118
4915510929162
4915511264300
4915511907539
4915511277937
4915510469853
4915510631046
4915511776996
4915510512178
4915510742399
4915510027364
4915511691554
4915510683059
4915510247835
4915510252682
4915511699598
4915511574778
4915510451690
4915510350963
4915510516435
4915510099974
4915510901824
4915510333080
4915510466452
4915511374286
4915511113239
4915510833424
4915510522052
4915511446048
4915510530507
4915511177619
4915510548073
4915510229375
4915510927785
4915511230362
4915511057385
4915511673180
4915511246482
4915510400999
4915511789674
4915510599632
4915511965270
4915510995580
4915510388077
4915511129069
4915510648538
4915510440901
4915511731842
4915511317852
4915510293513
4915511799598
4915511503740
4915510951632
4915511759145
4915510648023
4915511668732
4915511197524
4915510457527
4915511808309
4915510946452
4915510548312
4915510527721
4915510980498
4915510703335
4915510686083
4915511745551
4915510474071
4915510401266
4915511878606
4915511934358
4915511351900
4915510846825
4915510982356
4915510206314
4915511863203
4915510883387
4915510145433
4915511244078
4915510121005
4915510268200
4915510456654
4915510539327
4915510427265
4915510511022
4915510712738
4915511228650
4915510343671
4915510991536
4915510016110
4915510502753
4915511176763
4915510453073
4915510974593
4915511299363
4915511106792
4915511649270
4915510036774
4915511238613
4915510329419
4915511371222
4915511478973
4915511903969
4915511771574
4915510293670
4915510005130
4915510135123
4915510079726
4915511418269
4915510176194
4915511451731
4915511466388
4915511761346
4915511987341
4915511607343
4915511124244
4915511612320
4915510243773
4915511402245
4915511418865
4915511504507
4915511922833
4915510540876
4915510611338
4915510934122
4915510902035
4915510694528
4915511343425
4915510849774
4915511172560
4915510491761
4915510428138
4915511381064
4915511462174
4915510903979
4915510188908
4915510321761
4915511478809
4915510735629
4915510534289
4915510065048
4915511085689
4915510390126
4915511115307
4915511563293
4915511894992
4915511001003
4915510031957
4915510936484
4915510551618
4915511903809
4915511085212
4915510322633
4915510240026
4915510808037
4915511616671
4915510548139
4915511613807
4915511408033
4915510098463
4915511757124
4915510984574
4915511540235
4915510416798
4915511429037
4915510580117
4915511652789
4915511621425
4915511497397
4915510237563
4915511507325
4915511169149
4915511614336
4915511564667
4915510051893
4915510204327
4915510100156
4915510082433
4915510220588
4915510163601
4915510272985
4915511470464
4915511844264
4915511810115
4915510396313
4915510539132
4915510960953
4915510800360
4915510499239
4915511612506
4915510482518
4915511161079
4915510247730
4915511862223
4915510405525
4915510515499
4915511921911
4915511136239
4915510464396
4915511380167
4915510959327
4915511055798
4915510168359
4915511254879
4915511301374
4915511374034
4915511554455
4915510359320
4915511338245
4915510005232
4915511214071
4915510633933
4915511352800
4915511319749
4915510187389
4915510320221
4915510879844
4915511214933
4915511611001
4915511621732
4915510512574
4915511198937
4915511627571
4915510318344
4915511148025
4915511115017
4915510315523
4915510367346
4915511725734
4915511776170
4915510542697
4915510191510
4915511043152
4915511349046
4915511033395
4915511918893
4915510109918
4915510081921
4915510820312
4915511688805
4915511558865
4915511461851
4915510211677
4915510053175
4915511866541
4915510242574
4915510572974
4915510610141
4915510460993
4915510914363
4915511477381
4915511154559
4915510959575
4915510631863
4915510023569
4915510595842
4915510212526
4915510747399
4915510424022
4915511095526
4915511147682
4915510478418
4915510769325
4915510340407
4915511790689
4915510480132
4915511791654
4915510819096
4915510930167
4915510423695
4915510470372
4915511798178
4915511794988
4915510446554
4915511213963
4915511289128
4915510224119
4915510220670
4915511183497
4915511392758
4915510730001
4915511566131
4915511215958
4915510215706
4915511928335
4915510537664
4915511723321
4915511329655
4915510072541
4915510153112
4915511945774
4915511052170
4915510753919
4915511958205
4915510789519
4915511046146
4915511588400
4915510648920
4915511375742
4915511121261
4915511563111
4915511216250
4915511314345
4915511059046
4915510116119
4915511686111
4915511592063
4915510283097
4915511756190
4915511268369
4915511227952
4915511289382
4915511691381
4915510799791
4915510933487
4915510533669
4915510626194
4915511186412
4915510782977
4915510735515
4915511187808
4915510355762
4915511141740
4915511497823
4915510628203
4915511820315
4915510372648
4915511062294
4915510013905
4915510931780
4915510981702
4915511009107
4915510134855
4915511429947
4915510069352
4915511127127
4915510621829
4915511711198
4915511437833
4915511014725
4915510571224
4915511207903
4915511774099
4915510021209
4915510796126
4915510966227
4915510464246
4915511258707
4915511651713
4915511764314
4915511633920
4915511368727
4915511741740
4915511485107
4915511807497
4915511084810
4915510418593
4915511497202
4915510076460
4915510931827
4915511051788
4915510984263
4915510046112
4915511914223
4915511310287
4915510400805
4915511366226
4915510243634
4915511154317
4915511617112
4915511435770
4915511990476
4915510481490
4915510253936
4915510647136
4915510467365
4915510360591
4915511359776
4915511149674
4915511580540
4915511384284
4915511228817
4915511562000
4915511890808
4915510455478
4915511720827
4915511195962
4915511931910
4915511372105
4915510753017
4915511301368
4915510728812
4915510490882
4915511432474
4915510693054
4915510743931
4915511199302
4915510402155
4915511242959
4915511913775
4915511949491
4915511133040
4915511812971
4915510282503
4915510080922
4915510827621
4915510264083
4915510779696
4915510940705
4915510869869
4915510094044
4915511655737
4915510803874
4915511311561
4915511829028
4915511606096
4915510932747
4915510786522
4915510575275
4915510868162
4915511275440
4915510217000
4915511240525
4915510322373
4915511928180
4915510219830
4915510738599
4915511426436
4915510011847
4915510123759
4915510093512
4915510653515
4915510919275
4915510263684
4915511037454
4915510305798
4915510325145
4915510561479
4915510094842
4915511061980
4915511987936
4915510493094
4915510092868
4915510565073
4915510188491
4915511902900
4915510936078
4915510678113
4915511630621
4915511240751
4915510476210
4915510204680
4915510047437
4915510948397
4915511011923
4915510384960
4915511130420
4915510443653
4915510707269
4915511246754
4915510473772
4915510985812
4915510685649
4915510626738
4915510024486
4915511224735
4915510475525
4915511162723
4915511467734
4915511988349
4915510237670
4915510835935
4915510309989
4915510963548
4915511255275
4915511433136
4915510391875
4915511288947
4915511335586
4915511250435
4915510092751
4915511978554
4915511678234
4915511768849
4915510598987
4915511368946
4915510712389
4915511999959
4915511825632
4915510435977
4915511011289
4915511287215
4915510419140
4915511229277
4915511235911
4915510478371
4915510059607
4915511440596
4915511263264
4915511232047
4915511763913
4915510969898
4915510777899
4915511426944
4915511990567
4915511921215
4915511763380
4915510752863
4915511309733
4915510383839
4915511769425
4915511348813
4915510632320
4915510958886
4915510825413
4915511634651
4915510007610
4915511154141
4915510935264
4915510927072
4915511565029
4915510246657
4915511729828
4915511932282
4915510797972
4915510299804
4915510240669
4915510826625
4915511348339
4915510348818
4915511467246
4915511450112
4915511632997
4915511441073
4915510266758
4915510785226
4915511470632
4915511914035
4915511633503
4915510554228
4915511801440
4915511278956
4915511640408
4915511908252
4915510384881
4915511232840
4915511453623
4915511118331
4915510756132
4915511087028
4915510585231
4915510122646
4915511135509
4915511799912
4915510638559
4915511566904
4915510835422
4915511766257
4915510127825
4915510225217
4915510270136
4915510848726
4915510488408
4915510927236
4915511881737
4915510083309
4915511317356
4915510573430
4915511547279
4915510786239
4915511996735
4915510213918
4915510266703
4915510589971
4915510584158
4915510123397
4915511694982
4915511375566
4915510072764
4915511718446
4915511052224
4915510447380
4915511210565
4915510387109
4915510292722
4915511486329
4915511701384
4915511477764
4915510242859
4915510133651
4915511657886
4915511880530
4915511734205
4915510151503
4915511241427
4915511737627
4915510915296
4915510286610
4915510570548
4915510587967
4915511921909
4915510462971
4915511869869
4915511554895
4915510954231
4915510023796
4915511938361
4915510768603
4915510497411
4915511805101
4915511908420
4915510105916
4915510708236
4915511812739
4915510933334
4915511825622
4915510227372
4915511294253
4915511465955
4915510334884
4915510746957
4915511128913
4915510671005
4915510210102
4915510356615
4915511330293
4915511012020
4915511773112
4915511427167
4915511584623
4915511353908
4915511754972
4915510354450
4915511624219
4915510666735
4915510512683
4915511600905
4915511242082
4915510670476
4915510465045
4915511830627
4915510350339
4915511556883
4915510763247
4915510127864
4915510959410
4915510915095
4915510387094
4915510316300
4915511230357
4915511698105
4915511300151
4915511548262
4915511213231
4915510313958
4915510821554
4915511482752
4915511457423
4915510196386
4915510683703
4915510256017
4915511620248
4915511208887
4915511675606
4915510559628
4915510049187
4915511917871
4915511510249
4915510827793
4915511003561
4915511981699
4915511561530
4915511215705
4915511312373
4915511165062
4915510704718
4915510321790
4915510504869
4915510301815
4915511270110
4915510714165
4915511643081
4915510069301
4915510696105
4915510696349
4915510084574
4915510579384
4915510518283
4915510262231
4915511603180
4915510330415
4915511337653
4915511989836
4915511917781
4915511544987
4915511057999
4915511598683
4915510625708
4915511766980
4915511194880
4915510036284
4915510132936
4915511019739
4915510452734
4915511633410
4915510892853
4915511796911
4915510086771
4915511378668
4915511266455
4915511342691
4915510042060
4915511777591
4915511365654
4915511254460
4915511547355
4915511918158
4915510562723
4915510662049
4915511421220
4915510993944
4915511944733
4915510737104
4915510664278
4915511479117
4915511296747
4915510238314
4915511515234
4915510393366
4915511108547
4915510496278
4915510091964
4915511753861
4915510088234
4915511670401
4915510858373
4915511084389
4915510706699
4915511474641
4915511371624
4915511017628
4915511217766
4915511131626
4915510651759
4915511285657
4915511261096
4915510957066
4915510092148
4915511373126
4915510823557
4915511114629
4915511320973
4915510586093
4915511705916
4915510129617
4915510057705
4915510094731
4915511641872
4915511889856
4915511928511
4915510908442
4915511806606
4915511923548
4915510269600
4915510458330
4915510539629
4915511300114
4915511538417
4915511122974
4915510492168
4915511188359
4915511251069
4915511133329
4915510887922
4915510389959
4915510283841
4915511673045
4915511753762
4915510834622
4915510076100
4915511270623
4915511512515
4915510588053
4915510799084
4915510479540
4915510676653
4915511988697
4915511801247
4915511911837
4915510819634
4915511003813
4915510909414
4915510123356
4915510504260
4915510180016
4915511677835
4915511635541
4915511492648
4915510133395
4915510676039
4915510178828
4915510016489
4915510417529
4915511129607
4915510242296
4915510974686
4915511176029
4915510009801
4915511848184
4915510691788
4915511443864
4915511690809
4915511953632
4915510054375
4915510938119
4915510805317
4915511686457
4915510291568
4915511684486
4915510343369
4915511157279
4915510500142
4915511620130
4915511030105
4915510614769
4915510874549
4915511958876
4915510584836
4915511066766
4915510162590
4915511673673
4915511744072
4915510973515
4915511681309
4915510186135
4915511535020
4915510676512
4915510525954
4915510883474
4915510695810
4915511574647
4915511578548
4915510044172
4915510985854
4915510100064
4915510691341
4915511096999
4915510652962
4915510122893
4915511375322
4915510516674
4915511141326
4915510809739
4915510293229
4915510737450
4915511399928
4915510013427
4915511969536
4915510445182
4915511980413
4915510826370
4915510732910
4915510933571
4915511210076
4915511942375
4915510427110
4915511656321
4915511227680
4915510211899
4915510815455
4915511723799
4915510807004
4915511042195
4915510752588
4915510913348
4915511042551
4915510199850
4915511438148
4915510742510
4915511480614
4915511949515
4915511345307
4915511696302
4915510003899
4915510509832
4915510179460
4915510871975
4915511843869
4915510392973
4915510734984
4915510284746
4915510087846
4915511850778
4915511253771
4915510120918
4915510968713
4915510356186
4915511523607
4915510037597
4915510513711
4915511658826
4915510388163
4915511050749
4915510534046
4915511948321
4915511951197
4915511243076
4915511202794
4915511977003
4915510914610
4915511248505
4915510585795
4915510630838
4915510964405
4915511668996
4915510295142
4915510952418
4915511252087
4915511634540
4915510006598
4915510345903
4915510749081
4915511639851
4915510327038
4915510422368
4915510786443
4915511646494
4915511231477
4915510636846
4915511036574
4915511172674
4915510024048
4915511840734
4915511701232
4915510522738
4915510079406
4915511906793
4915511969882
4915511961566
4915510015493
4915511381926
4915511607302
4915510470014
4915511143335
4915511035491
4915511016881
4915510279925
4915510756193
4915511925977
4915511851814
4915511793403
4915510394630
4915510301206
4915510966892
4915510941467
4915510404297
4915511303175
4915511308600
4915511732360
4915511833044
4915511476537
4915510278195
4915511366983
4915511627871
4915510053475
4915511978559
4915511900604
4915510515703
4915510988304
4915510566439
4915511064039
4915510158312
4915511587976
4915511776078
4915511776187
4915511086615
4915510288197
4915510796168
4915511621669
4915510156798
4915511040824
4915510647522
4915510385679
4915511866969
4915510109642
4915511580317
4915510978560
4915511163385
4915511371370
4915510855145
4915511916502
4915511916437
4915510427086
4915511498674
4915511395576
4915511468239
4915510063779
4915511917698
4915511856722
4915510738631
4915510846649
4915511665328
4915511456835
4915510684660
4915511578657
4915511194872
4915511615951
4915510147569
4915511753879
4915511545834
4915510422076
4915510038802
4915511653328
4915511224428
4915510493329
4915510938685
4915510539688
4915510506793
4915511699914
4915511122980
4915510991629
4915511518147
4915510700497
4915511712275
4915510207641
4915511158224
4915510331637
4915510310845
4915510898751
4915511933901
4915511084005
4915510604733
4915510460750
4915511597854
4915510033350
4915511969618
4915511453083
4915510253482
4915510814292
4915511025699
4915511165233
4915510050948
4915511824224
4915511165400
4915511587351
4915510386102
4915510733955
4915510631859
4915511216779
4915510926510
4915510621528
4915511136728
4915510272694
4915511684626
4915511437630
4915510313474
4915511886917
4915510826088
4915510598843
4915510692270
4915510024055
4915511571843
4915511075625
4915511820775
4915511556170
4915510963528
4915510913971
4915511524240
4915511034345
4915510572747
4915510288440
4915511410515
4915510145137
4915511314803
4915510154665
4915511634594
4915510078753
4915510402150
4915510668681
4915511695049
4915511906847
4915511331112
4915511908167
4915511341923
4915511933005
4915511905435
4915511243521
4915511245375
4915511826475
4915511466727
4915510991321
4915511509300
4915510321649
4915511366258
4915511053003
4915510656620
4915510938191
4915510361473
4915511448748
4915511214677
4915511206897
4915511675052
4915510362701
4915511957101
4915511403504
4915511111297
4915510023658
4915510053389
4915511340911
4915511626523
4915511137560
4915511022439
4915511163711
4915510340814
4915510977877
4915511077338
4915511882216
4915511096197
4915510960128
4915511470834
4915510322387
4915510066125
4915511564429
4915510549237
4915510984504
4915510108833
4915510219236
4915510073178
4915511156777
4915510207382
4915510445620
4915510266922
4915511287138
4915510007611
4915510374779
4915510886793
4915510566733
4915510188240
4915510873242
4915510345581
4915511812595
4915511457764
4915510674004
4915510591034
4915511958581
4915510890909
4915511646264
4915510299120
4915510058768
4915511125074
4915510570136
4915511421379
4915510929318
4915511268320
4915511109213
4915511798690
4915511936192
4915511818949
4915510471546
4915510145598
4915510819326
4915511776483
4915511943710
4915510011566
4915511892777
4915510185642
4915511965194
4915511360490
4915510482935
4915510312520
4915510868500
4915511178822
4915510091294
4915510106983
4915510329142
4915510505806
4915511887227
4915510009409
4915510490396
4915510026787
4915511603460
4915511750522
4915511170818
4915510432597
4915510749952
4915511468272
4915510603650
4915510133136
4915511454870
4915511323938
4915510948053
4915510845545
4915510342853
4915511978605
4915510301890
4915511947673
4915511319422
4915510649740
4915510293783
4915511818311
4915510686015
4915510194065
4915510668447
4915511271892
4915510667054
4915510335611
4915510842925
4915511608965
4915511436184
4915510017086
4915510427441
4915511018844
4915510684859
4915510278753
4915511802461
4915511964213
4915510523646
4915510514051
4915510815376
4915511495433
4915510052467
4915511257202
4915511275040
4915511182069
4915511955443
4915511121346
4915510505824
4915511531052
4915511825256
4915510973864
4915510565935
4915510443339
4915511601733
4915510965350
4915511439456
4915511236173
4915510388575
4915510595029
4915510206045
4915510761478
4915510818874
4915511719161
4915510518170
4915510508984
4915510769388
4915511884754
4915511382705
4915511586694
4915511289698
4915510201259
4915511424998
4915511945571
4915511621478
4915511219372
4915510166575
4915511532980
4915511507869
4915510211993
4915510313552
4915510956776
4915511754020
4915510461564
4915510129824
4915511251807
4915511826382
4915511228954
4915511396157
4915510538953
4915511722902
4915510647908
4915511068153
4915510536601
4915511213483
4915511812948
4915511629910
4915511643472
4915510747726
4915511357904
4915510255445
4915510328033
4915511077775
4915510012737
4915511886788
4915511810445
4915511066118
4915511517998
4915510966463
4915510164441
4915511802098
4915510598401
4915510315636
4915511546365
4915511811706
4915511340659
4915511852486
4915511953900
4915510604998
4915510961517
4915510568116
4915510699924
4915511475310
4915510397390
4915511186721
4915511829260
4915511506566
4915511230847
4915510223807
4915511063858
4915510278568
4915510044344
4915511911389
4915511316592
4915511330701
4915510521606
4915511721621
4915511841153
4915510937071
4915511879549
4915510764430
4915510447408
4915510282310
4915511289901
4915511678293
4915511987445
4915511394464
4915510636225
4915511372196
4915511735520
4915510407783
4915511617747
4915511792736
4915511293107
4915511014143
4915511291274
4915511418582
4915510726965
4915511924068
4915510503198
4915510059250
4915511800914
4915510690856
4915510533063
4915510596140
4915511325489
4915510017644
4915510254757
4915511973526
4915511973954
4915511892287
4915510956093
4915510380801
4915510148392
4915511833868
4915511611777
4915510478345
4915510801242
4915511650178
4915511714352
4915510643470
4915510370491
4915510276384
4915510830421
4915510415590
4915511818454
4915511494177
4915511773768
4915510090652
4915510203489
4915510734601
4915511859993
4915510175274
4915511266031
4915511249975
4915510049168
4915511953520
4915511837461
4915510591192
4915511046777
4915510842929
4915510008757
4915511708921
4915511864563
4915511003857
4915510855734
4915510133475
4915511925614
4915510154737
4915511279188
4915511358712
4915510821684
4915510743218
4915510329933
4915510172178
4915511294701
4915510348981
4915511174472
4915511891454
4915511919653
4915510241660
4915511635965
4915510893743
4915511760922
4915511150446
4915511492192
4915511102629
4915511145014
4915511713772
4915511451040
4915510467793
4915511297676
4915510752553
4915510475295
4915511190528
4915510581707
4915510953286
4915510430857
4915511831119
4915511790381
4915510679211
4915511602785
4915510009404
4915510036420
4915511161718
4915510860013
4915511627403
4915511378209
4915510709866
4915511925458
4915510493228
4915510550946
4915510796668
4915511171311
4915510798133
4915511379631
4915510940745
4915510377294
4915510867132
4915511223697
4915511119816
4915510943436
4915511338183
4915511110913
4915511938737
4915510776147
4915511526897
4915511800623
4915510638814
4915510553223
4915510460704
4915511457359
4915511012066
4915511032355
4915511171991
4915511065781
4915511574252
4915510697921
4915510366190
4915510900460
4915511991052
4915511334809
4915511964834
4915511269905
4915510446024
4915510275830
4915511553840
4915511549731
4915511296851
4915511725662
4915510339549
4915510332894
4915510596735
4915510536669
4915510885087
4915510085469
4915510592832
4915510542933
4915511506112
4915510154861
4915511062829
4915511718259
4915511142330
4915510024593
4915511178728
4915510989598
4915511656973
4915511678516
4915510254526
4915511371745
4915511919547
4915510215214
4915510088003
4915511294315
4915511169137
4915511042638
4915510563211
4915511962578
4915511266396
4915510906677
4915511999057
4915510676997
4915510041484
4915510921844
4915510713291
4915510538089
4915511372113
4915511002306
4915510258816
4915510958632
4915510469709
4915510427888
4915510049604
4915511905571
4915510549135
4915511089414
4915511400998
4915511946841
4915511250527
4915510224231
4915511414300
4915511296971
4915511584936
4915511978151
4915510046777
4915511939119
4915511327172
4915511652561
4915511684934
4915510488077
4915510107767
4915511086446
4915510762137
4915510323545
4915511331952
4915510359923
4915510983936
4915511916669
4915511142867
4915510120284
4915510386906
4915510424794
4915511991977
4915510316566
4915510199514
4915510367603
4915510282135
4915511342535
4915511328593
4915510974377
4915511539224
4915511231142
4915511414768
4915511828628
4915511754743
4915510981099
4915511892256
4915511458845
4915511147124
4915511527950
4915510496647
4915511987975
4915511344750
4915510350892
4915511967626
4915510625515
4915511064768
4915511353731
4915511895449
4915510658694
4915511218982
4915510711738
4915511571981
4915510343631
4915510602408
4915511951633
4915510938197
4915510130817
4915511287307
4915511590036
4915510204580
4915510388812
4915511674062
4915511560741
4915511206846
4915511546320
4915510080567
4915510413336
4915510257065
4915510358939
4915511420939
4915510926440
4915510568496
4915510673674
4915511993822
4915511253513
4915511443463
4915511686635
4915511940670
4915510348736
4915511904806
4915510854409
4915510445719
4915511746444
4915510485595
4915510210081
4915511637684
4915511915288
4915511522780
4915510454707
4915510963798
4915511101645
4915510672211
4915510606167
4915510442045
4915511002740
4915511829670
4915511758246
4915511237657
4915511023004
4915511134321
4915511041650
4915511589015
4915511557173
4915511289675
4915510561452
4915511907113
4915510280578
4915510870219
4915511345624
4915510410038
4915510440404
4915510208938
4915511602380
4915510747471
4915511781868
4915510025876
4915510349553
4915511910696
4915511215205
4915510818595
4915511681621
4915510757479
4915510909346
4915511976346
4915510074858
4915511683075
4915510401764
4915511992125
4915511258743
4915510820644
4915510533504
4915510076904
4915511603794
4915511580945
4915510308287
4915510958916
4915511260935
4915510030120
4915511709571
4915510243351
4915511043629
4915510859949
4915510027026
4915511439387
4915510383826
4915510607588
4915511599717
4915511534139
4915511854123
4915511468503
4915510257070
4915511676814
4915510987390
4915511919328
4915510477900
4915511939465
4915511060478
4915511744961
4915510820292
4915510632918
4915511823244
4915511395330
4915511128322
4915511334568
4915510246462
4915511461343
4915511498160
4915510872288
4915511155485
4915510777427
4915510163225
4915510318232
4915511242854
4915510436184
4915510487773
4915511184707
4915510192676
4915510899770
4915511142365
4915511238750
4915511804671
4915511657441
4915510095238
4915510437599
4915511487671
4915511439469
4915511320682
4915511838689
4915511161009
4915510078530
4915511564527
4915510505383
4915511680019
4915510317229
4915510498459
4915511038993
4915511966027
4915511060995
4915511713309
4915510577582
4915511657835
4915511081912
4915510903693
4915510582027
4915510586128
4915511555645
4915511853922
4915510287906
4915511030804
4915510713372
4915511667589
4915510632818
4915511822455
4915510764469
4915511375323
4915510563806
4915511723826
4915511045346
4915511180982
4915511844352
4915510200387
4915511950541
4915511807504
4915510117724
4915510332217
4915511335487
4915510474822
4915511103103
4915511310289
4915510093473
4915511117801
4915511822374
4915511204831
4915510646589
4915510724643
4915510876572
4915511530432
4915511904225
4915510546260
4915510616110
4915510539887
4915511788816
4915511214055
4915510069579
4915510595753
4915510183970
4915510410488
4915511797981
4915510442343
4915511286835
4915511557097
4915511232469
4915510324751
4915511348243
4915511922413
4915510187422
4915511793072
4915510922533
4915510697619
4915510985614
4915511945521
4915511669265
4915511791614
4915510156394
4915510920439
4915511442232
4915510672925
4915510588133
4915510097831
4915511815818
4915511553813
4915510130941
4915511247501
4915511908246
4915510200284
4915511855855
4915510416307
4915511222016
4915510423788
4915511418217
4915511289779
4915510144869
4915510130861
4915510821785
4915510546303
4915511992376
4915510402053
4915511905728
4915511152930
4915510288124
4915511539873
4915510746236
4915510640895
4915510976176
4915510025671
4915511491767
4915510171500
4915510344357
4915511117054
4915511041902
4915510533918
4915511235046
4915511553949
4915510772869
4915510254984
4915510974666
4915510668687
4915510245470
4915510009412
4915511194940
4915510000305
4915511464131
4915511581485
4915511717680
4915511802165
4915510232949
4915511226254
4915510161112
4915511050636
4915510863225
4915510568156
4915511235978
4915510255646
4915510762810
4915511009352
4915510620331
4915510379230
4915511899712
4915511645129
4915511376801
4915510350641
4915511644557
4915510288269
4915510633696
4915511540949
4915511173860
4915511960608
4915510097303
4915511547055
4915510871506
4915511053813
4915510859774
4915511388195
4915510150012
4915511911586
4915510311574
4915511705971
4915511998301
4915511206299
4915510805740
4915511412350
4915510574921
4915510511608
4915511208387
4915511013537
4915511771034
4915511470006
4915510424438
4915510753708
4915510761001
4915511474447
4915511093835
4915510277008
4915510437840
4915510489730
4915511755000
4915511867089
4915510074388
4915510855014
4915511978294
4915511567742
4915510718714
4915511746931
4915510314958
4915511154790
4915510155925
4915510558985
4915511273486
4915511790970
4915510854359
4915511405654
4915510089133
4915511583506
4915510548433
4915510874712
4915510542450
4915511709639
4915511522375
4915510058063
4915510261843
4915511349609
4915511572859
4915511298972
4915510068201
4915510212473
4915510565911
4915511826036
4915510586473
4915511744392
4915511695458
4915511400716
4915510169690
4915510308899
4915510065616
4915511397670
4915511796628
4915511942113
4915510036693
4915511087867
4915511913625
4915511880988
4915510051766
4915510644701
4915511850658
4915510469679
4915511633123
4915511605316
4915510766233
4915511944309
4915510336800
4915511132071
4915511149904
4915511618231
4915510287083
4915510195706
4915511389843
4915510790593
4915510872877
4915510657850
4915511551004
4915510717823
4915511783111
4915510019800
4915511180798
4915511532708
4915510698754
4915511877329
4915511554807
4915511908681
4915510855636
4915511650300
4915511599030
4915511505993
4915511526295
4915511803331
4915510686510
4915510779049
4915510609207
4915510760932
4915511004254
4915510081792
4915510085079
4915511671566
4915510956978
4915511742030
4915510542643
4915510436673
4915511027610
4915510960178
4915511969521
4915511989053
4915510682669
4915510023374
4915511078178
4915511567524
4915511263746
4915510793326
4915510919970
4915511335008
4915511419436
4915511705646
4915510678453
4915511252367
4915510500758
4915511492617
4915511794029
4915510660961
4915510033262
4915510906344
4915510671278
4915510109743
4915511119311
4915511869099
4915510617148
4915511996727
4915511696224
4915511326214
4915510534281
4915511755312
4915510779689
4915510567752
4915511577102
4915511062961
4915511763921
4915511440333
4915511565046
4915511233028
4915511495950
4915510443356
4915511160006
4915510007226
4915511888704
4915511271013
4915510057224
4915510380120
4915511158769
4915510860606
4915510528113
4915511667523
4915511633431
4915511811385
4915511473918
4915511722822
4915510268138
4915510003909
4915510176297
4915511937311
4915510830017
4915511404069
4915510066802
4915511057935
4915511535658
4915511199760
4915510730497
4915510467970
4915511031743
4915511790083
4915511235809
4915511406091
4915511624786
4915511986008
4915511781767
4915510417591
4915511329144
4915510440336
4915511842261
4915510081359
4915511968398
4915511287422
4915511641619
4915511748148
4915510265123
4915511986916
4915510806255
4915510464696
4915510945147
4915510821634
4915510172328
4915510361865
4915510886388
4915510272863
4915510366110
4915511297064
4915511098927
4915511654656
4915511880522
4915510865898
4915510130942
4915511092077
4915510330209
4915511381489
4915510419399
4915511424632
4915511752465
4915511084681
4915510692165
4915510420907
4915511158365
4915510098421
4915511493028
4915510549357
4915511881329
4915510273035
4915510526386
4915511521185
4915511582706
4915510558071
4915511869379
4915511045367
4915511131694
4915510343786
4915510015171
4915511582182
4915510711614
4915510997509
4915511479861
4915510561198
4915510099253
4915510659701
4915510510372
4915510347714
4915510706128
4915510332843
4915510162180
4915510624445
4915510483938
4915511403058
4915510027209
4915511508021
4915511011295
4915511426100
4915511979381
4915511352280
4915511047839
4915511918441
4915511261728
4915511791897
4915510478433
4915511559331
4915510777063
4915511611394
4915511497491
4915510868476
4915510955003
4915511299996
4915510361213
4915511946425
4915511832716
4915510616782
4915510407386
4915511865998
4915510664232
4915510203027
4915511235238
4915511779332
4915511686661
4915510142013
4915511529646
4915510583326
4915511767106
4915510747920
4915510059207
4915511603875
4915511775245
4915510151716
4915511865306
4915510799598
4915511082059
4915511752991
4915511440760
4915511336799
4915510271867
4915511224549
4915510736488
4915510946637
4915510601427
4915510696576
4915511283438
4915510190378
4915511267441
4915511450247
4915511091607
4915510963303
4915510290854
4915510398825
4915511847427
4915511558967
4915511246017
4915510561014
4915510545544
4915511176310
4915510899497
4915510299835
4915511225341
4915510318230
4915510648364
4915510056183
4915510358069
4915511202716
4915511963819
4915510793219
4915511074378
4915510051068
4915511677321
4915510594353
4915511348446
4915510799440
4915510128947
4915511318761
4915511950594
4915510515340
4915510725270
4915510527227
4915511552865
4915511362396
4915511582988
4915511147068
4915510448001
4915511125962
4915511922524
4915510589210
4915511884046
4915510367835
4915511300754
4915511046872
4915511139038
4915511300757
4915511475327
4915510803919
4915510957537
4915510257322
4915511265626
4915511857683
4915511362803
4915511271412
4915511011730
4915511247294
4915510890697
4915511289116
4915510171255
4915511858297
4915511177708
4915511370720
4915510771057
4915510053305
4915510912094
4915510053706
4915511918718
4915511565476
4915510162724
4915510219011
4915511905113
4915511593079
4915510830425
4915510126516
4915510073355
4915511553261
4915510618517
4915510048906
4915511908155
4915510714203
4915510552615
4915511176964
4915511083749
4915511773520
4915511015602
4915510564672
4915510189864
4915511474633
4915510785078
4915510583378
4915510623364
4915510435166
4915510110800
4915510445270
4915510085219
4915510978615
4915511687026
4915511864272
4915510124095
4915511502875
4915510339147
4915511232143
4915511459150
4915511352984
4915511573583
4915510618926
4915510169814
4915510293054
4915510855021
4915511589826
4915510075443
4915510501444
4915511621496
4915511979150
4915510930506
4915511830719
4915510774948
4915511226407
4915510831994
4915511439052
4915511729962
4915510536398
4915510882050
4915510635888
4915510895018
4915510249497
4915510245894
4915511388492
4915510380531
4915510733789
4915510924727
4915511026315
4915511937837
4915511637573
4915511128416
4915510523883
4915510958946
4915511013730
4915510938283
4915510629139
4915510650526
4915511466267
4915511652217
4915511152359
4915511827699
4915510151670
4915511344645
4915510603076
4915511234174
4915511527284
4915510382261
4915511162717
4915510581335
4915510899758
4915511644189
4915511159578
4915511188221
4915511630220
4915510811268
4915510964925
4915511663701
4915510783587
4915511557402
4915510195642
4915511434989
4915511963583
4915510787315
4915511526054
4915510876033
4915511559995
4915510220130
4915510865788
4915510786554
4915510334771
4915511714765
4915510857028
4915510857110
4915510429762
4915510890198
4915510807597
4915510884872
4915510839937
4915510781826
4915511730505
4915511699624
4915510494286
4915510140835
4915510611442
4915510250795
4915511762844
4915510613592
4915510356446
4915510713192
4915510253193
4915511406394
4915510804144
4915511391672
4915511702699
4915510535458
4915511867795
4915510343875
4915511533431
4915511848172
4915511388341
4915510678205
4915510602206
4915511113543
4915510764990
4915511540818
4915510955890
4915511460304
4915511565863
4915510983897
4915510333624
4915511875887
4915510735604
4915510387267
4915511580073
4915511146063
4915511998741
4915511918754
4915511104694
4915510068080
4915510957802
4915511502037
4915510074423
4915510117368
4915510747848
4915510889495
4915510888160
4915511056716
4915510720201
4915511266140
4915511682276
4915511822312
4915511386511
4915511064215
4915510950024
4915511047154
4915511262607
4915511586521
4915511787515
4915511468462
4915510467148
4915511849222
4915510123474
4915511514614
4915511017068
4915510277582
4915511082556
4915510025979
4915510104260
4915510615335
4915511356589
4915510589031
4915510307275
4915511692833
4915510972927
4915510823122
4915510408296
4915511176479
4915511049602
4915511735871
4915510434033
4915510134451
4915511078506
4915510002323
4915510420900
4915510807257
4915510183026
4915510704722
4915511723878
4915511180137
4915510825653
4915510906081
4915510989154
4915511333072
4915510439922
4915511203382
4915511755743
4915510124153
4915511318574
4915511742669
4915511886010
4915511395177
4915510521152
4915510836935
4915510489221
4915511766624
4915511815023
4915510402635
4915510289239
4915511245836
4915511501445
4915510851471
4915510510168
4915511172653
4915510569437
4915511297533
4915510688173
4915510311058
4915511750077
4915510553779
4915511971913
4915511922035
4915510738923
4915511825373
4915511468001
4915511416700
4915510893093
4915511702596
4915510763383
4915510515669
4915510542491
4915510487135
4915510852130
4915511752687
4915511398744
4915511964973
4915510192117
4915511313370
4915511478897
4915510517968
4915511279530
4915511123503
4915511071888
4915510732861
4915510150242
4915510842520
4915510799342
4915511944797
4915510748660
4915511870457
4915510834091
4915510501795
4915510867536
4915510164493
4915510894061
4915511617075
4915511625369
4915510097765
4915510522963
4915511104698
4915510697523
4915511607097
4915510434000
4915511219930
4915510742203
4915511315842
4915511847562
4915510616264
4915510930418
4915511634314
4915511518365
4915511567285
4915511441868
4915510866149
4915510104302
4915510459810
4915510329275
4915511861506
4915511343421
4915511844247
4915510645974
4915510605305
4915510078323
4915511424244
4915510097234
4915511013039
4915510157331
4915510780384
4915511982996
4915511043442
4915510936116
4915510050615
4915510607827
4915511104135
4915511949912
4915510179588
4915510023876
4915510126712
4915511575972
4915511172826
4915511724068
4915510523800
4915511869613
4915511150015
4915510369054
4915510400181
4915510279399
4915511694416
4915511516950
4915510024248
4915511392437
4915510258477
4915510893243
4915511934463
4915511338937
4915510879895
4915510488092
4915511226478
4915511912389
4915510268332
4915511829112
4915511055363
4915511824900
4915510468452
4915510385595
4915510462713
4915511883513
4915511699419
4915511583576
4915510413111
4915510885784
4915511553872
4915511401721
4915511879909
4915511941599
4915510528321
4915511074871
4915510124594
4915511004312
4915511223414
4915511323620
4915511845489
4915510280597
4915511377598
4915511213851
4915511132124
4915510615992
4915510654847
4915511155791
4915510352797
4915511097947
4915510405248
4915511058853
4915511406398
4915511198189
4915510801438
4915510849389
4915511571385
4915510663723
4915511943206
4915510503774
4915511111668
4915511708070
4915510133745
4915510649055
4915510193640
4915511358798
4915510018867
4915510150941
4915510925439
4915511310358
4915510843697
4915511321797
4915511460488
4915510255635
4915510142169
4915510286748
4915510191143
4915511291865
4915510276446
4915510025109
4915511753542
4915510995270
4915510934770
4915511257829
4915511130521
4915510472023
4915511162293
4915511804781
4915511848092
4915510614212
4915511660151
4915511383665
4915510072653
4915511541051
4915511148246
4915510010860
4915511894504
4915511769738
4915511506728
4915510441543
4915511039059
4915511357400
4915510241996
4915511236979
4915510152514
4915511276357
4915510236230
4915510280003
4915510122226
4915511033547
4915510025450
4915511588629
4915511562880
4915510734386
4915511980549
4915511902894
4915511937549
4915510174715
4915511139921
4915511258571
4915511089351
4915511245626
4915511231819
4915511690908
4915510733276
4915511936437
4915511123048
4915510053068
4915511322869
4915511818221
4915511204799
4915510565286
4915511269116
4915511375592
4915511864014
4915510102152
4915510574941
4915511059003
4915511894380
4915511459573
4915511529855
4915510248573
4915511169295
4915510951383
4915510260027
4915511782855
4915511789433
4915511903206
4915511404471
4915510739915
4915510303205
4915510255761
4915510977813
4915511342575
4915511638934
4915510720084
4915511814202
4915510004532
4915511286767
4915510551814
4915510275830
4915510239305
4915510566288
4915511614240
4915511478144
4915511043246
4915510580705
4915510065282
4915510502368
4915511445317
4915511689961
4915510612667
4915510050739
4915510895036
4915510779752
4915511928143
4915511689259
4915511690506
4915510854887
4915510422045
4915511948416
4915510780076
4915510834713
4915510900019
4915511470677
4915510442085
4915510882817
4915511717520
4915511161568
4915511593546
4915510617249
4915511532995
4915511918590
4915511665394
4915511785375
4915511915047
4915511684980
4915510530537
4915511203820
4915510179623
4915511094747
4915511637383
4915510269105
4915511189507
4915511371374
4915510682922
4915510842178
4915510498827
4915510467042
4915510026751
4915510731331
4915510440737
4915510534710
4915511605199
4915510924833
4915511963515
4915511852755
4915511015987
4915510495925
4915510406590
4915511222535
4915511368235
4915511440763
4915511534803
4915510092480
4915510464704
4915510467717
4915510450192
4915510573697
4915510107530
4915511718227
4915511543144
4915510079775
4915510528800
4915511789957
4915510427566
4915511490950
4915511168031
4915510672101
4915511684793
4915510875420
4915510178077
4915511544837
4915510229967
4915510206539
4915510023029
4915510887353
4915510986314
4915510205439
4915511072715
4915511658755
4915511662009
4915511042251
4915511229569
4915510801305
4915511591058
4915510989241
4915510375063
4915510331602
4915510349655
4915511448100
4915510379581
4915510093885
4915511364204
4915511624725
4915510179136
4915510262396
4915511346628
4915510203138
4915511303696
4915510642889
4915511103317
4915511860056
4915511736335
4915510135725
4915510517094
4915511330101
4915511846989
4915511816771
4915511435913
4915511859787
4915511329109
4915511170805
4915511642555
4915510796068
4915511819145
4915511763296
4915510898234
4915511043456
4915510734289
4915511639864
4915510646503
4915510146404
4915510573749
4915510860376
4915510201635
4915510703161
4915510346857
4915511757398
4915511296462
4915511271188
4915510631980
4915510200249
4915511620061
4915510555148
4915510665387
4915510576987
4915510287274
4915510315730
4915511045152
4915511654826
4915510862766
4915510265290
4915511096054
4915510027788
4915511600435
4915511740171
4915511810778
4915510919290
4915511914914
4915511857200
4915511830770
4915510887433
4915511551873
4915510719594
4915511094305
4915510751345
4915511635835
4915510773802
4915511029699
4915510890147
4915510720057
4915511229396
4915511734207
4915510180436
4915510883478
4915511953651
4915511336548
4915510475133
4915510905952
4915511746991
4915510817876
4915510381143
4915511211333
4915511558185
4915510246528
4915511592385
4915510055454
4915511511699
4915510689665
4915510190614
4915511877930
4915510382226
4915510619198
4915511084089
4915511681457
4915510483751
4915510057338
4915511232103
4915511159833
4915511187464
4915511734482
4915511228389
4915510478701
4915510661112
4915511191122
4915510329990
4915510499106
4915510774145
4915510194335
4915510072138
4915510199026
4915511784504
4915510615664
4915510264032
4915511467339
4915511365577
4915511311104
4915511941766
4915511784805
4915510999070
4915511180255
4915510045397
4915511364653
4915510518513
4915510089607
4915511051790
4915511587753
4915510691842
4915510987099
4915511484482
4915511410771
4915510420624
4915511901899
4915510851702
4915511774363
4915510621082
4915511082514
4915510502514
4915510515933
4915510157344
4915511235120
4915510472423
4915511031547
4915510283630
4915511594728
4915510277611
4915511959868
4915511042493
4915510795954
4915510998353
4915511330099
4915510417263
4915510393950
4915511460298
4915511855124
4915511717148
4915511778878
4915510731284
4915511233903
4915510309086
4915511957689
4915511978543
4915510417070
4915510731100
4915511762337
4915511701572
4915511755583
4915511047909
4915511158959
4915510512634
4915511370502
4915511538047
4915510025979
4915510766595
4915510979198
4915510023936
4915510792808
4915510563622
4915511680751
4915510525298
4915511635137
4915510896576
4915510678417
4915510196128
4915511832707
4915510104219
4915510401586
4915511909959
4915511283937
4915511943143
4915510871840
4915511514611
4915510624029
4915511416483
4915510016107
4915510445430
4915510688098
4915510898713
4915510290898
4915511556425
4915510029332
4915510516363
4915510999386
4915511406921
4915511317254
4915510427689
4915510727727
4915510239063
4915510564542
4915511788307
4915511234708
4915510494846
4915510607718
4915511942322
4915510800568
4915510917791
4915511487405
4915510652771
4915511461242
4915510180061
4915510271646
4915510941427
4915510273434
4915510825470
4915511994425
4915510775494
4915511614131
4915511175414
4915511336012
4915511137866
4915511645192
4915510129850
4915510514164
4915510009946
4915511667766
4915510463439
4915511687823
4915511224304
4915511007389
4915510754606
4915510021797
4915510844857
4915511830075
4915511845636
4915511983111
4915511530425
4915510079946
4915510387102
4915510577455
4915510960003
4915511687988
4915511557155
4915511916896
4915511054054
4915510068853
4915511554401
4915510298925
4915510720426
4915510682355
4915510093575
4915510407409
4915510981245
4915510217326
4915510687398
4915511213271
4915510411454
4915510441995
4915510180701
4915511403494
4915510085204
4915511736075
4915510440135
4915510766425
4915511228199
4915511150229
4915510261179
4915510975124
4915510879456
4915510777914
4915510622007
4915511063205
4915510349364
4915510031189
4915511829765
4915511978584
4915511868133
4915510854235
4915511643036
4915511546957
4915510675383
4915511883788
4915511719884
4915510569014
4915510808933
4915511483229
4915510081706
4915510876854
4915510045752
4915511018158
4915511972220
4915511977964
4915511208848
4915510781186
4915511715572
4915510199474
4915511915450
4915511945254
4915510369799
4915510418131
4915511972925
4915510828335
4915511142457
4915511331171
4915510809443
4915511080601
4915511313258
4915510715904
4915510833594
4915511835348
4915511993230
4915510018146
4915511372551
4915510287935
4915511879542
4915510742545
4915511740166
4915511130550
4915511963753
4915510651844
4915511525606
4915511845551
4915510814391
4915510976906
4915511379032
4915510474549
4915511407599
4915510606770
4915510388424
4915510107031
4915510237963
4915511507343
4915511815842
4915510163259
4915511018752
4915511276615
4915510280871
4915511500163
4915511991359
4915510056658
4915511418140
4915511899068
4915510633489
4915511753854
4915511803044
4915510469532
4915510014590
4915511837193
4915510145445
4915510948551
4915510613816
4915510801944
4915510882883
4915510424336
4915510733516
4915511837427
4915510299923
4915510058915
4915511741441
4915510024550
4915511314407
4915510122003
4915511903494
4915511131047
4915511606187
4915510575025
4915511286305
4915510094045
4915511675613
4915510054948
4915510997380
4915510472981
4915510448450
4915511928355
4915510917951
4915511226542
4915510834938
4915511617226
4915510771206
4915511043859
4915510010325
4915510747795
4915510259890
4915511697146
4915510221451
4915511838504
4915510640273
4915511324317
4915510139962
4915510364084
4915510960554
4915511188337
4915511560990
4915511660469
4915511568650
4915510689484
4915510518396
4915511930441
4915511175812
4915510829352
4915510884250
4915510316264
4915511329412
4915510432766
4915511401076
4915511270078
4915510139964
4915510873992
4915511971748
4915510492950
4915511840810
4915511743229
4915511411118
4915511222719
4915510202881
4915510358286
4915511959541
4915511314161
4915511247454
4915510739197
4915510769012
4915510368346
4915511321901
4915510791500
4915511207241
4915510509845
4915510084741
4915510794566
4915511356806
4915510316860
4915510045870
4915510784707
4915510952092
4915510161204
4915511751101
4915510622536
4915511338314
4915510819146
4915510939572
4915510832488
4915510950331
4915511038267
4915510003447
4915510436378
4915510188601
4915510221983
4915510288036
4915511398858
4915510367407
4915510119622
4915511536909
4915511754229
4915510064812
4915511435214
4915510356123
4915511968370
4915511321688
4915510383560
4915510964834
4915511907169
4915511663257
4915511605113
4915510724562
4915510989842
4915510551356
4915511255028
4915510344115
4915510617045
4915510023223
4915510747656
4915510178829
4915510316729
4915511175123
4915511758376
4915510518817
4915510185946
4915511569891
4915510014811
4915511603220
4915510166918
4915511722787
4915511234858
4915510473839
4915511351767
4915510720383
4915510590036
4915510464601
4915511440256
4915510594989
4915511348420
4915511262695
4915510248147
4915511492204
4915511556208
4915511484706
4915510448385
4915511844429
4915511938403
4915511602767
4915511873124
4915510413383
4915510223801
4915510005101
4915510286442
4915510971234
4915510385504
4915511714619
4915510215681
4915511213258
4915511379288
4915510459083
4915510590868
4915510954714
4915511766529
4915510348403
4915510279367
4915511997593
4915510861775
4915510151758
4915511037161
4915510903624
4915510542830
4915510373451
4915511821070
4915510631795
4915510090620
4915510653544
4915511916842
4915511075262
4915511657226
4915510767672
4915511260871
4915511572225
4915511081623
4915511443765
4915510220215
4915511424429
4915511252652
4915511180846
4915510472933
4915510191584
4915511411511
4915511717862
4915511166919
4915510755060
4915511793104
4915511655681
4915510047685
4915510104938
4915511023074
4915511752077
4915511753984
4915511341425
4915511014132
4915511129262
4915511243524
4915511998218
4915511072032
4915510920960
4915511625033
4915511758460
4915511341588
4915510119467
4915511486022
4915511692983
4915511391660
4915510809766
4915510533141
4915510379891
4915511339651
4915511742575
4915511573364
4915511227141
4915510984951
4915511283219
4915511820818
4915511380845
4915511958278
4915510905860
4915510804488
4915510283097
4915510838530
4915510609040
4915510195749
4915511906712
4915510284323
4915511213685
4915511001899
4915511343333
4915511955462
4915510183887
4915510305063
4915511716977
4915510530215
4915510596424
4915510580716
4915511739128
4915510054866
4915511938410
4915510652424
4915511266445
4915510006465
4915511215770
4915510909028
4915510712485
4915510498483
4915511465597
4915510011894
4915511878592
4915511513074
4915511168029
4915510039963
4915510736458
4915511086452
4915511067833
4915511438341
4915511982053
4915510405074
4915510783754
4915511333332
4915510375684
4915511207541
4915510553535
4915510733463
4915511325837
4915510140605
4915510929050
4915510406259
4915510289931
4915511946255
4915511271386
4915511324771
4915510006323
4915511543398
4915511219344
4915510778466
4915511189167
4915511534554
4915510309564
4915511824156
4915511018123
4915510608007
4915510797931
4915511472511
4915511049294
4915510563121
4915511968810
4915511695067
4915511816145
4915510438127
4915510082710
4915510674869
4915510212838
4915510488506
4915510559940
4915511745135
4915510894162
4915511251413
4915511192043
4915511523875
4915510826865
4915510891113
4915511111101
4915511831351
4915510251003
4915510905843
4915510250983
4915511342844
4915510272088
4915511478549
4915510514175
4915510262942
4915511394215
4915510084029
4915510423108
4915511490650
4915510094742
4915511079733
4915511991925
4915510255243
4915511053214
4915511667110
4915511606010
4915511399652
4915511988491
4915511391949
4915511666442
4915510633144
4915511586681
4915511777829
4915511550240
4915511597206
4915510524723
4915511072568
4915510647278
4915511965632
4915511382299
4915511963337
4915510516972
4915511510419
4915510906052
4915511440639
4915511195890
4915510881833
4915511847696
4915511921225
4915511728096
4915510388497
4915511113108
4915510099794
4915510603508
4915511121448
4915510745579
4915511697035
4915511909683
4915511520422
4915511177497
4915510458816
4915511938902
4915510795857
4915511852371
4915511831973
4915510647298
4915510801354
4915510747162
4915510713396
4915510620801
4915510320890
4915511592977
4915510445850
4915510392548
4915511148113
4915510385845
4915510714858
4915511741774
4915511434095
4915510258640
4915511769962
4915510889137
4915511374407
4915511223439
4915511880657
4915511419248
4915511412417
4915510212622
4915510519592
4915511537563
4915510242685
4915511163468
4915511961327
4915511641304
4915510510156
4915510299282
4915510623461
4915511008768
4915511410567
4915510529049
4915511200104
4915510982559
4915510026332
4915511307231
4915511888168
4915510206715
4915511261310
4915510507477
4915511444517
4915511207387
4915511815794
4915511161916
4915511424223
4915510584404
4915510249661
4915511876112
4915511500623
4915511452199
4915510568694
4915510683400
4915511100922
4915511990425
4915511252500
4915510116297
4915510672110
4915511257756
4915510953833
4915511615518
4915510701087
4915511580992
4915511858610
4915511243514
4915510088078
4915511386131
4915511821161
4915510163603
4915511278689
4915510201960
4915511842165
4915511362720
4915511835024
4915511565208
4915511813762
4915510393213
4915510100182
4915510539010
4915511619116
4915510598310
4915510253905
4915511713909
4915511896821
4915510019097
4915510291857
4915511950316
4915510515304
4915511480203
4915510497842
4915510451663
4915511686480
4915510079492
4915510127634
4915511224324
4915510340528
4915511059722
4915510690122
4915511696795
4915510108158
4915510741622
4915510636595
4915511907303
4915510724121
4915510023101
4915511478440
4915511156654
4915510242267
4915510589607
4915511646527
4915511698056
4915511109865
4915510956584
4915510697762
4915511907760
4915511019642
4915510015099
4915511892889
4915510089742
4915511266984
4915511693803
4915511119005
4915511161945
4915511869536
4915510304552
4915510229049
4915511309208
4915511371295
4915511173620
4915510642870
4915511837602
4915511286947
4915510839261
4915511071540
4915510080999
4915510927986
4915511545761
4915510250492
4915511179550
4915510607249
4915511642963
4915510850993
4915511338770
4915510497580
4915510623115
4915510442056
4915511464360
4915510093859
4915511336261
4915510436701
4915510105898
4915511761120
4915511318890
4915510555048
4915510116535
4915510647921
4915510243223
4915510976024
4915511527356
4915511902390
4915510060343
4915511680582
4915511352993
4915510500787
4915511372397
4915511249964
4915511970953
4915510661840
4915510522729
4915510229483
4915511231614
4915511540097
4915510862541
4915510155949
4915510205804
4915510922175
4915511855243
4915511954663
4915510201631
4915511263336
4915511867870
4915510550339
4915511393209
4915510486534
4915511877619
4915511723450
4915511507421
4915511805754
4915510507038
4915510003177
4915510585892
4915510196285
4915510959392
4915511305070
4915510439535
4915511672404
4915511671286
4915510264717
4915510668314
4915510295404
4915510809411
4915511588773
4915511302496
4915511059271
4915510977470
4915510373946
4915510630975
4915511100073
4915511733738
4915511471898
4915511177422
4915510977877
4915511550460
4915510747538
4915510966250
4915511406234
4915510976099
4915511328283
4915511387030
4915511065880
4915510380876
4915511873679
4915510898995
4915510007223
4915511161566
4915510662140
4915511396399
4915511997849
4915510439337
4915511462535
4915511168838
4915511972803
4915510482668
4915510397570
4915511583537
4915511663427
4915511652559
4915510294422
4915511229351
4915510053111
4915511322192
4915511930540
4915511063080
4915511655048
4915511105970
4915511088258
4915510894194
4915511300040
4915511239292
4915511899697
4915510427567
4915510876844
4915511819647
4915510642128
4915510485470
4915510366289
4915510995641
4915510971151
4915510282295
4915510718910
4915511277521
4915510444919
4915511404677
4915510681654
4915510685936
4915510895914
4915510377108
4915511536151
4915511916480
4915511909395
4915510262479
4915510742040
4915510824351
4915511581593
4915510554723
4915511566621
4915510059857
4915511305644
4915510818052
4915510681689
4915511956825
4915511779740
4915510306514
4915511935370
4915510658751
4915510702787
4915510240444
4915510007330
4915511100013
4915511115078
4915510228542
4915510729514
4915511645312
4915510993640
4915511215488
4915511539917
4915511815759
4915511643311
4915511812552
4915510308670
4915510596055
4915510174383
4915510485484
4915511044041
4915511654299
4915511016323
4915510625167
4915511442463
4915511383885
4915510204887
4915511907289
4915511843139
4915511623268
4915510506778
4915510507624
4915510007817
4915511805678
4915510960636
4915511606817
4915511650541
4915510909168
4915510012162
4915510604734
4915511220915
4915511906828
4915510471667
4915511361725
4915511598787
4915510245554
4915511127055
4915510488493
4915510672879
4915510970512
4915510107489
4915510187176
4915511603812
4915511593232
4915510815319
4915510583773
4915510349821
4915510422040
4915511782690
4915510379416
4915510317830
4915511835669
4915511147112
4915510655758
4915510934435
4915510935362
4915510453528
4915510973707
4915511016257
4915511829616
4915511656670
4915511014268
4915511969614
4915511946736
4915511393799
4915511245343
4915511451460
4915511399210
4915511078019
4915510645146
4915510402450
4915511162787
4915510427664
4915510922795
4915511201581
4915510916962
4915511901285
4915510052998
4915511460510
4915511812315
4915510488617
4915511808861
4915511603009
4915510021374
4915511547139
4915511922042
4915510773155
4915511330979
4915511039484
4915511052056
4915510477505
4915510070056
4915511553048
4915510134173
4915511677627
4915511295757
4915511816715
4915510995881
4915511570798
4915511698886
4915510113466
4915510353552
4915510981212
4915510636406
4915511871656
4915511200387
4915511250446
4915511269518
4915511589300
4915511180405
4915511103678
4915511280480
4915511945131
4915510942819
4915511157954
4915510969943
4915511033361
4915510851628
4915510183008
4915511350900
4915510834832
4915510815041
4915511168511
4915511901629
4915510988481
4915511161447
4915510353122
4915510707900
4915511580027
4915510629883
4915511774772
4915510248979
4915510762408
4915510004498
4915510382848
4915510517575
4915510252550
4915510798110
4915510074164
4915510904851
4915510020062
4915511179035
4915510348792
4915511682737
4915511919545
4915511745008
4915510784399
4915511268404
4915510446418
4915511520198
4915510435279
4915510138509
4915510819141
4915511722657
4915511643220
4915510843181
4915511567805
4915511893108
4915511202707
4915510915228
4915510590582
4915511707551
4915510578549
4915511060844
4915511970667
4915511027785
4915510769137
4915510580449
4915510657930
4915510189037
4915510968377
4915510408481
4915511377798
4915511256481
4915511605907
4915510479796
4915511784348
4915510627598
4915511192947
4915510483966
4915511937136
4915510711407
4915510620490
4915510397303
4915511728399
4915511171813
4915511283282
4915511381219
4915510847808
4915510021819
4915510070084
4915510258413
4915511188807
4915511823561
4915510933866
4915510336236
4915510733534
4915511622955
4915511974880
4915511828905
4915511101669
4915511725687
4915511346622
4915510620663
4915510695272
4915510624251
4915511848243
4915510572582
4915510738696
4915511829615
4915510406518
4915511869615
4915511471416
4915510216359
4915510260679
4915510683902
4915511695980
4915511526162
4915510580993
4915510940743
4915511167466
4915510765489
4915510782676
4915510828252
4915511734397
4915510443507
4915510794989
4915510839270
4915511288524
4915511292872
4915510982923
4915510666257
4915510936618
4915510909535
4915510684823
4915510077023
4915511608624
4915510402385
4915510024190
4915510111768
4915510164294
4915511825608
4915511788142
4915511378067
4915510191140
4915510206714
4915511041704
4915510897679
4915510600554
4915511143029
4915511348143
4915511409256
4915511585012
4915510840948
4915511702141
4915510475053
4915510837007
4915510112557
4915510741151
4915510389099
4915511745682
4915510800253
4915511489243
4915510651740
4915510805800
4915510006215
4915511238073
4915511950132
4915511641098
4915511805174
4915511169065
4915510082961
4915510030082
4915510970505
4915510449886
4915510868484
4915511280469
4915511401802
4915511421979
4915511427124
4915511271941
4915511869330
4915510327370
4915511032213
4915510505941
4915510829220
4915511112641
4915510027256
4915511225074
4915511978080
4915511535298
4915511852841
4915510887560
4915510085533
4915510179556
4915510303180
4915510071671
4915510551053
4915510234764
4915510586268
4915510273336
4915510441259
4915511424368
4915511634620
4915510131462
4915511704336
4915511260179
4915510516228
4915511348525
4915510908050
4915510956459
4915510930899
4915510695474
4915511641411
4915511819496
4915511724472
4915511486827
4915510151088
4915510059598
4915511565080
4915510531479
4915510725762
4915511070473
4915511863834
4915511268940
4915510409027
4915511104707
4915510915662
4915510876010
4915511279689
4915510511670
4915511210308
4915510873397
4915511083744
4915510042166
4915511962699
4915511866183
4915510598967
4915510275065
4915510803937
4915511746133
4915510950754
4915510891208
4915510116592
4915511508875
4915510045001
4915510358132
4915510409660
4915511803111
4915510904291
4915511549744
4915510513451
4915511397415
4915511324388
4915510246945
4915510162468
4915510474219
4915511545719
4915510412150
4915510605533
4915511626390
4915511329261
4915510717133
4915511577696
4915510863898
4915511383870
4915510614558
4915511039668
4915510316992
4915511641039
4915510181692
4915511912082
4915510015554
4915511151677
4915510500797
4915510539012
4915511306422
4915511291220
4915511709234
4915510968559
4915511947207
4915510924035
4915510539317
4915511833280
4915510123659
4915510871935
4915510735518
4915510772587
4915510771459
4915510828645
4915510529277
4915510164094
4915511524961
4915511448694
4915511973175
4915511590147
4915510795474
4915510022102
4915510085488
4915510411994
4915511766771
4915510682856
4915511030659
4915511679880
4915510714544
4915511935067
4915511274780
4915511900953
4915511406004
4915511430743
4915511050740
4915510749247
4915510128421
4915511219195
4915510348247
4915511570386
4915511254770
4915510423858
4915511090345
4915511489982
4915511890494
4915510626182
4915510205859
4915511198093
4915510965801
4915511140040
4915511852586
4915511524229
4915511192262
4915511429858
4915511678142
4915510923737
4915510551876
4915510320776
4915511577978
4915511696957
4915511165186
4915511861086
4915511622518
4915511181817
4915510985135
4915511255123
4915511765650
4915510632908
4915510178480
4915510781170
4915511948228
4915510556928
4915511182074
4915510315758
4915510506882
4915510331391
4915510271953
4915510070856
4915510752737
4915511037712
4915510070779
4915510166656
4915510331888
4915510725431
4915510628866
4915511277132
4915511855763
4915510166059
4915511002933
4915510869687
4915510723479
4915510472997
4915511322154
4915511546488
4915510770553
4915511130993
4915510504787
4915511878361
4915510442290
4915511694115
4915511672726
4915510376747
4915510111437
4915511563550
4915510029440
4915510545269
4915511613484
4915510572820
4915511685876
4915511005765
4915511151930
4915511301809
4915510511566
4915510516581
4915510696134
4915510599912
4915511481574
4915510816467
4915510660837
4915510130520
4915511741820
4915510963820
4915510356885
4915511163808
4915510786496
4915511807514
4915510605441
4915510152269
4915510556570
4915511009932
4915510987628
4915511942936
4915510484287
4915510979248
4915510659732
4915510521541
4915511432333
4915510049002
4915510970955
4915511361726
4915511963618
4915510622189
4915511411821
4915510554639
4915510281040
4915510512119
4915510881850
4915511930079
4915510810190
4915511867157
4915511292154
4915510437204
4915510347153
4915511540291
4915510224439
4915511732027
4915510396874
4915511475363
4915511028455
4915510321257
4915510164182
4915511336678
4915511461684
4915511481269
4915511908326
4915510812665
4915510502761
4915510318383
4915510812421
4915510000267
4915510428957
4915510815739
4915511616663
4915511746566
4915510592893
4915511325568
4915511452054
4915510809311
4915510507852
4915510964341
4915511199601
4915510266697
4915510729534
4915510942248
4915510940565
4915510462891
4915510655678
4915510256161
4915511687619
4915510529993
4915510037258
4915511271006
4915511583558
4915510490116
4915510727654
4915510421026
4915511767855
4915510014328
4915510004549
4915511893349
4915511041409
4915510730968
4915511507797
4915511100932
4915510280230
4915511525383
4915510350073
4915510264578
4915510365198
4915510916585
4915510132481
4915510222324
4915511834594
4915510806189
4915511549635
4915511277120
4915511730548
4915510764868
4915511574015
4915510647321
4915510436537
4915510688804
4915511522193
4915511406527
4915511309274
4915511007593
4915511943365
4915511011359
4915510655284
4915511487920
4915510780609
4915510010775
4915510045550
4915510859746
4915510290282
4915511719089
4915511447205
4915511253535
4915510302359
4915511071422
4915510778022
4915511139150
4915510117219
4915511487261
4915510599762
4915511909709
4915510876320
4915510790660
4915510156311
4915511091482
4915511742282
4915511525143
4915511186521
4915511073410
4915510653909
4915510216005
4915510041476
4915511159155
4915510641830
4915511726559
4915510939191
4915511400445
4915511881420
4915511824264
4915510084000
4915510984581
4915511762510
4915510594398
4915510827426
4915510273341
4915511239624
4915510278718
4915510130479
4915510109983
4915510306837
4915511833387
4915510350731
4915510518767
4915511093661
4915510300623
4915510385904
4915510260118
4915510072586
4915511889970
4915511212111
4915510997731
4915510863156
4915511991277
4915510231137
4915510341010
4915511564866
4915511988455
4915511830992
4915511305860
4915510115399
4915510204039
4915510795511
4915510929483
4915510166312
4915510339694
4915510411529
4915511559774
4915510532781
4915510978155
4915511977799
4915510033760
4915510621957
4915511540396
4915510864290
4915510628849
4915511051978
4915511339033
4915510540481
4915510153646
4915511765597
4915510170093
4915510927408
4915510598261
4915511149481
4915510415325
4915510477216
4915511427958
4915511901719
4915510915101
4915510814377
4915510715801
4915511735737
4915511681961
4915510513438
4915510709906
4915510234625
4915510332363
4915510633505
4915510346828
4915510057553
4915511999461
4915511437203
4915510303284
4915511602400
4915511538409
4915511083948
4915511264704
4915511387870
4915511916262
4915511286109
4915511005668
4915510010353
4915511152999
4915510814802
4915511507860
4915511518053
4915511543028
4915511764434
4915511616475
4915511726565
4915510733447
4915510805734
4915510417193
4915510663887
4915510199755
4915510609695
4915511575835
4915510115716
4915511648132
4915511061092
4915511305305
4915511373597
4915510651831
4915510115912
4915510532708
4915510913268
4915511976175
4915511576219
4915511584866
4915511891327
4915510331278
4915510223571
4915510141916
4915511214482
4915510876173
4915510332826
4915510805784
4915510025147
4915511733589
4915510092424
4915511605121
4915511172145
4915510721304
4915510810806
4915511045596
4915510619009
4915511090023
4915511087087
4915510872101
4915510373126
4915511309009
4915510310134
4915510308075
4915510667097
4915511472505
4915511119705
4915510859241
4915510090436
4915510181780
4915510836047
4915510406617
4915510395856
4915510358878
4915510100630
4915511708336
4915510871131
4915510451794
4915511619868
4915510273324
4915510528628
4915510970575
4915510628398
4915511462421
4915511647953
4915510840428
4915510063992
4915511264095
4915511270139
4915511000186
4915511633736
4915511773082
4915510412498
4915510670517
4915511824177
4915511276093
4915510011244
4915510394926
4915510644051
4915511903560
4915510609424
4915510513046
4915511223187
4915511225303
4915510035342
4915510771844
4915511533616
4915510500069
4915510529335
4915511867156
4915511848252
4915510853616
4915510803469
4915510822953
4915511135238
4915511988983
4915511893276
4915511116651
4915510484976
4915510324887
4915511604700
4915510415838
4915510710216
4915510170286
4915511763687
4915510420284
4915510951003
4915511264108
4915510355504
4915511725445
4915510416057
4915510376793
4915510608548
4915511190676
4915511750130
4915511282371
4915510577998
4915510201673
4915510384484
4915511758199
4915510248300
4915511214826
4915511694711
4915511662544
4915511200799
4915511964888
4915510292623
4915511323039
4915511959600
4915510281660
4915510290370
4915510597729
4915510877433
4915510962976
4915510874092
4915511279329
4915510685492
4915511707197
4915510257460
4915511766535
4915511721778
4915510097629
4915511767226
4915510152356
4915511898665
4915510926371
4915511278974
4915510316984
4915510409953
4915511086061
4915511851853
4915510564910
4915511485544
4915511152889
4915510728381
4915510356869
4915511862613
4915511708070
4915511868219
4915510416729
4915510353819
4915510509296
4915510413514
4915510311477
4915511132484
4915510153583
4915511949482
4915510559314
4915510958237
4915510485609
4915511201163
4915511332467
4915511457268
4915510686254
4915510065463
4915510135682
4915510353274
4915510474105
4915511159460
4915510374083
4915510769584
4915511756459
4915511885755
4915510262005
4915511708215
4915510882754
4915511942600
4915511528537
4915510080331
4915511267342
4915511129490
4915511808157
4915510317851
4915510651576
4915511485934
4915511980564
4915510151359
4915510079591
4915510658530
4915510562637
4915511945779
4915510434808
4915511038432
4915510181673
4915511644419
4915510058770
4915510619802
4915511893050
4915510241118
4915510299354
4915511132429
4915510318903
4915510541975
4915510863212
4915510153356
4915510906216
4915511205111
4915511079530
4915510990271
4915510878234
4915511364565
4915511414452
4915511770238
4915510292480
4915511100591
4915511157426
4915510686631
4915511619608
4915511216634
4915510012734
4915510207594
4915510849280
4915511423747
4915511623389
4915510962458
4915510529704
4915511496625
4915511093444
4915510965004
4915511365177
4915511709920
4915510186979
4915510927258
4915510979322
4915510130576
4915510472307
4915510400594
4915510596080
4915510220886
4915510102649
4915510991918
4915511668642
4915510835182
4915511796723
4915510102875
4915511336270
4915510637941
4915510095465
4915511499885
4915511347600
4915510539642
4915510911912
4915511878025
4915511922613
4915511208422
4915511231364
4915511149732
4915510569883
4915510125172
4915510608214
4915510904316
4915510537746
4915511811400
4915510272756
4915511480378
4915510866268
4915511314376
4915510172885
4915510125924
4915511074487
4915510683448
4915511592458
4915511327320
4915511454517
4915511192966
4915511100516
4915510438390
4915511728150
4915510772009
4915511603226
4915510522539
4915511011675
4915510407457
4915510363452
4915511812960
4915510804063
4915511897194
4915510984718
4915510435914
4915511305245
4915510581796
4915511169414
4915511559399
4915510363867
4915511810447
4915511489793
4915511520322
4915511262084
4915510159565
4915510170713
4915510520712
4915511507744
4915511980318
4915511017327
4915511684224
4915511787403
4915510729249
4915511585238
4915511044080
4915510878770
4915511788683
4915511818218
4915511074368
4915510796833
4915510217728
4915510655451
4915510462309
4915511673647
4915510325818
4915510257162
4915511443576
4915511637802
4915511500526
4915511397881
4915511065516
4915510205367
4915511517141
4915510040291
4915511346681
4915510454512
4915511719107
4915510781664
4915510451496
4915510995066
4915510470450
4915510399388
4915511060683
4915511175133
4915511169131
4915510362926
4915511585050
4915510419999
4915510057587
4915510214062
4915511728706
4915511934172
4915510523653
4915510797045
4915510139637
4915511127072
4915511153368
4915511555455
4915510635733
4915510290733
4915511014846
4915510970382
4915510020039
4915511153546
4915510427712
4915511465599
4915511035502
4915510047946
4915511816987
4915511363794
4915511691226
4915511582630
4915510938643
4915511966732
4915510706070
4915511943727
4915511455214
4915511712898
4915510352960
4915511427714
4915510520609
4915511874486
4915511466969
4915510209916
4915510330704
4915510237586
4915511759953
4915511487584
4915510884510
4915510257820
4915510696601
4915510201099
4915510604430
4915511771050
4915511972408
4915511958032
4915510209137
4915511175479
4915510990690
4915510608452
4915511838758
4915511823174
4915511063657
4915511979184
4915511194950
4915510629002
4915510249505
4915510131402
4915511183534
4915511298571
4915510591615
4915510988059
4915511424029
4915511159312
4915510744390
4915510767104
4915510292264
4915511066348
4915511041589
4915511893267
4915511333388
4915510272049
4915511362482
4915511922658
4915510785340
4915511404591
4915510300968
4915511484233
4915511543139
4915510486734
4915510867592
4915510697104
4915510805391
4915510315844
4915511622344
4915510497302
4915511742540
4915511714613
4915511103650
4915510950733
4915510108118
4915511899698
4915511166057
4915511133047
4915510917071
4915510483914
4915510227806
4915511506807
4915510061797
4915511093274
4915511295962
4915511752448
4915511994520
4915510441570
4915511464260
4915510541813
4915510901768
4915510287948
4915510617687
4915510478249
4915511245137
4915511044362
4915511505266
4915511111097
4915511598687
4915511165760
4915510590481
4915510054780
4915511614277
4915510551965
4915510462644
4915511237603
4915510972035
4915510404809
4915510840014
4915510458776
4915511037884
4915510920477
4915511894623
4915511868519
4915511106099
4915510137932
4915511400256
4915510655466
4915510451341
4915511758034
4915511079591
4915510947571
4915510379391
4915511878925
4915510108860
4915510237159
4915510332985
4915511243577
4915511827547
4915511287199
4915510633432
4915511446098
4915511490746
4915510057675
4915510540201
4915510834061
4915511514045
4915510146745
4915511747207
4915510911987
4915510444492
4915511439085
4915511016209
4915511266278
4915510317805
4915510713774
4915511420160
4915511205040
4915511329000
4915510720194
4915511104067
4915511608967
4915510145538
4915511703653
4915511747003
4915511042500
4915510754595
4915510931183
4915511736006
4915511867558
4915510575997
4915510141698
4915510901933
4915510467322
4915511672446
4915510601374
4915510881129
4915511758812
4915511507551
4915511591889
4915510845966
4915511535457
4915511591772
4915511323443
4915511640644
4915511653437
4915510088075
4915511137793
4915511682225
4915511718226
4915511902037
4915511100769
4915510273002
4915511123580
4915510320762
4915510336264
4915510098734
4915510070959
4915510550090
4915511050869
4915511694958
4915510272456
4915510000108
4915511801203
4915510253983
4915511715102
4915510463956
4915510190587
4915510759838
4915510034902
4915511733726
4915510791778
4915510194344
4915510045731
4915511008972
4915510395361
4915511502936
4915511951041
4915510189806
4915511485262
4915511799242
4915510396623
4915510714866
4915511658675
4915510110083
4915510119024
4915511343407
4915510507450
4915511287939
4915510123017
4915511467755
4915510799502
4915510777575
4915510892021
4915511382646
4915510635548
4915510820641
4915510241383
4915511125226
4915510214338
4915511375246
4915510410303
4915510889706
4915510401606
4915510313076
4915511141370
4915511436048
4915510042379
4915510918231
4915510197887
4915510623101
4915510276273
4915511031668
4915510083387
4915510644240
4915510536219
4915510939619
4915511885446
4915510860857
4915510621057
4915510835984
4915511150317
4915511343002
4915510013506
4915510329360
4915510305268
4915510051694
4915510280638
4915510274521
4915510890421
4915510159458
4915511587718
4915511167895
4915511210425
4915511312434
4915511579097
4915510310970
4915511499357
4915511114237
4915510073144
4915511643396
4915510166863
4915511322919
4915511616675
4915510685523
4915511566463
4915511634205
4915511244649
4915511302796
4915511419788
4915510768240
4915511790974
4915511904784
4915511878338
4915510191072
4915511255034
4915510010246
4915510176477
4915510665089
4915511212164
4915511148195
4915511723449
4915510334543
4915510574961
4915510298465
4915511153239
4915510025745
4915511338223
4915511588082
4915510749938
4915510040528
4915511472547
4915510509661
4915511879883
4915510331501
4915510385075
4915510184552
4915510929682
4915510386235
4915510460459
4915510767698
4915510312436
4915511217730
4915510979955
4915510721515
4915511459031
4915511801880
4915510310825
4915511926269
4915510093965
4915511638621
4915511859709
4915511108728
4915511136954
4915511366144
4915511200911
4915511953280
4915510431033
4915510324043
4915510992473
4915510991787
4915510551364
4915511852680
4915510539903
4915511986434
4915510375279
4915510689815
4915510471570
4915510021734
4915511413070
4915510809553
4915511878615
4915510659204
4915510745385
4915510170836
4915510138102
4915511461263
4915510417290
4915511579434
4915511438640
4915510805889
4915511724603
4915510771526
4915511709937
4915511345372
4915510851985
4915511147482
4915511910888
4915511774633
4915510676731
4915510074467
4915510052669
4915511680765
4915510524524
4915511764974
4915510126091
4915511737937
4915511570555
4915511108030
4915511161274
4915510257829
4915510611580
4915511020779
4915511552413
4915511394569
4915511559041
4915511748666
4915511369276
4915511833465
4915510608809
4915510661647
4915511227966
4915510092706
4915511211568
4915511159164
4915511627789
4915510652447
4915510289314
4915511039766
4915510958003
4915510789714
4915511339737
4915511845815
4915510278727
4915510115890
4915510216843
4915510623380
4915510213381
4915510114900
4915510409098
4915511851162
4915510174374
4915511526794
4915510232331
4915510896828
4915510614651
4915510098506
4915511343439
4915510456442
4915510359489
4915510590213
4915511212977
4915510479383
4915511696349
4915510488096
4915510514937
4915511998162
4915510131155
4915511983129
4915511394229
4915511173123
4915511212363
4915510877616
4915510811812
4915511401802
4915511751250
4915510981606
4915511296728
4915511410903
4915511365888
4915511307865
4915510387683
4915510864435
4915511681459
4915510089987
4915511720167
4915510838401
4915510374501
4915510157950
4915511535237
4915510320107
4915510036860
4915511581338
4915511751851
4915510233701
4915511047829
4915511537201
4915511148441
4915510590219
4915510288891
4915511751742
4915510145092
4915511352481
4915511407022
4915511457606
4915510936393
4915511002864
4915510372070
4915510513328
4915511493159
4915510178124
4915511482125
4915510785983
4915511199532
4915511048479
4915510633068
4915510481486
4915511917196
4915510873933
4915510392459
4915510800275
4915511185906
4915510024066
4915510722629
4915510203681
4915511086811
4915510890255
4915511250986
4915510642665
4915510134450
4915511283020
4915510274024
4915511995289
4915511375213
4915510853896
4915511108094
4915510867729
4915511803247
4915511095371
4915510533362
4915510584510
4915511385404
4915510947517
4915511266186
4915510912148
4915511196418
4915511277682
4915510683684
4915511172982
4915511998984
4915510915224
4915511261724
4915510494730
4915510632108
4915511190781
4915511189450
4915510713088
4915511679890
4915510721126
4915511156139
4915510731253
4915510285670
4915510346840
4915510678407
4915511419997
4915510240450
4915510019227
4915511466786
4915510270856
4915510653683
4915511929068
4915510139511
4915510515156
4915511342612
4915511466506
4915510163919
4915510051530
4915510982604
4915510408029
4915510685567
4915510910472
4915510987873
4915511076661
4915511330268
4915511503956
4915511359188
4915511919839
4915511229574
4915510290035
4915510187997
4915511877015
4915511290069
4915510156192
4915511378553
4915510792782
4915510778213
4915511855256
4915510434558
4915510478093
4915511895254
4915510176982
4915511244107
4915511168567
4915510122198
4915511579521
4915511397201
4915511768443
4915510416628
4915510693320
4915510907952
4915511983728
4915510590617
4915511957899
4915511467278
4915511479942
4915511374741
4915511119879
4915510222055
4915511194010
4915510705636
4915511819143
4915510424537
4915511888857
4915510703585
4915510723651
4915510057663
4915511367475
4915510764163
4915511670889
4915511321233
4915510528020
4915510183423
4915510218249
4915511598571
4915511882604
4915510164899
4915511754145
4915510264460
4915511904923
4915511704712
4915511003934
4915511177882
4915511294587
4915510067023
4915510830369
4915511249151
4915511747037
4915510086965
4915511324401
4915510942553
4915511626187
4915510348188
4915510853538
4915511202489
4915510266550
4915510657286
4915511225483
4915510351165
4915510997764
4915511315740
4915511305248
4915510488613
4915511786206
4915510010832
4915510380207
4915511307420
4915511548034
4915511933898
4915510569046
4915511313966
4915511011977
4915510307054
4915511330616
4915510560711
4915510685795
4915510470274
4915510357625
4915511190450
4915510841913
4915511167463
4915511942297
4915510169059
4915510422039
4915510333610
4915511743901
4915510059910
4915510412624
4915510911686
4915511301841
4915510938044
4915511081271
4915510509784
4915510840312
4915510942994
4915510879871
4915510775845
4915511234934
4915510326007
4915510051412
4915510857674
4915510496230
4915510884018
4915510532750
4915510252617
4915511398012
4915511183644
4915511407822
4915510503449
4915510207966
4915511970462
4915510029717
4915510259933
4915511771569
4915511964020
4915510239955
4915510152390
4915511601748
4915510887834
4915511113732
4915511354276
4915510145227
4915511599412
4915511077526
4915510853838
4915510412527
4915510943654
4915511776305
4915510433349
4915511314332
4915510069896
4915511949113
4915510835433
4915511585303
4915511461710
4915510169317
4915510839035
4915511628384
4915511145532
4915510796621
4915511563898
4915511452741
4915511200651
4915511977395
4915511214840
4915511845614
4915511581877
4915511209761
4915511421801
4915510749883
4915510060986
4915511915826
4915511902263
4915510129767
4915510678679
4915511779915
4915510933839
4915511589296
4915511509445
4915510861953
4915510962746
4915510426271
4915511017935
4915510637772
4915511937688
4915510564935
4915510625331
4915510168220
4915511527536
4915510650915
4915510726390
4915510131067
4915510063984
4915510715999
4915510590245
4915511615105
4915511166626
4915511544279
4915511378415
4915511464408
4915511040100
4915511137601
4915510775458
4915510185455
4915510133709
4915510796147
4915511141003
4915510787851
4915510043550
4915511594047
4915510150429
4915510797858
4915511191684
4915510906063
4915510409630
4915511119857
4915511252706
4915511032012
4915511747526
4915511352949
4915511861795
4915510906543
4915510289344
4915510832575
4915511016332
4915510026148
4915510819502
4915510837003
4915510412320
4915511376769
4915511148024
4915511111430
4915510876559
4915511880832
4915510164296
4915510441437
4915510030148
4915511812688
4915511673023
4915511976179
4915511242854
4915510873811
4915511257686
4915510542205
4915511693340
4915510828909
4915511437075
4915511043869
4915510941818
4915511588098
4915511898338
4915511102543
4915511684129
4915510255528
4915511187498
4915511064414
4915510657757
4915511489084
4915511169972
4915510446735
4915511450333
4915510954573
4915510567448
4915510041217
4915510355396
4915511722720
4915511467807
4915511481140
4915511002861
4915510192851
4915510148182
4915510592648
4915511803566
4915510620945
4915511768499
4915511092846
4915510372135
4915510034963
4915510443852
4915510616154
4915511818554
4915511212149
4915511177342
4915511105261
4915510269348
4915510019518
4915510807405
4915511916744
4915510054223
4915511202841
4915510535645
4915510483861
4915511482095
4915511562995
4915511600165
4915511621132
4915510985632
4915510473252
4915511499763
4915511516536
4915510232349
4915510581568
4915511533957
4915510487730
4915511600624
4915510879704
4915510878605
4915510047733
4915510015189
4915511070490
4915511194237
4915510601571
4915510596740
4915511269183
4915511143112
4915510744431
4915511380163
4915511147993
4915511834345
4915510205219
4915511127312
4915511239901
4915510217910
4915511332042
4915510540465
4915511376010
4915511137286
4915510273750
4915510936275
4915511834932
4915511235811
4915510333976
4915510420494
4915510626931
4915511343204
4915511300638
4915511270932
4915510224226
4915510652878
4915510689527
4915511332500
4915511331235
4915510338500
4915510433395
4915510165510
4915511556700
4915511322172
4915510371390
4915510502685
4915510633657
4915511602676
4915510582260
4915511484123
4915510092221
4915510893849
4915511492035
4915510813601
4915510369571
4915511389523
4915510069754
4915510910974
4915511084177
4915510494811
4915511033256
4915511661861
4915510359117
4915510453625
4915510623869
4915511888694
4915510996568
4915511820661
4915510957881
4915511820649
4915511769102
4915510638750
4915510510662
4915510592311
4915510081096
4915510247759
4915511378358
4915510800736
4915510196791
4915510272879
4915510633574
4915511648321
4915510839663
4915511665197
4915511601734
4915510539185
4915511350812
4915511699560
4915511694458
4915510081008
4915511788668
4915510601669
4915510272611
4915510353513
4915510646443
4915511381623
4915510594002
4915511111357
4915511539322
4915510480986
4915510168747
4915510277993
4915510137421
4915511446406
4915511831874
4915510701921
4915511670129
4915510824936
4915511257266
4915510206486
4915511662231
4915510957609
4915511573472
4915511048187
4915511753609
4915510205206
4915511573811
4915511306899
4915510149037
4915510336703
4915511526794
4915511862201
4915511847054
4915510012056
4915511952106
4915511149182
4915510237150
4915511732068
4915510791101
4915510269752
4915511497376
4915511336593
4915511261078
4915510408750
4915510633671
4915510507748
4915511775051
4915511050652
4915510664115
4915511714606
4915510046751
4915510242627
4915510152026
4915511109731
4915510949708
4915511977307
4915511083858
4915510312229
4915511013693
4915511291415
4915511695733
4915510782662
4915510899924
4915510042866
4915511698038
4915511619233
4915511644364
4915510777784
4915510549730
4915510467663
4915511573388
4915510858788
4915511652337
4915510515051
4915511927743
4915511134426
4915510521526
4915510403716
4915510109978
4915511230180
4915510764934
4915510516295
4915511178175
4915511981883
4915511525036
4915510061442
4915511557102
4915511172417
4915510385618
4915511426074
4915510891317
4915510236289
4915511567030
4915511685231
4915511374879
4915511322148
4915510492931
4915510761921
4915510305091
4915511056976
4915511504313
4915511538175
4915510075946
4915511811441
4915511924468
4915510304276
4915510355706
4915510750050
4915511225963
4915511489891
4915510631539
4915510935129
4915510109394
4915510546008
4915511923837
4915510438986
4915511229554
4915511713830
4915511599574
4915511816162
4915511804828
4915511059722
4915510894332
4915510976704
4915510422499
4915511965063
4915511822355
4915511498546
4915510276942
4915510259944
4915511194564
4915511719101
4915511393674
4915510819570
4915510639354
4915510675076
4915511666349
4915511849566
4915510367616
4915511087781
4915511663633
4915511183500
4915510834485
4915510953408
4915510147096
4915511746509
4915511961198
4915511548598
4915510005081
4915510745165
4915511785302
4915511499288
4915510828058
4915510094752
4915510501487
4915511232298
4915510908865
4915511579883
4915510182531
4915510228052
4915510355981
4915510676553
4915510031041
4915511771568
4915511122937
4915511000487
4915511929865
4915510283184
4915511974081
4915511830462
4915510580706
4915511427577
4915510847737
4915510941582
4915511031401
4915510316949
4915511080001
4915511822141
4915511237067
4915511857339
4915510075464
4915511094336
4915510694594
4915510968985
4915510521845
4915510523843
4915511499442
4915510912441
4915510713596
4915510703283
4915510303732
4915510121912
4915510548001
4915511342547
4915510863848
4915511430771
4915511567454
4915510159926
4915511841088
4915511146980
4915510354188
4915511460553
4915511767852
4915511828094
4915511620443
4915510935705
4915510405632
4915510241936
4915510477187
4915511394738
4915511116418
4915511197991
4915510506226
4915511688491
4915511173787
4915510943111
4915511898666
4915511889984
4915510051705
4915510038201
4915511608988
4915511691416
4915511558885
4915511192753
4915510178744
4915511105436
4915511933793
4915510726350
4915510715979
4915511430675
4915510715566
4915511498306
4915510984522
4915511639044
4915510225788
4915511153523
4915511195692
4915511875818
4915511534920
4915510040640
4915511191753
4915510939930
4915510959416
4915510937500
4915511683586
4915510921227
4915511103036
4915511240306
4915510080353
4915511693662
4915510627092
4915510085180
4915511782269
4915510691418
4915510164170
4915510986738
4915511805410
4915511818848
4915510034714
4915511934881
4915510197067
4915511268186
4915510950826
4915511590889
4915511713433
4915510954835
4915511228129
4915511726423
4915511808798
4915511499107
4915511196737
4915511667359
4915510494201
4915511071943
4915511000310
4915511826734
4915511977175
4915510353714
4915510770905
4915510529493
4915510505258
4915510824263
4915511231590
4915511080632
4915511409932
4915510614877
4915510142528
4915511780715
4915510434500
4915511113814
4915510842646
4915511996445
4915511669191
4915511762352
4915510706497
4915510405246
4915510409685
4915511966565
4915511300479
4915510219592
4915510335919
4915510883114
4915510309400
4915510578290
4915510129540
4915511737923
4915511817434
4915511786491
4915510077496
4915510875753
4915511871075
4915511294519
4915510431376
4915510782472
4915510388902
4915510079690
4915510837583
4915511236350
4915511642305
4915510863371
4915511471528
4915511577701
4915511655421
4915510282987
4915510992331
4915510958628
4915511719002
4915511774537
4915511874245
4915511846734
4915510020610
4915511916153
4915510903877
4915511550773
4915511119670
4915511437801
4915511438228
4915510530573
4915510342904
4915511041207
4915511800222
4915510534729
4915510158260
4915510409240
4915511141235
4915511549418
4915511891520
4915510852993
4915510848244
4915510419412
4915511193579
4915510162840
4915510310432
4915511631444
4915511119953
4915511167988
4915511395075
4915511466724
4915510325984
4915510009672
4915510195374
4915511431340
4915511807598
4915511538835
4915511888460
4915510604607
4915510530490
4915510039715
4915511838874
4915511876273
4915510473620
4915510609457
4915510804390
4915510437547
4915511808715
4915511960596
4915511862475
4915511035430
4915510066853
4915510159727
4915511523367
4915511520999
4915510509889
4915510519892
4915511436168
4915511219071
4915510535899
4915511725683
4915511088252
4915510155478
4915510416564
4915510005820
4915511473151
4915511758000
4915511168697
4915510241577
4915510402013
4915510652334
4915511312758
4915511563486
4915510956164
4915510933757
4915510716324
4915511291351
4915510548010
4915511233450
4915510431790
4915511694885
4915510937649
4915510599986
4915510236495
4915511380566
4915511667694
4915511737065
4915510358661
4915511604701
4915511707941
4915511978233
4915511263190
4915511853425
4915511527652
4915511616638
4915511598209
4915511124837
4915510101341
4915510883598
4915511073176
4915510970456
4915511202593
4915511611151
4915511803497
4915511449996
4915510526478
4915511053298
4915511943169
4915510971122
4915510029797
4915510658643
4915510557889
4915510907074
4915511317086
4915510023093
4915511662223
4915511476416
4915510226149
4915511068074
4915511574527
4915510878432
4915510082279
4915510654228
4915511366221
4915511850439
4915510372465
4915510076593
4915510927888
4915511678977
4915510830192
4915510745914
4915510084875
4915510414076
4915511486940
4915510902409
4915511867971
4915510264076
4915510945491
4915510161262
4915511973164
4915510529706
4915510141430
4915511967766
4915511162976
4915511996035
4915511727729
4915510146654
4915510147787
4915511936994
4915511769061
4915510377754
4915510289904
4915511074936
4915510097311
4915511384749
4915510062878
4915511842799
4915510961848
4915510196622
4915511087560
4915511885679
4915510409560
4915510444242
4915511674278
4915511038560
4915510533037
4915511130498
4915511747859
4915511291837
4915510637318
4915511715521
4915510461713
4915510783248
4915510132882
4915511377880
4915511601222
4915510424073
4915511785014
4915511861158
4915510750837
4915510881000
4915510975416
4915510047745
4915511647447
4915510362693
4915510004613
4915511859343
4915511883207
4915510985920
4915510835734
4915511835706
4915510963407
4915510287213
4915510802799
4915511716741
4915510618549
4915511371613
4915510401295
4915510020563
4915510769307
4915510006458
4915511992500
4915511541475
4915511518987
4915511028538
4915511350687
4915510872469
4915511957943
4915511062726
4915511560499
4915510114526
4915510414258
4915511751529
4915511419005
4915510015300
4915511779578
4915511393880
4915511017199
4915510750800
4915510346916
4915511542472
4915511498801
4915510342820
4915510570853
4915511306881
4915511385095
4915510511708
4915511650979
4915511510613
4915510129962
4915510173045
4915511616267
4915511441220
4915510172955
4915511315275
4915510357294
4915511366946
4915511246595
4915510222465
4915511325718
4915511265249
4915510434369
4915511081031
4915511103492
4915510255171
4915510719428
4915511534036
4915511502125
4915510262529
4915511755094
4915511318921
4915511979760
4915510944683
4915511510149
4915510672374
4915510458165
4915510473685
4915511314361
4915510418847
4915510705958
4915510614354
4915510046499
4915510789720
4915510586022
4915510985901
4915510907406
4915511787346
4915510149019
4915511365002
4915511178537
4915510629605
4915511334851
4915511618473
4915510671969
4915510405508
4915511047953
4915511814735
4915511261950
4915511283169
4915511427143
4915510561811
4915510179265
4915510721986
4915511339142
4915510121866
4915511043669
4915510312975
4915511975460
4915510447411
4915511520342
4915511292531
4915511310019
4915510575484
4915510689784
4915511845083
4915510868290
4915511883138
4915510047682
4915511583610
4915511297172
4915511388400
4915511053297
4915510209565
4915510981927
4915511148363
4915510573157
4915511059161
4915510523531
4915510675568
4915510723753
4915511596943
4915511352599
4915510484684
4915510982143
4915511306115
4915511106898
4915510498761
4915511301405
4915510581575
4915510371655
4915511109728
4915511138422
4915511709286
4915511319566
4915511975154
4915511811217
4915511714189
4915511605846
4915511729352
4915511652707
4915511795287
4915510446050
4915511446805
4915510660082
4915510839169
4915510627816
4915511860385
4915511631844
4915511641071
4915511812435
4915510008025
4915510891912
4915511363979
4915510286639
4915510503080
4915510974658
4915511759424
4915511749422
4915510279143
4915510902125
4915511286151
4915510047761
4915511308424
4915510262246
4915511692148
4915510589763
4915510939472
4915510821352
4915510794488
4915510769065
4915511716851
4915511035386
4915511607117
4915510585653
4915510345363
4915511163413
4915511973933
4915510701252
4915511771048
4915511319303
4915510690662
4915511297645
4915510044319
4915511864097
4915510922304
4915510927338
4915511877698
4915510257693
4915510601248
4915511648503
4915510955443
4915511029286
4915511702824
4915511408299
4915511100584
4915511064321
4915510327681
4915510924028
4915510650784
4915510272035
4915511862323
4915511656998
4915510209264
4915511001163
4915511192558
4915510394404
4915510978312
4915510869145
4915511483597
4915511584991
4915511739485
4915511914700
4915511238560
4915510660356
4915511743269
4915510392178
4915511448844
4915510601524
4915510077284
4915510413322
4915511944594
4915510268343
4915511882686
4915511579302
4915510704524
4915510644998
4915511858552
4915511988619
4915510087528
4915510521432
4915510661587
4915511914907
4915510580984
4915510414597
4915511290842
4915511713483
4915511571556
4915511765284
4915510835348
4915511311105
4915511232865
4915511342731
4915510340664
4915511223937
4915511289128
4915510924798
4915511121535
4915510272920
4915511014638
4915510677975
4915510031604
4915510863942
4915511032463
4915510093019
4915510285038
4915511356740
4915510588807
4915510923193
4915511436113
4915510400034
4915511474921
4915510180583
4915511855501
4915510309891
4915510304854
4915511699696
4915511536302
4915511346069
4915511608885
4915510532559
4915510360532
4915511562217
4915511596316
4915511636233
4915510589145
4915511504364
4915511476167
4915510988473
4915511576252
4915511445935
4915510284124
4915511762970
4915511989376
4915511275475
4915510995951
4915511728016
4915510541786
4915511334858
4915511249365
4915510653964
4915511680556
4915510663140
4915511014669
4915511705737
4915510377555
4915510954921
4915510779862
4915511014850
4915511204380
4915510663548
4915511295284
4915510231127
4915511013643
4915510300436
4915510465054
4915511204188
4915510691110
4915510325066
4915510129074
4915511169432
4915510478981
4915511656721
4915511540325
4915510891206
4915511826758
4915511422219
4915511647809
4915510340890
4915510584015
4915510476921
4915511121550
4915510700521
4915510236826
4915510633787
4915511671327
4915511066066
4915510107950
4915511787627
4915511496212
4915511847409
4915510129634
4915511607983
4915511625460
4915511386718
4915510763454
4915510002303
4915510760741
4915510156969
4915511838518
4915510629621
4915510126564
4915511080415
4915510808387
4915511216157
4915510601448
4915510474419
4915511577819
4915510190834
4915511060162
4915510981732
4915510361143
4915511776325
4915510365474
4915511075208
4915510052844
4915511583767
4915511500068
4915511583352
4915510223238
4915511873110
4915510613604
4915510148676
4915510504283
4915511068033
4915511829789
4915510791247
4915511856942
4915511092770
4915510286045
4915510880420
4915511944009
4915511820324
4915511010828
4915511084554
4915511494218
4915511215281
4915510283971
4915510185025
4915511659644
4915510434603
4915511307449
4915511402271
4915510241980
4915511503648
4915511453481
4915511181780
4915511822275
4915511355402
4915511775477
4915511964144
4915510718694
4915510647383
4915511311894
4915511460948
4915510505632
4915510472553
4915510068923
4915511615129
4915511245337
4915511055024
4915511613964
4915511455900
4915511219673
4915510461055
4915511240249
4915511913780
4915510657494
4915510178116
4915510703857
4915511966545
4915510551158
4915511803253
4915511744300
4915510190187
4915510816411
4915510145137
4915510516781
4915511876873
4915511902823
4915511525781
4915511136560
4915511185539
4915510831597
4915511321009
4915510261369
4915511374310
4915510404182
4915510625260
4915511716413
4915511664378
4915510539877
4915510401620
4915511583630
4915510416784
4915511112141
4915511691864
4915510853185
4915511805587
4915511791077
4915511838510
4915510666176
4915510875359
4915511527672
4915510603440
4915510240545
4915511867972
4915510643660
4915510596532
4915511938856
4915511707610
4915510220267
4915511330841
4915511332513
4915510915168
4915511633521
4915511683067
4915511470942
4915511102119
4915511204994
4915510673145
4915511720829
4915511938202
4915511759315
4915510620757
4915510927006
4915510010165
4915511522651
4915511443096
4915510194801
4915510701985
4915510044003
4915511347467
4915511433125
4915510318651
4915511144216
4915511804952
4915511564572
4915511674000
4915510294563
4915511301765
4915511997486
4915510655083
4915510079562
4915510600124
4915511193458
4915511638916
4915511857858
4915511779365
4915511520025
4915511157573
4915511091200
4915510360162
4915511014940
4915510120272
4915510937851
4915510039643
4915511051656
4915511401281
4915510905804
4915510482699
4915510376904
4915510310855
4915510120490
4915511091702
4915510936105
4915511619182
4915510752982
4915511427116
4915510410499
4915511242609
4915510689366
4915510920956
4915510969517
4915510491696
4915510493060
4915510787457
4915510824239
4915511826546
4915511246893
4915510043217
4915510942759
4915511392185
4915510955619
4915510949877
4915510787333
4915511714340
4915511458615
4915511523158
4915510261416
4915511477879
4915510156787
4915510149377
4915510373241
4915510730304
4915511986072
4915510931748
4915511882079
4915510419543
4915510561684
4915511456554
4915511864799
4915510485681
4915511290409
4915510194579
4915511514893
4915510620074
4915511461618
4915511182056
4915510661369
4915510558139
4915510831793
4915511531080
4915510047352
4915511446354
4915511221476
4915511584635
4915511751366
4915511218311
4915510596991
4915511893483
4915510080823
4915511095594
4915510839832
4915511694702
4915511441125
4915511623536
4915511240376
4915510194847
4915511858527
4915511958728
4915510153066
4915511476215
4915510906924
4915511403756
4915510779273
4915510771966
4915510013353
4915511326988
4915510340682
4915511680119
4915510839780
4915511758017
4915511905229
4915510229784
4915510936239
4915511560144
4915510705829
4915511989735
4915510479431
4915510029532
4915511675778
4915511302897
4915510515781
4915511910940
4915511392192
4915510999427
4915511048456
4915511459428
4915510970532
4915510865872
4915511635584
4915511318625
4915510171043
4915510354168
4915511953678
4915510495907
4915511445220
4915510368537
4915511840261
4915510074354
4915511429738
4915510149850
4915510328408
4915510268980
4915511058273
4915510013985
4915511572115
4915510544721
4915510518115
4915511332035
4915510479726
4915511677191
4915510979324
4915511270872
4915510540657
4915510911200
4915510992918
4915510746389
4915511465702
4915510894825
4915510498865
4915510067013
4915511528837
4915510687474
4915510073155
4915511795876
4915510327581
4915510437773
4915511723093
4915510405596
4915511978857
4915511302077
4915510588982
4915510676699
4915510804277
4915511598841
4915511898377
4915510006508
4915510054218
4915511808560
4915511800180
4915510901398
4915511761241
4915510289215
4915510896512
4915511557510
4915510689653
4915511411213
4915511782091
4915510949384
4915511868523
4915510118239
4915510110688
4915511741016
4915510561226
4915511076423
4915510261810
4915510934011
4915510680301
4915510020449
4915511017205
4915510312116
4915511869814
4915510923531
4915510178880
4915511279798
4915510693494
4915510084155
4915511928457
4915510253876
4915510036339
4915511439377
4915511259941
4915510660227
4915511877563
4915511668842
4915510263105
4915510420740
4915510328965
4915511290163
4915510530168
4915511324642
4915511098058
4915510684705
4915510916831
4915510703972
4915510690198
4915510501217
4915510833256
4915510036649
4915510641780
4915511614728
4915510687567
4915511998421
4915510193323
4915511218827
4915511582113
4915510978247
4915511960587
4915511706313
4915510305746
4915510789934
4915511068043
4915511468503
4915511872328
4915511914691
4915510569659
4915511621675
4915511447940
4915511848577
4915510704231
4915510420641
4915511927268
4915511313986
4915510602256
4915511503804
4915510568873
4915510335851
4915511307714
4915511709898
4915510829489
4915510245721
4915510275703
4915511325151
4915511077008
4915511295377
4915510432889
4915511620551
4915511211934
4915510859262
4915511838604
4915510938658
4915510543220
4915510826508
4915510775782
4915510274842
4915511926289
4915510327154
4915510578666
4915511303708
4915510439246
4915511917477
4915510416738
4915510145692
4915511017062
4915511335641
4915511992466
4915511186598
4915511899039
4915510420054
4915510796963
4915510544542
4915511273803
4915510303088
4915511028151
4915511150980
4915511755739
4915511641536
4915511475486
4915511883089
4915510742756
4915510302670
4915510309660
4915511570934
4915510301003
4915511364892
4915511493874
4915511844150
4915511947962
4915510391297
4915510593041
4915511067136
4915510421426
4915511951305
4915511779399
4915511812763
4915510683090
4915511565300
4915510211897
4915511222866
4915510060997
4915511826828
4915510168474
4915510104746
4915510878550
4915511381004
4915511814425
4915511357766
4915511743600
4915511552005
4915510621936
4915511961353
4915510547977
4915511271440
4915511470597
4915510211508
4915511337618
4915510951561
4915510492358
4915511353838
4915511086339
4915510542705
4915511856465
4915510775693
4915510049057
4915510258727
4915511215965
4915510077702
4915510667325
4915510706154
4915510960391
4915510250920
4915511693374
4915510863968
4915511370482
4915511492095
4915510451415
4915511325543
4915511847019
4915510603851
4915510994213
4915511187854
4915510692814
4915510461746
4915511329326
4915511231942
4915511864426
4915511733144
4915510896293
4915510241444
4915511166930
4915510651146
4915510056862
4915510453115
4915511606317
4915510510226
4915511289755
4915511537631
4915510025082
4915511243059
4915510933768
4915511071237
4915510002378
4915510676127
4915511541156
4915511958568
4915511547807
4915510082383
4915510608523
4915510735087
4915511212768
4915511475829
4915511653901
4915510415716
4915511454781
4915511195615
4915510476911
4915511821035
4915510513866
4915511146766
4915510196037
4915511963302
4915511407906
4915510103597
4915510568667
4915510448556
4915510718501
4915510460014
4915510480446
4915511381660
4915510944360
4915511862192
4915511928412
4915511728253
4915511627109
4915511264918
4915511826781
4915510219716
4915511901150
4915510019890
4915511921559
4915510805186
4915510311259
4915510761105
4915511692377
4915510873873
4915511713273
4915511076035
4915510179171
4915510597002
4915510022818
4915510423529
4915511182371
4915510630211
4915511803567
4915510892914
4915510543212
4915511220248
4915510495740
4915510655292
4915511815739
4915511555655
4915511442818
4915510250379
4915511485472
4915511871296
4915511295669
4915510924010
4915510741331
4915510466724
4915510084197
4915511229324
4915511373657
4915511942057
4915511860450
4915510680650
4915510740357
4915511094897
4915510658806
4915510918611
4915510329172
4915510089984
4915510715915
4915511800646
4915510080461
4915510046755
4915511345808
4915511258175
4915510495662
4915511985613
4915510540006
4915510205245
4915510057854
4915511834554
4915510877885
4915511291928
4915510300786
4915511622469
4915511609410
4915510560219
4915511021631
4915511140821
4915510808599
4915511870753
4915510066084
4915511474345
4915511371236
4915511035425
4915511115977
4915511890738
4915510015929
4915511965678
4915510323459
4915511275349
4915510834376
4915511092337
4915510531901
4915511835268
4915510438437
4915510185650
4915511145119
4915510259321
4915510305661
4915511319117
4915510451509
4915510096697
4915511757139
4915510886183
4915510447549
4915510120692
4915510224244
4915511129150
4915511476079
4915511066391
4915511697535
4915511588622
4915510643384
4915510480109
4915511334373
4915511152177
4915511783084
4915510742845
4915510865068
4915510139178
4915511713145
4915511231869
4915511116042
4915510260772
4915511220448
4915511665893
4915511013630
4915510256338
4915511479955
4915510735188
4915511605637
4915511082014
4915510904014
4915511717822
4915510270475
4915511302810
4915511920025
4915511634723
4915511763803
4915510177554
4915510445265
4915510617486
4915510562784
4915511984895
4915510452718
4915511995198
4915511415774
4915511403751
4915511778538
4915511358420
4915510195384
4915511435077
4915510371020
4915510620103
4915510524327
4915510290626
4915510591525
4915511686000
4915510360566
4915510612163
4915510299986
4915511109067
4915511066534
4915510844673
4915510210803
4915510556512
4915510713861
4915510425067
4915510987592
4915510644863
4915510033967
4915511693830
4915511139478
4915510144255
4915511426995
4915511850160
4915511717833
4915510787701
4915510179716
4915510609067
4915511455686
4915510147933
4915510668285
4915510545356
4915510743398
4915510257915
4915511828664
4915511748540
4915510258743
4915511506766
4915511720598
4915511502459
4915511161943
4915511589389
4915511780439
4915511602997
4915511726572
4915511187422
4915510417662
4915511560202
4915510319627
4915511138752
4915510813010
4915511400726
4915511199994
4915511048364
4915511262348
4915510089338
4915510209220
4915510810502
4915511880537
4915510151100
4915510486905
4915510729870
4915511257354
4915511496670
4915510489214
4915511134441
4915510277773
4915510021361
4915511785753
4915510954827
4915510068003
4915511455102
4915511035414
4915510948727
4915511543005
4915511768789
4915511814242
4915510674053
4915511367641
4915511292550
4915511213935
4915511229595
4915511231798
4915510230846
4915510125707
4915511522926
4915511139070
4915511450065
4915510006796
4915511098686
4915511337316
4915511874194
4915511179606
4915510750407
4915511885959
4915510767368
4915510509885
4915511583976
4915510893658
4915510788441
4915511870908
4915511414787
4915511296701
4915510566509
4915510485870
4915511246687
4915511386525
4915510514519
4915511419746
4915510984319
4915511392624
4915511080018
4915510249174
4915511982988
4915511523593
4915511572179
4915511303864
4915510065444
4915511257619
4915510996780
4915511378469
4915510295045
4915511453671
4915511426819
4915510174063
4915510160407
4915510203414
4915510621749
4915511660101
4915511620463
4915510567982
4915511004595
4915511904937
4915511788975
4915511835542
4915510490552
4915511382336
4915511233132
4915511090171
4915510595911
4915511642612
4915510828784
4915511470161
4915510492790
4915510228327
4915511847118
4915510806800
4915511696200
4915511892886
4915511114361
4915511159172
4915511245305
4915510337867
4915510942524
4915511868554
4915510066565
4915511279193
4915511241337
4915511962200
4915511920158
4915511704554
4915510509421
4915511892533
4915510389078
4915510727793
4915511096799
4915511637322
4915511543183
4915511888382
4915510504808
4915510397425
4915510990447
4915510090230
4915510637907
4915511231058
4915510301836
4915511728368
4915511103361
4915511846778
4915510886098
4915511486538
4915510477606
4915510332062
4915511101593
4915510639451
4915510334870
4915511580210
4915510688386
4915511232806
4915510319049
4915511969237
4915510082053
4915511028583
4915510961916
4915510131648
4915510642333
4915510261068
4915510750715
4915510598066
4915510068216
4915511155589
4915511432044
4915511933307
4915510786397
4915511059012
4915510515778
4915511131311
4915510191326
4915510819260
4915511960035
4915511909009
4915510687236
4915510520061
4915510444702
4915510775884
4915511233030
4915511826680
4915510086762
4915510050008
4915511851806
4915511915190
4915511524808
4915510962670
4915510848476
4915510862847
4915511378075
4915511360053
4915511873681
4915511118017
4915510780304
4915510209676
4915510363228
4915510664695
4915511713153
4915511777731
4915511404501
4915510140171
4915510874678
4915510223691
4915510224934
4915511380444
4915510324220
4915510584937
4915511763503
4915510419999
4915511555246
4915510662118
4915510429390
4915510815336
4915511763539
4915510099649
4915510430099
4915511947953
4915510700161
4915510633637
4915511822417
4915510096429
4915511625805
4915510023392
4915510894770
4915511547670
4915511532673
4915511673530
4915511833723
4915511493931
4915510194773
4915510093601
4915511199792
4915510180688
4915511327706
4915510187611
4915510763593
4915511265909
4915511733212
4915511720938
4915511154169
4915510395828
4915510498654
4915510894438
4915511965492
4915510784945
4915511775933
4915511102865
4915511989959
4915510033111
4915511301949
4915510817508
4915511824347
4915511925440
4915510565801
4915511040879
4915511785924
4915511741889
4915510693657
4915510652532
4915510493805
4915510540281
4915511704899
4915510091461
4915511787052
4915511164068
4915510268885
4915510626698
4915511951170
4915511899151
4915511063701
4915511813365
4915511790817
4915511647017
4915511172324
4915511301601
4915511285839
4915510003667
4915511727878
4915511883069
4915510141125
4915510158631
4915511235174
4915511906496
4915510170242
4915510844720
4915511454424
4915510913865
4915510543193
4915510349470
4915511254187
4915510029310
4915511002993
4915510090935
4915511761289
4915511168561
4915510796482
4915510388226
4915511724851
4915511506656
4915510198114
4915510227298
4915511680047
4915511038247
4915511335494
4915510311116
4915511105996
4915510610008
4915510487666
4915511471136
4915511254725
4915511174425
4915510134956
4915511940793
4915510533983
4915511565399
4915510862990
4915511608237
4915511675984
4915510222576
4915511707491
4915511383463
4915511273748
4915511251237
4915510604084
4915511822716
4915510880429
4915510197712
4915511386916
4915511093574
4915511853145
4915510118245
4915510881367
4915510310830
4915510632809
4915511860815
4915510403910
4915510719288
4915510848032
4915510979819
4915510203786
4915510320360
4915511125639
4915511506893
4915510007031
4915510770248
4915511005528
4915511447221
4915510503037
4915511794756
4915510940356
4915511566060
4915510405853
4915511021512
4915510054995
4915511069137
4915511700073
4915510015574
4915511320311
4915510483227
4915511003434
4915510518521
4915511132240
4915510365805
4915511582526
4915510487657
4915511794593
4915510857693
4915511550292
4915511141335
4915511239300
4915510360659
4915510631358
4915510407120
4915510538676
4915510669756
4915510934970
4915511025634
4915510595784
4915510800408
4915511402346
4915510340405
4915511038025
4915511101873
4915511787345
4915510211069
4915511500217
4915510467899
4915510238591
4915511659358
4915510509647
4915511949613
4915510089549
4915510882005
4915511295613
4915510324668
4915510081771
4915510320455
4915511539994
4915511189535
4915511328690
4915511851388
4915511307622
4915511208083
4915510236966
4915510729941
4915510429181
4915511257847
4915510594189
4915510233565
4915510111474
4915510014857
4915511517494
4915511354876
4915511925025
4915510765469
4915511751281
4915510159101
4915510615262
4915510952117
4915510706980
4915510873107
4915510468624
4915510261425
4915511271927
4915511279454
4915510255707
4915511086120
4915510406484
4915511350515
4915511222189
4915510615664
4915510748018
4915511318196
4915511868185
4915511153067
4915511609874
4915510089948
4915510680897
4915511656870
4915511091473
4915510690017
4915510937990
4915510881849
4915511813967
4915510313779
4915511070157
4915510383296
4915511296324
4915511075687
4915511383621
4915510696414
4915510754184
4915510332174
4915511756706
4915511363566
4915510174017
4915511334178
4915510547088
4915511280564
4915511352287
4915511118639
4915511415770
4915510954107
4915511856636
4915510206702
4915510583949
4915511209628
4915510630006
4915511286375
4915510879474
4915511046666
4915511016987
4915511502753
4915510490659
4915511800546
4915511397394
4915510959926
4915511111600
4915511663079
4915511622395
4915511542663
4915511744217
4915511482562
4915511461381
4915510112153
4915511355607
4915511689302
4915511614418
4915511838103
4915511122679
4915510517371
4915511827042
4915511864104
4915510928148
4915510980268
4915511634806
4915511538816
4915511293014
4915510933449
4915511653917
4915511687772
4915510304212
4915511283866
4915511949824
4915511729984
4915511175054
4915511057172
4915511381613
4915510214728
4915511906837
4915511934718
4915510021815
4915510478719
4915510038068
4915510248465
4915511429640
4915511418185
4915510639914
4915510663057
4915510281207
4915511913658
4915511822096
4915510279020
4915510198418
4915510473285
4915511738622
4915510686523
4915510325108
4915511601067
4915510794238
4915511044913
4915510356701
4915511018766
4915511367316
4915511684876
4915511385408
4915511953844
4915511827525
4915511292387
4915510385480
4915510001216
4915511190647
4915511351151
4915510158034
4915511513186
4915511709882
4915511948901
4915511033452
4915510780834
4915511557136
4915510504816
4915510189419
4915511707981
4915511343596
4915510197930
4915510523405
4915511862108
4915510302065
4915511234101
4915510415752
4915511873347
4915511195614
4915510554949
4915511180342
4915510223278
4915511667822
4915510774085
4915510040124
4915510964079
4915510509132
4915511222994
4915511993507
4915511734069
4915510077445
4915510562566
4915510301189
4915510833438
4915511310420
4915510796994
4915510221427
4915511511519
4915510930065
4915510072142
4915511453117
4915511483332
4915510944559
4915510531771
4915511482972
4915511137024
4915510781728
4915510230481
4915510618756
4915511998809
4915510335237
4915511063316
4915510363647
4915511897101
4915511122211
4915511821724
4915511460169
4915511667351
4915510263304
4915511268116
4915510931840
4915511940655
4915511034723
4915510167730
4915510525210
4915511095381
4915510364722
4915511406122
4915510460125
4915511924732
4915511664187
4915510729760
4915511998932
4915511087387
4915510047006
4915510389325
4915511121530
4915510590426
4915511023855
4915511749270
4915511924332
4915511076028
4915510078849
4915511755563
4915511101677
4915510829045
4915511163935
4915510367494
4915510642720
4915510930956
4915510014059
4915510412068
4915510112381
4915510300095
4915510258089
4915511447773
4915510411835
4915510329709
4915511574443
4915511062139
4915510124622
4915510386772
4915511257728
4915510088230
4915510426309
4915511386676
4915510370334
4915511051147
4915511203494
4915511601570
4915510564989
4915511412304
4915511156396
4915511349896
4915510287276
4915510637906
4915510441069
4915510805557
4915511787850
4915511150578
4915510801272
4915511257842
4915510009665
4915511637631
4915511859124
4915511248200
4915511406482
4915510933775
4915511109169
4915510443218
4915511642088
4915511988957
4915510951342
4915511273116
4915510174264
4915510707994
4915510015806
4915511132472
4915510622047
4915511347348
4915510434863
4915511122938
4915510923758
4915510506435
4915510422346
4915510052917
4915510291097
4915511142080
4915511949071
4915510447119
4915510737413
4915510505545
4915510827024
4915510628864
4915511792604
4915510105360
4915511052315
4915511427533
4915511181863
4915511251033
4915510430211
4915510693843
4915511085507
4915511786129
4915510591188
4915510856782
4915510530638
4915510451072
4915511714815
4915511847447
4915511668067
4915510587273
4915511776491
4915510653528
4915510087174
4915510206953
4915510156383
4915511168167
4915510463998
4915510229152
4915510441575
4915511396526
4915510100850
4915511152058
4915510597901
4915511308794
4915511786222
4915510915321
4915510420043
4915510915976
4915510062554
4915511468749
4915511620231
4915510332979
4915511297332
4915510674900
4915510006454
4915510954072
4915511346885
4915511211754
4915510475084
4915510020670
4915510420707
4915511616855
4915511511616
4915510517113
4915510269534
4915511418128
4915511690589
4915510458515
4915510922746
4915510115185
4915511316543
4915510293132
4915511069458
4915510617099
4915510918026
4915511005525
4915511513090
4915510652821
4915510112455
4915511164645
4915510825630
4915510874274
4915511987124
4915511130964
4915511316607
4915510783527
4915511879185
4915510016637
4915510304126
4915511374657
4915511758314
4915510651391
4915510408997
4915510947265
4915511659954
4915510676020
4915511674053
4915510848839
4915510368216
4915511155045
4915511010943
4915511594128
4915510119903
4915510073573
4915510209928
4915511211371
4915510490460
4915510736020
4915510751433
4915510166035
4915511869077
4915511341311
4915510732424
4915511621891
4915510480554
4915510785998
4915510756359
4915511645239
4915510149512
4915510610917
4915510113612
4915510609054
4915510581702
4915510085968
4915510214473
4915511453913
4915511251583
4915510503164
4915510836222
4915510487428
4915511401526
4915511497598
4915510237467
4915511636618
4915511552505
4915510372450
4915510106504
4915510203056
4915510044015
4915511509095
4915510383307
4915511884452
4915510309968
4915510562349
4915510174061
4915511105407
4915511906431
4915510910998
4915511046290
4915511895106
4915511352806
4915511074423
4915510102459
4915511018042
4915510983653
4915511837246
4915510719233
4915511827888
4915510098949
4915511945483
4915510570436
4915511720823
4915510732486
4915510462630
4915511549326
4915511131856
4915510026598
4915510799607
4915511707257
4915510717623
4915511560440
4915510986722
4915510216074
4915511015634
4915511932626
4915511874227
4915510159910
4915511753910
4915511806077
4915511546763
4915510139601
4915511372701
4915510683772
4915510598290
4915510975046
4915511584536
4915510066484
4915510898823
4915511244527
4915511966830
4915510577329
4915511281432
4915510811678
4915510284243
4915511947161
4915510568553
4915510936884
4915510948598
4915511846960
4915510088626
4915511965966
4915510760959
4915510750694
4915510944246
4915511591958
4915510954145
4915511042297
4915510876415
4915510896875
4915510983892
4915511958331
4915511615508
4915510567153
4915511654960
4915511987533
4915510866607
4915511413072
4915510930644
4915510552671
4915511024464
4915510363300
4915511514453
4915510339596
4915511835941
4915510154846
4915511949412
4915511505032
4915511374636
4915510788143
4915510017889
4915510138875
4915511007009
4915511818986
4915511098576
4915511239122
4915510963337
4915510081900
4915511553161
4915511157868
4915511828285
4915511244437
4915511705031
4915510839681
4915511283384
4915510984027
4915510907629
4915510007555
4915510444346
4915510266926
4915510478171
4915511772621
4915510798883
4915510889544
4915510882914
4915511308606
4915511029821
4915510740222
4915510537470
4915510106254
4915511641183
4915510753831
4915510713472
4915510583822
4915510435030
4915511459494
4915511825343
4915511323029
4915510715099
4915511111543
4915510424762
4915510118868
4915511265880
4915511340398
4915511545718
4915510153249
4915510383190
4915510615743
4915511806255
4915511564377
4915510593011
4915510450276
4915510933223
4915511678423
4915510782262
4915511224364
4915511115373
4915511143623
4915511370295
4915511113202
4915510098338
4915511074180
4915510185161
4915510969394
4915511960502
4915511200190
4915511814949
4915510267516
4915510102790
4915511905137
4915510102642
4915511816247
4915511924695
4915511664890
4915510672196
4915511823286
4915510725973
4915511600312
4915511030097
4915510184318
4915511771649
4915510713729
4915510659678
4915511142617
4915510040393
4915510390594
4915511019991
4915511915517
4915511270857
4915510038756
4915511300459
4915510391484
4915510265853
4915511565268
4915510494780
4915510968733
4915511357852
4915510681836
4915510573216
4915511507116
4915510076388
4915510968781
4915511311747
4915511935242
4915511567688
4915511461877
4915511765693
4915510181826
4915510013374
4915511373678
4915511949006
4915510329442
4915511168075
4915511262829
4915511202038
4915510122135
4915510697460
4915510679395
4915510641158
4915511610102
4915510530191
4915510408361
4915511952520
4915511090873
4915510783895
4915510439837
4915511634829
4915510620361
4915510765821
4915510419543
4915510502380
4915510587278
4915511608674
4915510573717
4915511701473
4915511089947
4915510993421
4915511843836
4915511296515
4915511674259
4915510391254
4915511348837
4915511408735
4915510717138
4915510566899
4915511309321
4915511809363
4915511037774
4915511566898
4915511583322
4915510084819
4915510933927
4915511062593
4915511566816
4915511416695
4915510526189
4915510123447
4915511492389
4915510666692
4915510427405
4915511340645
4915510613304
4915511934141
4915510553085
4915511463254
4915511521406
4915511946244
4915510836282
4915510669901
4915511096317
4915511690089
4915510216234
4915511249946
4915511758546
4915511045612
4915511601407
4915511351624
4915510303692
4915510795042
4915510537230
4915511788192
4915511193483
4915510116287
4915510538964
4915510705341
4915510579330
4915511042385
4915511885589
4915511971833
4915511497346
4915510290754
4915510096478
4915511278376
4915511891191
4915510728484
4915510258208
4915510599250
4915510359311
4915511849446
4915511594880
4915510232518
4915510968766
4915511810170
4915511043443
4915511109000
4915511840850
4915510573729
4915510696470
4915510937481
4915510392769
4915511220162
4915510162907
4915511971358
4915511043744
4915510483992
4915511575473
4915511746602
4915510696047
4915511891345
4915510108360
4915510835640
4915511627731
4915510705378
4915511923200
4915511517931
4915510247634
4915511494516
4915511333271
4915511166922
4915510280550
4915511402284
4915511161037
4915510480368
4915511739956
4915511800400
4915510638798
4915510172303
4915511520479
4915510742526
4915511575499
4915511571871
4915511039147
4915510848175
4915511591989
4915511836806
4915510687876
4915511143871
4915510233696
4915510228597
4915511679361
4915510626330
4915510081723
4915511200301
4915511087790
4915510855355
4915510191538
4915510547085
4915511748950
4915511029401
4915510153423
4915511048755
4915510305602
4915511439363
4915511680426
4915510883419
4915511742806
4915510388872
4915510171105
4915510772435
4915510088386
4915511334129
4915511559785
4915510870798
4915511742030
4915510767106
4915511920103
4915511764094
4915511940867
4915510087327
4915511488884
4915511189371
4915511418555
4915510818176
4915511944314
4915510610862
4915510425617
4915510302026
4915510304267
4915511807008
4915511513239
4915511462665
4915510711951
4915511052032
4915511453018
4915510429020
4915511905860
4915511761689
4915511267790
4915510488327
4915511193982
4915511829045
4915511249188
4915510830967
4915510678889
4915510738186
4915510961051
4915511609969
4915510818277
4915510988440
4915510469358
4915510322870
4915511177741
4915511144464
4915511365196
4915510822071
4915510394913
4915510091336
4915510124271
4915510363855
4915510093004
4915510777431
4915511185309
4915511451406
4915510043051
4915511229924
4915511912251
4915511950203
4915511477621
4915511346331
4915510337232
4915511342299
4915510478741
4915510504277
4915511784461
4915510072520
4915510888253
4915511987328
4915511773279
4915510972694
4915511439419
4915510393923
4915510101969
4915510051939
4915511610765
4915510249505
4915510274210
4915510081938
4915510462191
4915511108367
4915510824616
4915510096460
4915510738810
4915511074991
4915510157482
4915511040437
4915510661586
4915510499506
4915511766598
4915510376756
4915511425390
4915511668089
4915510019241
4915510452955
4915511361532
4915510068406
4915510383884
4915510058749
4915510084450
4915511912327
4915511218505
4915511438060
4915511155990
4915510723264
4915511897769
4915511029398
4915510109416
4915510710821
4915511556068
4915511091508
4915510455691
4915511473690
4915510563959
4915511113744
4915510394256
4915511980413
4915510986049
4915510056649
4915510198264
4915510493848
4915511195147
4915511169505
4915511308098
4915511536048
4915511697594
4915511229226
4915510529839
4915510056370
4915510267182
4915511544053
4915510660344
4915510669217
4915510464642
4915511076632
4915510939236
4915510081619
4915510275791
4915510134859
4915511318640
4915511538537
4915510259735
4915511443902
4915510275469
4915510905601
4915511021850
4915510175907
4915511468475
4915511985446
4915511228924
4915510092946
4915510460415
4915510560598
4915511537399
4915510804256
4915510819884
4915510117664
4915510434128
4915510611443
4915510690688
4915510632744
4915510212501
4915510195649
4915510327508
4915511789975
4915510895985
4915511305999
4915510441997
4915511381228
4915511404478
4915511705570
4915511099375
4915511219330
4915511593978
4915511257365
4915510742596
4915510462543
4915511782609
4915511761316
4915510407162
4915511112115
4915511961177
4915511751066
4915510279381
4915510283056
4915511185339
4915510728572
4915510270570
4915511112530
4915510652134
4915511644822
4915511105969
4915510752386
4915511932955
4915510886860
4915510368566
4915511160019
4915511269340
4915510452344
4915510434963
4915510721555
4915510285917
4915511045357
4915511454310
4915511531693
4915511477309
4915510134472
4915510987103
4915511238346
4915510095978
4915510275744
4915511000535
4915511288036
4915511784553
4915510604834
4915511578590
4915511722484
4915511515917
4915511483020
4915511367693
4915510911128
4915511668907
4915511847002
4915511633702
4915510799775
4915511597963
4915510802609
4915511453159
4915511218425
4915510246662
4915510743342
4915510857087
4915511600717
4915511702085
4915511206085
4915511339822
4915510678334
4915510327266
4915511045817
4915511502058
4915511898471
4915511188727
4915511122512
4915511326493
4915510450565
4915510288200
4915510708229
4915511095042
4915511156146
4915510212949
4915511612155
4915510437832
4915511067068
4915511107889
4915510083139
4915511817238
4915510000959
4915510860377
4915510788359
4915511139553
4915511416320
4915511288623
4915511365643
4915510236127
4915511209371
4915510933785
4915511984973
4915510885028
4915510321538
4915511673809
4915510896858
4915510039399
4915511097310
4915510946495
4915511523877
4915510929829
4915510669931
4915510893608
4915511892275
4915510754758
4915510852575
4915511516138
4915510030958
4915511275043
4915511463818
4915510930987
4915510184369
4915510299118
4915511610092
4915511825249
4915511452276
4915511763278
4915511470803
4915510197607
4915511696476
4915511764962
4915510086849
4915511359195
4915511808220
4915510521281
4915510056053
4915511851777
4915511498659
4915511035089
4915511560213
4915510635251
4915511349838
4915510310843
4915510948095
4915510897897
4915510639877
4915511951045
4915510953731
4915510260678
4915510533511
4915511862270
4915510091947
4915510054474
4915510070338
4915510066431
4915511065458
4915511783452
4915510766723
4915510200381
4915510759879
4915511698577
4915511485586
4915511060636
4915510267424
4915511328116
4915511247981
4915511222192
4915511067297
4915511219634
4915511100046
4915511209087
4915510762229
4915510143612
4915510052708
4915510845841
4915511229433
4915510281159
4915511535051
4915510683774
4915511028986
4915511067629
4915510580538
4915510537311
4915510401940
4915511242991
4915510709393
4915510116125
4915510213306
4915511797691
4915510814781
4915511664474
4915511572684
4915510030531
4915511996950
4915510200492
4915510994202
4915511944265
4915510548961
4915510199949
4915510507581
4915510647801
4915510850937
4915511210253
4915510998826
4915511619988
4915510699904
4915511338748
4915510972232
4915510394938
4915510871754
4915510554784
4915510677181
4915510014854
4915510878721
4915510996755
4915510411818
4915510704704
4915511105661
4915511934198
4915510749953
4915511724319
4915510439283
4915510465299
4915510933511
4915511782744
4915510120305
4915510559493
4915510612920
4915510723890
4915511367960
4915511490838
4915510892899
4915510261795
4915510758525
4915510213490
4915510642612
4915510969870
4915510521747
4915511408464
4915510769321
4915510394833
4915510998739
4915511644766
4915511364429
4915510995360
4915510944919
4915510178373
4915510057428
4915511044341
4915511887864
4915510596498
4915510028416
4915510698642
4915510399532
4915511818423
4915511497260
4915510298526
4915510222514
4915510712947
4915511609487
4915510149316
4915511326858
4915511970085
4915511248598
4915511498702
4915511234014
4915511221920
4915510909451
4915511703121
4915511527980
4915510200151
4915511103897
4915510311563
4915511967282
4915510721082
4915511847522
4915511776939
4915510171534
4915510681724
4915511661228
4915510806647
4915511334176
4915510982416
4915510501214
4915510977337
4915510338505
4915510729086
4915511485271
4915510534275
4915510904700
4915510893184
4915510069432
4915511366116
4915511679462
4915510288568
4915511658028
4915511018288
4915511422216
4915511039113
4915510384595
4915511555772
4915510647639
4915511473184
4915511041661
4915510333044
4915511250469
4915511010521
4915510344280
4915510217317
4915511237141
4915511733484
4915510260913
4915511490582
4915511746431
4915511992132
4915511909871
4915511367120
4915511441889
4915510250165
4915510370412
4915510007634
4915510607243
4915511509149
4915511752882
4915511579628
4915510771791
4915510946674
4915511138257
4915510331775
4915511302858
4915510520337
4915510984564
4915510410891
4915510488378
4915511736823
4915510783621
4915510782362
4915511869485
4915511681023
4915511613636
4915510337113
4915511430612
4915511310681
4915510969092
4915511600660
4915510295827
4915511420043
4915511122883
4915511801166
4915510927504
4915511566462
4915511732289
4915511525755
4915511031744
4915510659415
4915511047252
4915510542432
4915510373890
4915511774085
4915510804712
4915511137917
4915510806364
4915511670877
4915510531424
4915511435795
4915511212541
4915510446783
4915511598778
4915510450330
4915510737006
4915511438352
4915510566779
4915511019915
4915511743676
4915510254408
4915511969857
4915510419015
4915511153698
4915510109063
4915511232232
4915511721231
4915511428847
4915510417752
4915511899455
4915510942607
4915510282359
4915511197176
4915511970061
4915511689572
4915510984998
4915511640665
4915510365708
4915511432954
4915511172307
4915511939139
4915510495373
4915510383976
4915510028772
4915510375605
4915511504551
4915510416889
4915511863793
4915510092893
4915511277061
4915511109024
4915511021383
4915511662425
4915511101691
4915510279638
4915510268998
4915511513929
4915510707064
4915510008132
4915511954816
4915510329673
4915510705688
4915510695337
4915511585602
4915511031700
4915511386001
4915510785051
4915510223866
4915511555391
4915511624266
4915511991697
4915511348362
4915511283617
4915511070360
4915510035458
4915510418445
4915511000601
4915510204987
4915510924079
4915511766994
4915510500064
4915510771350
4915511126993
4915510966176
4915511855323
4915511992987
4915510161456
4915510668319
4915511863665
4915511065747
4915511950753
4915511319167
4915511799333
4915511320661
4915510318361
4915511506078
4915511306489
4915511964479
4915511802605
4915510989423
4915511986167
4915511000312
4915510403184
4915511091183
4915510401982
4915511007769
4915511801104
4915511101940
4915511700337
4915511081404
4915510975855
4915511573663
4915511550036
4915511242989
4915511224363
4915511970085
4915511266630
4915510932862
4915510184888
4915510793604
4915511495422
4915511669845
4915510158359
4915510547742
4915511044564
4915511679833
4915510829037
4915511950366
4915510072130
4915510847163
4915510943650
4915511055238
4915511013505
4915511276351
4915510507949
4915511347334
4915511462002
4915511859463
4915510093296
4915511397945
4915510872413
4915510470071
4915510185162
4915511325192
4915511964479
4915510404574
4915510350269
4915511035153
4915510847380
4915511494707
4915511492969
4915511273274
4915511087931
4915511484322
4915511460704
4915511459151
4915510625657
4915510405785
4915510336504
4915510581506
4915511439655
4915510994864
4915510232183
4915510487470
4915510328525
4915511449383
4915511105484
4915510906273
4915511641356
4915510076985
4915511237971
4915510520979
4915510888379
4915511245686
4915511977386
4915511085283
4915511495334
4915510811778
4915511682535
4915510901448
4915510194561
4915510301601
4915511048883
4915510203502
4915510131473
4915511156441
4915511756296
4915511377679
4915511743245
4915511224156
4915511938970
4915510842002
4915510286938
4915510689557
4915510160370
4915510992464
4915511252996
4915510470955
4915510316180
4915510457880
4915511509279
4915511246689
4915511241761
4915510303688
4915511313403
4915511523995
4915511433000
4915511196097
4915510053011
4915511040962
4915510063970
4915511524179
4915510830411
4915511516415
4915511867701
4915511033775
4915511759899
4915510214159
4915511450934
4915510918129
4915511796251
4915511616405
4915511543095
4915510756268
4915510931306
4915511251805
4915510477752
4915510597157
4915511911239
4915510187761
4915511258994
4915511739552
4915510275605
4915510466043
4915511069141
4915511254775
4915510699283
4915510814273
4915511454819
4915510248599
4915511840992
4915510413346
4915511565405
4915511880900
4915511176190
4915510468807
4915510591169
4915511894854
4915510166569
4915510869650
4915511104735
4915511190599
4915510517779
4915511484570
4915510660612
4915510041213
4915510948517
4915511820987
4915510288995
4915511160603
4915510447390
4915511953114
4915511050304
4915511792064
4915511309921
4915510408029
4915510371534
4915511084373
4915510313060
4915510435906
4915511153738
4915511009998
4915510374860
4915510795719
4915511994126
4915510348319
4915510749087
4915510522547
4915511548665
4915511544175
4915510229328
4915510348257
4915510196769
4915510594482
4915511118381
4915511916475
4915510500977
4915510163253
4915511043447
4915510427852
4915510478761
4915510817080
4915511520750
4915510307233
4915511575862
4915511654934
4915510279861
4915510788227
4915510945397
4915511099572
4915510311764
4915511732423
4915510476638
4915510314150
4915511638278
4915511050688
4915510017559
4915511724157
4915511115465
4915511428923
4915511726273
4915511108281
4915511523591
4915510843762
4915511258894
4915510726900
4915510504454
4915511300083
4915510485558
4915510679518
4915510998525
4915510945164
4915511644249
4915510585185
4915511478244
4915511796085
4915511500835
4915511352778
4915510464060
4915511994586
4915511261289
4915510602764
4915510391869
4915510628835
4915511172339
4915510298722
4915511707310
4915510280905
4915510257799
4915511422524
4915511432343
4915510231073
4915511416286
4915510018344
4915511572222
4915510834277
4915510723247
4915510897670
4915511314702
4915510827711
4915511081510
4915510250453
4915510604475
4915511854052
4915511907406
4915511546186
4915510777595
4915510441657
4915511874855
4915511787136
4915511827041
4915510827616
4915511237350
4915510359735
4915511230154
4915511143646
4915510351800
4915510704181
4915510975550
4915511234608
4915510732913
4915511617856
4915511463887
4915510233763
4915510924324
4915511478573
4915511648576
4915511788540
4915510254062
4915510756941
4915510267538
4915511467541
4915511992172
4915511417839
4915510137609
4915510434847
4915510202004
4915511197166
4915511884404
4915510356276
4915510230884
4915510780307
4915511092194
4915510486112
4915510688644
4915511230216
4915510560894
4915511871925
4915510750297
4915511454809
4915510586561
4915511769577
4915511792115
4915511983392
4915510208658
4915510936025
4915510539167
4915511290711
4915510632308
4915511537136
4915511644507
4915511452583
4915510220231
4915511929166
4915511024940
4915510222956
4915510710825
4915510036059
4915511067112
4915510081634
4915510755448
4915511638550
4915511394468
4915511039005
4915511245955
4915510197511
4915511764007
4915510524906
4915511141994
4915510461882
4915510368696
4915511334764
4915511400337
4915510485263
4915510635731
4915510196800
4915510351587
4915510808412
4915510078051
4915511034199
4915511370400
4915511308281
4915510180397
4915511370581
4915511579102
4915511967779
4915511884266
4915511197420
4915511041631
4915511159596
4915510565363
4915511215475
4915510950597
4915510491153
4915510809684
4915510770381
4915510134436
4915511648642
4915510229286
4915510945929
4915510104319
4915510274674
4915511875186
4915511102140
4915511100268
4915511588708
4915511833561
4915510653003
4915510352157
4915510803178
4915511440141
4915510845153
4915510807322
4915510449696
4915510675023
4915511106261
4915511291606
4915510569201
4915510677213
4915510223697
4915511078029
4915510531234
4915510083068
4915510754395
4915510075866
4915511031089
4915510373754
4915510018848
4915511312019
4915510168800
4915511199930
4915511778158
4915510543331
4915510568460
4915511933718
4915511947727
4915511481327
4915510986611
4915511247355
4915511020325
4915511232269
4915511128576
4915511866826
4915511196584
4915510804067
4915510934191
4915511937360
4915510243805
4915510232315
4915511193289
4915511820390
4915511651102
4915510610020
4915511924618
4915510699588
4915510986652
4915511175284
4915511636785
4915510023348
4915511900582
4915511997533
4915511301738
4915510065548
4915511208728
4915511626740
4915510081154
4915510503187
4915511261446
4915510106809
4915511433578
4915511046582
4915511650252
4915510844161
4915511921568
4915510793753
4915511032731
4915510723228
4915511886213
4915511752578
4915511124738
4915511112592
4915510000826
4915510734334
4915510007611
4915511347973
4915511730736
4915511186686
4915510544716
4915510720910
4915510122856
4915511419768
4915511892567
4915510397090
4915511010967
4915510425330
4915511478042
4915510694937
4915510652088
4915511811562
4915511320513
4915511555912
4915511998722
4915511174178
4915511976990
4915510284964
4915510326544
4915511043164
4915510168388
4915511511779
4915511107236
4915511838805
4915510054339
4915511978250
4915510111683
4915511599228
4915510730839
4915511620733
4915511232938
4915510277444
4915511740608
4915510637416
4915510019517
4915510047250
4915511459062
4915510666633
4915510741039
4915511468927
4915510708604
4915510437205
4915510894371
4915511189176
4915510254786
4915510948579
4915511670091
4915511409292
4915511472401
4915511576705
4915511406067
4915510230353
4915510827227
4915511024641
4915511832379
4915510842606
4915511403573
4915510584872
4915511344693
4915511184468
4915510620472
4915510927298
4915510937554
4915510646444
4915510113660
4915511883646
4915510468372
4915511825656
4915510399730
4915510435145
4915511537368
4915510867142
4915510103935
4915510275633
4915510295130
4915511534095
4915510597788
4915510387703
4915511249142
4915511561264
4915510362049
4915510040155
4915510372407
4915511893920
4915510249207
4915511616420
4915510903749
4915511141720
4915511210539
4915510252317
4915510259766
4915510607087
4915511665318
4915511937645
4915511244162
4915510070759
4915511013630
4915510515830
4915510696494
4915510308996
4915510299139
4915510401964
4915511715020
4915511512257
4915510936513
4915510540323
4915510451491
4915510626975
4915511755209
4915511136294
4915510018295
4915510433263
4915510949880
4915511169190
4915510569819
4915511164090
4915510341360
4915510260054
4915510662275
4915511022436
4915510696626
4915511501888
4915511795877
4915510916012
4915511268047
4915510247796
4915510322757
4915510972699
4915510173344
4915511609880
4915510998063
4915511697467
4915511314455
4915511961101
4915510810997
4915510251189
4915510780179
4915511645385
4915510584080
4915510174902
4915510935852
4915511482000
4915510550274
4915511766503
4915510401349
4915510583468
4915510947258
4915511629845
4915510511242
4915510234209
4915510397526
4915511339347
4915510335627
4915510004360
4915510916101
4915511988030
4915511414951
4915510288832
4915510068991
4915510918694
4915511962198
4915511453366
4915510736554
4915510064618
4915511521325
4915510569382
4915510168821
4915511773638
4915510608654
4915510378926
4915510898489
4915510860966
4915511405954
4915511594498
4915511863631
4915511987091
4915510582130
4915510227754
4915511857796
4915511041117
4915510163447
4915511022369
4915511724252
4915510803548
4915511852035
4915511921972
4915511821918
4915511147901
4915510479021
4915510220402
4915510408718
4915511447170
4915510626119
4915510952542
4915510518796
4915510138556
4915511594441
4915511723367
4915510108536
4915511351146
4915510503801
4915511715833
4915511760618
4915510358034
4915510071575
4915511745177
4915510202421
4915511461518
4915511548169
4915510571571
4915510798528
4915511516184
4915510873819
4915510199138
4915511663358
4915510749201
4915510256571
4915510030537
4915511921406
4915511542676
4915511105354
4915510499896
4915510115475
4915511280730
4915511280372
4915510690619
4915511644072
4915511414015
4915510163344
4915511085496
4915511617733
4915510376054
4915511641804
4915510851419
4915510495540
4915510564893
4915511860717
4915511380559
4915510883132
4915510947808
4915510722587
4915510729969
4915510899384
4915511266802
4915510567592
4915511338207
4915510644185
4915511220148
4915511922794
4915510614835
4915510010400
4915510282273
4915511760266
4915511294945
4915511589861
4915510848675
4915510816502
4915510576576
4915510194886
4915510812300
4915511015641
4915510108065
4915511584203
4915510573652
4915511503714
4915511818575
4915510424327
4915510217387
4915511616097
4915510384476
4915510120918
4915510407823
4915511659293
4915511961731
4915511619727
4915510290786
4915510875469
4915511995798
4915511156105
4915511804657
4915511637486
4915511715876
4915511250415
4915510036566
4915511368261
4915511331295
4915511182371
4915511133074
4915511797380
4915510497784
4915510653052
4915510242280
4915510121413
4915511516732
4915511722152
4915510072576
4915511703783
4915510725004
4915510160352
4915510060064
4915511191083
4915511609315
4915510120933
4915510841114
4915510813235
4915510352726
4915510078864
4915510942216
4915511672396
4915510010202
4915510998349
4915511701919
4915511348897
4915510113724
4915511336869
4915511158927
4915510937105
4915510587789
4915510395476
4915510050704
4915510788778
4915510685233
4915510118582
4915511221664
4915510809424
4915511552966
4915510133100
4915511541257
4915511255081
4915511837234
4915510436338
4915511185290
4915511513947
4915510131515
4915511230095
4915510843193
4915511284698
4915511339687
4915511367750
4915510607767
4915510329527
4915510196833
4915510143342
4915511207669
4915511460319
4915510848708
4915511776428
4915511749119
4915510779385
4915510252929
4915510392635
4915511324221
4915510936209
4915511350480
4915511943737
4915510164170
4915510481322
4915511698112
4915511694024
4915510125334
4915510533400
4915510430261
4915510484437
4915511783943
4915511715180
4915511009439
4915510854779
4915511421955
4915511103569
4915511779668
4915510966249
4915510553099
4915511003824
4915510294608
4915511898823
4915511048325
4915511567753
4915510834668
4915510231154
4915510100405
4915510287422
4915510706775
4915510208920
4915510281527
4915510885858
4915510148889
4915511403241
4915511618854
4915511434185
4915511435463
4915511755561
4915510546934
4915511469459
4915510367779
4915511121161
4915510037081
4915510988618
4915511126612
4915511493285
4915510036530
4915511273218
4915511602538
4915511357581
4915511298291
4915511600647
4915510607060
4915510563895
4915510303619
4915511876092
4915511229242
4915511038521
4915510809374
4915510896900
4915510247503
4915511902601
4915510789103
4915510871753
4915510852002
4915510829460
4915510581706
4915510446290
4915511624913
4915511564352
4915511654785
4915511770913
4915511035949
4915511913548
4915511296951
4915511478858
4915511111271
4915511671928
4915510264269
4915510088266
4915510964533
4915510623271
4915510596729
4915510396509
4915510019419
4915510631862
4915510379610
4915511425203
4915510788194
4915510418848
4915511447664
4915511322612
4915511874437
4915510829327
4915511644652
4915510771768
4915510171909
4915510731197
4915511911158
4915511056518
4915511957807
4915511639078
4915510222399
4915511471673
4915511552650
4915511549052
4915511015453
4915511517895
4915511944649
4915511546028
4915511672565
4915511480419
4915511312405
4915510257834
4915510198301
4915510429683
4915511667312
4915511306582
4915511112789
4915511331213
4915510192658
4915511820562
4915511590117
4915511825422
4915511117491
4915511601713
4915511129171
4915511471577
4915511511337
4915510627982
4915510446507
4915510119330
4915510981435
4915510438412
4915511467489
4915511723904
4915510385841
4915511878553
4915511245338
4915510588560
4915511719441
4915510697608
4915511744087
4915511865053
4915510762256
4915510661556
4915510805625
4915511148797
4915510504039
4915510509427
4915511654215
4915511535144
4915510826662
4915510455358
4915511226524
4915511209742
4915510622635
4915510703750
4915510346944
4915511950116
4915510238511
4915510207670
4915511150951
4915511024848
4915510308049
4915510047536
4915510191086
4915511345307
4915511922427
4915511018783
4915510381263
4915510754147
4915511239950
4915510615758
4915511330184
4915511842698
4915511502594
4915510828119
4915510543128
4915511656704
4915511566286
4915510435507
4915510151245
4915510128823
4915510938078
4915510591176
4915510717318
4915510479178
4915510593682
4915511623145
4915510257220
4915511337655
4915510167554
4915511267352
4915510105464
4915511610373
4915511216267
4915510264792
4915510045378
4915511854386
4915510796722
4915511420059
4915511756778
4915510623305
4915511952376
4915510528374
4915510938555
4915511523035
4915511390850
4915511527561
4915511525933
4915511447437
4915511001548
4915510945360
4915511722869
4915511083930
4915510030039
4915511522687
4915510516945
4915511101409
4915510883891
4915511273456
4915511034658
4915510290238
4915510065723
4915511502985
4915510128713
4915511758259
4915510048599
4915511989862
4915510790689
4915511718797
4915511665724
4915510568009
4915510239666
4915511752263
4915511394151
4915510499008
4915511268006
4915511607881
4915511161482
4915510953045
4915510588329
4915511673741
4915511605578
4915511132624
4915511311588
4915511610867
4915511636556
4915511517309
4915511380073
4915511320453
4915510506377
4915511797619
4915510533827
4915511031545
4915510395170
4915511632807
4915510795912
4915510598182
4915511160971
4915510657922
4915510445402
4915511832487
4915510470584
4915511929195
4915511546755
4915510770717
4915510701975
4915510461908
4915510358482
4915510362693
4915511103478
4915511396418
4915510837525
4915511653083
4915510290505
4915510000029
4915510074336
4915510524638
4915510015947
4915511772701
4915510433186
4915510170850
4915511354676
4915510027890
4915510418185
4915510499081
4915511308637
4915510355415
4915511394213
4915511884546
4915510695545
4915510631972
4915511119996
4915511722483
4915510249626
4915511385581
4915511574329
4915511721813
4915511775266
4915511205526
4915511296178
4915510385247
4915510449713
4915510033929
4915511510317
4915510352679
4915510766156
4915511019034
4915511090443
4915511687948
4915510790418
4915511217907
4915510372207
4915511346338
4915511826563
4915511128435
4915510743672
4915511605434
4915510461257
4915510027333
4915511342473
4915511217335
4915511987607
4915511811763
4915511693871
4915511036601
4915510143535
4915511219793
4915511026586
4915511846049
4915511391513
4915511375325
4915511112378
4915511371512
4915511981054
4915510784643
4915511763179
4915510239507
4915511471782
4915510035658
4915511948997
4915510104337
4915511194267
4915510983522
4915510948272
4915510615306
4915511164616
4915510415604
4915510756927
4915510756014
4915511931419
4915511223054
4915510025719
4915510698702
4915511016243
4915510770667
4915510302490
4915510313832
4915511301107
4915511291333
4915511551516
4915511520380
4915510803514
4915511532962
4915511767782
4915511326204
4915511849943
4915511951151
4915510970473
4915511670397
4915511240474
4915511118171
4915510338666
4915511962765
4915511825390
4915510165315
4915510396493
4915511359548
4915510304421
4915511875774
4915511961816
4915511281248
4915511534482
4915511415362
4915511759371
4915510448970
4915511212212
4915511200579
4915511679401
4915510870483
4915511030584
4915510586529
4915511712462
4915511417286
4915511884985
4915510758773
4915510218784
4915510163383
4915511457813
4915511219413
4915511073169
4915510259683
4915510709450
4915511787386
4915510007499
4915510215555
4915510652573
4915510676185
4915511007536
4915511013197
4915510817388
4915511975860
4915511666750
4915511900971
4915510867090
4915510298019
4915511570749
4915511395219
4915511385742
4915511824114
4915510453875
4915511061800
4915511763682
4915511474769
4915510157641
4915510590026
4915511957750
4915510565748
4915511017883
4915511959933
4915511618947
4915510799049
4915510032883
4915511706142
4915511829485
4915511111927
4915511468149
4915511550062
4915510781816
4915511351350
4915510663147
4915511669668
4915511585825
4915511731704
4915511688003
4915510349466
4915510091618
4915511764272
4915511683287
4915510613101
4915510040301
4915510563980
4915511594173
4915510168619
4915511800311
4915511813051
4915510066313
4915510231749
4915511421221
4915510553038
4915511981257
4915511479209
4915511296291
4915511521383
4915511846428
4915510049334
4915511036269
4915510968860
4915510521322
4915510114706
4915511797982
4915511490562
4915510403499
4915511471522
4915510535329
4915511979159
4915511501499
4915511558901
4915510644376
4915511721232
4915511610787
4915510235189
4915511545872
4915510369242
4915511487632
4915511095742
4915511747603
4915510014906
4915510106921
4915510318734
4915510606210
4915511069362
4915510568496
4915511973578
4915511140949
4915510094739
4915511204923
4915511032865
4915511601071
4915510493042
4915511216937
4915511251386
4915510504334
4915511287313
4915510062023
4915510540275
4915510014072
4915511933683
4915510905793
4915511701498
4915510516937
4915510228571
4915510058513
4915510501857
4915510461969
4915510334737
4915511430905
4915510513727
4915511716018
4915510593177
4915511471413
4915510308608
4915510910890
4915511199841
4915511599580
4915510277262
4915510568453
4915511078977
4915511052630
4915510379168
4915510538629
4915510956488
4915511139064
4915511149612
4915510733521
4915511735324
4915510183842
4915510696237
4915510516103
4915510200660
4915511827535
4915511694761
4915511208991
4915511841635
4915510531919
4915510613399
4915510188311
4915511879377
4915510357985
4915511351262
4915511671676
4915510941415
4915510228389
4915510580657
4915511688181
4915511318179
4915511813566
4915510807988
4915510776268
4915511387555
4915510473928
4915511034811
4915510058631
4915511548240
4915511622655
4915510738626
4915511764432
4915510258889
4915511466019
4915511947216
4915510718576
4915510181194
4915510185464
4915511246913
4915510108948
4915510717968
4915510214957
4915511289062
4915511737065
4915510653018
4915511442714
4915510052586
4915511075639
4915511753787
4915511916503
4915511854373
4915510574677
4915511926302
4915511230225
4915511261248
4915510414846
4915511879062
4915510155747
4915511128693
4915510860130
4915510913867
4915510292960
4915510985219
4915511104715
4915511330968
4915511559325
4915511933671
4915511844005
4915511647587
4915510657185
4915511201839
4915511241071
4915511117248
4915511372596
4915511526971
4915511516023
4915511280291
4915511067460
4915511206287
4915511642380
4915510345286
4915510481688
4915510540472
4915510352308
4915511285433
4915511089944
4915511234650
4915511468250
4915510690927
4915511671652
4915510649516
4915510698481
4915511540934
4915510828679
4915511270220
4915510522887
4915510814080
4915511204054
4915511866393
4915510257935
4915510601172
4915511036363
4915511299402
4915511540522
4915511629105
4915510043261
4915511668383
4915510413992
4915510380295
4915511240867
4915510880471
4915510079246
4915510573744
4915511813362
4915510024336
4915510305538
4915511057468
4915511990765
4915510622544
4915510355479
4915511922040
4915510507449
4915510371213
4915511228692
4915511602621
4915511153102
4915511138907
4915510630119
4915510676616
4915511757003
4915510211851
4915511181258
4915511159355
4915510613448
4915511344420
4915511705114
4915510961448
4915511442235
4915511110775
4915510228968
4915510423141
4915511047515
4915510013673
4915510939393
4915510339539
4915510132067
4915511642287
4915511884383
4915510018783
4915511960230
4915510915189
4915511521975
4915510868817
4915511420316
4915511506917
4915511576548
4915510347359
4915510198933
4915510034837
4915510901034
4915511582176
4915511906455
4915511348913
4915511708381
4915510437999
4915510999369
4915510382682
4915511172062
4915510809309
4915510476834
4915511701066
4915510068545
4915510821755
4915511947161
4915511241032
4915510940938
4915510913632
4915511098435
4915511483404
4915510923346
4915510015534
4915510488299
4915510541479
4915510416746
4915511849668
4915511500109
4915510051059
4915511629086
4915510470450
4915510505240
4915511357933
4915510917277
4915511277042
4915511640909
4915511776423
4915510450587
4915511258081
4915511949357
4915511357718
4915510971153
4915511639167
4915510887075
4915511011632
4915510372721
4915510957051
4915511673499
4915510816748
4915511635768
4915511865189
4915510394141
4915510737784
4915511234992
4915510769369
4915510180844
4915511126920
4915510708638
4915510184950
4915511697856
4915510615543
4915510475002
4915511174738
4915511040830
4915511006099
4915510424140
4915511766781
4915511014970
4915510914590
4915510750342
4915511434886
4915511741137
4915510069852
4915510084459
4915511292947
4915510595031
4915511456177
4915510388716
4915510776428
4915511113263
4915510598115
4915510809914
4915510643290
4915510864810
4915510229743
4915510462279
4915511730449
4915510772726
4915511409697
4915510235794
4915511295518
4915511444750
4915511841056
4915511640381
4915511991185
4915511564987
4915511978157
4915511285579
4915510721160
4915511973928
4915511939501
4915510321760
4915511945009
4915510498712
4915511894580
4915511260202
4915511881650
4915511827428
4915511727804
4915511141602
4915510105989
4915511870348
4915511711520
4915511719668
4915511570562
4915511529525
4915511603424
4915510993153
4915511996756
4915511198764
4915511093618
4915510557494
4915510871835
4915510230524
4915511026421
4915511566218
4915510835570
4915511459044
4915510055294
4915511048979
4915510727263
4915510475870
4915510312838
4915510818171
4915510645010
4915510207455
4915510649030
4915511296336
4915510068585
4915510866872
4915510238322
4915511525534
4915510759144
4915510478060
4915511022934
4915510243168
4915510746223
4915511647100
4915511295332
4915511373299
4915510693679
4915510360719
4915511049954
4915510083597
4915510694806
4915510984820
4915511589500
4915511822110
4915511779171
4915510501367
4915510330441
4915511617010
4915510513127
4915511309235
4915511674416
4915510466274
4915510621265
4915511510147
4915510785850
4915510315847
4915510442632
4915510765938
4915511311447
4915510171209
4915510115775
4915511565707
4915510241511
4915510815384
4915510978816
4915511730845
4915511708869
4915510438714
4915510736995
4915510838600
4915510477667
4915510108119
4915510713094
4915511109020
4915511961186
4915511541741
4915511150346
4915511393270
4915511721312
4915511598198
4915511281783
4915510348993
4915511828025
4915510986034
4915510805947
4915510392889
4915510652216
4915510868285
4915511523831
4915511685276
4915511838722
4915511041908
4915510389996
4915510262373
4915510990325
4915511127710
4915510768844
4915511706035
4915511033743
4915510731324
4915511876547
4915510021294
4915511387550
4915510285102
4915510952659
4915511431460
4915511162188
4915510853407
4915511274903
4915510742773
4915510614195
4915511189561
4915510881923
4915511090264
4915510838017
4915510339595
4915511800767
4915511674202
4915510724098
4915510150380
4915510126684
4915510232537
4915511085900
4915511359156
4915510171839
4915510011995
4915510243401
4915511294252
4915511700071
4915511447065
4915511112166
4915510196759
4915511552229
4915511382077
4915510416516
4915510608361
4915510912936
4915511637001
4915510467704
4915510962265
4915511273313
4915510166076
4915511109519
4915511371341
4915511320630
4915510089193
4915510179790
4915510883997
4915511146821
4915511669304
4915510468972
4915511707507
4915510147405
4915510054661
4915510700558
4915510691789
4915510032719
4915511445415
4915510432536
4915511885439
4915511983758
4915511393248
4915510667242
4915510310485
4915510589839
4915510608654
4915511280499
4915510972688
4915510807104
4915511349073
4915511631169
4915511635501
4915510198718
4915511004290
4915510603227
4915511690379
4915510122928
4915510887334
4915510129281
4915511291315
4915511737801
4915510173514
4915511555192
4915511953253
4915510326710
4915511106844
4915511966773
4915511742093
4915510399380
4915511575003
4915511710273
4915511722836
4915511230390
4915511912579
4915511178702
4915510191705
4915511274798
4915510010436
4915511035466
4915511695654
4915510248774
4915511827812
4915510928087
4915511030246
4915511241297
4915510930016
4915511074661
4915510469111
4915511387486
4915511351077
4915511882745
4915511468697
4915511372965
4915511154483
4915510090172
4915510866347
4915511596801
4915511384844
4915511859234
4915510702474
4915510573792
4915510597647
4915511306844
4915511807526
4915510371864
4915511605609
4915511817268
4915510183070
4915510880927
4915511342238
4915510682276
4915510211444
4915511332369
4915510262113
4915510549989
4915511037219
4915510515243
4915510389106
4915510439054
4915511681078
4915510133589
4915511002592
4915511006633
4915510658267
4915510780888
4915510614357
4915511296144
4915511219113
4915511016010
4915511958522
4915510545113
4915510426492
4915511254574
4915510112203
4915511674674
4915510057731
4915510958502
4915511116863
4915510870637
4915511197428
4915510950891
4915511150820
4915511940496
4915511145271
4915510298308
4915511076081
4915510164832
4915510648529
4915511275301
4915510666283
4915511842943
4915510604034
4915511538993
4915510525549
4915510226460
4915511176490
4915511663299
4915511698424
4915510891572
4915510919497
4915510407755
4915510296290
4915511266891
4915510318406
4915510845605
4915510032933
4915511827770
4915511806031
4915511888170
4915510925318
4915511021799
4915510855631
4915510231974
4915510058203
4915511529592
4915511150463
4915511322246
4915510944442
4915511820393
4915510792989
4915510811314
4915511240553
4915511022859
4915510807828
4915510514321
4915511965985
4915511224607
4915511761593
4915510051958
4915510587098
4915511393421
4915511855897
4915511150009
4915510874569
4915511712016
4915511921744
4915510415167
4915510784362
4915511267364
4915511933578
4915510782447
4915511929588
4915510101316
4915511792847
4915511662622
4915510189066
4915511855947
4915510893269
4915511775068
4915511486705
4915510702331
4915511345311
4915511974540
4915511024821
4915511130075
4915511600463
4915511213033
4915510392227
4915511549468
4915510603238
4915511059484
4915511348777
4915510856596
4915511785138
4915511423554
4915510258841
4915510322596
4915511849461
4915511543368
4915511667599
4915510565686
4915510570681
4915511823473
4915510297055
4915510354557
4915510136899
4915510071507
4915511514139
4915511940753
4915511826726
4915511239184
4915510943046
4915510917258
4915510185810
4915511463163
4915510369628
4915511259421
4915510389566
4915511668697
4915510111905
4915510436962
4915510573162
4915510388387
4915511050167
4915510410884
4915511874524
4915510495739
4915511608031
4915511973833
4915511459735
4915511119766
4915511523238
4915511450285
4915511796352
4915510777341
4915511085747
4915511066608
4915510790991
4915510245699
4915511949911
4915511601571
4915511018274
4915510560539
4915510075541
4915511136043
4915511544080
4915510171793
4915510807710
4915510455791
4915510869596
4915510642920
4915510249003
4915511146429
4915511574218
4915510676408
4915510339186
4915511203658
4915511568587
4915511415339
4915511894705
4915511139206
4915511251110
4915511715357
4915511298397
4915511746628
4915511339662
4915511218556
4915511478894
4915511923680
4915511498564
4915510745871
4915510324800
4915510762942
4915510150057
4915511364131
4915510258886
4915511430619
4915510455976
4915511039208
4915510112966
4915510750078
4915510431850
4915510536695
4915511905808
4915510542877
4915510998064
4915511990458
4915511669790
4915510308810
4915511045931
4915510102010
4915510426873
4915511850996
4915510810940
4915510881303
4915511505017
4915510547718
4915510285178
4915510798259
4915510550407
4915511187744
4915511189748
4915510686411
4915510647054
4915511350515
4915510815130
4915510634408
4915510231051
4915510512605
4915511795834
4915511472034
4915510800414
4915510433669
4915511844607
4915511697995
4915511249389
4915510455862
4915511318517
4915510503359
4915510555319
4915511393884
4915511383068
4915511348225
4915511433034
4915510961521
4915511555343
4915511835165
4915510409611
4915511353299
4915511484528
4915510931620
4915511217113
4915511439715
4915511607710
4915510270942
4915510079640
4915510822094
4915511426245
4915510799204
4915510261323
4915511854112
4915511699048
4915510374775
4915511772448
4915510820301
4915511744002
4915511025383
4915511394023
4915511234131
4915510889824
4915511478060
4915511243667
4915510804021
4915510769761
4915511208709
4915510982961
4915511199494
4915511193851
4915510798808
4915510296345
4915510305023
4915510139459
4915511532404
4915511510293
4915511163015
4915511494371
4915511699945
4915511340017
4915510040628
4915510178910
4915510247679
4915510677759
4915511051438
4915511914373
4915511959214
4915510723363
4915511930024
4915510673895
4915511294112
4915510833843
4915511629402
4915510633320
4915511081207
4915511736824
4915511779220
4915510373410
4915510313092
4915511040187
4915510758729
4915510007970
4915511564427
4915511540058
4915511513648
4915511962278
4915510699515
4915510605818
4915510825637
4915511320977
4915511287060
4915510366733
4915511545437
4915510152688
4915511573128
4915511843493
4915511340112
4915511661532
4915511488411
4915510908465
4915511463584
4915510726009
4915510170872
4915510016805
4915511194182
4915510943188
4915510466348
4915511967498
4915510972145
4915511344557
4915511964180
4915510716494
4915510802611
4915510266212
4915511508326
4915511590704
4915510943858
4915511404787
4915511112132
4915510573377
4915510785759
4915510518814
4915510404624
4915510474058
4915511297274
4915511878223
4915510028189
4915511113998
4915510515756
4915510135815
4915511309438
4915510824154
4915511294757
4915510397307
4915511350678
4915510612604
4915511896430
4915510969536
4915511214924
4915510706912
4915510531924
4915511066409
4915510200397
4915510812155
4915510730228
4915510941735
4915511347576
4915510774025
4915510459207
4915511935054
4915511852107
4915511654382
4915510171834
4915510587348
4915511911862
4915510077316
4915511286418
4915510807377
4915510805310
4915511916869
4915511306719
4915511531763
4915510844614
4915510970928
4915510242797
4915510435658
4915511646232
4915511993750
4915510781094
4915510148094
4915511594473
4915511574122
4915510261791
4915511010444
4915510606294
4915511487980
4915511170656
4915511047250
4915510976091
4915511235276
4915511761993
4915511349004
4915511946010
4915511380342
4915510901076
4915511216425
4915511732308
4915510948822
4915510396221
4915511770433
4915511207906
4915510883625
4915510974198
4915511398215
4915511596469
4915510113393
4915510414605
4915510735658
4915511955304
4915511670405
4915510612214
4915511446221
4915510255928
4915511637737
4915511225133
4915511608081
4915511432917
4915511440916
4915511293710
4915511907806
4915510896284
4915511875587
4915511951071
4915511233531
4915511640399
4915510204691
4915511211086
4915510074068
4915510256906
4915511309970
4915511135520
4915511390481
4915510142713
4915511921807
4915510786347
4915511615188
4915511746354
4915511756166
4915510357647
4915511703278
4915510574190
4915510758397
4915510267688
4915511424855
4915511707934
4915510481341
4915510902896
4915511207721
4915511758311
4915511287102
4915511745317
4915511638212
4915511690612
4915510089606
4915510224900
4915511418129
4915510239789
4915511470553
4915511274844
4915511368143
4915510887497
4915510167942
4915511222258
4915511799453
4915511256446
4915511004182
4915511622954
4915510928863
4915511326184
4915510092325
4915510687290
4915511632538
4915511462543
4915510338202
4915511809610
4915511309091
4915511307520
4915511479218
4915511830972
4915511055179
4915511173452
4915510786884
4915511363507
4915510375582
4915511651563
4915510481613
4915511559424
4915510390774
4915510360857
4915511126785
4915510908080
4915511874215
4915511327174
4915511480965
4915511501415
4915510883047
4915510640955
4915510905237
4915510201100
4915511565263
4915510192783
4915511682059
4915511756226
4915511976385
4915511507736
4915510196348
4915510600276
4915510413389
4915510808729
4915511067146
4915510738588
4915511820696
4915511292762
4915511652204
4915510016691
4915510233398
4915510395023
4915511814497
4915511339225
4915510124521
4915510761213
4915510538077
4915510116408
4915510876927
4915510548047
4915511199448
4915510383703
4915510738186
4915511386620
4915511068681
4915511806935
4915510943920
4915511312051
4915511590392
4915510193403
4915511372056
4915510482489
4915510288429
4915511173088
4915511904266
4915511783013
4915510596929
4915511258900
4915510613498
4915510961241
4915511459443
4915511834265
4915511031061
4915510263891
4915511743429
4915510650776
4915510676942
4915511077888
4915510374567
4915510024010
4915510384364
4915511215007
4915510766532
4915511133467
4915510440552
4915510858138
4915510125158
4915511607778
4915510183254
4915510055877
4915510950953
4915511030786
4915510892023
4915510956710
4915511357584
4915511020162
4915511053540
4915510299822
4915510606762
4915511887307
4915510620152
4915510273209
4915511161210
4915511147093
4915511851464
4915511610452
4915510553898
4915511436938
4915511310297
4915510869161
4915510201838
4915510550309
4915510229179
4915510043232
4915510579906
4915511297030
4915510325868
4915511285668
4915511455590
4915510656102
4915510129983
4915510593218
4915511246284
4915511183466
4915510620706
4915511460193
4915511271987
4915510923393
4915511057480
4915511000055
4915510930424
4915511660310
4915510493596
4915511088183
4915511364576
4915511225208
4915510104269
4915510353930
4915510584567
4915510230809
4915510772380
4915511630633
4915511398362
4915511466763
4915510775432
4915510474571
4915511151818
4915510935838
4915511261227
4915511136767
4915510347011
4915510720886
4915510661757
4915511698645
4915511007300
4915510860425
4915510088218
4915510150630
4915510866801
4915511793628
4915511962358
4915510103319
4915511614913
4915511918070
4915511155758
4915511781112
4915510681736
4915510501195
4915511733169
4915510959271
4915510860766
4915511029828
4915510110339
4915510789521
4915510872888
4915511366552
4915511794885
4915511595325
4915510529697
4915510929600
4915510118836
4915510432307
4915510991247
4915511150252
4915510165402
4915511214904
4915510212344
4915511882901
4915510197050
4915511642564
4915511152259
4915511861865
4915510296118
4915511953488
4915511319785
4915510519854
4915511673493
4915511350735
4915511874339
4915510549234
4915510252396
4915511122357
4915511884128
4915511899125
4915510385821
4915510573541
4915510800207
4915511252794
4915511229999
4915511595130
4915510219052
4915510511158
4915511599346
4915511387915
4915510529325
4915510685272
4915511461700
4915510879458
4915511883741
4915511588110
4915511443287
4915511532148
4915511675604
4915511162437
4915511295550
4915511910241
4915511035313
4915511396084
4915511679772
4915510082253
4915511827666
4915511086084
4915511544517
4915511101568
4915510509974
4915510811124
4915510362621
4915511342433
4915510906634
4915510824825
4915511742480
4915511609333
4915510365167
4915511883224
4915511489600
4915511203669
4915510731441
4915510408493
4915510319689
4915511456012
4915511865160
4915511947629
4915511821485
4915510852477
4915511457423
4915511843061
4915510950450
4915510215358
4915510874369
4915510618103
4915511570735
4915510606773
4915511776421
4915511590906
4915510861391
4915510558311
4915511786287
4915510654969
4915510741417
4915510890047
4915510734605
4915510880861
4915510910157
4915510414903
4915510955289
4915511226735
4915510102103
4915511703694
4915511772963
4915510729882
4915510136191
4915510753625
4915510498546
4915511280043
4915510330846
4915511166212
4915511433956
4915510719805
4915510694394
4915510797980
4915510708887
4915511451392
4915510048364
4915511436097
4915511136423
4915510006293
4915510527970
4915511009634
4915510383970
4915510451831
4915511689251
4915511968338
4915511343374
4915511050275
4915510233806
4915510485920
4915511945871
4915511773620
4915511949372
4915510168695
4915511707244
4915510791789
4915510251819
4915510838622
4915511593194
4915511080128
4915510660096
4915511611136
4915511662475
4915510291774
4915511873218
4915510826175
4915511353230
4915510011750
4915511144141
4915511531363
4915510380413
4915511851124
4915511196197
4915511850153
4915511384070
4915510572170
4915510815406
4915511804138
4915511601066
4915511902830
4915511577324
4915511926107
4915511994552
4915511447976
4915511221977
4915511110893
4915511327487
4915511624901
4915511973077
4915511027656
4915511308573
4915510687672
4915510856750
4915511545348
4915511465063
4915511463316
4915511298637
4915511663687
4915510377227
4915511735492
4915511399977
4915511697930
4915511522453
4915511709605
4915510388550
4915511632401
4915510358215
4915510621233
4915511877331
4915511891819
4915511947636
4915511648758
4915511034243
4915511749871
4915510053957
4915510503313
4915510954717
4915510953288
4915511402356
4915511373016
4915510292887
4915510608586
4915510363141
4915510586317
4915510590339
4915510714791
4915511442817
4915511334874
4915510228747
4915511368665
4915511399369
4915510014342
4915510525756
4915510750299
4915511586503
4915510900712
4915510261670
4915510938065
4915511745142
4915510703208
4915510900331
4915510674481
4915510477306
4915511213002
4915511482057
4915511269587
4915510776651
4915510519478
4915511384366
4915511557794
4915511548474
4915511601251
4915511145140
4915511865191
4915510610516
4915510983408
4915510492473
4915511772002
4915510932605
4915511425612
4915510919125
4915510837903
4915511708150
4915510543778
4915511185958
4915511185310
4915510512419
4915510089443
4915510117310
4915511693359
4915511302890
4915510965128
4915510395663
4915510767792
4915511432391
4915511805937
4915511337242
4915511292890
4915511892800
4915511759235
4915510822153
4915511812739
4915510835998
4915510586566
4915510237155
4915510418533
4915511012629
4915511965185
4915510824097
4915510821902
4915511025752
4915510673909
4915511254453
4915511461482
4915510560358
4915511881780
4915511948966
4915511255575
4915510724027
4915511224789
4915511268615
4915510269405
4915511129792
4915511845797
4915510370002
4915511601923
4915511725953
4915511253009
4915511791692
4915511143554
4915511567442
4915510338286
4915510288800
4915511371202
4915510104330
4915510430102
4915510545334
4915511921482
4915511872510
4915510125956
4915510786480
4915511483020
4915511643681
4915511543795
4915510667246
4915510131480
4915510158417
4915510982016
4915511110627
4915511134848
4915511956870
4915511934722
4915510220513
4915511766164
4915510529410
4915511438500
4915510931075
4915510927638
4915511198907
4915510406344
4915510020493
4915510148938
4915510201956
4915511817834
4915510957683
4915510488382
4915510803516
4915511763546
4915511006580
4915510180865
4915511866956
4915510162601
4915511057737
4915510671574
4915511066077
4915510636418
4915511737618
4915511374406
4915510612114
4915510430002
4915510114944
4915511075211
4915510892165
4915510332286
4915511173450
4915511933792
4915511444195
4915510746314
4915510595841
4915510497300
4915510020035
4915510550100
4915510185889
4915510569717
4915511652468
4915510584912
4915511021737
4915510462209
4915511984704
4915511549178
4915510458417
4915511793023
4915510146806
4915511248255
4915511888025
4915511143618
4915511653993
4915511244454
4915511130558
4915511990497
4915511334861
4915510721510
4915511860207
4915510230178
4915510754398
4915510397601
4915510774103
4915510486494
4915511727750
4915510698966
4915510327717
4915511178495
4915510416250
4915510741330
4915511589004
4915510933742
4915510698199
4915511036168
4915510440511
4915511915178
4915511057872
4915510016041
4915510226181
4915510723360
4915510667228
4915510053317
4915510153255
4915510831296
4915511436910
4915510088335
4915510733670
4915510288703
4915511658371
4915510697963
4915511817635
4915510419849
4915511641017
4915510309432
4915511813106
4915511807457
4915510885982
4915510323663
4915511954983
4915510666416
4915510152453
4915510635396
4915511954627
4915510856222
4915511792780
4915510510884
4915511452964
4915511205037
4915511923722
4915510467179
4915511529849
4915511391525
4915511741679
4915510174023
4915511743314
4915510023915
4915510659028
4915511210938
4915510558884
4915510889000
4915511491727
4915510127386
4915511744776
4915510139605
4915511836678
4915510228344
4915511880922
4915511255860
4915510175086
4915511983610
4915511646239
4915511730177
4915511416406
4915510858557
4915510062303
4915511841878
4915511023140
4915511772220
4915510844723
4915511127117
4915511764381
4915511210071
4915510231618
4915511773384
4915511977071
4915510936699
4915510241650
4915510191997
4915511159017
4915510082720
4915510995115
4915511181038
4915510776806
4915510370634
4915511150087
4915510977933
4915510073247
4915511989445
4915511146672
4915510385182
4915511055125
4915510816024
4915511088368
4915511972384
4915511710336
4915511058743
4915511338602
4915510989724
4915510712811
4915511095213
4915511009588
4915510183159
4915510285070
4915510456850
4915510399157
4915511003165
4915511381963
4915510593008
4915511740239
4915510276549
4915510184786
4915510573485
4915511654681
4915511660743
4915511867823
4915510684843
4915511141737
4915511933180
4915510261811
4915511673554
4915510889625
4915510576923
4915510473740
4915511088610
4915510564140
4915510256117
4915510561558
4915510919202
4915511122264
4915511800944
4915511480782
4915510084387
4915510187555
4915510439335
4915511547300
4915511060289
4915511998877
4915511150075
4915510288372
4915511213435
4915511658775
4915511593187
4915511867932
4915511959291
4915510777483
4915511487014
4915511268578
4915510394084
4915510579749
4915510439772
4915510612719
4915510065644
4915511577750
4915510178798
4915510947856
4915511688955
4915511399914
4915511745044
4915510583528
4915510845014
4915510183871
4915511419785
4915510432918
4915511647504
4915511854365
4915510858773
4915511687409
4915510135556
4915510922284
4915511994670
4915511093812
4915510942644
4915511241123
4915510398513
4915510183424
4915510303021
4915510241113
4915511489671
4915511673371
4915510086756
4915510280700
4915510357282
4915510624701
4915510124726
4915510095195
4915511701762
4915511344451
4915511993625
4915510318527
4915511170629
4915511383688
4915510421006
4915511962519
4915510072874
4915511248054
4915510364585
4915511369504
4915511945520
4915510922138
4915510550993
4915510779524
4915510556344
4915511536938
4915510483922
4915511441243
4915510168923
4915510165234
4915511128469
4915510039028
4915510468871
4915511107680
4915510059918
4915510351522
4915511081604
4915510864448
4915511963229
4915510499868
4915510093828
4915511387362
4915511613100
4915510950032
4915511240287
4915510102266
4915510043300
4915510429023
4915511836842
4915510022226
4915510865599
4915510693305
4915511490101
4915511663426
4915510150114
4915511336021
4915510446947
4915511614447
4915511508028
4915511705488
4915511260417
4915511108555
4915510872344
4915510821259
4915511294171
4915511715832
4915510974588
4915511112035
4915510165161
4915510299105
4915511068721
4915511996286
4915510478330
4915510374806
4915511075892
4915511220516
4915511225164
4915511016301
4915511250641
4915510244389
4915510004474
4915510685513
4915511581439
4915510932791
4915510243510
4915511338576
4915510447072
4915511238132
4915511423580
4915511716139
4915511967919
4915511427158
4915510537740
4915510365673
4915511463276
4915510771447
4915510034934
4915510177311
4915511844331
4915510063868
4915510563542
4915511145892
4915511141066
4915510716733
4915510564713
4915510741163
4915511792161
4915511704151
4915510182600
4915510939542
4915511678965
4915511418453
4915511659019
4915511593603
4915510749290
4915510078212
4915511109773
4915511460403
4915511993106
4915511816631
4915511876541
4915511188884
4915510163271
4915511280532
4915510328586
4915511115610
4915510890127
4915511691650
4915511806686
4915511949636
4915510167070
4915511964344
4915510500090
4915510217719
4915510326747
4915510802265
4915511868497
4915511138101
4915511856983
4915510114433
4915510865924
4915510842783
4915510977625
4915511879507
4915510334949
4915510697848
4915510647041
4915510792461
4915510992612
4915511932118
4915511361079
4915510399574
4915510538470
4915510122024
4915510941690
4915511147557
4915510610098
4915511778317
4915511688489
4915510588490
4915510866450
4915511966632
4915510593914
4915510606943
4915511723290
4915511868042
4915511713368
4915510129332
4915510435832
4915510891180
4915510289226
4915510463128
4915511574205
4915511753705
4915510061713
4915510342225
4915511502549
4915510580260
4915510260522
4915511666802
4915510541931
4915510027164
4915510505069
4915511418589
4915511226053
4915511711151
4915511824038
4915511434038
4915510041439
4915510542733
4915511953523
4915510000279
4915511469762
4915511735256
4915511601507
4915510068291
4915510963369
4915511401310
4915510704558
4915511880082
4915511535498
4915510922565
4915511991858
4915510833867
4915511392939
4915511504251
4915510211023
4915511208831
4915510809938
4915511559508
4915511196712
4915510015818
4915511642812
4915511870630
4915510361151
4915511405505
4915510945075
4915511294980
4915510330724
4915510624073
4915511784138
4915510727668
4915511932089
4915510478214
4915510681627
4915511227434
4915510550118
4915510395727
4915510736370
4915510657554
4915511259999
4915511754354
4915511806221
4915511667969
4915510411534
4915510516498
4915511140166
4915510998437
4915510920802
4915511848051
4915511848234
4915510504824
4915511055806
4915510160948
4915510571003
4915511955455
4915510494359
4915511713758
4915510126507
4915511992899
4915511842602
4915510831026
4915511417250
4915510897054
4915511128502
4915511436599
4915510403487
4915511847505
4915510189044
4915510014088
4915510586901
4915510885651
4915510040915
4915510200253
4915510249432
4915510649073
4915510075118
4915510280165
4915510542319
4915511055569
4915510330388
4915511717390
4915510906544
4915511169924
4915510039507
4915511270762
4915511371021
4915511498747
4915511315612
4915511256871
4915510344021
4915511990712
4915511872557
4915510511568
4915510273424
4915510751210
4915511409747
4915511974072
4915510788798
4915511723640
4915510462325
4915511307055
4915511045285
4915511400826
4915510076161
4915511317061
4915510317104
4915511954116
4915511142434
4915511583762
4915511923040
4915510190642
4915510890235
4915510286228
4915510692817
4915510594822
4915510608522
4915510700843
4915511788094
4915510262033
4915511265116
4915510484006
4915510115148
4915510942529
4915511963289
4915511788164
4915511666989
4915510315470
4915510361497
4915510093767
4915511752176
4915510007625
4915510153339
4915511573033
4915510200721
4915511392311
4915510575387
4915510816882
4915511828409
4915511881630
4915510363360
4915511749111
4915511078132
4915511270104
4915510088440
4915511965111
4915510963617
4915510969314
4915510873550
4915510793652
4915511795898
4915511374463
4915511900406
4915511538948
4915510509268
4915510370687
4915511958691
4915510805023
4915511286516
4915510715696
4915511042505
4915511250356
4915510388713
4915511617415
4915510746056
4915510992860
4915510453759
4915511343478
4915510037262
4915511974766
4915511315862
4915511170370
4915510714796
4915511654302
4915510932063
4915511803650
4915511490640
4915510264240
4915511541578
4915510517258
4915510410790
4915511350172
4915511892331
4915511668356
4915511684844
4915511970353
4915511004514
4915510318842
4915511066540
4915511643348
4915511019969
4915511651034
4915511618466
4915510412567
4915511196922
4915510905671
4915511958176
4915510784438
4915510031882
4915511193136
4915510528168
4915510034964
4915510917968
4915510563754
4915511380277
4915510506644
4915511808682
4915511597085
4915510878358
4915510057398
4915510160090
4915510368896
4915511546735
4915510238583
4915511240612
4915511344296
4915511595752
4915510020543
4915510820643
4915511675473
4915511355892
4915510072480
4915511886307
4915510951973
4915511051104
4915510450597
4915511400231
4915510651286
4915511244723
4915510142385
4915510674679
4915511146840
4915510397011
4915511164631
4915510799338
4915510874990
4915511075774
4915511054343
4915511027452
4915511015132
4915510956806
4915510476096
4915510780555
4915511056692
4915511959461
4915511769666
4915511302230
4915511605367
4915510431335
4915510991270
4915510447209
4915510897784
4915510793293
4915511155561
4915510406042
4915511231175
4915510363860
4915511272482
4915510268825
4915510083699
4915511682724
4915511647218
4915510923103
4915511618713
4915511975996
4915510270819
4915510027902
4915511719033
4915510656317
4915511774615
4915510402700
4915511698758
4915511848774
4915510251723
4915510008434
4915510486400
4915511586938
4915511545462
4915511481601
4915511954189
4915511133905
4915511144068
4915510853247
4915511150154
4915511089006
4915510398852
4915510918256
4915511930479
4915510211713
4915510256276
4915511521899
4915511577469
4915510929792
4915511491885
4915511979781
4915511330390
4915511424419
4915510305050
4915511508805
4915511048482
4915511189071
4915511723550
4915510597416
4915510935007
4915510409927
4915510782239
4915510042073
4915510995736
4915510825253
4915510304586
4915510636453
4915511406329
4915511945785
4915511120247
4915511404670
4915510399255
4915510023811
4915511179301
4915511325322
4915511260903
4915511456651
4915511798634
4915510557230
4915511490495
4915511776874
4915511247972
4915510832441
4915511427473
4915510909135
4915510809002
4915510486706
4915511136738
4915510580064
4915510289472
4915510475987
4915510138174
4915510661370
4915510873157
4915511067519
4915510973705
4915511478232
4915510721055
4915511500356
4915510276580
4915510143749
4915510543916
4915510872837
4915510858091
4915511619984
4915511386428
4915511178044
4915511316689
4915511429501
4915511700605
4915511006133
4915511106829
4915510197308
4915511552194
4915510941958
4915511952690
4915510799691
4915510439000
4915510838661
4915511624991
4915511820579
4915511104858
4915511415589
4915510682598
4915511572933
4915510194926
4915511242730
4915511266574
4915510410629
4915511963762
4915510875699
4915511882616
4915511960714
4915510152928
4915510669972
4915510908797
4915511570827
4915511818371
4915510484813
4915510840490
4915511822396
4915510572646
4915510526593
4915511907359
4915510287829
4915510769525
4915510991332
4915510627129
4915511917868
4915511504368
4915511684649
4915511986111
4915511761109
4915510151759
4915511912814
4915510124807
4915510618412
4915511706260
4915511104082
4915510237065
4915511820164
4915511257023
4915510741093
4915510840214
4915511230957
4915511427493
4915511643487
4915510733438
4915511196440
4915510960521
4915510205681
4915510721827
4915510392464
4915511624269
4915510747504
4915511958899
4915511088543
4915510408201
4915511425677
4915511706832
4915511600105
4915510830005
4915511841168
4915510440550
4915511031826
4915510064752
4915510241267
4915511067577
4915510607435
4915510338511
4915511497706
4915510239971
4915511465092
4915511178053
4915511716988
4915510334527
4915510276340
4915511867285
4915511879233
4915511130987
4915511650696
4915510972176
4915510802639
4915510468483
4915510817819
4915510798508
4915511001312
4915510017264
4915510594741
4915511548205
4915510752902
4915510786032
4915510893749
4915510254934
4915510663336
4915510977187
4915510718152
4915510517645
4915510962523
4915510237128
4915511593799
4915511040546
4915511191933
4915511032073
4915511275374
4915510488811
4915510364773
4915511592575
4915511833399
4915511758603
4915511395902
4915511100828
4915511061915
4915510986650
4915510446687
4915510613292
4915510362274
4915511457527
4915511417727
4915510143556
4915510202074
4915511155343
4915511512941
4915511799907
4915510978152
4915510996218
4915511742742
4915511713330
4915510505166
4915511738912
4915511148466
4915510396137
4915511845364
4915511902062
4915510985702
4915510210502
4915510774935
4915510954164
4915511653312
4915511222406
4915511804639
4915510949744
4915510818691
4915510605584
4915510934431
4915511646573
4915510848469
4915511293406
4915510255947
4915510601183
4915510296943
4915510320818
4915511945087
4915511918917
4915510472681
4915510087004
4915510906190
4915510931622
4915511698198
4915510650235
4915511002275
4915510556484
4915510659418
4915510539721
4915511144255
4915511328131
4915511462114
4915510344133
4915510906683
4915510175020
4915511985144
4915510871542
4915511254085
4915511194392
4915511244183
4915510959111
4915511481503
4915511138105
4915510333241
4915510984761
4915510469752
4915511055159
4915510152691
4915511971102
4915511429606
4915511523007
4915511326003
4915511312432
4915510785154
4915510789942
4915511997726
4915510630806
4915510106987
4915511450873
4915510210995
4915510458561
4915510684692
4915510455053
4915510789155
4915511148058
4915511730458
4915510125606
4915511268779
4915511250023
4915510586023
4915510558987
4915511184460
4915510003324
4915511261095
4915511879793
4915511517450
4915511307106
4915511224956
4915511393668
4915510714513
4915511990975
4915511381383
4915510286991
4915510959475
4915511249240
4915510793216
4915511048619
4915511774950
4915510413993
4915510269787
4915511551989
4915511967453
4915511338853
4915510181508
4915511229421
4915511320551
4915511819697
4915510680301
4915511144461
4915510877317
4915511478889
4915511915864
4915510086232
4915510284692
4915510225805
4915510231587
4915510212186
4915510502343
4915511277401
4915510676086
4915510437791
4915510176257
4915510515564
4915510181027
4915510414689
4915511158709
4915510799670
4915511161997
4915510548572
4915511095862
4915510766105
4915511886782
4915511238603
4915511571707
4915511780365
4915510415756
4915511569323
4915510135819
4915511452230
4915511977708
4915510819156
4915511976585
4915510814544
4915511203687
4915510651181
4915510321551
4915510019705
4915510924058
4915511622034
4915511685667
4915510616717
4915511551101
4915511619850
4915510792693
4915511286058
4915511428433
4915510966297
4915511510072
4915511230631
4915511924760
4915511858176
4915511404330
4915511613992
4915510080446
4915510534273
4915511517944
4915511896538
4915510582574
4915511656303
4915510734794
4915511230441
4915510504948
4915510664468
4915511211881
4915510170340
4915511406507
4915511155215
4915510545363
4915511843227
4915510427535
4915511255721
4915511173765
4915510707746
4915511370554
4915510794553
4915511657186
4915510313538
4915510888309
4915511994461
4915510487280
4915510235291
4915511353285
4915510716635
4915511871707
4915510937813
4915511401513
4915511176227
4915510040994
4915511933121
4915511115844
4915511665041
4915510496257
4915510376839
4915511666097
4915511820666
4915510234273
4915511320498
4915510893718
4915510129800
4915511795467
4915511145912
4915510052958
4915511734479
4915510780753
4915511783148
4915511635061
4915511088024
4915510835639
4915511961191
4915511003863
4915510431320
4915511356716
4915511973109
4915510042470
4915511478425
4915510590169
4915511401098
4915510430943
4915511495753
4915511989636
4915510589195
4915511115896
4915510083869
4915510235185
4915511417244
4915511365585
4915510770151
4915511397667
4915510689814
4915510952474
4915510655012
4915511785424
4915510138403
4915511578393
4915510485446
4915511457394
4915510792780
4915511287450
4915510383529
4915511052730
4915511366920
4915511150085
4915510733898
4915510985397
4915510066885
4915510025036
4915510847224
4915510870963
4915510446858
4915510743021
4915511210865
4915511183319
4915511457113
4915510636304
4915510154096
4915511203282
4915511713730
4915511502690
4915510485201
4915510282838
4915510816502
4915510999824
4915511420344
4915510602836
4915511047194
4915510981133
4915510903880
4915510395255
4915511152726
4915511944601
4915510587127
4915511997097
4915511972717
4915511016809
4915511935107
4915511512690
4915511738329
4915511902547
4915511521455
4915511504517
4915510516649
4915510737494
4915510709008
4915511917055
4915511003841
4915510153863
4915511382111
4915511676330
4915510519191
4915511851346
4915511481303
4915511761616
4915510375382
4915510815164
4915510761217
4915511297975
4915511052336
4915511222725
4915511856795
4915511778485
4915510527865
4915511618182
4915510229181
4915511190639
4915510036541
4915511831611
4915510929151
4915511406314
4915511119686
4915510383344
4915510932782
4915511894401
4915511116575
4915510365569
4915510634560
4915511079872
4915510986708
4915511773474
4915511288910
4915511698428
4915510653243
4915510746304
4915510380828
4915511982580
4915510849240
4915510450089
4915511860476
4915510421962
4915511868078
4915510328011
4915511207508
4915511027067
4915511039137
4915511324884
4915510297822
4915511642790
4915511694369
4915511135415
4915511204508
4915511631028
4915511005825
4915511389473
4915511260894
4915511212863
4915510821776
4915510398459
4915511797107
4915510408460
4915510437545
4915511410965
4915511155775
4915511984470
4915510026397
4915511450335
4915511194443
4915510687732
4915510084086
4915511117162
4915511436638
4915510723075
4915511524239
4915510243172
4915510969642
4915510889803
4915511507640
4915511325009
4915510117468
4915510108706
4915510737281
4915511838066
4915511917556
4915511123551
4915511168446
4915510236907
4915510117927
4915510356504
4915510158216
4915511890922
4915511582199
4915510679257
4915511368892
4915510379389
4915510005840
4915511535775
4915510222036
4915511024720
4915510842786
4915511936620
4915511266437
4915510768553
4915510569142
4915510245627
4915511790132
4915511180954
4915510403891
4915511031361
4915510795661
4915511835751
4915511110516
4915510680074
4915510035099
4915511316833
4915511115685
4915511118077
4915511214997
4915511705109
4915511659793
4915511061561
4915511228398
4915511025555
4915510618378
4915510362278
4915510362693
4915510780238
4915511890486
4915510504109
4915510035890
4915511434569
4915511561303
4915511048480
4915511328307
4915511651991
4915510366074
4915511711150
4915511901925
4915511334628
4915510687201
4915511719487
4915510732836
4915510161347
4915510217756
4915510666746
4915511665536
4915510665217
4915510811228
4915510709079
4915510692572
4915510717798
4915510948544
4915511255542
4915510670237
4915511205336
4915510086540
4915510205968
4915511248501
4915510038958
4915510111729
4915511379220
4915510045890
4915510709679
4915510231185
4915511363329
4915510886791
4915510989379
4915511502216
4915510563055
4915511577685
4915511444107
4915510322515
4915510244903
4915510849725
4915510338671
4915510641840
4915511787210
4915510677007
4915510051986
4915510402834
4915511878447
4915510902863
4915511662451
4915510089523
4915510479497
4915510414953
4915510172856
4915511306354
4915510919222
4915510295468
4915510627351
4915510428898
4915510526188
4915510081065
4915510465338
4915511956961
4915510805702
4915510057178
4915511393902
4915511849696
4915511526677
4915511544081
4915510201707
4915510667638
4915511349245
4915510338070
4915510432346
4915511650663
4915510684045
4915510842248
4915511293337
4915511682331
4915511731296
4915511948100
4915511971362
4915511247648
4915510594397
4915511087131
4915511493396
4915511918263
4915510972710
4915510195068
4915511918339
4915511156829
4915511292196
4915511157994
4915511700671
4915510746179
4915511213438
4915510138048
4915510283424
4915510681481
4915510639144
4915511039442
4915510817424
4915511809081
4915511754410
4915511941874
4915510985976
4915510948981
4915511849749
4915510604122
4915510991904
4915510852885
4915510170750
4915510902856
4915511416943
4915511735266
4915511533348
4915511559363
4915511169298
4915510821256
4915511281503
4915510531786
4915510860932
4915510193206
4915511867367
4915510142224
4915510007575
4915511643860
4915510337204
4915510582863
4915510142113
4915511991679
4915511933271
4915511976922
4915511920239
4915510920733
4915510190674
4915511079588
4915510848361
4915511663282
4915510383151
4915510232255
4915511066452
4915511745668
4915511228463
4915510141828
4915511939796
4915511096980
4915510256894
4915510548201
4915510678336
4915511273928
4915511464573
4915511363349
4915510460498
4915510914146
4915510872505
4915511812587
4915510402569
4915511511338
4915510788053
4915511438532
4915510554390
4915510462546
4915511241459
4915511883613
4915511233298
4915510492902
4915511865937
4915511947742
4915511187264
4915510741791
4915511013650
4915510731944
4915511844096
4915510018340
4915511354635
4915511906749
4915511347939
4915510962035
4915511977732
4915510316462
4915510686974
4915510362158
4915511887722
4915511209156
4915511794997
4915510240103
4915510218536
4915510334955
4915511288022
4915510655924
4915511395739
4915510350026
4915510371013
4915511038236
4915511801552
4915511474587
4915510973821
4915511054127
4915510032223
4915511341169
4915510390102
4915510784039
4915511379373
4915510752606
4915510210550
4915510009987
4915511624472
4915510539666
4915510219612
4915510628288
4915510441227
4915510045023
4915510470512
4915510135622
4915510853670
4915510192055
4915511837446
4915511878848
4915511101107
4915511785067
4915510292664
4915510748957
4915511292365
4915511267994
4915510390394
4915510041186
4915510858749
4915510253471
4915510054218
4915510621530
4915511317699
4915510095908
4915511994613
4915510994321
4915510511677
4915511544743
4915511603038
4915511164569
4915511902803
4915511144409
4915511753552
4915511434439
4915510099954
4915511515202
4915511869110
4915511932645
4915511176421
4915510482339
4915511220864
4915511212037
4915510198657
4915511998859
4915511709637
4915510733584
4915511176202
4915511172995
4915510453950
4915511833138
4915510952051
4915510255856
4915510453002
4915511124668
4915510736151
4915510998109
4915511332936
4915510804100
4915511924780
4915510532731
4915510173104
4915511488424
4915510476965
4915510419131
4915511893046
4915511495439
4915510719360
4915510335024
4915511834099
4915511130754
4915510134747
4915511465937
4915510599688
4915510542370
4915511698077
4915511251264
4915510129172
4915511539694
4915511512100
4915511303795
4915511866866
4915510587629
4915510986940
4915510259174
4915511011518
4915511898936
4915511100054
4915511786792
4915511795275
4915511110951
4915511682383
4915510372041
4915511256537
4915510925775
4915510562840
4915511088799
4915511523964
4915511548557
4915510748717
4915510394961
4915510833386
4915511523348
4915511122387
4915511624279
4915511350304
4915511439062
4915510698146
4915510523284
4915511735278
4915510708801
4915511883454
4915510501333
4915510462556
4915511968158
4915511182713
4915511260695
4915510070174
4915510596119
4915511870997
4915511675440
4915511896705
4915511395702
4915511733447
4915511887908
4915511427285
4915510195292
4915510942278
4915510690786
4915511957176
4915511215215
4915511260549
4915510303827
4915510197800
4915510798598
4915511276319
4915510066322
4915511138687
4915510722015
4915511766471
4915511408905
4915510905853
4915510746739
4915510226061
4915510566443
4915511413355
4915510880475
4915511468210
4915510420098
4915511845550
4915511158197
4915511759987
4915511781528
4915511816101
4915510811554
4915510872040
4915510474435
4915510175835
4915510900044
4915510115521
4915510338680
4915511685857
4915510576674
4915511049167
4915510336923
4915510918365
4915511862888
4915510108913
4915510294017
4915510967493
4915510939156
4915510371831
4915511790562
4915510918493
4915511386674
4915510426957
4915510070746
4915511381697
4915511171587
4915510922057
4915510149828
4915510379773
4915511737349
4915510296937
4915510042252
4915511966735
4915510321684
4915510157879
4915510625796
4915511242320
4915510741787
4915511355414
4915511470336
4915510439142
4915511121958
4915510496851
4915510430049
4915511906142
4915511409512
4915510246644
4915510246741
4915510784231
4915510905851
4915511076373
4915511138053
4915511823464
4915510793465
4915511769289
4915510526584
4915511496411
4915510832564
4915511032480
4915511375904
4915511993343
4915511953274
4915511458758
4915510434457
4915510545985
4915511467368
4915510003969
4915511263429
4915511412708
4915510796502
4915510063030
4915510082564
4915511194788
4915511722393
4915511549820
4915511215183
4915511878811
4915511677941
4915511881184
4915511106890
4915510422242
4915511228471
4915510506574
4915511220663
4915510261709
4915510712670
4915511383516
4915510544701
4915510556320
4915511854442
4915510309652
4915510741960
4915511363805
4915511496705
4915511057507
4915510071204
4915511172548
4915511873539
4915510307789
4915511105503
4915510617370
4915511113161
4915510039453
4915511581081
4915510505977
4915511986452
4915511653257
4915511219842
4915510235055
4915510956474
4915510427671
4915510870102
4915510005125
4915510065255
4915511164151
4915511564590
4915510606136
4915510686596
4915511871267
4915511105313
4915510456845
4915510036053
4915510332129
4915511648564
4915510295559
4915510937766
4915510226611
4915511065005
4915510972735
4915511136861
4915511302932
4915510388047
4915511336786
4915511218285
4915511741492
4915511337823
4915511338957
4915510221699
4915511202570
4915511434435
4915510853932
4915511850850
4915510396543
4915511864433
4915511682191
4915511617903
4915510550577
4915510076796
4915511732541
4915511903391
4915510482243
4915511972772
4915510658956
4915510005018
4915511769095
4915511445885
4915511400245
4915510233087
4915511890652
4915511056890
4915510702515
4915510574776
4915511165740
4915511113842
4915511538066
4915510714783
4915510770940
4915510307892
4915510428955
4915511338552
4915510829347
4915510282758
4915510890636
4915511514922
4915511580705
4915511447206
4915511089088
4915511770208
4915511358820
4915510395756
4915510718503
4915510680408
4915511154506
4915510644685
4915510662456
4915510419108
4915511948369
4915511700647
4915510347702
4915510884955
4915511012403
4915510117859
4915510599889
4915511239344
4915510218591
4915511888662
4915511436273
4915510859597
4915510412825
4915511933121
4915510790380
4915510585300
4915510723006
4915510186565
4915511920851
4915511049264
4915511496870
4915511159674
4915511404316
4915511035767
4915510194215
4915510151615
4915510108789
4915511544072
4915510022851
4915511544247
4915511853417
4915510648043
4915511259545
4915511679773
4915510158722
4915510864533
4915510230396
4915511194934
4915511160462
4915511028176
4915511311730
4915510221767
4915511298460
4915511278814
4915511511620
4915510993451
4915510588441
4915510908656
4915510275426
4915511836694
4915510689589
4915510545909
4915511060724
4915511829330
4915510920140
4915510636448
4915511080665
4915511337563
4915510054698
4915511871426
4915511631785
4915510119397
4915510484363
4915510035098
4915511444535
4915510679687
4915511813342
4915510010773
4915510294276
4915510386546
4915510935208
4915511240853
4915511195820
4915511867532
4915511442192
4915511454705
4915510389487
4915510682509
4915510738333
4915510102203
4915510952728
4915511341263
4915511891470
4915511024102
4915510890194
4915511682692
4915511318889
4915510719221
4915511734658
4915511504486
4915510362920
4915510967656
4915510813103
4915511132535
4915510724111
4915511490587
4915510415810
4915511201898
4915511235364
4915511527375
4915511493285
4915511648541
4915511354447
4915510647199
4915510315398
4915510326110
4915511392572
4915511489448
4915510343731
4915511033388
4915511094090
4915510121615
4915510761611
4915510336267
4915510885427
4915510912250
4915511447450
4915511792027
4915510302316
4915511933936
4915510032524
4915511719415
4915511878661
4915510795556
4915511810307
4915511450111
4915510948394
4915510624939
4915510019871
4915511527094
4915510935167
4915511096477
4915510699539
4915511510516
4915511970349
4915511017391
4915510685652
4915510439745
4915511355994
4915510795667
4915510996622
4915511880394
4915511727012
4915511828594
4915511816429
4915511570512
4915510926825
4915511054107
4915511202058
4915511561254
4915511745065
4915510976800
4915511703278
4915511959628
4915510490130
4915511059111
4915511826094
4915510973291
4915510101384
4915511762366
4915511649208
4915511701583
4915510946698
4915510725008
4915510115547
4915511388837
4915510894900
4915511999894
4915510127444
4915510363712
4915510487611
4915511300843
4915511810697
4915511214755
4915511537867
4915511296385
4915511573805
4915510784296
4915510863942
4915510107134
4915510548248
4915511262055
4915511157743
4915510914037
4915510786212
4915510968464
4915511728421
4915511055528
4915510183841
4915510071059
4915511663805
4915511594314
4915511183486
4915511538096
4915511808234
4915511907259
4915510533831
4915510684426
4915511334015
4915511810387
4915510503289
4915510298056
4915511969232
4915510068346
4915510979116
4915511708913
4915510094099
4915510439794
4915510987827
4915511817355
4915510283257
4915511597674
4915510592344
4915510529823
4915511719531
4915511411198
4915511883072
4915511177011
4915510092265
4915510377810
4915511443736
4915510287722
4915511772990
4915510444795
4915511108029
4915511528446
4915510549258
4915511757148
4915511008138
4915510545914
4915511173197
4915511055996
4915511717523
4915510665892
4915510205436
4915510914629
4915511971074
4915510143694
4915510629166
4915510042152
4915510306392
4915510630679
4915511295221
4915511365293
4915510088424
4915511708580
4915511388630
4915510225560
4915511990797
4915511508091
4915511998802
4915511220171
4915510560964
4915510662506
4915510276958
4915511045558
4915511324145
4915510030991
4915511677906
4915511173801
4915510757557
4915510444769
4915511921557
4915510967624
4915511411622
4915510264426
4915510209693
4915511584790
4915511467907
4915511129938
4915510568958
4915510018093
4915510348268
4915510286175
4915510989419
4915511600523
4915510029383
4915510999242
4915510933356
4915511245165
4915511708648
4915510351318
4915511804943
4915511298054
4915510277852
4915511001739
4915511497081
4915511682418
4915510304534
4915511450003
4915510613204
4915511838171
4915510109161
4915510965364
4915511284209
4915510365084
4915511824988
4915511868795
4915511880799
4915511427821
4915510935595
4915511262529
4915510549711
4915511862132
4915510189678
4915511697877
4915511959315
4915511997183
4915510951941
4915511137879
4915510195094
4915511011410
4915511668715
4915510189474
4915511301320
4915510345126
4915510811563
4915511996542
4915510000379
4915511062882
4915510233522
4915510734965
4915510774207
4915510332152
4915510867929
4915510398353
4915511001655
4915510858289
4915511480612
4915511425004
4915510221613
4915511098021
4915511238578
4915511026803
4915511544043
4915510172675
4915510424632
4915511299330
4915511771091
4915511322836
4915510063511
4915510570249
4915510394600
4915510386834
4915511807380
4915511169023
4915511477763
4915511737086
4915511086960
4915510417026
4915511772205
4915510678424
4915511369832
4915511498991
4915511092581
4915510765581
4915510809538
4915511864893
4915511442824
4915510989337
4915511549419
4915511605619
4915511303016
4915511564224
4915510045079
4915511802942
4915511257928
4915510878493
4915511920695
4915510841261
4915510219873
4915511462412
4915511993948
4915511021362
4915510751184
4915510835792
4915510502705
4915510686342
4915511906749
4915510456616
4915510736048
4915510843123
4915511821932
4915511783777
4915510948821
4915511752867
4915511538995
4915511360762
4915510989673
4915510836664
4915510483523
4915511981781
4915511174428
4915510175275
4915511649387
4915511950273
4915511187671
4915511222464
4915511162076
4915511544099
4915510198278
4915511709503
4915510323408
4915511205271
4915510830510
4915510392982
4915510661992
4915510450596
4915510292388
4915510819533
4915511364111
4915510137460
4915511385418
4915511193123
4915511897031
4915511533427
4915511787921
4915511991896
4915510693693
4915511665193
4915510488963
4915511592469
4915510543812
4915510748281
4915510898728
4915510371758
4915511156834
4915510227972
4915510122060
4915511088468
4915510215354
4915511332080
4915510991456
4915510555033
4915510010619
4915511221358
4915511687397
4915510034984
4915511645116
4915510643359
4915511665775
4915510345219
4915511880399
4915511040796
4915511899649
4915510533862
4915511591494
4915511072389
4915510411453
4915511607832
4915511998297
4915510391595
4915511240926
4915511882310
4915511654622
4915510131146
4915510529811
4915510943999
4915511961437
4915510506410
4915511542988
4915510728653
4915511920905
4915511188775
4915511861504
4915511329184
4915510788325
4915511120488
4915510218399
4915511883891
4915511475510
4915510746057
4915511898160
4915511880849
4915511257000
4915511081047
4915510065638
4915511633901
4915511580551
4915510911446
4915510297720
4915511192618
4915510880478
4915511724402
4915511589264
4915510950082
4915510470693
4915511423307
4915511802079
4915510253185
4915511964766
4915510670041
4915510682962
4915511540157
4915511444543
4915510046127
4915510336461
4915511756454
4915510104560
4915511910853
4915510240164
4915510252822
4915511388641
4915510631397
4915510644366
4915511106059
4915511465256
4915511298726
4915510676012
4915511304690
4915510911455
4915510506698
4915510146965
4915511341778
4915511376506
4915511526473
4915510302748
4915511008777
4915511470157
4915511737034
4915511403082
4915510703359
4915510107028
4915510066192
4915511514325
4915510245673
4915510367784
4915511662970
4915511066358
4915510519241
4915511079659
4915510656350
4915511461557
4915511586164
4915511879375
4915511210719
4915511998839
4915511650857
4915511429113
4915510116804
4915511291264
4915510970536
4915510102747
4915511391394
4915510432366
4915510951932
4915511668694
4915510111651
4915510369206
4915511516596
4915510127895
4915511439621
4915510837235
4915511376989
4915510698090
4915511221436
4915511810916
4915510232352
4915510033388
4915511458402
4915511947700
4915510743385
4915510322022
4915511479015
4915510846585
4915511625640
4915511763674
4915510400868
4915510613073
4915511050913
4915511535527
4915510462250
4915510118236
4915510235457
4915511441024
4915510103348
4915510932422
4915511132543
4915511734886
4915511050474
4915511217214
4915510731343
4915511083696
4915511503056
4915511285979
4915511700191
4915511419420
4915510688082
4915510981332
4915511770191
4915511582459
4915510292571
4915510244868
4915511783212
4915511236742
4915511025143
4915510912621
4915511311139
4915511626992
4915511062889
4915510639285
4915511653254
4915511380106
4915510543729
4915510870073
4915511654026
4915511699236
4915510403138
4915510832392
4915510321710
4915511571773
4915510181296
4915510705361
4915510313095
4915511126041
4915510594901
4915510027024
4915510713555
4915510763911
4915510285874
4915511028800
4915511844179
4915511924076
4915511455332
4915510947027
4915510924768
4915510360155
4915511352348
4915510448050
4915510368975
4915511439663
4915511589037
4915510409016
4915511788844
4915510940997
4915510071008
4915511149374
4915510310200
4915511581592
4915511417049
4915510557564
4915511785382
4915510544016
4915510690913
4915510624479
4915511570248
4915511177079
4915510435703
4915510829392
4915510098572
4915511849134
4915510567623
4915510234337
4915511546451
4915510710588
4915511842835
4915511128799
4915511285810
4915511240236
4915510073983
4915511930538
4915510564397
4915511674166
4915510656559
4915510555847
4915511024371
4915511641801
4915510040727
4915511193325
4915510051893
4915510262941
4915510288239
4915511935917
4915510871451
4915510568090
4915511800801
4915510592374
4915510356995
4915510745745
4915510948807
4915511389546
4915510516683
4915510376980
4915510990637
4915511740286
4915510948144
4915511826530
4915511861509
4915511319184
4915510927599
4915510947344
4915511463420
4915510303210
4915511864357
4915510348951
4915511664791
4915510011887
4915511644720
4915511144009
4915511064990
4915510800262
4915511946160
4915510892974
4915510149313
4915511505292
4915510664984
4915511813773
4915511157648
4915511409323
4915510310332
4915510175140
4915511180100
4915510835103
4915510263787
4915510087967
4915510362707
4915510880521
4915511027939
4915510383451
4915510926725
4915511004915
4915511330718
4915510823432
4915510494571
4915510671903
4915511808120
4915510792212
4915510615359
4915510335137
4915511678446
4915510824770
4915511454288
4915511597239
4915511373115
4915510388661
4915510863746
4915510545860
4915511324671
4915511073033
4915511910464
4915511003297
4915510178430
4915511878212
4915510636167
4915511291755
4915510153395
4915510326694
4915510037313
4915510816912
4915510335051
4915510045953
4915511234835
4915511534761
4915510375677
4915511018279
4915510591631
4915511674407
4915511147864
4915511857980
4915510973885
4915510768745
4915511118990
4915511266675
4915510417966
4915511438010
4915510009129
4915511670909
4915510167133
4915510731749
4915511660701
4915510702870
4915511987029
4915511837014
4915511598360
4915511043409
4915510037079
4915511407826
4915510610999
4915511604046
4915511537295
4915510897892
4915510121724
4915510943681
4915511693064
4915510573093
4915511919414
4915511903025
4915510247759
4915510552933
4915510963743
4915510415701
4915510780271
4915510671152
4915510044583
4915510207914
4915510667505
4915510540418
4915510129652
4915511098327
4915510204098
4915511022889
4915511875951
4915510671109
4915511626525
4915511722120
4915510116646
4915511528753
4915510452484
4915511103256
4915511650876
4915510738103
4915510699027
4915510679206
4915510240893
4915511789441
4915511384032
4915510209701
4915511093493
4915510394924
4915511008247
4915510034675
4915510140483
4915510850976
4915510593535
4915510031042
4915511531761
4915511341101
4915511171583
4915511700406
4915510296356
4915511511288
4915511949669
4915511628367
4915510017368
4915511239730
4915511936764
4915511677616
4915511248471
4915510089547
4915510999768
4915511776559
4915511831106
4915511813784
4915511891049
4915510678626
4915511719222
4915511854216
4915510365749
4915510503479
4915510117679
4915511536471
4915510070388
4915511936248
4915510783195
4915510937025
4915511738550
4915511639375
4915510654841
4915510638180
4915510377879
4915511685544
4915511096717
4915511486834
4915511733095
4915510204156
4915510950571
4915511544443
4915510217461
4915510673953
4915511695970
4915510593636
4915511077540
4915511788744
4915510294724
4915511345368
4915510077589
4915510954784
4915510318374
4915511094882
4915510276538
4915511666636
4915510110268
4915510334737
4915510693771
4915511394455
4915511563423
4915511037707
4915510355713
4915511872511
4915510884152
4915510512801
4915510279560
4915511177070
4915510393311
4915510827396
4915511528672
4915511272346
4915511992212
4915510949033
4915510138580
4915511676228
4915510851308
4915510613704
4915511151350
4915511007260
4915510011234
4915510147798
4915511942556
4915510012634
4915510134295
4915511990988
4915510507084
4915511834011
4915511124009
4915510159679
4915510370897
4915511393097
4915511352362
4915510533155
4915511996858
4915511563968
4915510830515
4915510873769
4915511914294
4915510307775
4915511602349
4915510621918
4915511155954
4915511321941
4915510839025
4915510140513
4915510331974
4915511697259
4915511744179
4915510164030
4915511411574
4915511032977
4915510963324
4915510023918
4915511313803
4915510497009
4915511838958
4915511815416
4915511480768
4915511329062
4915510503128
4915511655217
4915511041739
4915510075852
4915511786359
4915511667961
4915511079480
4915511214939
4915511221460
4915510538565
4915511461763
4915511938780
4915510379742
4915511151076
4915511044485
4915510515728
4915511038144
4915510626923
4915510313657
4915511251138
4915511265693
4915510631785
4915510321707
4915511765833
4915510541350
4915511760228
4915511107747
4915511534734
4915510489199
4915511028532
4915511524176
4915510447866
4915510567515
4915510449537
4915511585325
4915510775868
4915510372626
4915510739094
4915511393264
4915511391184
4915510171572
4915510467762
4915510191213
4915510822564
4915510801452
4915511755423
4915511404379
4915510195661
4915511535634
4915511318696
4915510598688
4915511621955
4915511941057
4915511649455
4915511945580
4915511355649
4915511286802
4915511165266
4915511564307
4915510236986
4915511361391
4915511983157
4915511814122
4915511691521
4915510242778
4915511574871
4915510983791
4915511508934
4915510225655
4915510122302
4915511976508
4915511056472
4915511850106
4915510057548
4915510649151
4915510231161
4915510381775
4915511854940
4915511438177
4915511311139
4915511859560
4915511010648
4915510171307
4915510168326
4915510248754
4915511059597
4915511966171
4915510108714
4915511719670
4915511453987
4915510784788
4915511738372
4915510862419
4915511918553
4915511026664
4915511230247
4915511355357
4915511254291
4915511220173
4915511135612
4915510740374
4915511113147
4915511819291
4915511636898
4915510946063
4915510247111
4915511625044
4915510755732
4915510105101
4915510236989
4915511472190
4915511450536
4915511744017
4915510833258
4915511386543
4915511996754
4915510623066
4915511628699
4915511158458
4915511340812
4915510191300
4915511878161
4915511764851
4915511891086
4915511425877
4915511746105
4915511429497
4915510795484
4915511914253
4915510703710
4915510331723
4915510497828
4915510141942
4915511394956
4915511696545
4915510159982
4915510455445
4915510761342
4915510973286
4915510139127
4915510312778
4915510935436
4915511974768
4915510577642
4915511180282
4915511095621
4915510318919
4915511707223
4915510380058
4915510067309
4915511635775
4915511108286
4915511890719
4915510812768
4915511259330
4915510785367
4915511469201
4915510565080
4915511777879
4915511660969
4915510303589
4915510750366
4915510532393
4915510212494
4915511148871
4915511136642
4915511725082
4915511237211
4915510749739
4915511932221
4915510751141
4915510875640
4915510785994
4915510206771
4915510961526
4915511881450
4915510873147
4915510930899
4915510957443
4915510544583
4915511797138
4915510030426
4915510392111
4915510907470
4915511977795
4915511294664
4915511468636
4915510645517
4915511461452
4915511461509
4915510786947
4915511232125
4915510840405
4915511779643
4915510220120
4915511979735
4915510420177
4915511740764
4915510764117
4915511986095
4915511301800
4915511801022
4915510075423
4915510230379
4915511948568
4915511664073
4915510515145
4915511505499
4915510993517
4915510889376
4915511816023
4915511877671
4915510503470
4915510344879
4915511028364
4915511355511
4915511196284
4915511492406
4915510516381
4915511504493
4915510050357
4915510700796
4915511116554
4915511683720
4915510247828
4915511338897
4915511129207
4915510156183
4915510824622
4915511704535
4915510470622
4915510673566
4915511925538
4915510568441
4915510784793
4915510990547
4915510533993
4915511375636
4915511187369
4915511451214
4915511354092
4915511365398
4915510423362
4915511891843
4915510274167
4915510788662
4915510592373
4915511546498
4915511816067
4915511686873
4915511234799
4915511311662
4915511189314
4915511821745
4915511596399
4915511194028
4915511280159
4915510947949
4915510510552
4915511289346
4915510044229
4915510226236
4915510317226
4915510271540
4915511959643
4915511699730
4915510981946
4915510044803
4915511245834
4915511428992
4915510608769
4915511752883
4915510369463
4915510801162
4915511643587
4915511801401
4915511023582
4915510523417
4915510209254
4915511305304
4915511977717
4915510095363
4915511066368
4915510367455
4915510121830
4915511225204
4915510319829
4915510696404
4915511685969
4915511221033
4915511274254
4915510799706
4915511685412
4915511291438
4915511168348
4915510658772
4915510617128
4915510548990
4915511319211
4915510029452
4915510231232
4915511591654
4915510279264
4915510448461
4915510479055
4915511663607
4915511101879
4915510703267
4915511403066
4915511697493
4915510272397
4915511452893
4915510842668
4915511083216
4915510260307
4915511607024
4915510292029
4915511988407
4915511434492
4915511115419
4915511331008
4915511143349
4915510537556
4915511452249
4915510256683
4915510453223
4915510233130
4915510014321
4915511166968
4915511674642
4915511577215
4915511710015
4915510306450
4915511589898
4915510867365
4915510994772
4915511125129
4915511828429
4915510314093
4915510398098
4915510342531
4915510270442
4915511029322
4915511138389
4915511451324
4915510848158
4915510777484
4915510162090
4915510621344
4915511392092
4915510070402
4915510101676
4915510223615
4915510886216
4915511126277
4915510435334
4915511112712
4915510506907
4915511428300
4915511966251
4915511494004
4915510690299
4915511732321
4915510621689
4915511160082
4915510524663
4915511939177
4915510441462
4915510035997
4915511334382
4915510257325
4915511096882
4915510548936
4915511677675
4915511262122
4915510218850
4915510380593
4915510668828
4915511552361
4915511131928
4915511985840
4915510682944
4915511561179
4915510654414
4915511327316
4915511883948
4915511148571
4915510339099
4915511350879
4915511357004
4915511403113
4915511413237
4915511217380
4915510232000
4915511403184
4915511151905
4915511581945
4915510935005
4915511603329
4915511084261
4915511068156
4915511389579
4915510486238
4915511495063
4915511902660
4915510155200
4915510135312
4915510196716
4915511447394
4915510151525
4915511241778
4915511179229
4915510814807
4915510130390
4915510944606
4915511250767
4915511883408
4915511483733
4915510315514
4915511331871
4915511935623
4915510356374
4915511156198
4915510944905
4915511095419
4915511535192
4915511355192
4915510960148
4915510375317
4915511652209
4915511102619
4915510506595
4915511673291
4915510752467
4915511481372
4915511559458
4915510269650
4915511469922
4915511004771
4915511565810
4915510043253
4915510355792
4915510295447
4915510543875
4915511006623
4915510853554
4915510948799
4915511244515
4915511729503
4915511817515
4915511840740
4915510477511
4915510853845
4915511168317
4915510153407
4915511271671
4915510759011
4915511257365
4915510299757
4915511341350
4915510264707
4915510686396
4915510435027
4915510135664
4915511263961
4915510030157
4915510161929
4915511936217
4915511713097
4915510710061
4915510113765
4915511429900
4915510373199
4915511560089
4915510768494
4915510473846
4915511467432
4915511414333
4915511999761
4915510322473
4915511197841
4915511619827
4915511014077
4915511785262
4915510113093
4915511889748
4915510660241
4915510019875
4915511747858
4915511992757
4915511438062
4915510868320
4915510142268
4915511750953
4915511862425
4915511885459
4915510480101
4915511022499
4915510122332
4915510446460
4915510616572
4915511989480
4915510933081
4915510616792
4915510514582
4915510539801
4915511011387
4915510292533
4915511168750
4915510061311
4915510680663
4915510278182
4915511475233
4915511041452
4915510051809
4915511522603
4915511343788
4915511884231
4915511576310
4915511004442
4915510194966
4915511837743
4915511724633
4915510393739
4915510627908
4915510750432
4915510233023
4915510472685
4915511666715
4915511264216
4915511963433
4915511800220
4915511243459
4915510117868
4915510553285
4915510383065
4915510849927
4915511255126
4915510272086
4915510266551
4915511576819
4915511122975
4915511066214
4915511148832
4915510179652
4915511029028
4915510896427
4915511254383
4915511241390
4915511000658
4915511990506
4915510891156
4915510596939
4915511652746
4915510729445
4915511862615
4915511635562
4915511910746
4915511251548
4915510891643
4915510304152
4915511011502
4915511435653
4915510055174
4915510404740
4915511878362
4915511743659
4915510937443
4915511359080
4915510311516
4915510473777
4915510861891
4915510561317
4915510108645
4915510735206
4915510888092
4915511416093
4915510471613
4915510070037
4915511765083
4915510666660
4915510955493
4915510934049
4915510672344
4915511241906
4915510786652
4915510588892
4915511714864
4915511935101
4915510159669
4915511762087
4915511927589
4915510414403
4915510048325
4915510534821
4915511551718
4915510494763
4915511849502
4915510660174
4915510491611
4915510986540
4915511814081
4915511579603
4915511113020
4915511779740
4915511786310
4915510115006
4915511580015
4915511783784
4915511384173
4915510243427
4915510562238
4915511322847
4915510739029
4915511711915
4915510642662
4915510967063
4915510268154
4915510470773
4915510523614
4915510146128
4915510647714
4915510864575
4915510126710
4915510744206
4915511636427
4915511430274
4915510503562
4915511731169
4915510063983
4915511275007
4915510136989
4915511729230
4915510785175
4915511884941
4915510960081
4915511934810
4915511663824
4915510257313
4915511298544
4915511573111
4915510617031
4915511941798
4915511195382
4915511647542
4915510247518
4915511854997
4915510991989
4915511084788
4915511617327
4915510486436
4915510205618
4915511742551
4915510305983
4915511800072
4915511650111
4915511490685
4915511517238
4915510197074
4915511755504
4915510408232
4915511616254
4915511643377
4915510675576
4915510413239
4915510416633
4915510518646
4915510373142
4915510860978
4915511497290
4915510147998
4915511876641
4915510425518
4915511807910
4915511153145
4915511795860
4915510121696
4915510819453
4915511847990
4915510634406
4915510849881
4915510245562
4915510967531
4915511925904
4915511101495
4915510610702
4915511393963
4915511113668
4915510529934
4915511498543
4915510343394
4915511829247
4915510206818
4915511044827
4915510670575
4915510335781
4915511001727
4915511788212
4915510168891
4915511606220
4915511841976
4915511585078
4915510042049
4915510038425
4915510008376
4915510976600
4915510928691
4915510563068
4915510856889
4915511765858
4915510999437
4915510289752
4915510118426
4915511749012
4915510097505
4915510259017
4915511493920
4915511437218
4915511146240
4915510745905
4915510433140
4915510308686
4915510447113
4915511815096
4915510142808
4915511334330
4915510126085
4915510115744
4915511323634
4915511631808
4915510935691
4915511798386
4915511210038
4915511565894
4915511471519
4915510673553
4915511993005
4915511736741
4915511290469
4915510450145
4915511832486
4915511512451
4915510154469
4915510733213
4915510242029
4915511787058
4915510172811
4915511981386
4915511049056
4915510589144
4915510750394
4915510712661
4915510660184
4915511168838
4915510493037
4915511612377
4915510669394
4915510475614
4915511405003
4915510077263
4915511132087
4915511584859
4915510159484
4915511700831
4915511829759
4915510663484
4915511884816
4915510269271
4915511107588
4915511488795
4915511787703
4915510625106
4915510704798
4915511317392
4915510122207
4915510934478
4915510455801
4915510042831
4915511249651
4915510818234
4915511613618
4915511993842
4915510967930
4915511851465
4915510556555
4915511985844
4915511073482
4915511523457
4915511851950
4915510997552
4915510494442
4915511840648
4915510534673
4915510526592
4915510505092
4915511239125
4915511851306
4915511894746
4915511261188
4915511810367
4915511002153
4915510458664
4915511360282
4915511621785
4915511983672
4915511463981
4915510282660
4915510151309
4915511526945
4915511631695
4915511755469
4915511924760
4915511808992
4915510757406
4915510209801
4915511401949
4915510708110
4915511440173
4915510457663
4915510897978
4915511886649
4915510976411
4915511602901
4915510165766
4915510450374
4915511122966
4915511071607
4915510624852
4915510986960
4915511692996
4915510761137
4915510632111
4915510215732
4915511431791
4915510719292
4915511807020
4915510062924
4915511245201
4915511550573
4915510175181
4915511025182
4915510066195
4915511937235
4915510652059
4915511245640
4915510418792
4915510354280
4915510914867
4915511585734
4915511885132
4915511136349
4915510623468
4915511369622
4915511266901
4915511070935
4915510315941
4915511989191
4915511664602
4915511658186
4915511050836
4915510827453
4915511175969
4915510418292
4915511583310
4915510061689
4915510251803
4915511288380
4915511874016
4915510462373
4915511776322
4915511346618
4915511407095
4915511747032
4915511168745
4915510363438
4915511090970
4915511568093
4915510286069
4915511028289
4915511153292
4915510659512
4915511296283
4915510656370
4915511204226
4915511567860
4915510432725
4915511622254
4915510348644
4915511117785
4915510121602
4915510486889
4915510714226
4915510197430
4915510506152
4915510289147
4915510669134
4915510432895
4915510395644
4915511051003
4915510449421
4915511000800
4915510571705
4915511247514
4915511266721
4915510404757
4915511192565
4915510207572
4915511661945
4915510783530
4915510446045
4915511925361
4915510799455
4915510786687
4915510216633
4915510717156
4915510665593
4915510980616
4915511611889
4915510419510
4915510018574
4915510546519
4915510541986
4915510574890
4915510896142
4915511046621
4915511065957
4915510273604
4915510166945
4915510763110
4915510337195
4915511578212
4915510521385
4915510891405
4915510134871
4915510425895
4915510235608
4915510637477
4915511264696
4915511613502
4915510332862
4915510316913
4915510856188
4915511623948
4915510550617
4915510511123
4915510587548
4915510729412
4915511755043
4915510702055
4915510178633
4915511764930
4915511530317
4915511190238
4915510040372
4915510121848
4915510234668
4915511104170
4915510418536
4915511891165
4915510204287
4915511663723
4915510932549
4915511340498
4915511894364
4915510551629
4915510556948
4915510690574
4915511988745
4915511803594
4915511873769
4915511603926
4915510800731
4915511549818
4915510829506
4915510714162
4915511860033
4915510075974
4915511298200
4915511427663
4915510975994
4915510908997
4915510879093
4915510517058
4915510734414
4915511594044
4915511163014
4915511483451
4915511000324
4915511919009
4915510993002
4915511941196
4915511874817
4915511789569
4915510453934
4915510843620
4915511180213
4915510747003
4915510910522
4915511968957
4915511405783
4915511322047
4915511179440
4915511791464
4915511131184
4915510408142
4915510298572
4915510704416
4915511025809
4915510415577
4915510242667
4915511934354
4915511199463
4915510802249
4915510371149
4915510756822
4915511338862
4915511991099
4915511799374
4915511960494
4915511104372
4915510752694
4915510211127
4915510357280
4915510038380
4915511499554
4915510812995
4915510652707
4915511734141
4915510952524
4915511471123
4915510354667
4915510297345
4915510743258
4915511248509
4915510851096
4915510055213
4915511914597
4915510730576
4915511802047
4915510979711
4915511766026
4915510952343
4915511887895
4915510000722
4915511065898
4915511287153
4915510388335
4915511856389
4915510833631
4915511940859
4915510738245
4915510262277
4915510147811
4915510947407
4915511816945
4915510079276
4915511156312
4915511766350
4915510037440
4915511863698
4915511976511
4915511037594
4915510026519
4915511975123
4915511483044
4915511307528
4915510687410
4915511442176
4915511036291
4915511616536
4915510968652
4915511203342
4915511454456
4915511341193
4915510411663
4915511075363
4915511945639
4915511969583
4915511605456
4915511524787
4915510810100
4915511282499
4915510355035
4915510199249
4915510561769
4915510207875
4915510319953
4915510376388
4915510987381
4915510972484
4915511618153
4915511844513
4915511768921
4915511894381
4915511456143
4915510555042
4915510219552
4915510370019
4915511352863
4915510790824
4915511803976
4915510278430
4915510234157
4915511729165
4915510569923
4915511925342
4915511557019
4915511731889
4915510089972
4915511649328
4915510850719
4915511563935
4915511936897
4915511057197
4915511417315
4915510575911
4915510716300
4915510069427
4915510596167
4915510970907
4915511326006
4915510513644
4915510314210
4915511281518
4915511036020
4915511364833
4915510988989
4915510012728
4915510157707
4915511249894
4915510711055
4915510777178
4915511649862
4915511008557
4915511603346
4915511232654
4915511050697
4915511678659
4915510160406
4915511801382
4915510575463
4915511062433
4915511847366
4915511474655
4915510499629
4915511079866
4915510791760
4915510187231
4915510462056
4915511281424
4915510000100
4915511053741
4915510621984
4915510317339
4915511917063
4915511557414
4915510594788
4915510354660
4915511291229
4915511739636
4915511114566
4915511067623
4915510743079
4915511417234
4915510275407
4915510654581
4915511666417
4915511266093
4915511288740
4915511944476
4915510140771
4915510717369
4915510830723
4915510907682
4915511400427
4915510640663
4915510869554
4915510512313
4915511125826
4915510254907
4915510351527
4915510535746
4915510574061
4915511232318
4915510080609
4915510429752
4915511997755
4915510977254
4915511351423
4915510303117
4915511968895
4915510392663
4915510567833
4915510269538
4915511275222
4915510286976
4915511103491
4915511216342
4915511703817
4915510677625
4915510626406
4915510840492
4915511944989
4915511451788
4915511548448
4915510744904
4915511073525
4915510832086
4915511659794
4915510285213
4915510489764
4915511752384
4915510210560
4915511884817
4915511648026
4915511159334
4915511532031
4915510372259
4915510174559
4915510529450
4915510437693
4915511479844
4915511847380
4915511854411
4915511799304
4915510073264
4915510241273
4915511224439
4915510336101
4915511457831
4915511992111
4915510313756
4915510632632
4915510017467
4915511763612
4915510483027
4915511120783
4915510570045
4915511273083
4915511097021
4915511317894
4915511432937
4915510064860
4915511447324
4915511049664
4915510268601
4915511716941
4915510737739
4915511840949
4915511441805
4915510692049
4915511998653
4915511488737
4915510196727
4915511991082
4915510407813
4915510154119
4915510460896
4915511643438
4915511657715
4915510880923
4915510328882
4915511038722
4915510870326
4915511305956
4915511884977
4915510191972
4915511425357
4915511427206
4915510886287
4915510655783
4915510121518
4915511616287
4915510723270
4915510677116
4915510766379
4915511185196
4915511013620
4915510433898
4915511336825
4915511349702
4915511973285
4915511675549
4915510957870
4915510132908
4915511562996
4915511947691
4915511347931
4915510216898
4915510290756
4915510432119
4915510606644
4915511190681
4915510719503
4915511482584
4915511252347
4915510638541
4915510817210
4915511425068
4915510056968
4915511857338
4915510063292
4915510302030
4915511924402
4915510296141
4915510344842
4915511719541
4915510730847
4915510355952
4915511877814
4915510886528
4915510172844
4915510189502
4915511964179
4915510717169
4915510215268
4915510405372
4915510599678
4915511020894
4915511762151
4915511963972
4915510693381
4915511229916
4915511823688
4915510154020
4915510615653
4915511580691
4915511999805
4915510377930
4915511493684
4915511764151
4915511030400
4915511887388
4915510066468
4915510676568
4915510801697
4915511076008
4915511253936
4915511242227
4915511546653
4915510404442
4915510042374
4915511772910
4915511855606
4915511953200
4915511604531
4915511457547
4915510596483
4915511719339
4915511869990
4915511574925
4915511742837
4915510995001
4915511856332
4915511726476
4915511282566
4915510342354
4915510138781
4915510811043
4915511774049
4915510275816
4915511406677
4915511527189
4915511212237
4915510340340
4915510151288
4915510311636
4915511862714
4915511219780
4915511808936
4915511555189
4915511457675
4915510142744
4915510528602
4915511895029
4915510754625
4915511800510
4915511719222
4915510212868
4915510143154
4915511929847
4915511093784
4915511194544
4915511516681
4915510844272
4915510150875
4915511235348
4915510146355
4915511830512
4915510935077
4915510841341
4915511474651
4915511418637
4915510855594
4915511119986
4915510507026
4915510167067
4915511385402
4915510439156
4915511077535
4915511227737
4915510275357
4915510961564
4915511577325
4915510098087
4915511864332
4915511308131
4915511630110
4915511744637
4915510980847
4915510167986
4915510918099
4915510413099
4915511984225
4915510313040
4915510182879
4915510605785
4915511007627
4915511077648
4915511052301
4915510523920
4915510778268
4915511906624
4915510717894
4915511131386
4915510410476
4915511107388
4915511395405
4915510189040
4915511078994
4915510444774
4915510957093
4915510702925
4915510653081
4915510841154
4915511533434
4915511018721
4915511762198
4915511695128
4915510507842
4915510706940
4915510484184
4915511556397
4915511642369
4915510726107
4915511967282
4915511196823
4915510419215
4915511481936
4915511821107
4915510204009
4915511350026
4915511335330
4915510996742
4915510079744
4915511917784
4915511071548
4915511927352
4915510228140
4915510325925
4915511137609
4915511104235
4915511959709
4915510950174
4915510320564
4915511075588
4915510014766
4915510438983
4915510761816
4915510043531
4915511136863
4915511716906
4915510476207
4915511054522
4915510069256
4915510913009
4915511203454
4915511819529
4915510371159
4915511564291
4915511364702
4915511841428
4915510892091
4915511956338
4915510409698
4915510411767
4915510373049
4915510786799
4915511745099
4915510528537
4915510689256
4915510507725
4915511907607
4915511580544
4915511072781
4915511546503
4915510244183
4915510389950
4915510535109
4915511778130
4915511243564
4915510186025
4915511462513
4915510510477
4915511002678
4915511074132
4915510409063
4915511209163
4915511264106
4915510489226
4915511319390
4915511046780
4915511217284
4915511618183
4915510475735
4915510980944
4915511912629
4915511913280
4915511720492
4915510005211
4915511845114
4915511190313
4915510749867
4915510568089
4915511815740
4915511142584
4915511931468
4915511253066
4915510700483
4915511687697
4915510935427
4915511498050
4915510200006
4915511506147
4915510187601
4915510773729
4915511220183
4915511108272
4915510821162
4915510840685
4915510440633
4915511684947
4915511392984
4915510904357
4915511090163
4915511276177
4915510105449
4915511565771
4915511421739
4915510977599
4915511618328
4915511916528
4915510453001
4915511855518
4915510575884
4915510567060
4915511202671
4915510408730
4915511113121
4915510661959
4915510805016
4915510388861
4915510283918
4915510355590
4915511897415
4915510246037
4915511801944
4915510874219
4915511077139
4915511017719
4915511683084
4915510895277
4915511992259
4915511108821
4915511946660
4915510024485
4915511056292
4915511616789
4915510979116
4915510717274
4915511275988
4915511372143
4915510958914
4915510822132
4915510714765
4915510462669
4915510761624
4915511275716
4915511732286
4915510986408
4915510725174
4915510949662
4915511875704
4915510800814
4915510485023
4915510987105
4915511113319
4915510090918
4915511092721
4915511002794
4915511852504
4915511066240
4915510021774
4915511135701
4915510495961
4915510022185
4915511464485
4915510332829
4915510634409
4915511254471
4915511900223
4915511781539
4915510288378
4915511005204
4915511429600
4915510658943
4915511370080
4915511319185
4915511125652
4915511634547
4915511403040
4915511350173
4915510825614
4915510191168
4915510970840
4915510717386
4915511672949
4915511629086
4915510388370
4915511907018
4915510804789
4915510378717
4915511922814
4915511665138
4915511067741
4915510927222
4915510029720
4915511430823
4915510748782
4915510523501
4915511117295
4915510857372
4915511644578
4915510917136
4915511341358
4915511881670
4915511824948
4915510022382
4915511385931
4915511347224
4915511972800
4915510891136
4915511634170
4915511645077
4915511088262
4915510767597
4915511389731
4915511159271
4915510054122
4915511091864
4915511324833
4915511645157
4915510593872
4915510035125
4915510122540
4915511870266
4915511837419
4915511014491
4915511910996
4915511140948
4915511801667
4915510590122
4915511842548
4915511391679
4915510762506
4915510153082
4915510507027
4915511261803
4915510892583
4915510978761
4915511387615
4915510006056
4915511532628
4915511839577
4915510358039
4915510752640
4915511641045
4915511128919
4915511992143
4915511236658
4915510324434
4915510981486
4915511831935
4915511816848
4915511472529
4915510025102
4915510945966
4915510068252
4915510987954
4915510090541
4915511219805
4915511585565
4915511198219
4915511652107
4915510487288
4915511120947
4915511531489
4915510924007
4915511571757
4915511206133
4915511693479
4915510732693
4915511803006
4915510318065
4915510165985
4915510499870
4915510941870
4915511695969
4915510125283
4915510192072
4915511874371
4915510517049
4915510588474
4915511186809
4915511380063
4915511615640
4915510735459
4915511838816
4915511620749
4915510752969
4915511628008
4915510575429
4915510576023
4915511789430
4915510632917
4915511599750
4915510735440
4915511458967
4915511929603
4915510193682
4915511667680
4915510315195
4915511233369
4915510079034
4915511825741
4915510794810
4915510755259
4915511262274
4915511519251
4915511448355
4915510914598
4915511988209
4915511664872
4915510921345
4915510681347
4915510442340
4915511007477
4915510782998
4915510059710
4915511193887
4915511579185
4915510421210
4915511042093
4915510694062
4915510210569
4915510404673
4915510732110
4915511347896
4915511020464
4915511903197
4915511116835
4915510308686
4915510801814
4915510932088
4915510035977
4915511704383
4915510289607
4915510979388
4915510706060
4915510056152
4915510559426
4915511227377
4915511111336
4915511470742
4915510658724
4915511244780
4915510321465
4915511571117
4915510613904
4915510739878
4915511668580
4915511994570
4915510756005
4915510616863
4915510934825
4915510503559
4915510834148
4915511370903
4915511248877
4915511852603
4915510359105
4915510039387
4915510628212
4915511949662
4915511856008
4915511439304
4915510377767
4915510063313
4915511265060
4915511812027
4915510579892
4915510641895
4915510593483
4915511989692
4915510336411
4915510460376
4915510179219
4915511351558
4915511711321
4915511588553
4915510750236
4915511127650
4915511759242
4915510122761
4915510585579
4915510450189
4915511564804
4915511296642
4915510491912
4915511661458
4915510999028
4915511739762
4915511772654
4915511410739
4915511467234
4915510510299
4915511957216
4915510735350
4915510675450
4915510768981
4915510074862
4915510959457
4915510865279
4915511609929
4915511827077
4915511377511
4915511886349
4915511670518
4915511241229
4915511740579
4915510468015
4915511022955
4915511192034
4915510132564
4915511351381
4915511057229
4915510056369
4915511164594
4915510465017
4915511630226
4915510673249
4915510244907
4915511096193
4915510598955
4915510730834
4915510892049
4915511051762
4915511301787
4915510969653
4915510453766
4915511312818
4915510050531
4915510692190
4915511093290
4915510333006
4915511260941
4915511431441
4915511365241
4915511741692
4915510552147
4915510673769
4915511482925
4915511574011
4915510948037
4915511283771
4915511914861
4915510624057
4915510812762
4915511148476
4915511390142
4915511563572
4915510814247
4915511396450
4915510685673
4915510476266
4915511919304
4915511755953
4915510354657
4915511551365
4915511485006
4915510622809
4915511553958
4915511713153
4915510269155
4915511237136
4915511751178
4915511542562
4915511648423
4915510266987
4915510450822
4915510065081
4915510325503
4915510381780
4915511392533
4915511690365
4915510782435
4915510393537
4915510396168
4915510558165
4915510564173
4915511875499
4915511265937
4915510160343
4915510972955
4915511683013
4915510180184
4915511270397
4915510178661
4915511151498
4915510663959
4915510315798
4915511636982
4915511925026
4915510346201
4915510774060
4915511467847
4915510774566
4915511151789
4915510925577
4915511662034
4915511862954
4915511790712
4915510185527
4915510938334
4915511387766
4915511851850
4915511658032
4915511882169
4915510350387
4915510244497
4915510718574
4915511360908
4915510182961
4915511505437
4915511732324
4915511370378
4915511308843
4915510419431
4915511065313
4915511783966
4915510512943
4915510345560
4915511805651
4915510819377
4915510074908
4915511534424
4915511250753
4915510037330
4915511955526
4915511348956
4915510395901
4915510752288
4915510860237
4915511472663
4915510022679
4915511913119
4915511021208
4915510967742
4915511357507
4915510721406
4915511137638
4915511193484
4915511240666
4915511736309
4915510690024
4915510677624
4915511824075
4915511240852
4915511955107
4915511484086
4915510702762
4915510347787
4915510655356
4915511119868
4915510449698
4915510537051
4915510818150
4915511634525
4915510089654
4915510624574
4915510756917
4915511264607
4915511292718
4915511530224
4915511192148
4915511041900
4915511694784
4915510361952
4915511374770
4915510473605
4915510451223
4915511465349
4915510860676
4915510086067
4915511996714
4915510799919
4915510145237
4915510457098
4915511243308
4915511147237
4915510431940
4915511817572
4915511015918
4915511775669
4915511187326
4915510417471
4915510430999
4915511184773
4915511403664
4915510957872
4915511344599
4915511941667
4915510024224
4915511181733
4915510893101
4915510451947
4915511611633
4915511813208
4915511672023
4915510786942
4915511035555
4915511815799
4915511302913
4915510633938
4915511762948
4915510128537
4915511464864
4915510887222
4915510348045
4915511290337
4915511319898
4915511868788
4915510589814
4915511417134
4915511666879
4915510931790
4915510336995
4915511183839
4915511316983
4915510667231
4915510211628
4915510178220
4915511712208
4915511548630
4915510969629
4915510284797
4915511909860
4915511555505
4915510672265
4915511046120
4915511064989
4915511358149
4915511421244
4915511230943
4915510411097
4915510777430
4915511030900
4915510552717
4915511264874
4915510401490
4915511293006
4915510425594
4915510356069
4915511503730
4915510262932
4915510478840
4915511390246
4915511430317
4915511496941
4915511701947
4915511769834
4915510489321
4915510468992
4915510705026
4915510417425
4915510255942
4915510573066
4915510300699
4915510560934
4915511973991
4915511063810
4915511733184
4915510313523
4915510633624
4915510883988
4915510206161
4915511861866
4915511576759
4915510949516
4915510045744
4915510391857
4915510513950
4915511684191
4915511887265
4915510193343
4915510664186
4915511394274
4915510287708
4915510033206
4915510636991
4915511125400
4915511177575
4915510988226
4915511969095
4915510971657
4915511814214
4915511760215
4915511548152
4915511890195
4915510519625
4915511075290
4915510321819
4915510319653
4915511177624
4915511939618
4915510519002
4915511290826
4915510320392
4915511510695
4915510543721
4915510912207
4915510638594
4915510384731
4915511753402
4915511889967
4915510588355
4915511655113
4915511116618
4915510421976
4915511369051
4915510155297
4915511593955
4915511742650
4915511376937
4915510532044
4915510965396
4915510074139
4915510456547
4915511051391
4915510679688
4915510872493
4915510921643
4915510751031
4915511222273
4915510815854
4915511387493
4915510847655
4915511444695
4915511499821
4915511540836
4915510115837
4915510067231
4915510582436
4915511911646
4915511395154
4915510464457
4915511163459
4915511577925
4915511539215
4915511594635
4915510165264
4915511619929
4915511819819
4915510838223
4915511320239
4915510546135
4915510133837
4915510213773
4915511017252
4915510470261
4915510772951
4915510990007
4915510184058
4915510077354
4915510829274
4915510758941
4915511461761
4915511181603
4915510485614
4915510726094
4915510258113
4915510091918
4915511530030
4915511912541
4915511330990
4915510389237
4915511703881
4915510830658
4915510556891
4915511769153
4915510697624
4915510208749
4915510579219
4915510270417
4915511875687
4915510632056
4915511371477
4915510081455
4915511539633
4915510981456
4915511669745
4915511450255
4915511326675
4915511799638
4915510779671
4915511729397
4915510725875
4915510752600
4915511184290
4915511219347
4915511718895
4915511931923
4915510393969
4915510326593
4915510678577
4915511734002
4915511827283
4915510981070
4915511043751
4915511857701
4915511580220
4915510326691
4915510670778
4915510079577
4915511142191
4915510310760
4915510702362
4915511305818
4915511395729
4915511096336
4915511919064
4915510442148
4915510711304
4915510285427
4915510489025
4915510339581
4915511105103
4915511906489
4915511895982
4915510256383
4915510768594
4915511149301
4915510420539
4915511397150
4915511237038
4915510526534
4915511423000
4915510975776
4915511820309
4915510868171
4915511144719
4915511186387
4915510248752
4915511844537
4915510003423
4915511678333
4915511390213
4915510780950
4915510704143
4915510711624
4915510142088
4915510987641
4915510956499
4915510660847
4915511920737
4915511462885
4915510608234
4915510824502
4915511808418
4915511328263
4915510504843
4915510205826
4915511539792
4915510110122
4915511812008
4915510116125
4915510265997
4915511855363
4915511696660
4915511891931
4915511829130
4915510813089
4915511918158
4915511386184
4915510208340
4915510681571
4915510774182
4915510066742
4915511435559
4915511342727
4915511502035
4915510749567
4915511379905
4915510226621
4915511715762
4915510868123
4915510313974
4915510259372
4915510314051
4915511859967
4915511039448
4915510380241
4915511255335
4915511523528
4915510437290
4915510959237
4915510973241
4915510260494
4915510079929
4915511183400
4915511339864
4915511807145
4915510174838
4915511577214
4915510309029
4915510051899
4915510539889
4915510603048
4915511366776
4915511739973
4915510354462
4915511792287
4915511850132
4915510464938
4915510202113
4915511229053
4915510668451
4915511060521
4915510317786
4915510782219
4915511473539
4915510360455
4915511585385
4915511365425
4915510424026
4915510161992
4915510901730
4915511645700
4915510427583
4915510997520
4915510085822
4915511327087
4915511149626
4915510014079
4915511583527
4915510685814
4915511896378
4915511662427
4915510200367
4915511335738
4915510370266
4915511796413
4915511261554
4915511346909
4915510598065
4915511242441
4915511143483
4915510657856
4915510562641
4915510984310
4915511397047
4915511325178
4915510164589
4915511876862
4915511758364
4915511107534
4915511789853
4915511778545
4915511100413
4915511103154
4915511393914
4915511040106
4915511946786
4915511503372
4915511108579
4915511206950
4915510337212
4915510845610
4915510602905
4915510517589
4915511051140
4915510238544
4915511896322
4915510468095
4915510543598
4915511378083
4915510600700
4915510879446
4915510408496
4915511950544
4915510512796
4915511032122
4915510780213
4915511728174
4915511166614
4915511183726
4915511771075
4915511682028
4915511968926
4915510070054
4915510653724
4915510401560
4915510525007
4915511393473
4915511159448
4915510740960
4915511042728
4915511305572
4915511672240
4915510040779
4915511399378
4915510360848
4915510002236
4915511684337
4915511138830
4915511804827
4915510592797
4915511906516
4915510620044
4915511259799
4915510534138
4915511981699
4915510386463
4915511088293
4915510623191
4915510793796
4915511086547
4915511338268
4915510860575
4915511346901
4915510805259
4915511242076
4915510359831
4915510491362
4915510646655
4915510488914
4915511740361
4915510177911
4915510420409
4915511792329
4915510350346
4915510447976
4915511708018
4915511672032
4915511099536
4915511580510
4915510269487
4915510725739
4915511925452
4915510875839
4915511134255
4915510332818
4915510413182
4915510498103
4915510038979
4915511037181
4915510323509
4915510117941
4915511487577
4915510264129
4915511310246
4915511988878
4915511995620
4915511664658
4915511661602
4915511276199
4915511611534
4915511828464
4915511086513
4915510312738
4915511623042
4915511090019
4915510921598
4915510633576
4915510250055
4915511631340
4915511897529
4915510921095
4915511443174
4915511281143
4915510112112
4915510029717
4915510965324
4915510010441
4915511883189
4915510032158
4915510934237
4915510002909
4915510386159
4915511133067
4915510704402
4915510266592
4915511377766
4915511617691
4915510083673
4915511228615
4915511037480
4915511301067
4915511180703
4915511505405
4915510632834
4915511821045
4915510495431
4915511781828
4915510637070
4915511797460
4915510850309
4915510179305
4915511465575
4915510445322
4915510145290
4915510212405
4915511141128
4915511827812
4915510868717
4915510864173
4915511238500
4915511257867
4915511098558
4915510509734
4915511956021
4915510983195
4915510626897
4915511173962
4915510656127
4915510024085
4915510391567
4915511888612
4915510275155
4915510826180
4915511722131
4915510011045
4915510816504
4915510412015
4915510855639
4915510235597
4915510246124
4915510535710
4915510304035
4915511335176
4915511108828
4915511775754
4915511303586
4915511061085
4915511378190
4915511052006
4915511318032
4915510482876
4915510667682
4915511003274
4915511714422
4915510194225
4915510512246
4915511998886
4915511029783
4915511341977
4915511635370
4915511907442
4915510825100
4915511918575
4915511642505
4915511793892
4915510811221
4915511589646
4915511473618
4915511376124
4915510418331
4915511660813
4915511088147
4915511658394
4915510896494
4915511738068
4915511101250
4915511734590
4915511969842
4915510378128
4915510483351
4915510501272
4915510018781
4915511784498
4915511547305
4915510974902
4915511657439
4915511128092
4915510955526
4915510774299
4915511782981
4915511577749
4915510630130
4915510325507
4915511959466
4915510837279
4915511694347
4915510079718
4915510548655
4915511050447
4915510768780
4915511363494
4915511214238
4915511513775
4915511662777
4915511877871
4915511555069
4915510203099
4915510533824
4915510825883
4915510395468
4915511112731
4915510377427
4915511850454
4915510969950
4915511058052
4915510294673
4915510666640
4915511351359
4915511298333
4915511197737
4915511410588
4915510722469
4915511993231
4915510176886
4915511018536
4915510618354
4915511704355
4915510347087
4915510599546
4915511797978
4915510340775
4915511689754
4915511890238
4915510850080
4915511857256
4915511407353
4915510834711
4915510626897
4915510233993
4915510828965
4915510463506
4915511856398
4915510789000
4915511292770
4915511960277
4915511067978
4915511635562
4915511293570
4915510573939
4915511235885
4915510773189
4915511100916
4915510813895
4915511245258
4915511395253
4915511405117
4915510824338
4915510815419
4915510317521
4915511505447
4915510722025
4915511737013
4915511474768
4915511200767
4915510627055
4915510055658
4915511617930
4915510754171
4915510166862
4915510105312
4915511957236
4915511205971
4915510119914
4915511738935
4915510055241
4915510960403
4915511386871
4915511629574
4915511700556
4915511652124
4915510461248
4915511971722
4915511394813
4915510491575
4915511178321
4915510297769
4915511380870
4915510960980
4915510138443
4915510540646
4915510909990
4915511845408
4915510715504
4915511885196
4915510498663
4915511386051
4915510180392
4915510827246
4915510886548
4915510149859
4915511447555
4915510311788
4915510740784
4915511315011
4915510057445
4915511249235
4915511210375
4915510833104
4915510328882
4915511707248
4915511956919
4915510096739
4915510897190
4915510848001
4915511279770
4915511713927
4915510553791
4915510071637
4915511920321
4915511432996
4915510928160
4915511883564
4915511847397
4915511325978
4915510947683
4915510702590
4915511461616
4915511642259
4915510932867
4915511368330
4915511720275
4915510628659
4915511482438
4915511377380
4915511379564
4915510971385
4915511577823
4915510825815
4915510764802
4915510872375
4915510587814
4915510301212
4915510710035
4915511986825
4915510246996
4915511861422
4915511466674
4915511119441
4915510286498
4915511409988
4915510139386
4915510181363
4915511605328
4915510615327
4915511668318
4915511773216
4915510547975
4915510931494
4915511292556
4915511317625
4915510533918
4915511758979
4915511533458
4915510077826
4915510962349
4915510410914
4915511620322
4915511702126
4915511617343
4915510980715
4915510603109
4915510210211
4915510001933
4915510279565
4915510670434
4915511414279
4915510701771
4915511632102
4915511164064
4915510062163
4915511349953
4915511138953
4915510050566
4915510590665
4915510798640
4915510922680
4915510648393
4915511693587
4915510452158
4915510077455
4915510320502
4915511447740
4915511417604
4915510558584
4915511596222
4915510462795
4915510051450
4915511823908
4915510043308
4915511164964
4915511467056
4915510231921
4915511340109
4915510550593
4915511146375
4915510419480
4915511526922
4915511567487
4915510070854
4915511322168
4915510127664
4915510478878
4915511103667
4915510226799
4915511595908
4915510823211
4915511955217
4915510637060
4915511590482
4915511424121
4915511890366
4915511490698
4915511447482
4915510887487
4915511169081
4915510734825
4915510222420
4915511225941
4915510267156
4915511739341
4915511936540
4915511741591
4915510254270
4915511181549
4915511698286
4915511943295
4915511071443
4915510096875
4915511029166
4915511785694
4915511354952
4915511382575
4915510222749
4915511764103
4915511638952
4915511024016
4915511326551
4915510076570
4915510184502
4915510325494
4915510091695
4915511550506
4915510539088
4915511260504
4915510590288
4915511110361
4915510904524
4915510871842
4915511957931
4915510093754
4915510355033
4915510233164
4915511958683
4915510474905
4915511470728
4915511222536
4915511570096
4915511824622
4915511521195
4915510336542
4915510010492
4915510908447
4915510515892
4915511315312
4915510039624
4915511062849
4915510415632
4915511713180
4915511372781
4915510353541
4915510743163
4915510758541
4915511979392
4915510606811
4915511923330
4915510554967
4915510973926
4915510140003
4915511915036
4915511344700
4915510879131
4915511361902
4915510490714
4915510272171
4915510593740
4915510944869
4915510186988
4915510444873
4915511742135
4915511062088
4915510023953
4915510629299
4915511909237
4915510690151
4915510221514
4915510188803
4915511213197
4915511073284
4915510009926
4915510242196
4915510986285
4915510276091
4915511010784
4915511108830
4915511772726
4915510269458
4915510914012
4915510172975
4915510072883
4915510768094
4915511564383
4915510558766
4915510383060
4915510955556
4915510799540
4915511415509
4915510801832
4915510299196
4915510392111
4915511538375
4915510499936
4915511976064
4915511575519
4915510653319
4915510378554
4915511004244
4915511596385
4915510402329
4915511638490
4915511312018
4915511435621
4915510635475
4915511729249
4915510896468
4915511418595
4915511714506
4915511415932
4915511602053
4915511344406
4915511613572
4915510644466
4915510482562
4915511150826
4915510783330
4915510067819
4915510289907
4915510333799
4915510897664
4915511511436
4915510512700
4915510505782
4915510867107
4915511075946
4915511720958
4915511885901
4915510303627
4915510280075
4915510570776
4915510138949
4915511777587
4915511250272
4915510557683
4915511412255
4915510866896
4915511037808
4915510773707
4915510539649
4915510748510
4915511297776
4915510302731
4915511869589
4915511475490
4915511848818
4915510265075
4915511467159
4915511555005
4915511246464
4915511932583
4915510164951
4915511194329
4915511629192
4915510923121
4915511637292
4915511119517
4915510277409
4915511968327
4915511659527
4915511059031
4915510497948
4915510828918
4915510825301
4915510749233
4915510130491
4915511894402
4915511190189
4915511652423
4915511685723
4915510951628
4915511684148
4915511037009
4915510636992
4915511526031
4915511366893
4915511456431
4915510894785
4915510837308
4915511445124
4915510292702
4915511422887
4915510634601
4915511659892
4915511564471
4915510882484
4915510509965
4915511711270
4915511817369
4915511742753
4915511079850
4915510893577
4915511605542
4915510280995
4915511625188
4915510807839
4915510326874
4915511059292
4915511016587
4915510237647
4915511390094
4915510192402
4915511277272
4915511041987
4915510194493
4915511283744
4915510971159
4915511086132
4915510612198
4915511573235
4915511378965
4915511855468
4915510961873
4915510120897
4915510618660
4915510370628
4915511550411
4915510407919
4915510314781
4915510085114
4915510912259
4915511259337
4915511794508
4915510856495
4915510501977
4915510433749
4915510584168
4915511381659
4915511212363
4915510686196
4915511462625
4915510015207
4915511744728
4915511506337
4915510608344
4915510611020
4915511512945
4915511296914
4915510274492
4915511460192
4915510829344
4915510648493
4915510378102
4915511588307
4915511573429
4915511258034
4915510503822
4915510687678
4915510782313
4915511491364
4915510644785
4915511100650
4915511646651
4915510351370
4915511361293
4915510587653
4915511114319
4915511690987
4915510290153
4915510825555
4915511248835
4915510057418
4915510853315
4915511314201
4915510940961
4915510452839
4915510480772
4915510506892
4915511442654
4915510736864
4915511175269
4915511716010
4915510005689
4915510934935
4915510664488
4915511340679
4915511535490
4915510195180
4915510420119
4915511808022
4915511106416
4915511990763
4915510538367
4915511152554
4915511128005
4915510135048
4915510232211
4915510033229
4915511860773
4915511702181
4915510416905
4915511938834
4915511555138
4915510811965
4915511107517
4915510873980
4915511327380
4915511345655
4915511795134
4915510091946
4915511948615
4915511864305
4915510770967
4915511313840
4915511114861
4915510262527
4915510012506
4915510521263
4915510365225
4915510544621
4915511178594
4915510716045
4915510377745
4915510300056
4915511249852
4915511863660
4915510115654
4915511147428
4915510256829
4915510684365
4915511113402
4915511932447
4915511871144
4915510395951
4915511350239
4915510815219
4915510748766
4915511908118
4915510411622
4915510657772
4915511531532
4915510479788
4915510957240
4915510089355
4915510624644
4915510218702
4915511333792
4915510264980
4915510236283
4915510180211
4915511709352
4915510795224
4915511455757
4915510723619
4915511084162
4915511208508
4915511491110
4915511398727
4915511836384
4915511413719
4915510199195
4915511387969
4915511631276
4915510486287
4915510810391
4915511920559
4915511911499
4915510309645
4915510882260
4915511319936
4915510417338
4915510012456
4915510065072
4915511306461
4915511236629
4915510372073
4915510171963
4915511618150
4915511227718
4915511234197
4915511452805
4915511270308
4915511395921
4915511855633
4915510059117
4915511484723
4915510815962
4915510007708
4915511749130
4915510939475
4915510305712
4915510101242
4915510809949
4915510626828
4915510619197
4915510544615
4915511192483
4915510756439
4915511285473
4915510845697
4915510153513
4915511144180
4915511322323
4915510816789
4915511777189
4915511926885
4915511316650
4915511765652
4915511363517
4915510485640
4915511539907
4915510900795
4915510632786
4915511696288
4915510251048
4915510227866
4915511651336
4915511127615
4915510589133
4915510784157
4915510701726
4915511924690
4915510579471
4915510122488
4915511765654
4915511048494
4915511000586
4915510667245
4915510219048
4915510049685
4915511508351
4915510429325
4915511064381
4915510736307
4915511204930
4915510632092
4915510045606
4915511870306
4915510666500
4915510360735
4915510750211
4915511835429
4915510846429
4915511033102
4915510821808
4915510667595
4915510112767
4915511871013
4915510612065
4915511381217
4915510192980
4915510520518
4915511718623
4915510111910
4915511631349
4915511789863
4915510330605
4915511954587
4915510690907
4915511184379
4915510663686
4915511285947
4915511548628
4915511010293
4915510347936
4915510529917
4915511049615
4915510020020
4915510450130
4915510380822
4915511400246
4915510085705
4915511778497
4915511210489
4915511179415
4915511740264
4915510349491
4915510206420
4915510904466
4915511867701
4915511621392
4915511255729
4915511982503
4915511047849
4915510453824
4915510588815
4915511179110
4915511817746
4915511977641
4915511981158
4915511050195
4915511239646
4915511320541
4915511895887
4915511659790
4915511041708
4915511933436
4915511361600
4915511740696
4915510538077
4915511924438
4915511825179
4915510012418
4915510259857
4915510749228
4915510189200
4915511168446
4915510477837
4915511740146
4915511995845
4915510926575
4915511535953
4915511561437
4915511531812
4915511684754
4915510817858
4915510598168
4915510027243
4915510014458
4915510459320
4915510042439
4915511109104
4915510588732
4915511714547
4915510152056
4915511917703
4915510365611
4915511653516
4915510607665
4915511384631
4915511448857
4915510604367
4915510556717
4915511161714
4915511576558
4915510329759
4915511834154
4915510177690
4915511492579
4915510196944
4915511359389
4915511458262
4915511183379
4915510075634
4915511784498
4915510840189
4915510729459
4915510201900
4915510465613
4915511112152
4915510499974
4915511944847
4915511183432
4915511995001
4915511935881
4915510707677
4915510262440
4915510220781
4915511991630
4915511503065
4915511738705
4915510805792
4915511564827
4915511418945
4915511477405
4915511006690
4915511298040
4915511168666
4915510347983
4915510632700
4915511705699
4915510406739
4915511620624
4915511107888
4915510747596
4915510786294
4915511748273
4915510206490
4915510419162
4915511721611
4915511597978
4915510006531
4915510842572
4915510603620
4915510846481
4915511526944
4915511052589
4915511408943
4915510629474
4915510350754
4915510534309
4915511256867
4915511228230
4915511051585
4915511753991
4915511474202
4915511223467
4915510152001
4915511896406
4915510440725
4915511620885
4915510108330
4915510947760
4915510432238
4915510477960
4915510676009
4915511349832
4915511387797
4915510108286
4915510730012
4915511723175
4915511695556
4915511295779
4915510676603
4915510272582
4915511866858
4915511941546
4915511615882
4915510102626
4915511574145
4915511833832
4915510527783
4915510503190
4915510956832
4915511782109
4915511135293
4915510683231
4915511205303
4915510171374
4915511278327
4915511940057
4915511633533
4915510449400
4915510228673
4915511331889
4915510800409
4915510647300
4915511420869
4915510101200
4915511094458
4915511109150
4915511114018
4915511705014
4915511852271
4915510087930
4915510532538
4915511709141
4915511734247
4915510842647
4915510815894
4915511147718
4915510786339
4915511301389
4915511167022
4915511546668
4915510439790
4915510458577
4915510552804
4915511091987
4915510522667
4915510255302
4915510064715
4915510615214
4915511603387
4915511323790
4915510190481
4915511426529
4915511631578
4915511310382
4915510217024
4915511926019
4915510068433
4915511337982
4915510258435
4915511422615
4915510682708
4915511830840
4915510655948
4915510083488
4915511921090
4915510774222
4915511110432
4915511461379
4915510767817
4915511287135
4915510231285
4915510864221
4915511903426
4915510951040
4915510489484
4915510236354
4915510301065
4915510184186
4915510856732
4915510476190
4915510511285
4915510895992
4915511158787
4915511721848
4915510535746
4915511985830
4915511524007
4915510993759
4915510565374
4915511312424
4915511549505
4915511629962
4915511974191
4915510405459
4915511347856
4915511316928
4915511797381
4915510422088
4915510284788
4915511605128
4915511020237
4915511543697
4915510380349
4915510763833
4915511606906
4915511127925
4915511176699
4915511968739
4915510646125
4915511972653
4915511315312
4915510351065
4915511592638
4915511063440
4915510953819
4915511887850
4915511639400
4915510856177
4915510334504
4915511270081
4915510106815
4915510091896
4915510468521
4915510316158
4915511623979
4915510945803
4915510320383
4915511318825
4915510652803
4915510637643
4915510660996
4915511585937
4915510453017
4915511848418
4915510231272
4915511462624
4915510446281
4915510770701
4915511792605
4915511514023
4915511117993
4915510126603
4915510295112
4915511972487
4915510340747
4915511663128
4915510014568
4915510784010
4915511267370
4915510970751
4915511456270
4915510721139
4915510205726
4915511877799
4915510715633
4915510023410
4915510689329
4915510947399
4915510550789
4915510841527
4915511601825
4915510954937
4915510621383
4915511282076
4915510852152
4915511944014
4915510657037
4915511968024
4915511584029
4915510703984
4915510961992
4915510780223
4915510054391
4915511103110
4915510001076
4915510140584
4915511524532
4915511768381
4915510537940
4915511098028
4915510306129
4915511581545
4915510361515
4915511408536
4915510041583
4915510818037
4915511581991
4915511579099
4915510024711
4915511438754
4915510937320
4915511550386
4915511112473
4915511523004
4915510336037
4915511454220
4915510383591
4915511056873
4915511142702
4915510719101
4915511820545
4915510421504
4915511857121
4915511611801
4915510119254
4915510864758
4915511204189
4915510655528
4915511354619
4915510534597
4915511400076
4915510044285
4915510924688
4915511683816
4915511855717
4915510044654
4915510415041
4915510162363
4915511488232
4915511164418
4915511841208
4915511313968
4915511581883
4915511174328
4915510198022
4915510407139
4915510465989
4915511336624
4915511095389
4915510825722
4915511373735
4915510009361
4915511073967
4915511060627
4915511486599
4915510568515
4915510948814
4915511944234
4915511512400
4915511557380
4915510044491
4915510808339
4915510165890
4915511933809
4915511311757
4915511456623
4915510856716
4915511536621
4915511567263
4915511087556
4915510567485
4915510662015
4915510851570
4915511140932
4915510597916
4915510702157
4915510499516
4915510844322
4915511094689
4915511597661
4915511071472
4915511019217
4915510064832
4915511300383
4915511964817
4915511020102
4915510022121
4915510583920
4915510694062
4915511930127
4915511711645
4915510634197
4915511237285
4915511596443
4915511392674
4915510578864
4915510973009
4915511549777
4915511148582
4915510184468
4915510868067
4915511061042
4915510095309
4915510617988
4915511856491
4915510163722
4915511237082
4915511649881
4915510709831
4915510957107
4915511634868
4915510676293
4915511754580
4915511968615
4915511058218
4915511313270
4915511892708
4915510765467
4915510334664
4915511615013
4915510394462
4915510642040
4915511814646
4915510158923
4915511344964
4915510812292
4915510761295
4915511751667
4915510995068
4915510142343
4915510534687
4915510728660
4915511619924
4915510925264
4915510987055
4915511788902
4915510238813
4915510377794
4915510855811
4915510558957
4915510540170
4915511548671
4915510456563
4915511928841
4915511468758
4915510543621
4915511235087
4915510891445
4915511648345
4915511185990
4915510225311
4915510803793
4915510264423
4915510709729
4915511321740
4915510187152
4915510979410
4915511538825
4915510357513
4915510514552
4915510047310
4915511599797
4915510245667
4915511315777
4915510713626
4915510722187
4915511726446
4915511050707
4915511490851
4915511132923
4915510343329
4915510206423
4915510415579
4915511281457
4915511400239
4915510862655
4915511796828
4915510154990
4915511453594
4915511065277
4915510807859
4915510638680
4915510928645
4915511993049
4915510400643
4915511515527
4915511011592
4915510145474
4915510509988
4915510871544
4915510820087
4915511444463
4915510063218
4915510004505
4915510804596
4915511027018
4915510472022
4915510874683
4915511854993
4915510478377
4915510934453
4915510945978
4915510094153
4915510267124
4915510555265
4915510984162
4915510632877
4915510614138
4915510858223
4915511638683
4915511112981
4915510467429
4915510745638
4915510185286
4915510441758
4915510219351
4915510239604
4915510643000
4915510047284
4915511189851
4915511321774
4915511089496
4915511764808
4915510926637
4915511376187
4915511456313
4915511474022
4915510299998
4915511350854
4915510729624
4915511379609
4915510186077
4915510180069
4915510895958
4915510627349
4915511911427
4915511007340
4915511163824
4915510538154
4915510481705
4915510512098
4915511665530
4915511403344
4915510628340
4915511141900
4915510431355
4915511597737
4915510758245
4915511318676
4915510579415
4915511878370
4915511235700
4915510296037
4915511732562
4915511822302
4915510262539
4915510138373
4915511233579
4915510156724
4915510352033
4915510349158
4915510013587
4915510598301
4915510833435
4915511261600
4915510546069
4915510379041
4915510795989
4915511445639
4915511033970
4915511892491
4915511298152
4915511298534
4915511292104
4915511948427
4915510660630
4915511226344
4915511253828
4915510492464
4915511625645
4915511737060
4915510466982
4915511142256
4915511242875
4915510174050
4915510525805
4915511629155
4915511018227
4915511874765
4915511470221
4915510510204
4915511881068
4915511995881
4915511757750
4915510501853
4915511102775
4915511993125
4915511453145
4915510714445
4915511431503
4915511424023
4915511961792
4915510357637
4915510979281
4915511997103
4915510051891
4915511117247
4915510721955
4915511006611
4915510543395
4915510421031
4915510275842
4915510803494
4915510509362
4915511036835
4915511391473
4915510132849
4915511879254
4915510794747
4915511451847
4915511604643
4915510359061
4915510789459
4915510293210
4915511295352
4915511728821
4915510874604
4915511499317
4915511148436
4915511285079
4915510651025
4915511608033
4915510531445
4915511423428
4915510942314
4915510002064
4915511510548
4915511722104
4915510996639
4915510878378
4915510994200
4915510534820
4915511730787
4915510640891
4915511632130
4915510474813
4915511316442
4915510660675
4915510311788
4915510653293
4915511243833
4915511473376
4915510417380
4915511730329
4915510779649
4915511224878
4915511151698
4915510715566
4915510411590
4915511590965
4915510823428
4915511630368
4915510490600
4915511143344
4915510164837
4915511404693
4915510036551
4915511496491
4915510416802
4915510470461
4915511797671
4915510185251
4915511873973
4915510851026
4915511954999
4915511709149
4915511175544
4915511686071
4915510517207
4915510614983
4915510265500
4915510809420
4915511595700
4915510643330
4915510846382
4915510501267
4915510101454
4915511864481
4915511598826
4915510033784
4915511951140
4915510856987
4915511503208
4915511427777
4915510987414
4915510968863
4915510245272
4915511633353
4915511189970
4915510422284
4915510507330
4915511919078
4915510105760
4915510828466
4915510212404
4915511762815
4915510527510
4915510757969
4915510783159
4915510187823
4915510937604
4915510005225
4915510804830
4915511283288
4915510468585
4915511650687
4915511964550
4915510018675
4915510749011
4915511504482
4915510889478
4915510179172
4915510399426
4915511563687
4915511817363
4915511482329
4915510098546
4915510856188
4915510650227
4915510975638
4915511609186
4915511991501
4915510997618
4915511484374
4915510383244
4915511600774
4915510486309
4915510122682
4915510969035
4915511623299
4915510973535
4915511821692
4915510994438
4915511546562
4915510461537
4915510308241
4915510346446
4915511981205
4915510458716
4915511743534
4915511182212
4915511629158
4915511242200
4915511467521
4915510417397
4915510509142
4915511868022
4915510761335
4915510474849
4915511579837
4915511024012
4915511506642
4915511084280
4915511973104
4915511545494
4915510985906
4915510633282
4915510543015
4915511427137
4915511531776
4915510743504
4915511852087
4915511773611
4915511957826
4915511422151
4915511707703
4915511763628
4915511370832
4915511199758
4915511050857
4915511024234
4915511652265
4915510000207
4915510864001
4915511987889
4915511576248
4915511055516
4915511203162
4915511359457
4915511897244
4915510020176
4915511370921
4915511244123
4915510610576
4915511496573
4915510065035
4915510145057
4915510308023
4915510330289
4915511447703
4915511717109
4915511206044
4915510744587
4915510186236
4915510403163
4915511319214
4915510530872
4915511608602
4915510584166
4915511829250
4915510682128
4915510739321
4915511778457
4915510173817
4915511943053
4915510165071
4915510840831
4915510061866
4915510700521
4915510456073
4915511915247
4915511233011
4915510194778
4915511017865
4915510280408
4915511726498
4915511324253
4915510670084
4915510776224
4915510664503
4915510569260
4915511019291
4915511456088
4915510412459
4915510092932
4915510129664
4915511615167
4915510187092
4915510510803
4915511967581
4915511479976
4915511116128
4915510106961
4915510572864
4915510609314
4915511891701
4915510953212
4915510186094
4915510811442
4915511909458
4915511079280
4915511725371
4915510834352
4915511158145
4915511393264
4915510555261
4915511474696
4915511356141
4915510788708
4915511570792
4915510065174
4915511800761
4915511128899
4915510654774
4915510184486
4915511797796
4915511427663
4915510706952
4915510600872
4915510942565
4915511530339
4915511193872
4915510193590
4915511307993
4915511029711
4915510131843
4915511889424
4915510558074
4915511814066
4915510756465
4915511039540
4915510453248
4915510767677
4915511195606
4915511808484
4915511555372
4915510636064
4915511950692
4915510305833
4915511465096
4915510566041
4915511267989
4915511022137
4915510503802
4915511465552
4915511613635
4915511968855
4915511788411
4915510197049
4915510377756
4915511659775
4915511936896
4915511686339
4915511165816
4915510534860
4915511607823
4915510245340
4915511998244
4915511213807
4915511522380
4915511030110
4915511308130
4915511691649
4915511207306
4915511435215
4915510705286
4915510390246
4915510398531
4915510802267
4915511681875
4915511168284
4915511596937
4915510291709
4915510046937
4915511585262
4915510154301
4915510856653
4915511769180
4915510133321
4915510211693
4915511975143
4915510669216
4915511084591
4915510619063
4915510113498
4915510426936
4915511669781
4915511268909
4915511933029
4915511266151
4915511627792
4915511618982
4915511080361
4915511482845
4915510132876
4915510340408
4915510533898
4915510763054
4915511586402
4915510766785
4915511408912
4915510916424
4915511213051
4915510381028
4915510151205
4915511843670
4915510337740
4915511718795
4915510527999
4915510742246
4915510245096
4915510215532
4915511418143
4915510617834
4915511782524
4915510524912
4915510962278
4915510128175
4915510133976
4915511276619
4915511791497
4915510579399
4915511786027
4915510714788
4915510901998
4915510956957
4915510551971
4915510324201
4915510508006
4915510605183
4915511403544
4915510940627
4915510211539
4915511198339
4915511307019
4915511820649
4915510483437
4915510358025
4915511131512
4915511719754
4915510846132
4915510727430
4915510273407
4915510679337
4915510336098
4915511616458
4915511932922
4915510264592
4915510222713
4915510447794
4915511580746
4915511928263
4915510974541
4915510974066
4915511062644
4915510168904
4915511504442
4915511962263
4915510433771
4915510338458
4915510795518
4915510697127
4915510118531
4915510103917
4915511460536
4915511912280
4915510731583
4915511330203
4915511504515
4915510299817
4915511053127
4915511616295
4915511175663
4915511657010
4915511148808
4915511685983
4915510577774
4915510313256
4915510915226
4915511317597
4915510268531
4915511224975
4915510454382
4915511813178
4915511111558
4915510181422
4915511539260
4915510545949
4915510885089
4915511328005
4915510736062
4915510953742
4915510293456
4915510068105
4915510210475
4915511622483
4915510452498
4915510784335
4915510671630
4915510027881
4915510794503
4915511473285
4915510408339
4915511281956
4915510949657
4915511708538
4915510993182
4915510001786
4915510871324
4915511128244
4915511885088
4915511667551
4915510559767
4915510267093
4915510899543
4915510214406
4915511237828
4915511976392
4915510083124
4915510922042
4915511995502
4915511222282
4915511386904
4915511896398
4915510324606
4915511384515
4915510449667
4915511776611
4915510010328
4915510064661
4915510236346
4915510673241
4915510077730
4915510129245
4915510474944
4915511789483
4915511022520
4915510504762
4915511480253
4915511189676
4915510494733
4915510542612
4915510238061
4915510539800
4915511946412
4915510076559
4915510282260
4915510033402
4915511850323
4915511917558
4915511136510
4915510126460
4915510356323
4915510868514
4915511830402
4915510502781
4915510153424
4915510737185
4915511715565
4915511249554
4915511218124
4915511650681
4915511477992
4915511540467
4915510117859
4915511100419
4915510765777
4915510919102
4915510063739
4915510660920
4915511587325
4915510931181
4915511845391
4915511033554
4915511811378
4915511849551
4915511860526
4915510321556
4915511100726
4915511038747
4915511009500
4915510293475
4915510131315
4915511471642
4915511825625
4915511521486
4915510920871
4915511619397
4915510458840
4915511408987
4915511263476
4915510401131
4915510182548
4915511073882
4915511708626
4915510573583
4915510838981
4915510459466
4915511052363
4915510231494
4915511681550
4915510172058
4915511865401
4915511296125
4915510867752
4915511503191
4915511948701
4915510901228
4915510149636
4915511083206
4915510373277
4915511767822
4915510920473
4915510288060
4915510965733
4915510776172
4915510902517
4915510246517
4915510733567
4915511618199
4915510928914
4915511782832
4915510921636
4915511468307
4915510210463
4915510866339
4915511817329
4915511216975
4915511384148
4915510886118
4915510186617
4915510206373
4915511640117
4915511331904
4915510598525
4915510071119
4915511160626
4915511410582
4915510195662
4915510120019
4915511931174
4915511884229
4915511904178
4915510387600
4915511213428
4915510945694
4915510002399
4915510949546
4915511846557
4915510508486
4915510339080
4915510744982
4915510045956
4915510891855
4915510206100
4915511787552
4915510872997
4915510411686
4915510715117
4915510609122
4915510689748
4915510713262
4915510123313
4915511704094
4915511741447
4915511249040
4915511797184
4915510045007
4915511350851
4915510237342
4915510668060
4915510380346
4915511984849
4915510022999
4915511242327
4915510783531
4915511778414
4915510246732
4915510949322
4915510028414
4915511409897
4915510495337
4915511657492
4915511942408
4915510597980
4915511090857
4915510522459
4915510836616
4915510359032
4915511981111
4915511227781
4915511951198
4915510509277
4915511530631
4915511308529
4915510588540
4915511698335
4915511114272
4915511348471
4915510136789
4915510154356
4915511507734
4915510133165
4915511442060
4915510447394
4915511047738
4915510317476
4915510594785
4915511493220
4915510874494
4915510383578
4915510914678
4915511580474
4915510951598
4915510888671
4915511390782
4915511141151
4915510246781
4915511373873
4915510237198
4915510781948
4915511367104
4915511926006
4915511292509
4915510297546
4915511691609
4915511823136
4915511109993
4915510775195
4915510401192
4915510505770
4915510962079
4915510864668
4915511202009
4915511058541
4915510217277
4915510739094
4915511720951
4915510372639
4915511250902
4915510594613
4915510142805
4915511050981
4915511661283
4915511573110
4915510961680
4915510207753
4915511240834
4915510908489
4915511148746
4915510246068
4915511019776
4915511037422
4915510190520
4915510782303
4915511472227
4915510144674
4915511794693
4915511408782
4915510563162
4915511595140
4915510833295
4915511540537
4915511067325
4915511479364
4915511703427
4915510237208
4915510256113
4915511413162
4915510437561
4915510909397
4915511408938
4915511674402
4915511196950
4915510437749
4915511886321
4915510289311
4915510636656
4915511077743
4915511756269
4915511990642
4915511526235
4915511133452
4915511310331
4915510965462
4915511470561
4915511607869
4915510953785
4915511241409
4915510275846
4915510244610
4915510213073
4915510763986
4915510141350
4915510134194
4915510909734
4915511313364
4915510692939
4915510677335
4915510898913
4915511968491
4915511892454
4915511790668
4915511972692
4915511056416
4915510905091
4915511237583
4915511177544
4915510926259
4915510766264
4915510678933
4915511417678
4915511397306
4915511455319
4915511445608
4915510669532
4915511789000
4915510933683
4915510584971
4915510976089
4915511126279
4915511600938
4915511335182
4915511141989
4915511251719
4915510314833
4915510149900
4915510041909
4915511914106
4915511364237
4915510623392
4915511204473
4915511776156
4915510739791
4915510672530
4915510489193
4915511976168
4915510906239
4915511054371
4915511567995
4915511211028
4915511936056
4915510527997
4915510979946
4915510460605
4915510039456
4915510697549
4915510780421
4915511074914
4915511149851
4915510105050
4915511680606
4915510767333
4915511933246
4915511059964
4915511636570
4915511989027
4915510208716
4915511033881
4915510652065
4915510872893
4915510120373
4915510528710
4915510572095
4915511971810
4915510822778
4915510270431
4915511498747
4915510483216
4915510364922
4915510295692
4915510017811
4915510449938
4915510421740
4915511837936
4915510877851
4915511035082
4915510211897
4915510637001
4915510444732
4915511162253
4915510860567
4915510317896
4915511500249
4915510829146
4915510281173
4915510764250
4915511508957
4915510908648
4915511088425
4915510279183
4915510904516
4915511194879
4915510985595
4915510326629
4915510119183
4915510028961
4915510858949
4915511206243
4915511069043
4915510706199
4915511188225
4915511960137
4915510078152
4915511125362
4915511496898
4915510487232
4915510657213
4915510238738
4915510127579
4915511990605
4915511122377
4915510208784
4915510380773
4915511475351
4915510702570
4915510045337
4915510618959
4915511313441
4915511384396
4915510218092
4915510681548
4915511105570
4915511844515
4915510661879
4915511929748
4915511159347
4915511765675
4915510853418
4915510374774
4915511415884
4915511258359
4915510533029
4915510577948
4915510882543
4915511615496
4915511478552
4915511957710
4915511101242
4915510024502
4915510618402
4915511516478
4915510831983
4915511237409
4915510366719
4915510854427
4915511906917
4915511599241
4915510780830
4915511736930
4915510679042
4915511499667
4915511302525
4915511009548
4915511250015
4915510426232
4915510039020
4915510579247
4915510523947
4915511812783
4915511665809
4915511370319
4915510255656
4915510110965
4915510868043
4915511670118
4915510281328
4915510982150
4915510284298
4915511898303
4915511320429
4915510159022
4915511751275
4915510578096
4915510905901
4915511899266
4915511557689
4915510724546
4915510630757
4915511388874
4915511986366
4915511597316
4915510059381
4915510741795
4915511488763
4915510064476
4915510752022
4915511143372
4915511917002
4915511908924
4915510775686
4915510248775
4915510087028
4915510273454
4915511332306
4915511591010
4915510542477
4915511866721
4915511996719
4915511951799
4915511752563
4915511000400
4915511964789
4915510171621
4915510375740
4915511157578
4915511156915
4915510067842
4915511439776
4915511317862
4915510088224
4915511351754
4915510024711
4915511566305
4915510506161
4915511084870
4915510650224
4915510666467
4915511431502
4915511099924
4915511066791
4915510528202
4915510258621
4915510014965
4915510311562
4915510398716
4915511703398
4915511260352
4915510665157
4915510453460
4915511198726
4915510700411
4915511841762
4915511520585
4915511434263
4915511594142
4915510000044
4915510713316
4915510096082
4915510011499
4915511515593
4915510999174
4915511441084
4915510593241
4915510730970
4915511556074
4915510404514
4915510015258
4915511449598
4915510687703
4915511334564
4915510786421
4915510813267
4915510027937
4915511544588
4915511966556
4915511328731
4915510263136
4915511271575
4915510917263
4915510545101
4915511825841
4915510669442
4915510828511
4915511175528
4915510281570
4915511568624
4915511140200
4915511029008
4915510061971
4915511829028
4915511484017
4915511085230
4915511063309
4915510160765
4915510557709
4915511958672
4915510750902
4915511334918
4915510632784
4915510739731
4915511385856
4915511592491
4915510296719
4915510725910
4915510631358
4915511676485
4915511843670
4915510885135
4915510695267
4915510645958
4915511897956
4915510288729
4915510604279
4915510141123
4915510386875
4915510393293
4915510600444
4915511531941
4915511184563
4915511371345
4915510262941
4915510726686
4915510027236
4915510646506
4915511312937
4915510066333
4915511543176
4915511536296
4915510571445
4915511722098
4915510764686
4915511625927
4915511403979
4915511513992
4915510650164
4915510762701
4915510945478
4915511431490
4915510635836
4915511309537
4915510237788
4915511645896
4915510130566
4915510831623
4915510200746
4915511076408
4915511742291
4915510273797
4915510810180
4915511762441
4915510145361
4915510871986
4915510021664
4915510491976
4915511832843
4915510425600
4915510453645
4915511126697
4915510831726
4915511105872
4915510104026
4915510761184
4915511363338
4915511246222
4915511088581
4915510417970
4915510549254
4915511011640
4915510617475
4915511271197
4915510415247
4915510339825
4915511499149
4915511626591
4915511513793
4915511217282
4915510047207
4915510283530
4915510996369
4915511688324
4915511236618
4915510104727
4915511844046
4915511683402
4915511839047
4915510920923
4915511945230
4915511028697
4915510603078
4915511170747
4915511887846
4915510887120
4915510468889
4915510989750
4915510571046
4915510939472
4915510992790
4915511473643
4915511494710
4915510090001
4915510690239
4915511424428
4915511273899
4915511385668
4915510506993
4915510780234
4915510236152
4915511707021
4915510369664
4915511050670
4915511420138
4915510201166
4915510963477
4915510554942
4915510288048
4915511951313
4915510136451
4915510566932
4915510087557
4915510621237
4915511756973
4915511393700
4915511649903
4915511446066
4915510128456
4915510800187
4915510443037
4915511567751
4915510333811
4915510317617
4915510814855
4915510422429
4915510380313
4915510960894
4915510231993
4915510881258
4915511178383
4915510784723
4915510059258
4915511647268
4915510043812
4915510943962
4915510168632
4915510401250
4915511684058
4915511841887
4915510872080
4915510765514
4915510619100
4915510571180
4915511325914
4915511638754
4915511403443
4915510864041
4915511618256
4915511804260
4915510860536
4915510287336
4915511281439
4915511804045
4915511023228
4915510029347
4915510393531
4915510324495
4915511992546
4915510385048
4915511877498
4915511923410
4915510843524
4915511888725
4915510899935
4915511016747
4915510880010
4915510706909
4915510203980
4915510406193
4915511976392
4915510742703
4915511678452
4915511624133
4915510220476
4915511435722
4915510590986
4915511267522
4915511155876
4915510806879
4915511173566
4915511854269
4915510626718
4915511297176
4915510391176
4915511414717
4915510428530
4915511908979
4915511787816
4915511591868
4915511009944
4915510937067
4915510561201
4915511811719
4915510761444
4915510867440
4915511193557
4915510424793
4915511954822
4915511297250
4915510170713
4915511030570
4915511864660
4915511120583
4915510571882
4915510727726
4915510482586
4915511422607
4915511200371
4915511919365
4915511011659
4915511501738
4915510811868
4915511828030
4915511930162
4915511246205
4915511817190
4915510509543
4915511044873
4915510737340
4915510592957
4915510486586
4915511676629
4915510476471
4915511506349
4915510394244
4915510368858
4915510756663
4915511519175
4915510474224
4915511465653
4915511613080
4915511553884
4915511186319
4915510916610
4915510371649
4915510152661
4915510425541
4915510491503
4915511189036
4915510584748
4915511341576
4915511833056
4915511819803
4915511699870
4915510524987
4915511079204
4915511847259
4915510297455
4915511788798
4915510598504
4915510826380
4915511231159
4915510572722
4915510087941
4915511262893
4915510860139
4915511995451
4915510349527
4915511814708
4915510205236
4915511065970
4915510440469
4915510944585
4915511913417
4915511151821
4915511822790
4915511445256
4915511839781
4915511132129
4915510021201
4915511186784
4915510675216
4915511826119
4915510916016
4915510351309
4915510763169
4915511220668
4915510792344
4915510685942
4915511983720
4915510822913
4915510694955
4915511170170
4915510257692
4915510116530
4915510582370
4915510976876
4915511483763
4915510529584
4915510256494
4915510854339
4915511853869
4915510639440
4915511546988
4915511238390
4915511611843
4915510823392
4915511573455
4915511363900
4915511187336
4915511377178
4915511756943
4915511270454
4915511240628
4915510440300
4915511557588
4915510094190
4915510937576
4915510886951
4915510729813
4915510654037
4915511807056
4915510557404
4915510586354
4915510470032
4915510925844
4915511865058
4915511569352
4915511968200
4915510185587
4915511856558
4915510068970
4915510182301
4915510474547
4915510322084
4915510421601
4915511733156
4915511477546
4915510182496
4915510780049
4915510966059
4915510589896
4915510524581
4915510053067
4915511581404
4915510784076
4915511529301
4915510379904
4915511506635
4915510809763
4915511582650
4915510777176
4915511116740
4915510185973
4915510006364
4915511416260
4915511483002
4915511009849
4915510936450
4915511250700
4915510751277
4915511930735
4915511592763
4915510170442
4915511437679
4915511150980
4915510878655
4915511893049
4915511786095
4915511020832
4915511046047
4915510178341
4915510121726
4915510360793
4915511842422
4915511154638
4915511660702
4915510511771
4915511955974
4915511763665
4915511444611
4915511421463
4915510883666
4915511559592
4915510769621
4915511182500
4915510604207
4915511918917
4915511598140
4915511383308
4915510442703
4915510701923
4915511414341
4915510278009
4915510710828
4915511721030
4915511862208
4915510769754
4915511163307
4915510307015
4915510115678
4915511454537
4915510121195
4915510536600
4915510150780
4915511406572
4915511785701
4915511855687
4915510781812
4915510739560
4915510483868
4915510878670
4915510060082
4915510818908
4915510501148
4915511929254
4915511798274
4915510394201
4915510646225
4915511303067
4915511722012
4915510910778
4915511261037
4915510221907
4915511741110
4915510779467
4915511863087
4915511820563
4915511705396
4915510682852
4915510557294
4915510258034
4915510930571
4915510385949
4915511173053
4915510807441
4915511809125
4915510984321
4915510482176
4915511838883
4915510488205
4915510792988
4915511450798
4915510670851
4915510756796
4915510834894
4915511992049
4915510494161
4915511639967
4915511396286
4915511352590
4915510190112
4915511265201
4915511152195
4915511443378
4915511685363
4915510919647
4915511108191
4915510373305
4915511228342
4915511694914
4915511512328
4915510848425
4915511047805
4915511224226
4915511080774
4915510495802
4915511370237
4915511192999
4915510281442
4915511706776
4915511073348
4915510529514
4915510397572
4915511614471
4915511068356
4915511323181
4915510162938
4915511861590
4915511614312
4915510338110
4915510719384
4915511085656
4915510959182
4915510668308
4915511904479
4915511331796
4915511794083
4915510469781
4915511874268
4915511051633
4915510431519
4915510316704
4915510389993
4915510869347
4915510611713
4915510868485
4915510283439
4915510937481
4915510117685
4915510333231
4915510467940
4915511727199
4915511039220
4915510795097
4915510694254
4915511766861
4915511995570
4915511854864
4915510116909
4915510297302
4915510338343
4915510347279
4915510131001
4915510932130
4915511843358
4915511200666
4915511513805
4915510182066
4915510784695
4915511913093
4915510722916
4915510891889
4915511335370
4915510395239
4915511786840
4915511066528
4915511378496
4915510611013
4915511440935
4915510078465
4915510085505
4915510174712
4915510244840
4915510240559
4915510418389
4915510986939
4915511360627
4915510900411
4915510517628
4915510379088
4915510664775
4915510167225
4915510021457
4915510916279
4915510776190
4915511287958
4915511685148
4915511806383
4915510879529
4915510517647
4915511035538
4915510247933
4915511043934
4915511894443
4915510384043
4915511143769
4915510962938
4915510689625
4915511879909
4915511136150
4915510278925
4915511907922
4915511404969
4915510649672
4915511053734
4915511319337
4915511126040
4915511902203
4915511558469
4915510516820
4915510291698
4915511381137
4915510535871
4915511718892
4915510582541
4915510946365
4915511295531
4915510689539
4915511018465
4915510386921
4915510921751
4915510588939
4915510695044
4915511122676
4915511772094
4915511101356
4915511215024
4915511536400
4915511849803
4915511724711
4915510579980
4915511849809
4915511523570
4915510355691
4915511372134
4915510606288
4915510311121
4915510199432
4915510981477
4915510710369
4915511819130
4915511604152
4915511564920
4915511821206
4915511962068
4915510371472
4915510065844
4915511151596
4915510153596
4915511902275
4915510051702
4915510727273
4915510394654
4915510441725
4915511880995
4915511390960
4915511114876
4915511129248
4915511859953
4915510876069
4915510064205
4915511181425
4915511616820
4915511721993
4915510284553
4915511070307
4915511742689
4915511127983
4915511555427
4915511351391
4915510485253
4915510550465
4915510497910
4915510137783
4915510989705
4915511575286
4915511768242
4915510626067
4915511856374
4915510539147
4915511502737
4915511622215
4915510792250
4915511354606
4915511893359
4915511233612
4915511400047
4915510542660
4915510525868
4915511495407
4915510070630
4915510421352
4915511764200
4915511725391
4915510858945
4915511890056
4915510456625
4915510253418
4915510386973
4915510084546
4915510149754
4915511664585
4915510567402
4915511139831
4915510604461
4915510906322
4915510645650
4915510899321
4915510964698
4915511712332
4915510887323
4915510928090
4915511125692
4915511820675
4915510005780
4915510217706
4915510360219
4915511384235
4915511742159
4915511987122
4915511772006
4915510361766
4915510752920
4915510780473
4915510705598
4915510500677
4915511945511
4915511096597
4915511513777
4915510981721
4915510182186
4915510218578
4915510829432
4915510126019
4915511642789
4915511607746
4915511789689
4915510165608
4915511948163
4915510096125
4915511336924
4915511512041
4915510938596
4915510184644
4915510950919
4915510176535
4915510470077
4915511712961
4915511880331
4915511617544
4915511866361
4915511489206
4915510746265
4915510911775
4915510130983
4915510878428
4915511684989
4915510631979
4915510187427
4915511156395
4915511201284
4915511123154
4915511152010
4915511904853
4915510555515
4915510114250
4915510140551
4915511977791
4915511112682
4915510819685
4915511454556
4915510849642
4915510085740
4915510284499
4915511284621
4915510858971
4915511809686
4915511782645
4915510708657
4915511426604
4915511702100
4915510555402
4915511685226
4915510099884
4915510471247
4915511657003
4915510865504
4915510889040
4915511819506
4915510044327
4915510104696
4915510226761
4915510951913
4915511343731
4915511644916
4915510233911
4915511480348
4915510398798
4915511331580
4915511923198
4915510428530
4915511778666
4915510400456
4915510361213
4915510890526
4915510055235
4915511146930
4915510517741
4915511708171
4915511154593
4915511903149
4915511565312
4915511229292
4915511250346
4915511788084
4915511022304
4915510841651
4915511145463
4915511529139
4915511803238
4915510400249
4915510898297
4915511963245
4915511910323
4915510306258
4915511229890
4915510225429
4915510483516
4915510394467
4915510348110
4915510921191
4915511108544
4915511866231
4915511220322
4915511023403
4915510925365
4915511735547
4915511430930
4915511310265
4915511082385
4915510664712
4915511273791
4915511253428
4915511968793
4915511274662
4915510260650
4915510206942
4915511972984
4915511893594
4915510120539
4915511001737
4915511976320
4915511899598
4915511910874
4915511086085
4915510511767
4915510915017
4915510379961
4915511627355
4915511785298
4915510882629
4915510431356
4915510165873
4915510474867
4915511122164
4915511219063
4915510693466
4915511974460
4915511074027
4915511405217
4915510727056
4915510887992
4915511634020
4915510181643
4915511240109
4915510020433
4915510317481
4915510347974
4915510099175
4915510929485
4915511956885
4915511331498
4915511149593
4915510205509
4915511251073
4915510655961
4915510077961
4915511629931
4915510093013
4915511893442
4915510823804
4915510375659
4915510114837
4915510097236
4915510730303
4915511110360
4915510663871
4915510607876
4915511839996
4915511429874
4915511883774
4915511520976
4915510232680
4915511956117
4915510104923
4915511121678
4915510660910
4915510929389
4915511731778
4915511275337
4915510977289
4915510422845
4915511791059
4915511866350
4915511815020
4915510357548
4915511231812
4915510874815
4915511099602
4915511339560
4915510048156
4915510353409
4915511474421
4915510885638
4915510938263
4915510909708
4915511513537
4915510864671
4915510922839
4915510954395
4915510557195
4915510178706
4915511732467
4915511035522
4915511205415
4915510459667
4915511409846
4915510576592
4915511781016
4915511921801
4915511216871
4915511474861
4915510438229
4915511172700
4915510227677
4915511231658
4915510302869
4915511916712
4915510132727
4915510990339
4915510456694
4915510801134
4915510466526
4915511066860
4915510710518
4915511170389
4915510594833
4915511381706
4915510048680
4915511519286
4915510864351
4915510399187
4915510199098
4915510235915
4915511971971
4915511223358
4915511537928
4915510426160
4915510292656
4915511313170
4915510921268
4915510410817
4915510410431
4915510593977
4915511273341
4915511300682
4915511686276
4915511469649
4915511207162
4915511615109
4915511352580
4915511004549
4915511398488
4915511607302
4915510252273
4915510568176
4915511473275
4915510716261
4915510310382
4915510166637
4915511118379
4915510637797
4915511796420
4915510556894
4915510227554
4915511221346
4915511699918
4915510822050
4915510187051
4915510467490
4915511496013
4915510926869
4915510254832
4915510879523
4915511444847
4915510214981
4915510020443
4915511169071
4915511228886
4915510775948
4915511381937
4915510117588
4915510020886
4915511168177
4915510933073
4915510668519
4915511343250
4915510865889
4915511673312
4915510150038
4915511826502
4915510206873
4915510323279
4915511950499
4915510253979
4915511596025
4915511822490
4915511272554
4915510889225
4915510954196
4915511623944
4915510453180
4915511523934
4915510070322
4915511047996
4915511136041
4915511369715
4915511588515
4915510735509
4915510476030
4915511432810
4915511386181
4915510328055
4915510577871
4915511669541
4915510535934
4915511663105
4915511561414
4915510197157
4915511617203
4915510650623
4915511163011
4915511395824
4915511359483
4915511423840
4915510167169
4915511399234
4915510889185
4915511432600
4915510273507
4915511171814
4915510349837
4915510403474
4915511499054
4915510004220
4915510762943
4915510210723
4915511622334
4915511306250
4915511400448
4915511479638
4915511269977
4915511426913
4915510865035
4915510097034
4915510645631
4915511877421
4915510117423
4915510072925
4915511219045
4915511938277
4915511534504
4915510867110
4915510716608
4915510383293
4915510242130
4915511644466
4915510730437
4915511984158
4915511006434
4915510455218
4915511108249
4915510051726
4915511335247
4915511317796
4915511903672
4915510297967
4915511593734
4915511041142
4915511336863
4915511976811
4915510430825
4915510423374
4915510873585
4915510538085
4915511898008
4915510499056
4915511536347
4915511861173
4915511681278
4915510553174
4915510965988
4915510882577
4915511438440
4915510169519
4915510253464
4915511871333
4915511836036
4915511686489
4915510762455
4915511599413
4915510999326
4915510204301
4915510878632
4915511839587
4915511403605
4915510750184
4915510771817
4915511223375
4915511062985
4915511162155
4915511686400
4915511444781
4915511252990
4915510528846
4915510611811
4915511331901
4915511172607
4915510079495
4915510861382
4915511349076
4915511923569
4915510152954
4915510983117
4915510422338
4915510230710
4915510669208
4915511762352
4915511794843
4915510029966
4915510891214
4915510862008
4915510666958
4915510910577
4915510999350
4915510837272
4915510089275
4915510280168
4915510822758
4915510808940
4915510134232
4915510435968
4915511970868
4915510068759
4915510879375
4915510536802
4915511645056
4915511646657
4915510291453
4915510205415
4915511269546
4915511764293
4915511207671
4915510273126
4915510896842
4915510866878
4915511499296
4915511232020
4915511051354
4915510437120
4915511247477
4915511800967
4915511407189
4915511090717
4915510855164
4915511112713
4915510475494
4915511915434
4915510780316
4915510319292
4915511547140
4915510274025
4915510071134
4915510030673
4915511223313
4915510492577
4915510149943
4915511333016
4915511343912
4915510434962
4915511179949
4915510203047
4915511997494
4915510262658
4915511542197
4915511751287
4915511416509
4915510599328
4915511632117
4915510087262
4915510819712
4915511400730
4915510106962
4915510596329
4915510196001
4915510061150
4915511549184
4915511661481
4915511124512
4915511405454
4915510311572
4915510781111
4915511424745
4915511593461
4915510822969
4915510911295
4915511104416
4915510255601
4915511717003
4915511714382
4915510558868
4915510188849
4915510789470
4915511565657
4915510499004
4915511747859
4915511544651
4915510000421
4915510256643
4915510909829
4915510018187
4915511374753
4915510957812
4915511535812
4915511480772
4915510395332
4915510155380
4915510931223
4915510079765
4915510667991
4915510856033
4915510743559
4915510436587
4915511053302
4915511726044
4915511815349
4915510174144
4915510481903
4915510036948
4915511111067
4915511126701
4915510200943
4915510257555
4915511938485
4915510299920
4915511817551
4915510948546
4915510783492
4915510420204
4915510476920
4915511614980
4915511789004
4915510356640
4915510234060
4915511519843
4915510782058
4915511636698
4915511753501
4915511622660
4915510572508
4915511266278
4915511968728
4915511922085
4915510602495
4915511841435
4915511909293
4915511111024
4915510224055
4915510928271
4915510918021
4915511626163
4915510692033
4915511035416
4915510922784
4915510213168
4915510898751
4915511796502
4915510808564
4915511512278
4915510406009
4915510164661
4915510070438
4915511676278
4915510266007
4915511302407
4915511531964
4915510388706
4915511797054
4915510061925
4915511426649
4915511272056
4915511426647
4915510469070
4915510502364
4915511855736
4915511334923
4915510783857
4915511468249
4915511101398
4915510111698
4915510400286
4915510947435
4915510139635
4915511260788
4915511002211
4915511336190
4915510077441
4915511256727
4915510620785
4915511049178
4915511648895
4915511039926
4915511953998
4915510093628
4915511813385
4915511507362
4915511984745
4915510166781
4915511943978
4915510182689
4915510065051
4915510142089
4915511872395
4915511458695
4915510733820
4915511756794
4915510559657
4915511963865
4915510451014
4915511312369
4915510504468
4915510764848
4915511406992
4915510939868
4915510090714
4915511255638
4915510495047
4915510314263
4915511656605
4915511687176
4915511794883
4915511662711
4915511752702
4915510670534
4915511816182
4915511038181
4915510477406
4915511097671
4915510673149
4915511399299
4915511822638
4915510380091
4915511053545
4915511654570
4915511217872
4915510522880
4915511316074
4915511303564
4915510847680
4915510973153
4915510731383
4915511080340
4915511549128
4915510098450
4915511607514
4915511479237
4915511548158
4915511774201
4915510619209
4915510740816
4915510665501
4915510138015
4915511724983
4915510769044
4915510580217
4915511252918
4915510872827
4915511434302
4915510212315
4915511200445
4915510372110
4915511893928
4915510856970
4915510108885
4915510970740
4915511727574
4915510433802
4915511505496
4915510159045
4915511403190
4915511011461
4915510396736
4915510733652
4915510972060
4915511652388
4915510917208
4915511617620
4915510850215
4915510712228
4915511298368
4915511678931
4915510536029
4915510641858
4915510936999
4915511168415
4915510444934
4915510126456
4915511353658
4915511721963
4915510706967
4915511304338
4915511098692
4915510282247
4915510500887
4915510097321
4915510860328
4915510082754
4915511710623
4915510994188
4915511868929
4915510910512
4915511573055
4915510316713
4915511030913
4915510840709
4915510316256
4915511983159
4915511033475
4915511838811
4915511216510
4915510717501
4915511382853
4915510453549
4915510978678
4915511259058
4915510753548
4915511500103
4915511784135
4915511387523
4915511745040
4915510402050
4915511626400
4915510833415
4915510548139
4915510863697
4915510915606
4915510870276
4915511810003
4915511938836
4915511877450
4915510593548
4915511794572
4915510943274
4915511433474
4915510015640
4915510882162
4915511385544
4915510483949
4915510825396
4915511832506
4915511848655
4915511483765
4915510329444
4915510326962
4915511438584
4915510040749
4915510804516
4915510759920
4915511903558
4915511639589
4915511393980
4915511598243
4915510571575
4915511680831
4915511254553
4915511827641
4915511916651
4915511258281
4915511147990
4915510666290
4915511720775
4915511100902
4915510849356
4915511024914
4915510660991
4915511261424
4915510103818
4915511925320
4915510818115
4915510905572
4915511760492
4915511151052
4915511787230
4915510303295
4915511847451
4915510837353
4915510154698
4915510559409
4915510192710
4915511557818
4915511532642
4915511468281
4915511800385
4915510942074
4915510652180
4915511415190
4915510990425
4915510166069
4915511187841
4915511761520
4915511680959
4915511292826
4915510096582
4915510920832
4915510062606
4915510291770
4915510853199
4915510232088
4915511262825
4915511881426
4915510873879
4915511601968
4915510458213
4915510579462
4915511010202
4915510229164
4915511500439
4915511732132
4915511991288
4915510389276
4915511511645
4915510525938
4915510537926
4915510503173
4915510232854
4915511229263
4915510075114
4915510196819
4915510260977
4915510491633
4915510975444
4915510429092
4915510355360
4915510055536
4915510490379
4915510472681
4915510053344
4915510143051
4915511166078
4915511681570
4915511188588
4915511150006
4915510044811
4915510745889
4915510800412
4915510472621
4915511010394
4915510065268
4915510990386
4915510140783
4915511165660
4915510530569
4915510610309
4915510174821
4915510695776
4915511852595
4915510436566
4915511061053
4915510437097
4915510221216
4915510431529
4915511257453
4915511444332
4915510397918
4915510804698
4915510611070
4915510505902
4915511675238
4915510191941
4915511553360
4915511584124
4915511979308
4915510857168
4915511437262
4915511142294
4915510016746
4915511093721
4915511620576
4915511005149
4915510723329
4915510723239
4915510980514
4915511881620
4915511998723
4915510863143
4915511692853
4915511923267
4915511414625
4915510087439
4915511894356
4915511034952
4915511900484
4915511710106
4915511707485
4915511491337
4915510834955
4915510530811
4915510345323
4915510486973
4915511686198
4915511036212
4915511399727
4915510217355
4915511286934
4915510502259
4915511427579
4915510805924
4915510143173
4915510727816
4915511549662
4915511592514
4915510481980
4915511898599
4915510823552
4915510842045
4915510021734
4915511424458
4915511673208
4915511076017
4915510205805
4915511208972
4915511002372
4915511167792
4915510091435
4915511564044
4915511548959
4915511584771
4915510617772
4915511948251
4915511151335
4915510879912
4915510466851
4915510287702
4915510291855
4915510753697
4915510662199
4915510997623
4915511668007
4915510326253
4915510515491
4915510510672
4915510751039
4915511698675
4915510825620
4915510387827
4915510617406
4915511051835
4915511789078
4915511764788
4915511988698
4915511400439
4915511573098
4915510338825
4915511620793
4915511317450
4915510335024
4915510099547
4915510491272
4915511609034
4915511948947
4915511123721
4915510675896
4915510451125
4915511698749
4915511396053
4915511816606
4915510990301
4915511618502
4915510870271
4915510160230
4915510551335
4915510834301
4915510971577
4915511950650
4915510146139
4915511876220
4915510878474
4915511477469
4915510520431
4915510845563
4915510544787
4915510158620
4915510675039
4915510590043
4915511663064
4915510136284
4915511732404
4915511400361
4915511058036
4915511558852
4915511428133
4915510467864
4915511553822
4915511392736
4915510821926
4915511022070
4915510379985
4915510452684
4915510063036
4915511884893
4915510913648
4915510323323
4915511601155
4915510025047
4915510225200
4915510469495
4915511852114
4915510645288
4915510102107
4915511312126
4915510792912
4915510043840
4915510848747
4915511179559
4915510594690
4915510712399
4915511564879
4915511596828
4915511612817
4915510039376
4915510825498
4915510861135
4915510389726
4915511520949
4915510510928
4915510582812
4915510361390
4915511446822
4915510620619
4915511470985
4915510906445
4915511895266
4915511141167
4915511900574
4915510270750
4915510679598
4915511472872
4915510346408
4915511348844
4915510784014
4915511263950
4915510271998
4915511288786
4915511619813
4915511022135
4915510916686
4915511836169
4915511152144
4915511320804
4915511291646
4915510428278
4915511895349
4915510320620
4915510019160
4915510569739
4915510039152
4915510362207
4915511696217
4915510575981
4915510280126
4915510718599
4915510225841
4915511667906
4915510282680
4915510309793
4915510691044
4915510537509
4915510782939
4915511279063
4915511996922
4915511708879
4915510145335
4915511869191
4915510858352
4915510151297
4915511092090
4915511104944
4915510251630
4915511463006
4915510689634
4915511753952
4915510908731
4915510578949
4915511657051
4915511229957
4915510083188
4915511156193
4915511109505
4915510140528
4915510710720
4915510084361
4915511331046
4915510959098
4915511538666
4915510461566
4915511886557
4915510368074
4915510008991
4915510218895
4915510666440
4915510773759
4915511818105
4915511984145
4915510594604
4915511332658
4915511358900
4915511513614
4915511129835
4915510413238
4915510444508
4915511543677
4915511243781
4915511155471
4915510815319
4915510379691
4915511016987
4915510923132
4915511268451
4915510948783
4915511963025
4915510014952
4915511991469
4915510757566
4915511746468
4915510438398
4915511435714
4915510600256
4915510001510
4915511885207
4915511202055
4915510265035
4915511760364
4915511794689
4915510268616
4915511918496
4915510793561
4915511899688
4915510457101
4915511528591
4915510459316
4915511410008
4915510264550
4915510542641
4915511093540
4915510335892
4915510899457
4915511450701
4915511879103
4915511431101
4915511085702
4915510216698
4915510186492
4915511750280
4915510725783
4915511123229
4915510563092
4915510910123
4915511367662
4915510406336
4915510333837
4915510280180
4915510501006
4915510462144
4915511506254
4915511125703
4915511487472
4915511930919
4915510692382
4915511769719
4915510318793
4915511291629
4915511130684
4915511520193
4915511036017
4915511329013
4915510183497
4915510989654
4915510192450
4915510454996
4915511533214
4915511408780
4915511161089
4915511982309
4915511344495
4915510113766
4915511357063
4915510832057
4915510122976
4915510025949
4915511909715
4915511643213
4915510790399
4915511047818
4915510084443
4915510543673
4915510243017
4915511502109
4915510797017
4915511803797
4915510420247
4915510788148
4915511256995
4915511969831
4915510932859
4915511522060
4915510706724
4915511763525
4915511602736
4915511290737
4915511196159
4915511427280
4915510088055
4915510270711
4915511055065
4915510325734
4915510743886
4915511433514
4915511370148
4915511826520
4915511547227
4915510451964
4915511476500
4915511320812
4915510475937
4915511927586
4915510723750
4915510496250
4915511621350
4915510682175
4915510692364
4915511733537
4915511628504
4915510223370
4915511591953
4915510651108
4915510030068
4915511110908
4915510821396
4915511232038
4915511408399
4915510453138
4915511419178
4915511057825
4915511681127
4915510780138
4915510938014
4915510995576
4915511801138
4915511658129
4915510290918
4915511075299
4915511795454
4915510292232
4915511553469
4915510846751
4915511974583
4915511269891
4915511223666
4915511549960
4915511280272
4915510362382
4915511879689
4915511749307
4915510786685
4915511085425
4915510543171
4915510975362
4915511275011
4915511812427
4915510206227
4915511035265
4915510867525
4915510250685
4915510755537
4915510826638
4915510765313
4915511457516
4915510666439
4915510923816
4915511075515
4915510988344
4915510425810
4915510461933
4915511893869
4915511916820
4915510327001
4915510785836
4915511653367
4915510842220
4915510894122
4915510983778
4915510083896
4915510116668
4915511823466
4915511030237
4915510904951
4915510752211
4915510624494
4915511149290
4915510347575
4915511155112
4915511046423
4915511298093
4915510925789
4915511334217
4915510037224
4915510992750
4915511927318
4915511067079
4915510348778
4915510414840
4915511033595
4915511754987
4915510176452
4915510081966
4915511539243
4915510498731
4915511507819
4915510854513
4915510760025
4915511950172
4915511228283
4915510193757
4915510413014
4915511795950
4915510564976
4915510574976
4915510111803
4915511623442
4915511437126
4915511157594
4915511053033
4915511792091
4915511956212
4915510301444
4915511002508
4915510114956
4915511275869
4915511750096
4915511886340
4915510968310
4915511030356
4915511599624
4915511718577
4915510312917
4915511644546
4915511696729
4915511521645
4915511796561
4915510546537
4915510683745
4915510638966
4915511746303
4915510794060
4915510919468
4915511951466
4915510149299
4915511468526
4915511761169
4915511860490
4915511561851
4915510380378
4915511079236
4915510605727
4915511267686
4915510506657
4915510341802
4915511651095
4915510142803
4915510066700
4915511053810
4915511854030
4915510636274
4915510405572
4915511588958
4915511323683
4915511585258
4915511635114
4915510927284
4915510141690
4915510521504
4915511592628
4915510510090
4915511379340
4915511163369
4915511318708
4915511779368
4915510120365
4915511334825
4915510942915
4915510311422
4915510515410
4915511576598
4915510712944
4915510453719
4915510459977
4915510068321
4915511504678
4915511498543
4915511735769
4915510581776
4915510616869
4915510720805
4915511258701
4915510859129
4915511723865
4915511595477
4915510083002
4915510966342
4915511091187
4915511315915
4915511765683
4915511058013
4915511647217
4915511111509
4915511444440
4915510150915
4915510301261
4915510095941
4915511046218
4915511871785
4915511934487
4915511722241
4915511174173
4915511632001
4915510621653
4915510781342
4915510578540
4915510429676
4915511644692
4915510836934
4915511035496
4915511995920
4915511664260
4915510238093
4915511993526
4915511987502
4915511917156
4915511093518
4915510329503
4915510347968
4915510828330
4915511616882
4915511084408
4915511994759
4915511455537
4915511890347
4915511941550
4915510850590
4915510062687
4915510481538
4915510431292
4915510811331
4915510843723
4915511113232
4915511344435
4915511738689
4915510805406
4915511247893
4915511623885
4915510844592
4915511937933
4915511308940
4915510820929
4915510842965
4915510829551
4915511000284
4915511400583
4915511504596
4915510337852
4915510634558
4915510533809
4915511686451
4915510651188
4915511498205
4915511833657
4915511720539
4915510177053
4915511557213
4915510946899
4915510423335
4915511261928
4915510471792
4915511897326
4915510748963
4915511097383
4915510815305
4915510290998
4915511769476
4915510680926
4915510145246
4915510518931
4915511864349
4915511314524
4915511958085
4915510393018
4915511435322
4915511563222
4915510437826
4915510686874
4915511741349
4915511248361
4915510239864
4915511737298
4915510201281
4915510193512
4915510379762
4915510963858
4915511977941
4915510787644
4915511864823
4915510632613
4915510993674
4915511525280
4915511274212
4915511009918
4915511916263
4915510040487
4915511119285
4915511345463
4915511498865
4915511869979
4915511006340
4915511572870
4915511025854
4915510499851
4915510059709
4915511631933
4915511263434
4915511336041
4915511970192
4915511566749
4915511704686
4915510052906
4915511918592
4915510937367
4915510877569
4915511517042
4915511243436
4915511422687
4915511848477
4915511636452
4915511201132
4915511550845
4915511136381
4915510612323
4915510670586
4915510011405
4915510326289
4915511457613
4915510529992
4915510145948
4915511825090
4915511952800
4915511744022
4915510134013
4915511159375
4915510357555
4915510319150
4915511069288
4915511261005
4915510046045
4915510795769
4915510591233
4915511470718
4915510521131
4915511183924
4915511729653
4915510765528
4915510766904
4915510565922
4915510101112
4915511678462
4915510128370
4915511181579
4915510237609
4915511368312
4915510356632
4915511381715
4915511110729
4915510956861
4915511352078
4915511424838
4915511487324
4915510799026
4915510252721
4915510832328
4915510040516
4915511563426
4915511014892
4915510409258
4915511527556
4915511241554
4915510495061
4915510647500
4915510683445
4915510187014
4915511733295
4915510220330
4915510215456
4915511078031
4915510197605
4915511679805
4915511489412
4915511132140
4915511957241
4915510717215
4915510407742
4915510513331
4915510034717
4915510777115
4915511468181
4915510736905
4915510125570
4915511156348
4915510627489
4915510585103
4915511347846
4915510820966
4915510319778
4915511467941
4915510202725
4915511820494
4915510496019
4915510196375
4915510333882
4915510163731
4915511195397
4915511570877
4915510645980
4915510982228
4915511144905
4915511661691
4915511657669
4915511987709
4915510570531
4915511563603
4915511493677
4915511279854
4915510146122
4915510627670
4915511590625
4915511414929
4915510149260
4915511697473
4915511002514
4915511211881
4915510492238
4915511922770
4915511151846
4915510532606
4915511422935
4915511916445
4915510128790
4915510976150
4915511768720
4915511536671
4915510326699
4915510031207
4915510901184
4915511251603
4915511281352
4915511369585
4915511840530
4915510493193
4915510592778
4915511687382
4915511843526
4915511348445
4915510938948
4915511629451
4915511352940
4915511060721
4915510461836
4915510797836
4915510124178
4915510238056
4915510996504
4915510549785
4915510456471
4915510104746
4915511563397
4915510345863
4915510646635
4915511622239
4915510213685
4915511635460
4915510778229
4915510531300
4915511086322
4915511867989
4915510558296
4915510627890
4915510192681
4915511268807
4915511242387
4915511224735
4915510302701
4915510729969
4915511895714
4915511666418
4915511614191
4915510838886
4915510004778
4915511496174
4915511499494
4915510088605
4915511787802
4915510290511
4915511673534
4915511001256
4915510090724
4915511378809
4915510198519
4915510507429
4915510258235
4915511876819
4915510639082
4915510844801
4915511210732
4915511965827
4915510516750
4915510310490
4915510293406
4915511315249
4915511839303
4915511375406
4915510916528
4915511617661
4915510572035
4915510476710
4915510606320
4915510740933
4915510101351
4915510100747
4915510618945
4915510577134
4915510217040
4915511068789
4915510988609
4915511130456
4915510689340
4915511943267
4915511807746
4915511232560
4915511274262
4915511713441
4915510276027
4915510672276
4915510980776
4915511460782
4915510200294
4915510001529
4915511752288
4915511933530
4915511727013
4915510867458
4915510858361
4915510338289
4915510251331
4915511800911
4915510498135
4915511520617
4915510585085
4915510821420
4915511597963
4915511633529
4915511115532
4915510041041
4915510397210
4915510302402
4915510955430
4915511579046
4915510681591
4915510991541
4915510536033
4915511898927
4915511603512
4915510428698
4915510335408
4915511286707
4915510909225
4915511473098
4915511134869
4915511711034
4915510004533
4915510976257
4915511752204
4915511081158
4915510161516
4915510337632
4915511139233
4915510059954
4915510398772
4915511849496
4915511901682
4915511543278
4915510333296
4915510674742
4915511600427
4915510897931
4915511707830
4915511638636
4915511900504
4915511111233
4915511498777
4915511631454
4915511929747
4915510617653
4915511396711
4915510952683
4915510090659
4915510814641
4915511602644
4915510942833
4915510026723
4915510602326
4915511286424
4915511747819
4915511454812
4915511308677
4915510221073
4915510167279
4915510949377
4915510659286
4915510936205
4915511789577
4915510321040
4915511033504
4915510489286
4915511258492
4915511432719
4915511095363
4915510089322
4915510381974
4915510700791
4915510957625
4915510613182
4915511261243
4915511194983
4915510783890
4915510069378
4915511356075
4915511271849
4915511874501
4915511651250
4915511712284
4915510221518
4915511595313
4915510650727
4915510925620
4915510541984
4915510008323
4915511351039
4915510847066
4915511302287
4915511450498
4915511009049
4915510647667
4915510916091
4915510883389
4915510474728
4915510983725
4915511409847
4915510914699
4915510659580
4915510572757
4915511187429
4915510498426
4915510179855
4915511790628
4915510122947
4915511432998
4915510532445
4915511064904
4915510145476
4915511931824
4915510462792
4915510363207
4915510074209
4915510072728
4915511842021
4915511251331
4915511441684
4915511380280
4915511470584
4915510331178
4915510675145
4915511991297
4915510183930
4915510280345
4915510466434
4915511213177
4915510332845
4915511982606
4915511530297
4915510496104
4915511489954
4915511335039
4915510961478
4915511011481
4915511741126
4915510047648
4915510653448
4915511294348
4915510405224
4915510205901
4915510597298
4915510853258
4915511311620
4915511528172
4915511305695
4915510257031
4915510047121
4915511517312
4915510668168
4915511691294
4915510939558
4915511586160
4915511859451
4915510113693
4915510009476
4915510769499
4915510744201
4915511798507
4915511899436
4915511884012
4915510795701
4915511957385
4915511803022
4915511570744
4915510561906
4915511308829
4915511605322
4915511948693
4915511051575
4915511626789
4915511596797
4915510886194
4915510640877
4915510890342
4915510343820
4915511167917
4915510488007
4915511414882
4915511874075
4915510862160
4915511711900
4915510581605
4915511437745
4915511747927
4915511456830
4915510414140
4915511715615
4915510430710
4915510240059
4915511952870
4915511587077
4915510824130
4915511723131
4915511116132
4915510386070
4915511894149
4915510487261
4915511133403
4915511541487
4915511975628
4915510977434
4915510640382
4915511109400
4915511544868
4915510874142
4915511115458
4915511486728
4915511980676
4915510199785
4915510785580
4915510321651
4915510956331
4915511084285
4915510205549
4915510286266
4915511120924
4915511741026
4915511870736
4915511745694
4915511854845
4915511232790
4915511326246
4915510342748
4915511550674
4915510245698
4915511735566
4915510888705
4915511928884
4915510742162
4915510008124
4915511966737
4915511065864
4915510065448
4915511110423
4915510075365
4915511375384
4915510534337
4915511710955
4915511131818
4915510086711
4915511581485
4915511604289
4915510521267
4915511180345
4915511344095
4915511409003
4915511514279
4915510492909
4915511691801
4915510996315
4915511113967
4915510037614
4915510488679
4915510588856
4915510007398
4915511694478
4915511765715
4915511181496
4915510949052
4915511186485
4915510575582
4915510582927
4915510637227
4915510412347
4915510786512
4915510291391
4915510196731
4915510489129
4915510092199
4915510640954
4915510898656
4915510397488
4915511193324
4915510619358
4915511852529
4915510217161
4915510171325
4915511907822
4915510038553
4915510831165
4915511662269
4915511475225
4915510918348
4915511830642
4915511866673
4915510970529
4915510074759
4915511855638
4915510435989
4915510940881
4915511568991
4915511343468
4915510749092
4915510682326
4915510429245
4915510897866
4915511210315
4915511211563
4915510214999
4915510213545
4915510946040
4915511498562
4915511411745
4915511780786
4915511257523
4915511861742
4915511467603
4915510630562
4915510147019
4915510349241
4915511863355
4915510884369
4915510881050
4915511061270
4915510674679
4915511706503
4915510947214
4915511746934
4915510343344
4915510080294
4915511178464
4915511577569
4915511235478
4915511801124
4915510135505
4915511595599
4915510876915
4915511674920
4915510793869
4915511147339
4915511172034
4915510566240
4915511900917
4915511728206
4915510649528
4915511607737
4915510042976
4915511210419
4915510495181
4915510789110
4915511187693
4915510251285
4915511130253
4915511714910
4915510122475
4915511287791
4915510623506
4915511355367
4915510424121
4915511651904
4915510579783
4915511987605
4915511508301
4915510639649
4915510217066
4915511417640
4915511295287
4915510289651
4915511438276
4915510675774
4915510273922
4915511906709
4915510118766
4915511657912
4915511223841
4915510110158
4915511129801
4915510856387
4915510579141
4915511963635
4915510991503
4915511448768
4915510889516
4915510639945
4915511003606
4915511624372
4915510146156
4915511694282
4915511247389
4915511757618
4915511109353
4915510726733
4915511522208
4915510846818
4915510321837
4915511630598
4915511221521
4915510484644
4915511127748
4915510893779
4915511331805
4915511915638
4915511266817
4915511092788
4915510217698
4915510601485
4915510473836
4915511491061
4915511909722
4915511225816
4915511137049
4915511202005
4915511850968
4915510435295
4915511461906
4915511351640
4915511218202
4915511537018
4915511668808
4915510403471
4915510906656
4915510154306
4915511986200
4915510943386
4915510284065
4915510543998
4915511197356
4915510655445
4915511846165
4915511962979
4915510341018
4915511769619
4915510526124
4915511959288
4915511221719
4915510723679
4915510620962
4915511865862
4915511985498
4915510113411
4915511470105
4915511989840
4915510024568
4915510829507
4915510006610
4915510251545
4915511818873
4915511394999
4915510811041
4915511328604
4915511781210
4915511307997
4915510703939
4915510623673
4915511012905
4915510495749
4915510957127
4915511773567
4915511590195
4915510006722
4915510874054
4915511276244
4915511558899
4915511709784
4915510966750
4915510917582
4915511987394
4915510240685
4915510342322
4915511433569
4915511982767
4915510179313
4915511251016
4915510278551
4915511024876
4915510056329
4915510039356
4915511065217
4915511672631
4915511816115
4915510300986
4915511912899
4915510868700
4915511622778
4915510102947
4915510857404
4915510914097
4915510227824
4915511890115
4915511819418
4915510108039
4915511608792
4915510394919
4915511358782
4915511176520
4915511352727
4915511067669
4915511707528
4915511189135
4915510382616
4915510205830
4915510684918
4915510531030
4915511022423
4915510119503
4915510782705
4915511613259
4915510438901
4915510783607
4915511597177
4915510514866
4915510629618
4915510046525
4915511796409
4915511296080
4915511843515
4915510278775
4915511757800
4915511394799
4915511269370
4915511189965
4915511661755
4915511037006
4915511756244
4915510325068
4915510575269
4915510899593
4915511512055
4915511278670
4915511406314
4915510319733
4915511488356
4915511047849
4915511696260
4915510264413
4915511999205
4915511347442
4915510017953
4915510756892
4915511767321
4915511285735
4915510717457
4915511639815
4915511457160
4915510249315
4915511456786
4915510276949
4915511409220
4915510350456
4915510467081
4915510548540
4915511208585
4915511037994
4915510329084
4915511332024
4915510974123
4915511476814
4915511287236
4915510906522
4915510944409
4915510115732
4915511109980
4915510134605
4915510740528
4915510989848
4915511294320
4915511125957
4915510080982
4915511424352
4915511817328
4915511760100
4915510668163
4915510390723
4915510328436
4915510669651
4915510457689
4915510702985
4915510908454
4915510752021
4915510668577
4915511868897
4915510113093
4915511246578
4915510585469
4915511558986
4915511231176
4915510008334
4915510992117
4915510341780
4915511839280
4915510242120
4915511380518
4915511779311
4915511995580
4915510287327
4915511340040
4915510638235
4915511388809
4915510976706
4915510972152
4915511810185
4915510393860
4915510919016
4915511499477
4915511693504
4915511319310
4915511156340
4915511532394
4915511940657
4915511676492
4915511999443
4915510209257
4915511754070
4915510080881
4915510801162
4915510209629
4915511266909
4915511423016
4915510414728
4915511314111
4915511151230
4915511372348
4915510049308
4915511273812
4915511141153
4915511140249
4915510895512
4915511785889
4915510301069
4915510343100
4915510081829
4915510200765
4915511766123
4915510608255
4915511911917
4915511083680
4915511876529
4915511208414
4915510079303
4915511500778
4915510994052
4915511187934
4915511644652
4915511469554
4915511017887
4915511466681
4915510936058
4915510226010
4915510397132
4915511313314
4915511678798
4915510240302
4915511981393
4915511745943
4915511153618
4915510324734
4915511455631
4915510928958
4915511544615
4915511038297
4915511517899
4915511022232
4915510082957
4915511961175
4915511932390
4915511380621
4915511274374
4915511236788
4915511554065
4915511108440
4915511324002
4915511368102
4915511059597
4915510996412
4915510225484
4915511335884
4915510652837
4915511931652
4915511946683
4915510949250
4915511500341
4915510270313
4915511564709
4915511358528
4915511600805
4915510689169
4915511302354
4915511350559
4915511360337
4915510166548
4915511186415
4915511004254
4915510008483
4915510988178
4915511875914
4915511966992
4915511400965
4915511976412
4915510938568
4915511240571
4915510736847
4915510170907
4915510794098
4915510657692
4915511614438
4915511879680
4915510629959
4915510810888
4915511346436
4915510266625
4915510036776
4915511114222
4915510671121
4915510956281
4915511561552
4915511974380
4915510260211
4915510910559
4915510975635
4915510465192
4915510218542
4915511199270
4915511051120
4915510596073
4915510345681
4915511979002
4915510512610
4915511108697
4915510614508
4915510249176
4915510618408
4915511702912
4915511095755
4915511408134
4915511539951
4915511052307
4915511001029
4915510318142
4915511831830
4915510863712
4915510665914
4915511395427
4915511259523
4915510679576
4915511979137
4915511419787
4915510697325
4915510939947
4915510829010
4915510561347
4915511137572
4915510458520
4915511141785
4915510655959
4915511129249
4915511701796
4915511545794
4915511321435
4915511082792
4915510632847
4915511679778
4915510100992
4915510405621
4915511406918
4915510864149
4915510800188
4915510389129
4915510680828
4915511006368
4915511147198
4915511057939
4915511176236
4915510380984
4915511673085
4915511588385
4915510925299
4915510820871
4915511663802
4915511702341
4915511721519
4915511373840
4915511015391
4915510052086
4915511088157
4915511822927
4915510637618
4915510349310
4915510218436
4915511364342
4915510541820
4915510850315
4915510787956
4915511752851
4915510405424
4915510549626
4915511980611
4915510067011
4915510246870
4915511956966
4915511008385
4915510562315
4915511577775
4915510181767
4915511159553
4915511287148
4915511325416
4915510371622
4915511479494
4915510546144
4915511035432
4915510115350
4915510729402
4915511612673
4915511114101
4915510845436
4915511077323
4915511269337
4915510758837
4915511267777
4915510274175
4915511792902
4915511910420
4915510296570
4915510865273
4915510649881
4915511874384
4915511694004
4915510475540
4915510206749
4915511020099
4915511930047
4915510921850
4915510816236
4915511281297
4915510341858
4915511711235
4915510907028
4915510505074
4915510825181
4915510505894
4915510744480
4915511230342
4915511954026
4915511652981
4915511864060
4915511549797
4915511592967
4915510431151
4915511813720
4915510807251
4915510222796
4915510935066
4915510577284
4915511310122
4915511537126
4915511361951
4915511718201
4915510061463
4915511434664
4915511109542
4915510312479
4915511421592
4915511371958
4915510636358
4915511043480
4915511376250
4915511231834
4915511863358
4915510993578
4915510603743
4915511648328
4915510202727
4915510148314
4915510127758
4915511156591
4915510195735
4915511304842
4915511915681
4915510099887
4915510621401
4915511509457
4915510300691
4915511784192
4915510340732
4915511272599
4915511771907
4915511439420
4915510444009
4915510888105
4915511220753
4915511909670
4915511638489
4915511610398
4915511390765
4915510196745
4915510896961
4915511390853
4915510728428
4915510069582
4915511532872
4915511362720
4915510298153
4915511940934
4915511790836
4915510992000
4915510658176
4915510372880
4915511322909
4915511447258
4915511958423
4915511025194
4915511959854
4915511848738
4915511970110
4915510980480
4915510632183
4915511741869
4915510435864
4915511168769
4915511218126
4915511358250
4915511951636
4915511437144
4915510466257
4915511172196
4915511492989
4915511293650
4915511833169
4915510871350
4915511104342
4915510157131
4915510549692
4915511820657
4915510236993
4915511484983
4915511442174
4915510456269
4915510428206
4915511367166
4915510587927
4915510382661
4915510159387
4915511768575
4915511484042
4915511879374
4915511392241
4915511252306
4915510137956
4915510792628
4915510467060
4915511300837
4915510983266
4915510039618
4915511615282
4915511003673
4915510121809
4915510281715
4915510065839
4915511943799
4915511683731
4915510405713
4915511225403
4915511229120
4915510217290
4915510948925
4915510230167
4915510270026
4915510381102
4915511905581
4915510694361
4915511621644
4915511932161
4915511910600
4915511310809
4915510348514
4915510432292
4915510947074
4915510916709
4915511689386
4915511958219
4915510797368
4915510246210
4915510056187
4915511225269
4915511254181
4915511136578
4915510424378
4915510702202
4915510794783
4915510351896
4915511103025
4915510429630
4915510440892
4915511454827
4915511202935
4915510876100
4915511148458
4915511403648
4915511711572
4915511396632
4915511658517
4915511074568
4915511639533
4915511530131
4915510715536
4915510123415
4915511560679
4915510205478
4915510412737
4915511355839
4915510270873
4915510999733
4915511641056
4915511031662
4915510229674
4915511975161
4915511896581
4915510920402
4915510923812
4915511976121
4915510159811
4915510756421
4915511586573
4915511271027
4915510624778
4915511609331
4915510872285
4915510616770
4915511362404
4915511165498
4915510088876
4915511781616
4915511531972
4915511652766
4915510931194
4915511081172
4915510802180
4915511783516
4915511952915
4915511205198
4915511107205
4915510760352
4915510462852
4915511346534
4915510330798
4915510323636
4915510276078
4915510739851
4915510516830
4915511805438
4915510792448
4915511642803
4915510408439
4915511096687
4915510060776
4915511184175
4915510759933
4915510873872
4915510553880
4915511203858
4915511188639
4915511058946
4915511696292
4915511284656
4915510500492
4915510989302
4915510649037
4915511408359
4915511295504
4915510969018
4915510274162
4915511947513
4915510994793
4915510057576
4915511313037
4915510477674
4915510669808
4915511674765
4915511443638
4915511675205
4915510642679
4915511165006
4915510195855
4915511828829
4915511240505
4915510519969
4915510231241
4915510158295
4915511575411
4915510623635
4915510207476
4915511644513
4915511116802
4915510187256
4915510263201
4915510781845
4915510487363
4915510654380
4915510276582
4915511258070
4915511610890
4915511809129
4915510328621
4915511086140
4915511525551
4915511490679
4915510394198
4915510889453
4915511188303
4915510742385
4915511709702
4915511181534
4915511347552
4915510354336
4915511745083
4915510859419
4915511687530
4915511033652
4915511719504
4915510886928
4915510149832
4915511368469
4915510659310
4915510442160
4915510274000
4915510022216
4915510373611
4915510518714
4915511739497
4915511186995
4915511654503
4915511193369
4915510505570
4915510580942
4915511890000
4915510725116
4915511489964
4915511357355
4915510879638
4915511810234
4915511959555
4915510733136
4915511472119
4915511366557
4915511389273
4915511924219
4915510525570
4915511879680
4915510538803
4915510361674
4915511557575
4915511179402
4915511318848
4915510859922
4915510003203
4915510815888
4915511125439
4915510843495
4915510484980
4915510825815
4915510145032
4915511613503
4915510749726
4915511359353
4915511687854
4915510600287
4915510604153
4915510607580
4915511380715
4915510351832
4915511669783
4915511967311
4915510292524
4915510967976
4915510719586
4915510525286
4915511274628
4915511243510
4915511455260
4915510179387
4915510142610
4915510779838
4915510428196
4915510635623
4915510029473
4915511408295
4915510788849
4915510769653
4915510933907
4915510690250
4915511422214
4915511316177
4915511917738
4915510179618
4915511464159
4915510298595
4915510198685
4915510103828
4915510095247
4915511034155
4915511494529
4915510858109
4915510515576
4915511077879
4915510384772
4915511353658
4915511355827
4915511318538
4915510865018
4915511457561
4915511904744
4915510691354
4915511852011
4915511822383
4915510654556
4915511048890
4915510790200
4915510231849
4915510000158
4915510364697
4915511413933
4915511573714
4915510012322
4915510581611
4915511971572
4915510398677
4915511300918
4915510328571
4915511711205
4915511636332
4915510187456
4915511300744
4915510855872
4915510102388
4915511813503
4915510756554
4915511903150
4915510523078
4915511248488
4915510954363
4915511660666
4915510621238
4915511756050
4915511609565
4915510668005
4915510510058
4915511425851
4915510596522
4915510931977
4915510336488
4915510576333
4915511136352
4915510151803
4915511338113
4915511064088
4915510706502
4915511875753
4915510489041
4915510930139
4915510680977
4915510666521
4915510763253
4915510036303
4915511991169
4915510458077
4915510868969
4915511189513
4915511733535
4915511040994
4915511928117
4915511540872
4915511401694
4915511840743
4915510316317
4915511549166
4915510421842
4915511342798
4915511666641
4915511038850
4915511240912
4915511563859
4915510364008
4915510913947
4915510181926
4915511496277
4915510337775
4915511271814
4915510660592
4915510673310
4915510415104
4915511702680
4915511824880
4915511799905
4915510755035
4915510825782
4915511496001
4915510819523
4915511076958
4915511930957
4915510372205
4915510379799
4915510232116
4915511620223
4915510345430
4915511803105
4915510116191
4915510006304
4915511492725
4915510386554
4915510689693
4915511479584
4915510812845
4915511678790
4915510947979
4915510980390
4915510823394
4915511028400
4915510936864
4915510648660
4915510535057
4915510198177
4915511511621
4915510925419
4915510631864
4915511363079
4915510468154
4915510574996
4915511265962
4915511054624
4915511830546
4915510511305
4915511846815
4915510899213
4915511044454
4915510136733
4915510772139
4915511098051
4915510853576
4915511287804
4915510919939
4915511651376
4915511708773
4915511412367
4915511691532
4915510180165
4915511958698
4915511549578
4915510194228
4915511788458
4915510996426
4915510091333
4915511097022
4915510133363
4915510206091
4915510919638
4915511278115
4915510612100
4915511388741
4915510976566
4915510971308
4915511610971
4915510196659
4915511180897
4915511647499
4915510796649
4915511159038
4915510966376
4915511135231
4915510193930
4915510455985
4915511898642
4915511911764
4915510391933
4915510098545
4915510383920
4915511904461
4915511376265
4915510002956
4915511683857
4915511960126
4915511093933
4915510193033
4915510591561
4915511322394
4915511262681
4915510606496
4915511748888
4915511009702
4915510654519
4915510097009
4915511415120
4915511763560
4915511498655
4915510127555
4915510271334
4915511671895
4915510780168
4915510611649
4915510847774
4915510363536
4915510035579
4915510238482
4915510457391
4915510048173
4915510376028
4915510742063
4915511368446
4915510603863
4915511408520
4915510137977
4915511658579
4915510706873
4915511935051
4915510997496
4915510991244
4915511780711
4915510667079
4915511844423
4915511567300
4915510878949
4915510860219
4915511331651
4915511108092
4915510315615
4915511971237
4915510873423
4915510514279
4915510243479
4915511056496
4915510139853
4915510684504
4915510824431
4915511133279
4915511652557
4915510812192
4915511991414
4915510404409
4915511827501
4915510915395
4915510715159
4915511468283
4915510409799
4915510851274
4915510252170
4915511160904
4915511126191
4915511119934
4915511436810
4915511769435
4915510783088
4915510455182
4915511227950
4915510718966
4915510007166
4915510477479
4915511703029
4915511575335
4915510470447
4915510298690
4915511518651
4915510923435
4915510337476
4915510525743
4915511321371
4915510012735
4915510927795
4915511886621
4915511619011
4915511839065
4915511329666
4915510505007
4915511688200
4915510333147
4915511654071
4915511190438
4915510482106
4915510511092
4915511938563
4915510998441
4915511015024
4915510017510
4915510536985
4915511474993
4915510831473
4915510754238
4915511730676
4915510746114
4915510491906
4915510002672
4915511704164
4915511655851
4915510182763
4915510033030
4915510416668
4915510243025
4915510322505
4915511185124
4915510833792
4915511220940
4915510717535
4915511382128
4915511473432
4915510705925
4915510475116
4915511988438
4915510109664
4915510602563
4915510639524
4915511577776
4915511977181
4915511100526
4915510661851
4915510102335
4915511821309
4915510888909
4915510553896
4915510940287
4915511011880
4915511811820
4915511339024
4915511328664
4915511935308
4915511790241
4915511920290
4915510483528
4915511204051
4915511227787
4915510288405
4915510051616
4915511591280
4915511873599
4915510536472
4915511493563
4915510856023
4915511028946
4915511176788
4915510935280
4915511933110
4915510613466
4915511283635
4915510056926
4915511782437
4915510174850
4915511452809
4915510437654
4915510069660
4915511899008
4915511005140
4915511075359
4915510295070
4915511557420
4915510550350
4915510122984
4915511718912
4915511915570
4915511799923
4915510437389
4915510449259
4915510631048
4915511533983
4915511291156
4915510820165
4915511623954
4915511173792
4915510570274
4915511472400
4915511233303
4915510689614
4915510638666
4915510780537
4915510115174
4915511169600
4915510026306
4915511899520
4915511816243
4915510887049
4915510359949
4915510762195
4915510437449
4915511116428
4915510081309
4915511795635
4915510793586
4915510306727
4915510308023
4915511769604
4915511693657
4915510276209
4915511339941
4915511722731
4915510499867
4915510848998
4915510356338
4915511130464
4915511477418
4915510258384
4915510634905
4915511869385
4915511959553
4915510517227
4915511562041
4915510681115
4915510563959
4915510005264
4915510462669
4915511950933
4915511639525
4915511945106
4915510206598
4915510424263
4915510839113
4915511406676
4915510627506
4915510378330
4915510588164
4915511642059
4915510864898
4915511571221
4915511096136
4915510987284
4915510964056
4915510783941
4915511351435
4915511346554
4915511666720
4915511081226
4915511837235
4915510260728
4915511256051
4915511127784
4915511209790
4915510074824
4915511937182
4915510797455
4915510759648
4915511342094
4915511786646
4915510573910
4915511124262
4915511062079
4915511709061
4915511133591
4915510244535
4915510901073
4915510681116
4915511715838
4915510827958
4915510716044
4915510913733
4915511927563
4915511750117
4915510476206
4915511507989
4915511396367
4915511059024
4915510430941
4915510441178
4915510343630
4915511009624
4915511673740
4915511876168
4915511141217
4915510805993
4915511518667
4915510623527
4915511486772
4915511037917
4915511644678
4915511871077
4915511548649
4915511837242
4915510435587
4915511612568
4915510314001
4915510988728
4915510947674
4915510656930
4915510655174
4915510268711
4915511664097
4915510760861
4915510056381
4915510132282
4915511813803
4915510676979
4915511206177
4915511657105
4915510282398
4915510522760
4915510730774
4915511850348
4915510108802
4915511565398
4915510000264
4915510037357
4915510448197
4915511679273
4915510607721
4915511425852
4915511028104
4915510611688
4915510102562
4915510604977
4915510196996
4915510103946
4915511658710
4915511734276
4915510244438
4915510973430
4915511410112
4915510281690
4915510295430
4915510701056
4915511819657
4915510985595
4915510964759
4915511603474
4915511461483
4915511874925
4915511474116
4915511104121
4915510559156
4915510779542
4915510450977
4915510712915
4915511873956
4915510640514
4915510698805
4915511629488
4915510940765
4915510469414
4915511921407
4915511009264
4915511340195
4915511371908
4915510210168
4915510539598
4915511761693
4915510458705
4915510048470
4915511208049
4915511138307
4915510840686
4915510478741
4915511047754
4915510999656
4915510089332
4915511315542
4915510652145
4915511592961
4915510729889
4915511085607
4915510586928
4915511251180
4915511850213
4915510539413
4915511283053
4915511159871
4915511114605
4915511637652
4915511677180
4915510758802
4915511620492
4915510454055
4915510880369
4915510695280
4915510811430
4915510278473
4915511501713
4915510959936
4915511405934
4915511715951
4915511749153
4915510522926
4915511826573
4915511019940
4915511514021
4915511470448
4915511522864
4915511571442
4915511565940
4915511074757
4915511325372
4915511531892
4915511712000
4915510156002
4915511903566
4915511904758
4915510711105
4915511208388
4915511497956
4915510087035
4915510935971
4915510161366
4915511042332
4915510942004
4915511641761
4915510590767
4915510514861
4915511445896
4915511764783
4915510346032
4915511180986
4915510397629
4915510549857
4915511484880
4915510924438
4915511377321
4915510271044
4915511852111
4915510813175
4915510864334
4915510424756
4915511571546
4915511672805
4915510351104
4915511051410
4915510741908
4915511399009
4915511504514
4915511685472
4915510971973
4915510059701
4915510026586
4915511750396
4915511956312
4915511760978
4915510091017
4915511831697
4915511586000
4915510556490
4915511412856
4915511530596
4915510956125
4915511727818
4915510444080
4915510480529
4915510200362
4915511765127
4915511725186
4915511869798
4915510870402
4915510168307
4915511603093
4915511094096
4915511885531
4915510295145
4915510087960
4915511806351
4915510655198
4915510942051
4915510978938
4915510225756
4915511831890
4915510261436
4915510684237
4915510093398
4915510752789
4915511549730
4915511932014
4915511066310
4915510191889
4915510206055
4915511951567
4915510919100
4915511546663
4915510352597
4915511627127
4915510583477
4915510232936
4915510823037
4915510469387
4915510562984
4915511516449
4915510889011
4915510466592
4915511108787
4915511623622
4915511185557
4915510433586
4915511658994
4915510414456
4915510638675
4915510490232
4915511750909
4915510481922
4915510699739
4915511825654
4915511437304
4915511585414
4915511327057
4915511619198
4915511657306
4915511307481
4915510816168
4915511946643
4915511753649
4915510207150
4915510798885
4915510942290
4915510318076
4915511802081
4915511497716
4915510348620
4915510192512
4915510475698
4915511869896
4915511371000
4915511460518
4915511952670
4915510375008
4915511398917
4915511016427
4915511684898
4915511330179
4915511030472
4915511441629
4915510677510
4915510237706
4915511573422
4915510863179
4915510021675
4915511728200
4915510648950
4915510878575
4915511775827
4915510622041
4915511616461
4915510892782
4915511656808
4915510128019
4915510198267
4915510069410
4915511708704
4915510622783
4915510389591
4915510038088
4915511354868
4915510893575
4915511701617
4915511627739
4915511201515
4915511155960
4915510906618
4915511048688
4915510505931
4915510895458
4915510325881
4915510103004
4915511496244
4915511851812
4915511478899
4915510712914
4915510380676
4915511149075
4915510323287
4915510989389
4915511448144
4915510309958
4915511289563
4915511835621
4915511100772
4915510699736
4915510942326
4915511960969
4915510571864
4915510274042
4915510456158
4915510963677
4915511622665
4915511922765
4915511400685
4915511582262
4915510323347
4915510028976
4915510547605
4915511682457
4915510755375
4915511255591
4915510889942
4915510919431
4915510367214
4915511603994
4915510746541
4915511977367
4915511106349
4915511504665
4915511915435
4915510914693
4915510249870
4915510026972
4915510278521
4915511074244
4915510959248
4915511863921
4915510295996
4915510183632
4915511071239
4915511885712
4915510897016
4915510234942
4915510634842
4915510233181
4915510588391
4915510118474
4915511935863
4915511003792
4915511644954
4915510596431
4915511520768
4915511433302
4915510493461
4915511637919
4915511231519
4915510086942
4915510354120
4915510901882
4915510636502
4915510379981
4915510675008
4915511182086
4915511014380
4915510947029
4915510121177
4915510388259
4915511633363
4915510451017
4915510758807
4915511202678
4915511269208
4915511503335
4915511855535
4915510140627
4915511145187
4915511296599
4915511646237
4915510581892
4915511413997
4915511865393
4915510043010
4915510886255
4915511850511
4915511407699
4915511852147
4915510857531
4915510160266
4915511211192
4915511418231
4915511126798
4915510965288
4915511207476
4915511853990
4915510172512
4915511973055
4915511991554
4915511917942
4915510046462
4915510856009
4915511623802
4915510361074
4915510396370
4915511410129
4915510676911
4915510009585
4915511072412
4915511343690
4915510189935
4915511315412
4915511194138
4915510228884
4915511418851
4915511048390
4915510927863
4915511040894
4915510285869
4915511480138
4915511076334
4915510708188
4915511062547
4915511389500
4915511993328
4915511805095
4915511773574
4915511027026
4915510607258
4915510079857
4915511820214
4915510370195
4915510663388
4915510703439
4915511512662
4915510783735
4915511034293
4915510997486
4915510067264
4915510308944
4915510959882
4915510144900
4915511784056
4915511725499
4915511079516
4915511514359
4915511257378
4915511128125
4915511654826
4915510455575
4915511973492
4915510252439
4915511496294
4915510717264
4915511235510
4915511521728
4915511332399
4915510812806
4915511065561
4915510213810
4915510847468
4915511286702
4915511509424
4915511898875
4915511941623
4915511787263
4915510661499
4915511969901
4915511947822
4915510165681
4915511388939
4915511292014
4915511889330
4915511583363
4915510872396
4915510190278
4915510782377
4915510982873
4915511137047
4915511529093
4915511984988
4915510347441
4915510818243
4915510411177
4915511057967
4915510386478
4915510603852
4915510881455
4915511462681
4915511793424
4915511232257
4915510422650
4915511937975
4915510576033
4915510779142
4915510275415
4915511256757
4915510589608
4915511570064
4915511835838
4915511044234
4915510633360
4915510544208
4915511337949
4915510139183
4915510907549
4915511432057
4915510023298
4915511483979
4915510617835
4915511173238
4915510722958
4915511753468
4915511164961
4915511357273
4915510668788
4915511458848
4915511816393
4915510112157
4915510386729
4915510501055
4915510539881
4915511507610
4915511934668
4915511653887
4915511023151
4915511791521
4915511060418
4915510574791
4915510423831
4915511852529
4915511698359
4915510874893
4915510136574
4915511928262
4915511047785
4915510807131
4915510309575
4915511827505
4915511629266
4915511005285
4915511064188
4915511543703
4915510916037
4915510495563
4915511684686
4915510682523
4915511056359
4915510139468
4915510150135
4915511055272
4915510703968
4915510170134
4915510631314
4915510722035
4915510086655
4915510102081
4915510992131
4915511253003
4915510339774
4915511640904
4915510451356
4915510048290
4915510056870
4915511854063
4915511890429
4915510840437
4915510464448
4915510252687
4915510328145
4915510080893
4915511702411
4915511400002
4915510308731
4915511374530
4915510494031
4915510069018
4915510701325
4915511671983
4915510012973
4915511927063
4915510631235
4915510098615
4915511822169
4915510234346
4915511351801
4915511714462
4915511905596
4915510611370
4915510735924
4915511688648
4915511093380
4915510749054
4915511494043
4915511883493
4915511730153
4915511949442
4915510540625
4915511309786
4915511899489
4915511868370
4915511516278
4915510409199
4915510640655
4915511453907
4915511643270
4915510238069
4915511482576
4915510079911
4915511221463
4915511093522
4915510882855
4915510060042
4915511336098
4915510194473
4915511701422
4915510887125
4915511242317
4915511697741
4915511657994
4915511279097
4915510651092
4915510849989
4915510037617
4915511611319
4915511257250
4915511336403
4915510845540
4915511909787
4915510333247
4915511425866
4915510350773
4915510567958
4915510256469
4915511187599
4915511379488
4915510244945
4915511349915
4915511177415
4915510148211
4915510156252
4915510222394
4915510983781
4915510050927
4915511080354
4915510997091
4915511673686
4915511658218
4915510488318
4915510966724
4915510741598
4915511265346
4915511851066
4915511158833
4915511288392
4915511711890
4915511770784
4915510802276
4915511173579
4915511057780
4915510104033
4915510439703
4915511408979
4915510311273
4915510180838
4915511712787
4915510955115
4915511022352
4915511501961
4915510700630
4915510320026
4915510806570
4915511408554
4915511688623
4915510981977
4915510717154
4915510267913
4915510577423
4915511752425
4915511153087
4915511162146
4915511878864
4915510562030
4915510056046
4915510219172
4915511675622
4915511802036
4915510366788
4915510366538
4915511663100
4915510783573
4915511469130
4915511050422
4915511494969
4915510043541
4915511414880
4915510896902
4915511653496
4915510932410
4915510953653
4915511774564
4915510019705
4915511169911
4915510002207
4915511371139
4915511415216
4915510559739
4915510911120
4915511097945
4915510603712
4915510452262
4915511836360
4915511446271
4915510433507
4915510683793
4915510536316
4915510797851
4915510701066
4915511563396
4915510012787
4915510797161
4915510298157
4915510490836
4915511564402
4915510704559
4915510473233
4915510075136
4915510596995
4915510491574
4915511241130
4915510370860
4915511253852
4915510425814
4915510955637
4915510809584
4915511687139
4915510352929
4915510319383
4915510232696
4915510480786
4915510624475
4915510880922
4915511940916
4915510601394
4915510909125
4915511426349
4915511378339
4915510000758
4915511316075
4915511984474
4915511632425
4915511026457
4915511895114
4915511779933
4915511486906
4915510952345
4915510080221
4915511382039
4915510046908
4915510591490
4915511443942
4915510253476
4915511479801
4915511518921
4915511604111
4915511599419
4915510292914
4915510261076
4915510817973
4915510321559
4915510415604
4915510423023
4915511772319
4915510055999
4915511892186
4915510998101
4915510181818
4915511689124
4915510698397
4915511472703
4915510672019
4915510242066
4915511349252
4915510889378
4915511451355
4915511304968
4915511703468
4915511448187
4915510027849
4915511007949
4915510425708
4915510541886
4915511026081
4915510143437
4915510972136
4915510132772
4915510765868
4915510222445
4915511819477
4915510919548
4915510002855
4915510370094
4915510639972
4915511263107
4915511921369
4915510016023
4915510789513
4915510703099
4915511526517
4915511415447
4915510371917
4915510336834
4915511365010
4915511984024
4915511139496
4915510541851
4915510834274
4915511796621
4915510778388
4915510067439
4915510523321
4915510628692
4915511406180
4915510963995
4915510664809
4915511359729
4915511188598
4915511096641
4915511154325
4915510168666
4915510819633
4915511879459
4915510750966
4915511773549
4915511792822
4915511251130
4915510380348
4915511788949
4915511579981
4915511035297
4915510986446
4915510169338
4915511367931
4915510166913
4915510577112
4915510240827
4915510304905
4915511920800
4915511096903
4915510607885
4915510616019
4915510636433
4915511675596
4915511030335
4915510926237
4915510570144
4915511843556
4915511675008
4915510200097
4915511656307
4915510484424
4915510579780
4915511082931
4915510254012
4915510777059
4915511975791
4915510141317
4915510565758
4915511748743
4915510113272
4915510269728
4915511639061
4915511942014
4915511108325
4915510110612
4915511929807
4915510321918
4915511348659
4915511046399
4915510867912
4915510886066
4915510125334
4915510658067
4915511339373
4915511347684
4915511078648
4915511067436
4915510861048
4915510954711
4915510853221
4915510119180
4915510821354
4915511883538
4915510692618
4915511894227
4915511731239
4915510576000
4915511877187
4915510948556
4915510785931
4915510290674
4915511664444
4915510159957
4915510520544
4915510245288
4915511574169
4915510658988
4915511856936
4915510529265
4915510136586
4915510139970
4915511202760
4915511659156
4915511787425
4915510935144
4915511128747
4915510435574
4915511965039
4915510968924
4915511623950
4915511505645
4915511724588
4915510402530
4915510377291
4915511430446
4915510366406
4915511235015
4915511704325
4915510539700
4915510565335
4915510560585
4915510390104
4915510832281
4915511247447
4915510419505
4915511162589
4915511305694
4915511197521
4915511036966
4915510331210
4915511503971
4915511525574
4915511915052
4915510449549
4915511025873
4915510591541
4915511393983
4915511682404
4915510688562
4915511813396
4915510453392
4915511444231
4915511372341
4915510069295
4915510589877
4915510908019
4915511796941
4915510222101
4915510732237
4915511382903
4915511462914
4915511845988
4915511881271
4915510483737
4915510638372
4915510208754
4915510441910
4915510452085
4915510314968
4915511048169
4915511464543
4915510845869
4915511555092
4915510280718
4915511250724
4915510145887
4915511345634
4915510693098
4915510779515
4915511405471
4915510137948
4915510034303
4915510129199
4915510595140
4915510124043
4915511961829
4915511043219
4915511884491
4915511091482
4915510378194
4915511512638
4915511379656
4915510140355
4915511812878
4915510016338
4915510072726
4915511941984
4915511278429
4915510375050
4915511194199
4915511125960
4915511501527
4915510119357
4915511035599
4915510074009
4915510916584
4915511354432
4915510075494
4915510204412
4915511072569
4915510810423
4915511687309
4915510649186
4915510867450
4915511683941
4915510649045
4915510348482
4915510588327
4915510869586
4915510824528
4915510918026
4915510165910
4915510270911
4915511269837
4915510813382
4915510264108
4915510051422
4915511250558
4915511018646
4915510230724
4915511444316
4915511917677
4915510711700
4915511974221
4915510339100
4915511855668
4915511532069
4915510075218
4915511266573
4915510263924
4915511363226
4915511485320
4915510257564
4915510378710
4915510614956
4915510508239
4915510506491
4915511031714
4915511589559
4915511482237
4915511612914
4915511310223
4915511490362
4915510088257
4915510772665
4915511955939
4915510399515
4915510491712
4915510765907
4915510849113
4915510875743
4915510502002
4915511860477
4915510250675
4915510208907
4915511020585
4915510099858
4915510418986
4915510826577
4915511319469
4915510960288
4915511708088
4915510118940
4915510055152
4915511497926
4915510136620
4915510519353
4915510676756
4915510469751
4915510763028
4915510789829
4915511115871
4915511831916
4915511136291
4915510206517
4915510461824
4915511662135
4915511649437
4915511835986
4915511527932
4915511039465
4915510459267
4915511399483
4915510134343
4915511557492
4915510563401
4915510743188
4915511418417
4915510873354
4915510835107
4915510753901
4915510747826
4915511522850
4915510847742
4915511452935
4915511130983
4915510551339
4915511030413
4915511418896
4915511660963
4915511835860
4915510597682
4915511362396
4915511230704
4915511016025
4915511767288
4915510779699
4915510562938
4915511758531
4915510100825
4915510944527
4915511634122
4915510981340
4915510726182
4915511189637
4915511554198
4915511074522
4915510288250
4915510325603
4915510379940
4915510905671
4915510045408
4915511625049
4915511296742
4915511461406
4915511026042
4915511313578
4915511549760
4915510758171
4915510156058
4915511777086
4915511546145
4915510049117
4915510865579
4915510655189
4915511505570
4915511954127
4915511013472
4915510783375
4915510098075
4915511538038
4915511109981
4915511183177
4915511718404
4915511144997
4915510293211
4915510945916
4915511890173
4915511630772
4915510120907
4915510716282
4915510941455
4915511942262
4915511427708
4915510890663
4915511256654
4915511484798
4915510989593
4915511195057
4915511254761
4915510710770
4915511550593
4915510050964
4915510215785
4915510531825
4915511467343
4915511017427
4915510809951
4915511935224
4915510881255
4915511172596
4915510340442
4915511970810
4915510033439
4915510592727
4915511109169
4915511863212
4915511053567
4915510947563
4915510250106
4915511884069
4915511300569
4915511301152
4915511874495
4915511293080
4915510090221
4915511866552
4915511926980
4915510879588
4915510192511
4915510080503
4915510024790
4915511443547
4915510961361
4915510777212
4915510767218
4915510013409
4915510773248
4915511265822
4915511294598
4915511763979
4915511835708
4915511846498
4915510339487
4915511285774
4915511505417
4915511073730
4915511444680
4915511224332
4915511796783
4915510548227
4915510071751
4915510143916
4915511286022
4915511148406
4915510293580
4915510898073
4915511063336
4915510774044
4915511419798
4915511601742
4915510568895
4915510803201
4915511032049
4915510485696
4915511430361
4915511730552
4915511165505
4915510085089
4915510395076
4915510877969
4915511302686
4915510588556
4915510179558
4915511304681
4915510820815
4915511871739
4915511290894
4915511431351
4915510649113
4915510971197
4915511810304
4915511230800
4915511986728
4915511179941
4915511080018
4915511300613
4915511129828
4915511311494
4915510242592
4915510196561
4915511159237
4915511404388
4915511779290
4915510781241
4915511068053
4915511541705
4915510395969
4915511970966
4915510989172
4915511263948
4915510407444
4915510703191
4915511769979
4915510435963
4915511583406
4915511315544
4915510811558
4915510471084
4915510471907
4915510143057
4915510994667
4915510621708
4915510682071
4915511511992
4915511071440
4915511999578
4915511398849
4915510606895
4915510839886
4915511476166
4915511148023
4915510473501
4915511880362
4915510707279
4915510130171
4915510463341
4915511673826
4915510237679
4915510325555
4915511349447
4915510756996
4915511213390
4915510243605
4915511354920
4915511728278
4915511993698
4915510127674
4915511322177
4915510620999
4915511109252
4915511149743
4915511840999
4915510271273
4915510337196
4915510654712
4915511349541
4915510399498
4915510667103
4915511119222
4915511376595
4915511542504
4915510236623
4915511572573
4915511701463
4915511359746
4915510439275
4915510896019
4915511667827
4915510032694
4915510653750
4915511485005
4915510873237
4915511569228
4915510384962
4915510192934
4915511107091
4915510286859
4915510474817
4915511301035
4915510744305
4915510840758
4915511219027
4915510351579
4915510141717
4915511740801
4915511577163
4915511182990
4915510261518
4915511753114
4915511013429
4915511824164
4915511600298
4915511041802
4915510028702
4915511162165
4915511991544
4915510119203
4915511192446
4915511121536
4915511990040
4915511960605
4915511434147
4915510304868
4915510036317
4915511798728
4915510542985
4915510647202
4915511409593
4915510408643
4915510480399
4915510405553
4915511287588
4915511687262
4915510758729
4915510750211
4915510342864
4915510954148
4915511776154
4915510693812
4915511375044
4915510308879
4915510107593
4915511660249
4915510594513
4915511211455
4915511485745
4915511492196
4915511061078
4915511745739
4915510253564
4915511764575
4915510859890
4915511423838
4915511712809
4915510145272
4915511192617
4915511779327
4915511813740
4915511820671
4915511333551
4915510543450
4915510198471
4915510971685
4915510480750
4915511481748
4915511336099
4915511962739
4915511949595
4915511365325
4915510112891
4915511600180
4915510379769
4915510537596
4915510693770
4915510023318
4915510689786
4915510750237
4915510128202
4915511389695
4915511179027
4915510238424
4915510528402
4915511197204
4915511995796
4915511526693
4915511810119
4915510091967
4915511416988
4915511283629
4915511370839
4915511057914
4915510213849
4915510936005
4915510776765
4915510946403
4915510659035
4915511694046
4915510572313
4915510251969
4915511144651
4915510862723
4915510765753
4915510048948
4915510106923
4915510376319
4915510193839
4915511367566
4915511019511
4915510075835
4915511518622
4915511198041
4915510662458
4915511922652
4915511430483
4915510873219
4915511345654
4915511068202
4915510162693
4915511709635
4915510612530
4915511041650
4915511274124
4915511536085
4915510380781
4915511220799
4915510756898
4915510926080
4915511145275
4915510982348
4915510654268
4915511214219
4915511135921
4915510648576
4915510211426
4915511831575
4915510371765
4915510842694
4915510895990
4915511947763
4915510067748
4915511032772
4915511058500
4915511694812
4915511051425
4915511619267
4915511089884
4915510430139
4915510855723
4915510079728
4915511927343
4915511833311
4915511068209
4915510392135
4915510578672
4915510267510
4915511879415
4915511026097
4915510780943
4915510613595
4915511357277
4915510279089
4915511227669
4915510341849
4915511484117
4915510663004
4915510128890
4915510865997
4915510939258
4915511225728
4915511514058
4915511574819
4915510550207
4915511468578
4915510500470
4915510925247
4915510675055
4915510613448
4915510599460
4915511767788
4915511182498
4915511542123
4915511854565
4915511579135
4915510434294
4915511331451
4915511107724
4915510460930
4915511209554
4915510547782
4915511305509
4915511925720
4915511344026
4915510818430
4915511295012
4915511603921
4915510264137
4915511795253
4915510344105
4915510595856
4915511579968
4915510235597
4915511698429
4915510281329
4915511168149
4915510626253
4915511325237
4915511827772
4915510997468
4915511028963
4915510763669
4915510295424
4915510908670
4915510836838
4915510060663
4915511296571
4915511963819
4915510705793
4915511106156
4915511461001
4915511797112
4915510007863
4915510230329
4915510143355
4915511247911
4915511465305
4915510686575
4915510115397
4915510139910
4915510987568
4915510454066
4915511968902
4915511613637
4915510906192
4915510650874
4915510308823
4915510946657
4915511670780
4915510915463
4915511840140
4915510331473
4915510588898
4915510479498
4915511127193
4915510860063
4915511144096
4915511510560
4915511753636
4915510300779
4915511462292
4915510960227
4915510628342
4915511470323
4915510497792
4915511345015
4915510049839
4915510857500
4915511060393
4915511496758
4915510043932
4915510517091
4915511874225
4915511209211
4915510803841
4915511185760
4915510621507
4915511746981
4915511807820
4915510818953
4915510192732
4915510722601
4915510319146
4915510782683
4915511637401
4915511557655
4915511161641
4915510084855
4915510441356
4915511775270
4915511810094
4915510921890
4915510365047
4915511911264
4915510110978
4915510131709
4915511125068
4915511237047
4915511264673
4915510169872
4915511827420
4915510810167
4915510793261
4915511181411
4915511200955
4915511834277
4915511775600
4915510059343
4915510253419
4915511865469
4915511005576
4915511531138
4915511598658
4915511139468
4915511723545
4915510332785
4915510909626
4915511626068
4915511807532
4915511945979
4915510237758
4915510651682
4915510253482
4915511472706
4915510541549
4915510999728
4915511276166
4915511383658
4915511297075
4915510099150
4915511649392
4915510418382
4915511428393
4915510023063
4915510168014
4915511520551
4915510283230
4915510767917
4915510304638
4915510232312
4915510103645
4915510231209
4915511723937
4915510488299
4915511073665
4915510296342
4915511039538
4915511147855
4915511766537
4915511324283
4915510231711
4915510460284
4915511237534
4915511327859
4915510980860
4915511505512
4915511630504
4915510631578
4915511050955
4915511977149
4915511832039
4915510662446
4915510460002
4915510732680
4915510986469
4915511049171
4915510372934
4915511542448
4915511268720
4915510170343
4915511126958
4915510466629
4915510003946
4915511664285
4915511079379
4915511080905
4915511086020
4915510193840
4915510385381
4915510937119
4915510221212
4915510446599
4915511345787
4915510172716
4915511182129
4915510182471
4915510361762
4915510740326
4915511541435
4915511285457
4915511055042
4915511042792
4915510917186
4915511347707
4915510305459
4915511786477
4915510930540
4915510246457
4915511589136
4915510834454
4915511979972
4915510779904
4915510541570
4915511738527
4915511397335
4915510501742
4915511738300
4915511497676
4915511039414
4915511963256
4915510194286
4915511405796
4915511654228
4915510377127
4915511440426
4915510717599
4915511339237
4915511707443
4915511888588
4915511289193
4915511551998
4915510248609
4915511472988
4915511868761
4915510466739
4915510214478
4915511173301
4915510086567
4915511104692
4915511764470
4915511233111
4915510584486
4915511110680
4915511091040
4915511762470
4915511855633
4915510728436
4915510613653
4915511613779
4915511008824
4915510492698
4915511076621
4915511852698
4915511545931
4915510282169
4915511746201
4915510480396
4915511198071
4915510730989
4915510406024
4915511166937
4915511510093
4915511511894
4915511311205
4915510937279
4915511806328
4915510709646
4915510443984
4915511214389
4915510885421
4915510292946
4915511613807
4915510823061
4915511254454
4915510002184
4915510251240
4915511994619
4915511326098
4915510936047
4915510968768
4915510806314
4915510664768
4915511115459
4915511967167
4915510108275
4915510924302
4915510814913
4915510851184
4915511120105
4915511415449
4915511146786
4915511809103
4915510694696
4915510575049
4915511601274
4915511114700
4915511714472
4915510349190
4915511161000
4915511957390
4915511916433
4915510316258
4915510883217
4915511881564
4915510171164
4915511375178
4915510103226
4915511323614
4915510933483
4915510547303
4915510458466
4915511220864
4915511953008
4915511611683
4915511240465
4915510472684
4915510527315
4915510677504
4915510101067
4915511282190
4915511720104
4915510483833
4915510600665
4915510382014
4915510943449
4915510560348
4915510203410
4915510205904
4915511211341
4915510738867
4915511732520
4915510089262
4915510768447
4915511168852
4915510083292
4915511769252
4915511062097
4915510816200
4915510580555
4915510396352
4915510920344
4915510324822
4915511309536
4915510329945
4915510816586
4915510585343
4915511919636
4915511985518
4915510033632
4915510729473
4915510887911
4915511109953
4915511293368
4915510158750
4915511606500
4915511643559
4915511767722
4915511804401
4915510458381
4915510241382
4915511730393
4915511495703
4915510372147
4915511692869
4915510288447
4915511425176
4915511463990
4915510859304
4915511187444
4915510757276
4915511412428
4915510052286
4915511265016
4915510076070
4915511419842
4915511998953
4915510592417
4915511536823
4915511925690
4915511211460
4915511318415
4915511017222
4915510766985
4915510693584
4915510916931
4915510011263
4915510174332
4915511057783
4915510374429
4915510836370
4915511978701
4915511852066
4915510605553
4915511152898
4915511282531
4915510698458
4915510639612
4915511810113
4915510342073
4915511837337
4915511910195
4915511173632
4915510572330
4915511023424
4915511823473
4915510926696
4915511239885
4915510694171
4915511197599
4915511461672
4915511417343
4915510706894
4915511366892
4915510770401
4915511043009
4915511581526
4915511852589
4915511725753
4915511746817
4915510154259
4915511952893
4915511901809
4915511643111
4915510589669
4915511867141
4915511162575
4915511054690
4915511692385
4915511726947
4915511042844
4915510433249
4915510870541
4915511016510
4915511091316
4915510540532
4915510912933
4915510506534
4915511918291
4915510277524
4915510846091
4915510551628
4915511880197
4915511244673
4915511502599
4915510147719
4915511199478
4915511209565
4915510251979
4915511718477
4915510802219
4915510489165
4915511479397
4915511130100
4915510740182
4915511422845
4915510601497
4915511658005
4915510156615
4915510375475
4915510015400
4915510799750
4915510916286
4915511781753
4915511332610
4915510919004
4915510551816
4915511417582
4915510586529
4915511204270
4915511698436
4915511704868
4915510497236
4915511643740
4915510421075
4915510867905
4915511020316
4915511535507
4915511182124
4915510444923
4915510415409
4915510862991
4915511731651
4915510303813
4915511354135
4915510000069
4915511884441
4915510670616
4915511723803
4915510091784
4915511123200
4915510334285
4915511687758
4915510465637
4915511799276
4915510200915
4915510801875
4915510751532
4915511212693
4915511776351
4915511826764
4915510829780
4915510744176
4915511451721
4915510030685
4915511960279
4915510704789
4915511280600
4915511125378
4915511111557
4915511420208
4915510298723
4915510158761
4915510548398
4915511138626
4915511529869
4915510174497
4915511992050
4915510098346
4915511580310
4915510945989
4915511920995
4915511661333
4915510177567
4915510751428
4915511670318
4915511426056
4915511500761
4915511891993
4915510621246
4915510508215
4915511906394
4915510756240
4915510379049
4915511514093
4915511493074
4915511581200
4915511167710
4915511282448
4915510772975
4915511227689
4915510987569
4915511106271
4915511240327
4915510559108
4915511214564
4915511058300
4915510791325
4915510601641
4915510661502
4915510393392
4915511507720
4915511041168
4915510749237
4915510061976
4915510768691
4915510002554
4915510653637
4915510337618
4915511088979
4915510039627
4915511742929
4915511300579
4915510283227
4915511586559
4915511266126
4915511822280
4915511244854
4915510579387
4915511524042
4915510672807
4915511635659
4915510719916
4915511836478
4915510574771
4915511950168
4915510563077
4915510603010
4915510136577
4915511089574
4915510971582
4915510119770
4915510214720
4915510701591
4915510874536
4915510960198
4915511534256
4915511821930
4915510178296
4915511845690
4915511939139
4915510916041
4915511665482
4915511315533
4915511299336
4915511662017
4915511996022
4915511457240
4915510925965
4915511840950
4915510524985
4915511611624
4915510406983
4915511355977
4915511195307
4915510655594
4915511812236
4915511468167
4915511222527
4915510886388
4915510374035
4915511473054
4915510378600
4915511077330
4915511692235
4915510220960
4915510608408
4915511606840
4915510537331
4915511422940
4915510721895
4915510092373
4915511211717
4915510910176
4915511819913
4915510782378
4915510313538
4915511929904
4915511926958
4915511775809
4915510251636
4915511228080
4915510305342
4915511518521
4915511829827
4915511020105
4915511357954
4915510935655
4915510855576
4915510221043
4915510909153
4915510211047
4915510701479
4915511940154
4915510033570
4915511748696
4915510323105
4915511432589
4915511951175
4915510477380
4915511195522
4915510833139
4915510102149
4915511752658
4915510529577
4915510890167
4915511795004
4915511251577
4915510423802
4915510277165
4915511902434
4915511198784
4915511475409
4915510076806
4915511551124
4915511304733
4915510432869
4915510378158
4915510820840
4915510414415
4915511753542
4915510546514
4915511851202
4915511076873
4915511657151
4915510155700
4915510257292
4915511360102
4915511170865
4915511378490
4915511865277
4915510621734
4915510120029
4915510452333
4915510704650
4915511105196
4915510584623
4915511571175
4915511673049
4915511553710
4915510349402
4915510660527
4915510557505
4915510105139
4915511348264
4915510522249
4915510724148
4915510739626
4915511492277
4915510381363
4915511512017
4915511694918
4915510642328
4915511187999
4915510125305
4915511487753
4915510805962
4915510768538
4915511825379
4915510937518
4915511604895
4915510308086
4915510860684
4915511823764
4915510866688
4915510648926
4915511236308
4915510790959
4915511854717
4915511482028
4915510153968
4915510946852
4915510662722
4915511357906
4915511288843
4915510188634
4915510134430
4915511869937
4915511474570
4915510693606
4915511786218
4915511882760
4915511533723
4915510077636
4915511271186
4915510836082
4915510333786
4915511328144
4915511768695
4915510305417
4915510481690
4915510594657
4915511299629
4915510963950
4915511834158
4915510112062
4915511031591
4915510468593
4915511879515
4915510965379
4915511545254
4915510445772
4915510119656
4915511685526
4915511209719
4915511667152
4915511296267
4915511312879
4915510973534
4915511203115
4915511624544
4915510957923
4915511124586
4915510630285
4915511674851
4915510926075
4915511954931
4915511788934
4915511210520
4915510976513
4915511808463
4915511473020
4915511528019
4915511737382
4915511145419
4915511317687
4915510428803
4915511087754
4915511112626
4915511067255
4915510066918
4915511102650
4915510240505
4915510817009
4915510368252
4915511442678
4915511671398
4915511304369
4915510902719
4915511797332
4915511288005
4915510372149
4915511939631
4915511128086
4915511433188
4915511934448
4915511284339
4915511358660
4915511185408
4915510546863
4915511156649
4915511998285
4915511276410
4915510546310
4915510412860
4915510767353
4915510816129
4915510559933
4915510378815
4915510508320
4915511372682
4915511641614
4915511951707
4915510574728
4915511438584
4915511358054
4915510946969
4915511494331
4915510294428
4915510029075
4915511763155
4915510113554
4915510082684
4915510996987
4915510401460
4915511137493
4915511275194
4915511065840
4915511918304
4915510190250
4915511476323
4915511085138
4915510802771
4915510928891
4915511861653
4915511073968
4915510900507
4915510935128
4915511814353
4915511382264
4915510873436
4915511578261
4915511774409
4915510524998
4915510659177
4915511491214
4915511705700
4915510412339
4915511617412
4915511890651
4915511348751
4915510877273
4915511774272
4915510397767
4915511665616
4915511954759
4915510370888
4915511474740
4915511538422
4915511720816
4915510869735
4915511252001
4915510799026
4915510991865
4915511178748
4915511336902
4915511390712
4915510722600
4915510084108
4915511385466
4915510629425
4915510598599
4915511296762
4915511494748
4915511497565
4915510874780
4915510110945
4915510872042
4915511476334
4915511402355
4915510312982
4915511270094
4915510268855
4915510676916
4915510254856
4915511782197
4915511342811
4915511035218
4915511579639
4915510469285
4915511107678
4915510014464
4915511083037
4915511824696
4915511476698
4915511898849
4915511706531
4915510385841
4915510667588
4915511918173
4915510858883
4915510778880
4915511440196
4915510675374
4915511224045
4915510001891
4915511505519
4915510590046
4915510136082
4915511805844
4915511104715
4915510152884
4915510446380
4915511653281
4915510676522
4915510457711
4915510718768
4915510736735
4915511674175
4915511878947
4915510877914
4915511518722
4915510172056
4915510779209
4915510401983
4915510008429
4915510205773
4915510550884
4915511317531
4915511659905
4915511983795
4915510996416
4915511278667
4915511828113
4915510461429
4915511062175
4915510491349
4915510919839
4915510959360
4915511096608
4915511952121
4915510476456
4915510310377
4915511707263
4915510755987
4915511101154
4915510618691
4915511845103
4915511322534
4915510804989
4915511539748
4915511848791
4915511816926
4915510733508
4915510844156
4915511821132
4915511377096
4915511976241
4915510081619
4915511416927
4915511190332
4915511822694
4915511736204
4915510789890
4915510194221
4915511115003
4915510061400
4915511037699
4915511754127
4915511103312
4915511263248
4915511618567
4915511106078
4915510377044
4915510372226
4915510922126
4915510839512
4915510176048
4915510652860
4915511453022
4915511962687
4915511481751
4915511194637
4915510358686
4915511447686
4915510607512
4915510402372
4915510824041
4915511926187
4915510091671
4915510895464
4915510610028
4915511915027
4915511011117
4915510471206
4915510068545
4915510150198
4915511944032
4915510924415
4915510517151
4915510168066
4915511259602
4915510461549
4915511082009
4915511564567
4915510240263
4915510445308
4915510891680
4915511745484
