213565723056
213557987270
213562361127
213549921158
213566663297
213556627492
213562630715
213560348768
213560048360
213565048927
213559765321
213563377413
213566054021
213557051196
213565350179
213550202175
213555712436
213558930258
213566618898
213551343298
213556102830
213565723840
213549658884
213550915863
213562947019
213552600770
213551261152
213552977309
213565914186
213567480724
213567499482
213558626149
213560389369
213566301697
213563700662
213554998846
213553285768
213560647781
213569904029
213567584686
213554795353
213553056829
213568299165
213561030958
213562746975
213551727641
213560357531
213566769952
213555699352
213565063278
213555730639
213557718742
213569710285
213564528229
213559547553
213569232714
213559424317
213562178676
213566789593
213557677402
213553118158
213554182871
213554965472
213565619135
213557622678
213568276015
213553408310
213560173092
213560110194
213549142386
213560242067
213557163425
213558135689
213555626955
213564972303
213556740888
213569375966
213555334803
213563945329
213567851731
213561815160
213549193593
213554501132
213550822002
213565188943
213554335213
213554899826
213553330944
213557292815
213558607115
213560077816
213564664429
213550805763
213562638838
213556228340
213568322685
213569241900
213568956882
213558510185
213566168093
213566885636
213552978916
213551270453
213559899030
213569755583
213568901160
213559252683
213560683109
213556238615
213560395400
213559221863
213567263858
213563492564
213560615827
213555548625
213558909372
213564171071
213552973422
213554627046
213551171868
213555497200
213550037305
213556612516
213558760293
213557705652
213556293758
213567385128
213555802706
213560184111
213562499329
213569319505
213551785553
213569645113
213551715990
213564579341
213556617223
213550371378
213562398577
213569481906
213567294518
213562176925
213556822500
213560551748
213562050416
213552058434
213569697330
213559973415
213568010691
213558839770
213565423224
213562339604
213565825659
213565682743
213554429596
213563454928
213561096014
213551618872
213564619148
213566129924
213551699231
213567706026
213551781927
213566967946
213568223254
213557493813
213554977923
213563244895
213552082531
213559702157
213565054773
213549748073
213568444031
213566662571
213557976423
213551954274
213554310919
213554324504
213566600475
213552895808
213561504114
213554440877
213560894044
213552742961
213563785408
213551399531
213567987906
213567546593
213559402353
213568899359
213556947781
213564943073
213556182465
213549050282
213553496287
213563428088
213552891584
213549885969
213569027556
213566358886
213566181155
213566900287
213558099454
213568343755
213555959343
213561199465
213553036198
213562653087
213566324680
213565406764
213567266156
213563233142
213558192577
213552333115
213569932037
213551092765
213554326669
213567123539
213567282832
213558249763
213555614143
213559570064
213567552620
213558099403
213551010786
213562514952
213559974838
213557460894
213567179939
213558478393
213569781163
213560210155
213567444920
213563957645
213564379307
213562443095
213555280168
213569063517
213550052356
213561924452
213552524759
213554707828
213553105945
213566950787
213568224837
213550576997
213568079427
213562057323
213551391509
213562686277
213555312649
213557039796
213566444695
213569365869
213550212168
213554037771
213562465224
213555055242
213567542997
213560859682
213557185645
213563123714
213563716816
213552226791
213562236711
213557294374
213569132009
213559012577
213549434241
213549921192
213552252187
213564640099
213550078670
213569775645
213552523347
213561058281
213558439876
213569294445
213555731302
213564613340
213563160325
213554552772
213560060904
213567772174
213567579508
213565921232
213568381768
213569641410
213550060302
213563527392
213554467450
213550833599
213550520198
213556208361
213556670297
213563192491
213569745148
213551060445
213560210017
213549573562
213561747086
213557957056
213566318629
213549071728
213558522795
213565783150
213567235766
213560581099
213558236830
213551991099
213549216564
213568905513
213553928007
213565526062
213550400769
213563049867
213557452211
213564826121
213566202247
213557855151
213562202905
213568002108
213568656403
213566984834
213557451854
213566630260
213552674516
213563285587
213560309629
213565625078
213559098354
213566160107
213554331751
213559029773
213558768862
213551025816
213566014114
213558795225
213559270150
213557282105
213559560757
213550701680
213563735414
213562593401
213558419042
213568800746
213552260690
213557521432
213554600997
213551754427
213562890840
213562332133
213551801098
213554195380
213554152242
213555218792
213566862734
213558279539
213565334368
213566948483
213563785729
213554262037
213553506487
213555047557
213559102906
213552130029
213552812747
213549478994
213564918553
213555010654
213556243015
213560347052
213560600990
213550860119
213564646082
213555746375
213564378255
213558436389
213561171966
213557238798
213551596654
213550084742
213563197324
213550091713
213559050841
213569949310
213564760741
213550965521
213569444021
213557338397
213555513107
213564516788
213561265847
213555517607
213561755425
213568700564
213562124108
213554483665
213553915281
213563831215
213554616278
213565366304
213568950375
213567579172
213553211966
213558990264
213558844423
213560786135
213561464440
213562469380
213564965422
213563633117
213558894762
213565065554
213565723819
213551597290
213557751455
213549235013
213568366594
213549741071
213554296549
213557228056
213557866771
213562206658
213559833436
213567665765
213557078644
213560889184
213569384099
213554642088
213549545541
213563189573
213560863157
213549644092
213567207666
213560268231
213569735540
213555591703
213552117164
213569942198
213558676453
213563815592
213566866857
213561881381
213549267180
213569581615
213559051502
213562786096
213566133704
213549581737
213561535254
213556515520
213550985495
213560542564
213561198823
213555158542
213553243746
213556546517
213564891624
213551104110
213560338946
213560634863
213553205764
213560260441
213560801963
213555586492
213552214218
213560639989
213566124879
213560866963
213554745454
213550111145
213560336658
213564834905
213560378810
213567400001
213568106117
213561004330
213561343025
213559954157
213565599836
213568866235
213562173088
213558237457
213564684495
213561818231
213549085814
213560677137
213567855204
213558995056
213559745776
213552672329
213562650264
213564747420
213559948556
213557022650
213567678784
213549621093
213563626318
213564646111
213552697701
213569801208
213561123406
213558502175
213559700329
213556434104
213565818370
213557038522
213555275614
213549875650
213565895812
213555565213
213560697961
213549001235
213563816909
213552802542
213565883070
213561684723
213555937843
213554434966
213559865366
213569233104
213549338641
213549913288
213562913901
213556928757
213550844292
213559009162
213563723603
213557411988
213553660131
213567246858
213552337190
213566503507
213563036985
213562378793
213557128178
213569766266
213551773746
213567083011
213549871895
213567332198
213569828930
213552037551
213551561206
213561659168
213568683330
213553737699
213556275495
213551899319
213565372938
213553289457
213563441775
213551692106
213551094019
213549027654
213550295559
213557901398
213554293679
213567623146
213550506087
213550624690
213560462070
213553500766
213554152980
213565798380
213551179840
213557946157
213556783449
213555786347
213557317404
213561732990
213560401006
213555480031
213564391328
213562586411
213554731124
213557542663
213562808644
213568021331
213569759759
213554890666
213569777735
213556575343
213554853065
213563392345
213561426759
213557016819
213563980374
213560119140
213568375737
213568766900
213551785941
213565667181
213558721549
213550756460
213556380317
213553423413
213567067972
213560770421
213561748229
213549449312
213551624679
213568015820
213551045992
213557908318
213569986131
213554342560
213551327736
213561156690
213567520753
213552889090
213551685218
213556725918
213555813589
213551673615
213556620871
213556814349
213562601275
213553760858
213556624168
213565322144
213565850081
213566004124
213559967486
213560805606
213566429694
213561533042
213561561595
213559688662
213564636132
213550061483
213553472989
213552064226
213556704038
213549481825
213558232894
213561717596
213563930118
213554690642
213562707364
213563191529
213558443687
213565959011
213567310246
213551887798
213551081155
213566769506
213565478831
213562167794
213565337088
213554797309
213556184578
213561375002
213552934273
213552458282
213564841569
213562486016
213552614942
213555456313
213560973522
213553612142
213569423484
213559361756
213553159369
213564619872
213557796593
213563215231
213563173236
213552086925
213561178476
213561806242
213561597288
213563525417
213553731884
213565770704
213554877558
213564425386
213549579796
213552486276
213566500396
213568845052
213556470680
213568647841
213569150082
213549821844
213560813274
213551986718
213552526858
213568710572
213551006488
213553603241
213556502156
213564453795
213549902733
213550636241
213567499767
213569358757
213568308288
213554091757
213565743024
213551117320
213553455533
213554224050
213555922433
213555607116
213553620072
213551268296
213561636464
213569930191
213563953614
213566116338
213560654302
213552611175
213565697105
213558501336
213562411132
213550643454
213569504371
213554674805
213566441519
213562267155
213560128017
213566474363
213558924354
213557402919
213562364330
213550881102
213568697224
213564794077
213556265825
213569574268
213559786863
213564917447
213549400913
213560203695
213556105575
213562654877
213567305019
213565650945
213568780549
213562691924
213554502825
213556103289
213561774822
213554236065
213565454838
213554156531
213566464880
213569624177
213565428663
213554799154
213549161364
213550131029
213564622492
213564842549
213563925655
213565163982
213560486967
213550580862
213558996102
213567508739
213560405694
213569258684
213559856300
213563533788
213561424267
213553169520
213552057252
213549103855
213562671925
213551128704
213565727299
213558478793
213568236380
213566671550
213562336805
213562831262
213560486747
213569356406
213553147710
213563828206
213569696807
213567475275
213559527247
213559796739
213565412983
213565575196
213555494602
213560979985
213553488823
213562062913
213552821174
213568812122
213564562915
213557391644
213554199621
213550017015
213565272766
213562359827
213555451369
213563278457
213557227865
213557730225
213559687526
213554345886
213563854208
213551686976
213566305174
213562395895
213565872446
213552335244
213553679376
213554245942
213560636095
213549325552
213556620799
213567578197
213551039237
213569522733
213567984782
213569802963
213556776701
213569255432
213557935468
213565545480
213560703677
213555810450
213557400371
213549651115
213564060784
213555935446
213556428803
213556654839
213562756460
213554411720
213552104971
213559364692
213568180425
213566592513
213553553418
213561357768
213552216292
213563311840
213551296598
213568259414
213565177722
213556555181
213569495300
213566343590
213559998962
213568233485
213569158067
213552825980
213555607816
213550837076
213556929870
213558393992
213564572035
213565647191
213561753441
213560138564
213554376681
213550890418
213559229064
213559846279
213552276800
213558029639
213568218748
213567982198
213565145825
213552393462
213557381809
213567034911
213552462437
213554818472
213567364125
213566630326
213553066157
213568259957
213554770490
213551539680
213562036308
213568913248
213553408561
213555881736
213567308742
213557495069
213569733731
213562465653
213551355134
213555300620
213568724366
213569851432
213569511502
213566030759
213564856355
213549863470
213553611861
213564871748
213557577762
213553740678
213552508388
213562701934
213567420979
213560754476
213568069676
213553671765
213568353232
213566730503
213560872345
213551787419
213562663646
213555476785
213557528160
213550198147
213566028573
213555355913
213559039745
213552327300
213551401690
213559275756
213564276862
213563326514
213569639097
213558007589
213557922305
213557014380
213563976811
213552841136
213567856893
213557111721
213552740671
213560267011
213551483781
213569553710
213555472702
213568505212
213554172434
213553979509
213553590413
213562003393
213564427590
213561093004
213566759031
213562424103
213549029640
213554302710
213550154243
213566872675
213568897636
213567115581
213568801821
213555829261
213559089966
213551245497
213566797903
213569688675
213554020501
213555468221
213553654572
213560707009
213558110808
213567495410
213551483339
213566085757
213552408391
213557103509
213553231728
213562572978
213558176060
213566300149
213567526888
213569094167
213555537205
213562182362
213565698885
213563582345
213564806319
213568193916
213552081180
213554711985
213559154078
213553737490
213559715271
213560439533
213562291608
213557809412
213550807117
213552716277
213554375316
213549235872
213561655823
213552216698
213557586480
213559817371
213556282204
213558262835
213552267308
213556510934
213568858830
213565358037
213556857014
213553863972
213563261433
213569630996
213551892600
213555584736
213553592646
213553638547
213553312919
213558138530
213567688165
213567954957
213551376853
213565327990
213557351664
213555293226
213563937984
213564808666
213560483141
213551340907
213556321413
213556148779
213553360396
213569228143
213549283973
213561113390
213560028008
213551551231
213551882448
213559307359
213553207535
213555363890
213563076439
213552865406
213562435986
213559775813
213566512370
213562306484
213567497081
213562690502
213563277635
213562779582
213551895120
213552758682
213568206193
213564219108
213557906906
213550659352
213564916389
213552671726
213550947096
213563990844
213563867458
213559600657
213553785761
213558736381
213568822990
213569679974
213569200121
213552107387
213566343358
213556007789
213564891444
213556154310
213568193887
213563978611
213567280678
213567490274
213550588006
213563247561
213554496587
213556977119
213567521442
213557952950
213560053420
213561293302
213569892115
213569083097
213565272911
213568497920
213559427632
213562467296
213567384772
213553809484
213552887786
213556282493
213552879231
213569761238
213566557222
213564019753
213556972111
213563440513
213561146512
213556528121
213558828369
213555262360
213551600576
213549668674
213563329926
213552172595
213550417925
213553606902
213566794384
213552204427
213563856568
213562692006
213561076559
213558912339
213558437585
213554755760
213562180005
213554190956
213556562261
213566474955
213557498841
213564208565
213564966462
213554367166
213549015897
213563554989
213552535961
213566704991
213569610291
213568120614
213569750469
213563545422
213549577603
213566059687
213563761119
213559973723
213555703833
213567488006
213568741578
213558386092
213560983880
213563414516
213554124752
213558137985
213558595520
213554332568
213562652897
213559159279
213555491486
213549766587
213565382569
213554437951
213549542921
213560290811
213553441992
213553477464
213563247725
213561963362
213566778761
213551963694
213552307574
213567767456
213565694651
213557433290
213554737220
213556744176
213559252192
213568976170
213551895698
213554389670
213549295638
213558315512
213552828499
213552454999
213552966063
213554462029
213559830297
213562457976
213556261291
213565551070
213566913868
213565980552
213564118398
213564361202
213551118975
213561607980
213552968342
213564492841
213563579868
213566286838
213564056456
213564077108
213563845707
213564408543
213564393083
213559704580
213558640034
213569091791
213563355553
213568413171
213551251014
213556304139
213558734626
213561222625
213556566986
213564337032
213566005580
213562711191
213564142233
213554830631
213552062272
213549436079
213555338450
213564864337
213565475369
213556771825
213561947417
213557104262
213567007215
213561096568
213559232818
213566968882
213556094683
213565264590
213567459871
213561362772
213563988737
213566465171
213566124964
213552631531
213554372442
213563500605
213560582506
213568870965
213565435237
213558114997
213568642009
213563086958
213563883409
213556645687
213551239925
213568214068
213558089412
213554579832
213560435345
213550421900
213552144790
213569880761
213551413497
213561895360
213563983539
213558355583
213563550568
213550370412
213567335359
213565463665
213551616553
213550840200
213556436867
213555418692
213564632289
213560735137
213567233515
213565395613
213564938692
213557797589
213563377280
213552381853
213553663755
213561467125
213559186052
213553457384
213567364001
213554532086
213554047222
213560208028
213564507534
213560237593
213562350204
213556962590
213568721674
213563355864
213567735761
213564483736
213568955792
213560399544
213567778107
213558204279
213569520800
213558263340
213565416075
213554873107
213556134793
213551547751
213559577539
213556475249
213563993476
213551482011
213566643266
213556904123
213553718144
213553566719
213552423998
213561736740
213561317854
213560699295
213565780540
213559572279
213558571586
213549314389
213554090901
213561307734
213557099818
213565141197
213557557649
213567723757
213563392027
213566140367
213556778340
213567617237
213558839531
213562658345
213549281824
213557864705
213553129463
213559769109
213564227739
213561719299
213563302990
213565614799
213556759475
213553593471
213569279222
213569113291
213549418727
213560204627
213561560964
213568603115
213567709712
213557745739
213556732312
213553886098
213565621944
213568100758
213554668199
213564476750
213551397592
213563253146
213555353552
213560538219
213565859231
213555856003
213555483943
213557231739
213560513926
213552174182
213568388115
213566486319
213567123705
213558927280
213562971319
213554753392
213558777678
213562266713
213551224031
213567765559
213553817267
213559926686
213550459360
213554248760
213561382019
213563947326
213567611743
213556345602
213568445641
213559288391
213563849373
213549712093
213554283088
213550702820
213566115489
213567675019
213568218987
213552663423
213568378168
213561396099
213567078153
213563032213
213563680674
213557864053
213564652426
213556183996
213562825510
213550579901
213559839552
213553755927
213567422283
213554720962
213554700345
213556594402
213564365870
213549096805
213565114829
213550193729
213565806842
213551730202
213559523198
213559848479
213555567893
213553269571
213553433998
213552435794
213564784678
213559140442
213556431095
213552825343
213562658835
213564303030
213564890015
213553142060
213568868464
213566781394
213560932445
213550877019
213567925237
213554747894
213568735081
213561915965
213549191621
213557210481
213560375504
213569131821
213554764238
213563251622
213561182169
213561793089
213566540184
213563881761
213551340892
213560208426
213562464640
213559109497
213552016370
213569792345
213561391549
213550921355
213562516390
213563814768
213554735388
213560300631
213554425467
213558519212
213561012268
213560686832
213560712355
213554852392
213562847423
213563619352
213558182813
213552051969
213568970424
213553827263
213562397778
213565222440
213556279536
213551670724
213554705374
213558417814
213569351443
213554738105
213569427353
213550801386
213556851967
213557163578
213559187062
213564804404
213569915939
213556446201
213559264306
213555068752
213559478577
213563982914
213558247822
213552950198
213554516714
213560356889
213555582153
213568594763
213563137344
213563507152
213569500007
213559258250
213562898376
213565471842
213562965415
213568307412
213568471307
213553361060
213560266989
213568089858
213560411795
213568747607
213569588015
213561193085
213563773146
213553332308
213559071446
213553105421
213560859345
213566780474
213551210315
213549843340
213550129328
213554330727
213556025119
213552071303
213554211705
213566221144
213549172307
213558101418
213559659211
213567218699
213550326579
213563996899
213560323601
213556079623
213556242298
213560201236
213564694926
213562015245
213568831714
213554670053
213559984883
213549698872
213556839282
213563405688
213557777100
213561801577
213556080067
213561230525
213559256530
213555376044
213561122599
213557136829
213554262593
213555687400
213568485800
213549113540
213560960257
213564386759
213550001500
213569040600
213565562022
213558016389
213566626526
213550673248
213567548691
213561381482
213555652901
213566260901
213568151376
213569055445
213559190511
213551024293
213568155229
213554693371
213554401111
213561269810
213560658484
213550022192
213555395267
213549007990
213555966665
213566707512
213566559410
213549083092
213569245921
213564737436
213568552682
213568737365
213551374574
213555504850
213566299063
213558898914
213553791197
213549326411
213566564344
213564989151
213551499238
213563896944
213565695125
213562613139
213550014743
213555292325
213549858660
213555349993
213564696892
213552484383
213549905074
213551736544
213554231670
213564042522
213559070239
213568118774
213564755637
213563791471
213568197446
213565815173
213554742837
213562312219
213567695866
213551071719
213554137726
213552790162
213551216779
213566873211
213559481705
213555535739
213556492540
213554490340
213549358937
213549653860
213567024024
213550220653
213567201838
213564815099
213556048011
213569836844
213567749908
213566337425
213569021830
213563367569
213563977402
213558446756
213552744292
213559201581
213559243983
213567335651
213561796813
213549062270
213561439115
213563457705
213550612079
213562574455
213549219354
213557861657
213553630020
213554352142
213567034956
213553031319
213569016416
213553101447
213559261528
213562738640
213551416790
213562591600
213565591388
213561515455
213560344139
213566672567
213562176091
213551381928
213553995359
213552256291
213552615539
213561439902
213559999938
213556508107
213553381231
213554823882
213551086082
213551551060
213563142376
213566668119
213556834675
213549634779
213562864584
213554792407
213562229098
213564069594
213560223545
213555119909
213559764483
213558967912
213553295908
213569104817
213550011987
213562897514
213565143245
213557842010
213550943861
213567845132
213556148863
213561737339
213559220476
213562112650
213569513339
213564315623
213556022391
213549571825
213558358768
213560472725
213565443017
213564276797
213551212718
213567555033
213568386562
213567858589
213554581818
213565014129
213550083635
213551005170
213562240305
213553205652
213562802276
213569173223
213556832319
213552845292
213562542599
213554030000
213558803129
213564770322
213549176424
213562472665
213562151121
213557408139
213562139678
213555157920
213556163098
213561547003
213556197617
213569489749
213558797254
213549202430
213556898281
213558532913
213568425732
213551375486
213550310058
213557911788
213566924146
213560980953
213553366427
213556901372
213562133913
213566392170
213557175494
213557132761
213566110112
213569332330
213551047643
213558820185
213551542474
213554690484
213569627455
213551475787
213561156147
213557696971
213552060979
213567832105
213565736368
213552118910
213550218145
213560481161
213560280873
213552516524
213551763886
213567188559
213564484885
213569421291
213559897972
213551985996
213550083161
213551319340
213562775788
213554573784
213565322123
213549057091
213550436247
213562512976
213566572042
213556032257
213558465728
213549063620
213550571838
213552524875
213566011113
213552503587
213566063563
213567876724
213558887522
213569224788
213554439716
213566058670
213552519273
213555338337
213567736010
213565693170
213560514711
213549959672
213553621698
213566588079
213566830829
213566448514
213566064799
213555794643
213550712388
213552843639
213558485911
213566619379
213559340139
213565835741
213556342780
213560242241
213549957988
213554397741
213558078807
213560350103
213553986873
213556011200
213559958021
213564004688
213560114078
213565193170
213564232794
213551676932
213556478014
213550844570
213567963735
213555477105
213563015367
213554713810
213568259411
213552590099
213565890163
213551300072
213556971016
213552468824
213564142586
213565979120
213564709858
213562962507
213569446900
213551168530
213561146666
213564737346
213561609981
213568135119
213562913438
213569822303
213569014824
213569361146
213550046649
213566209419
213555609936
213566235564
213558944342
213554763753
213552369654
213549984845
213553882143
213558056919
213559165226
213563137504
213560989026
213568254336
213556393816
213568992731
213555842103
213563871880
213558646409
213567490088
213556491326
213552169120
213550301157
213561473332
213562313187
213558918778
213553533373
213554361094
213563893495
213551115226
213560489722
213569093395
213568451451
213553871063
213563480605
213568261696
213565871185
213559744675
213566815494
213562138357
213557490810
213553656715
213550333242
213554839090
213562865336
213553752359
213568661873
213564813760
213563856948
213552476604
213569836048
213549242996
213556035312
213559266784
213553345397
213565214481
213563296750
213555429061
213568083705
213561456913
213550099121
213555940996
213551681018
213549882983
213569497881
213565201429
213555867204
213566655379
213564749671
213567537937
213550849226
213562116108
213564849778
213556088175
213564726251
213555511204
213557497110
213551793318
213555553843
213564678066
213556249694
213563838975
213565096481
213569760462
213556475424
213569919579
213557569492
213559219624
213554063512
213551622064
213567425339
213560853015
213561497753
213550645634
213562419613
213567653701
213566012187
213562030866
213566399647
213549758817
213557491734
213564188920
213559949047
213554773314
213551929704
213555014323
213563925320
213566324972
213549725419
213561786311
213562949354
213556059246
213558120116
213557736601
213562643814
213565129620
213551518888
213554919064
213563646454
213565732501
213566332319
213553895051
213562030099
213556282337
213549484581
213568136316
213554518531
213563487364
213569961396
213560670782
213564624215
213564027901
213560019540
213556096342
213560375164
213553322372
213549038580
213552528766
213567465435
213553699201
213568316068
213562382138
213561375087
213565864936
213560482822
213550222242
213567458769
213561949013
213557891428
213564302200
213549817122
213565203187
213558019974
213552475348
213558316910
213560573183
213566591247
213564842490
213565614651
213553584615
213562727358
213560456706
213549914242
213565253190
213558885282
213558126941
213557904621
213560985720
213550996564
213561225439
213553436211
213564959106
213550215483
213568355939
213553861500
213568017486
213565970240
213553462638
213564076885
213569583995
213565556132
213559934912
213552583031
213557318787
213558923390
213561435812
213555675151
213558846157
213551353138
213558301700
213560037675
213562267879
213562551767
213566001694
213569331391
213559557581
213567432329
213563292227
213564813021
213557194952
213561226760
213562525974
213565386104
213553809961
213565295443
213568586760
213568212265
213564068299
213562376782
213558381401
213554832506
213567538598
213569048297
213559772544
213568721824
213558589771
213549522883
213564547822
213565829757
213561771114
213558268711
213557117109
213555360694
213556840138
213556065415
213551794428
213569859990
213549562605
213563369662
213564904539
213568393481
213566205420
213565321417
213551208974
213553524876
213557256079
213556620172
213552690330
213559507351
213565413624
213552802703
213563181048
213561765918
213564374156
213554645888
213563457737
213569596823
213553011439
213550597788
213551861444
213561422955
213566074470
213554779045
213558246117
213569523744
213567918235
213562728898
213550120651
213558285000
213565451915
213551244224
213559597376
213557332607
213560209928
213559965150
213562408855
213557446702
213554654516
213558563665
213550087087
213550201674
213560795822
213549349643
213553951098
213551586991
213559881966
213553073934
213559850065
213562971430
213560319025
213555210258
213560850105
213555773993
213559807542
213556358357
213567079052
213554866786
213566260397
213564694493
213551877719
213556683855
213560786956
213556401549
213560453118
213553750019
213552821302
213567894621
213556685909
213564427202
213565812827
213557318824
213551351718
213558041342
213551296575
213567114628
213559010423
213553513078
213567444934
213558395527
213566992788
213549815879
213567174517
213566473624
213555314458
213566714772
213563914894
213565230047
213566743887
213556131936
213557607953
213569425398
213558110991
213552758400
213560318284
213566833925
213558035506
213561276627
213549761267
213563627683
213558159926
213561294621
213560510171
213568067845
213558163898
213567177696
213554399563
213553875860
213552132561
213555052030
213556567914
213552722781
213550592758
213553047493
213564967045
213566671888
213561514042
213569248015
213549246784
213554257167
213569409531
213566313127
213560693615
213567636343
213556983722
213550410958
213554059085
213562168834
213553291482
213553897813
213564955647
213566608570
213550449128
213564835572
213549543818
213567159435
213565907996
213566945132
213566829451
213565151940
213556440706
213553937741
213562157502
213566572399
213565985148
213562396643
213555365248
213560284337
213550495230
213556273347
213555702092
213557535550
213565716759
213568125435
213557139392
213555405409
213549457331
213567037061
213562876294
213555521789
213567011691
213565116593
213558147338
213554221375
213551216893
213553752451
213550053250
213553387606
213565514067
213551923033
213560784142
213553645690
213560788300
213562080797
213563734949
213556811296
213553613593
213554927571
213564070935
213562220026
213558682967
213553991477
213554375279
213567507483
213554217191
213559293417
213561467844
213552671771
213568647715
213549742049
213549333318
213553206890
213552725795
213555795001
213567743966
213569909864
213563656206
213568429105
213568774769
213563469660
213550944226
213566119192
213554317616
213555346911
213565382880
213552927011
213563607361
213551085756
213569959783
213552031564
213562007201
213563144179
213555232628
213564042337
213558863840
213550266365
213569363077
213565593010
213558180771
213566726778
213559714289
213557219782
213549000970
213556035068
213551673672
213568032906
213564243562
213567501672
213563543901
213554109842
213564209052
213569865246
213554366973
213566804098
213558910835
213558725311
213552501836
213554659403
213549190447
213553942713
213559051806
213550381430
213550719603
213564846757
213554543900
213560238575
213557443160
213557187573
213563901104
213565665958
213551939935
213565977416
213558478648
213557537811
213555765082
213554530274
213550004632
213559761490
213555285042
213564271839
213549456047
213561393458
213564210650
213560803429
213559060465
213549008107
213565586989
213563391081
213553599951
213566663418
213568737543
213559128537
213564823592
213555603125
213567294408
213554872103
213556163634
213569098407
213568516359
213567166074
213550707736
213567273159
213560925381
213569000681
213569616184
213560427630
213561213834
213559319855
213569548674
213568898220
213559445437
213568353109
213554311692
213551435359
213566642475
213553045055
213554100109
213556510631
213551332152
213565846387
213560876096
213556970560
213559389156
213561004224
213561493519
213561484678
213550738230
213553386380
213565573388
213550317498
213556145153
213567471044
213560479186
213550668960
213562856439
213564579883
213558112171
213554724294
213563588150
213550220805
213562701823
213565863645
213562982004
213551933708
213555619680
213558394032
213565566721
213565884405
213550634504
213564338429
213558850693
213562340026
213553058477
213561722089
213559318839
213568897391
213553409930
213557507606
213567580822
213569534438
213568552816
213564803754
213556518670
213566221423
213563126317
213551448360
213566996934
213549345058
213557325527
213568488408
213558910469
213561465111
213554104133
213561361358
213565385929
213560829718
213561358047
213569629453
213560735776
213550395371
213565201888
213558496894
213564764085
213566356728
213564273641
213556551723
213563823124
213550454906
213567375858
213553611817
213552926143
213563827449
213559099985
213551233098
213565871398
213559766934
213568670042
213561832372
213551326394
213565062500
213560893190
213556349086
213566631019
213559249549
213567138207
213562781487
213568851339
213567071930
213553608236
213567220457
213565238125
213550531385
213549681685
213561497650
213564950702
213552197140
213563004641
213551305888
213558966379
213558059295
213562256488
213559502441
213569299117
213554683061
213556989219
213558290799
213560877480
213564589432
213564551787
213569424597
213565398469
213559131213
213558655758
213566696408
213557606645
213551297063
213569067669
213564602651
213550139819
213569442879
213558117501
213550880613
213563804887
213566039616
213556204595
213552401625
213553909266
213554302869
213557987917
213560597572
213564719581
213568981974
213553847965
213550511721
213566163765
213558982226
213559636025
213553153813
213550750974
213550984893
213569318378
213568180600
213554488474
213550953212
213558658118
213552180599
213560199685
213556741870
213561553869
213549877319
213553491281
213551531535
213565228433
213558174277
213551638590
213566117332
213557732694
213561146008
213552114552
213558268473
213566573420
213561281960
213564259666
213557255748
213557405233
213567013113
213569911487
213562633168
213554885600
213568620205
213559218294
213568112480
213550598484
213563855175
213568017353
213564794110
213552516615
213554971616
213562600164
213564158646
213554463990
213556115153
213551983756
213560192945
213566979823
213551472330
213553356631
213567524665
213556465937
213565038932
213554483993
213561303518
213566349236
213569142379
213553595394
213563233588
213559508882
213558614827
213557798402
213564064463
213566001653
213552543782
213569831075
213564333745
213557743025
213555167621
213552270247
213563757809
213567169266
213561402471
213562217909
213556029349
213551441926
213556460972
213552717938
213552034771
213551331661
213557305281
213562231806
213568278679
213567913832
213556847929
213569346619
213554442075
213562673219
213569180978
213559591851
213566212487
213562556042
213550775221
213562941837
213567161456
213557573067
213552992171
213549164870
213567134268
213559648773
213553185722
213564702826
213558700504
213559893736
213561546211
213561553952
213561323106
213552724526
213557672138
213561678213
213551016649
213560986402
213552576489
213567506123
213562964670
213559173004
213550066674
213565142897
213569215142
213564032680
213553574297
213558674560
213567150965
213553324449
213564586789
213551425614
213558688016
213555776207
213556077360
213567560154
213552747366
213565323995
213562499057
213552176706
213552076677
213558290300
213567579174
213560911192
213566700209
213566387868
213560552022
213560871801
213562096066
213563817151
213566026229
213556043216
213568139170
213561940478
213566634906
213553291326
213557466510
213568726673
213564001320
213567782964
213554613316
213556627128
213564925272
213565506517
213554748815
213567627602
213549435673
213549823427
213549940171
213566773080
213557855989
213568665600
213568287228
213565597354
213556902205
213564400638
213558608243
213554900703
213567789440
213550644705
213555799938
213551546641
213549627891
213554160558
213568861984
213564954799
213563291179
213567624149
213569200574
213555220697
213554543639
213562640700
213549720618
213559802294
213565704983
213554503214
213558120075
213550850602
213565236697
213549267598
213565263351
213551125943
213555363268
213550039526
213552828920
213550615749
213566767421
213561824444
213562947698
213555805887
213554919210
213555939680
213567179436
213552476146
213556013927
213553539486
213553639739
213565648841
213562294384
213550967787
213553718136
213549071123
213563084928
213555032039
213552606872
213562813151
213553121332
213566740804
213567826932
213559256824
213551516315
213565745837
213557154559
213561174210
213555272106
213560890940
213558893091
213551439735
213566904031
213564157290
213557352550
213559498119
213552560005
213550880026
213552571408
213558040641
213555949523
213566612067
213561661704
213561782197
213555754107
213559500290
213552797230
213556892331
213566833685
213552363694
213567339484
213561858597
213564303325
213565438466
213560894200
213552445715
213561442605
213568555357
213558579276
213564932819
213559668391
213549085123
213550689961
213566617772
213552385702
213559636977
213566654162
213549409716
213555765967
213557382881
213549695148
213551930301
213553066388
213568950723
213565436765
213567781174
213552936352
213559611495
213556756743
213566466764
213564575482
213561409646
213551572957
213554045431
213564739476
213562254684
213555174942
213555985505
213549369885
213569912359
213563517900
213565730452
213568046856
213558770902
213554034477
213569122822
213564199233
213566726440
213551981760
213564805424
213558898049
213567210387
213569903424
213569969284
213561523779
213557079289
213565047295
213550518298
213553661163
213554357470
213567864112
213557656714
213555042718
213562429251
213569042381
213561874659
213550486806
213554886461
213564071245
213556978198
213566446548
213567413465
213568416320
213556013295
213556593361
213565337745
213563987320
213559533154
213559983180
213560694907
213550446122
213549314908
213563954806
213561988639
213553362574
213569665487
213556005322
213562090785
213554004691
213558754322
213567329411
213567887348
213554552264
213566063218
213565389426
213555674997
213556380527
213556534400
213559215922
213558890612
213554780573
213566562181
213550578527
213566505164
213556391078
213553197010
213554059987
213561694038
213559197424
213552427494
213552281655
213552905907
213552089498
213553875702
213561903452
213560451890
213568228566
213569544070
213566094842
213566574345
213564877704
213552728686
213567300917
213566981727
213567895550
213565863123
213568373397
213549249191
213559925254
213549419672
213559365350
213554192950
213565711434
213561642707
213557839043
213562129151
213558429685
213566525040
213558210523
213562258192
213568187542
213568371704
213567172519
213551466863
213558473469
213553091509
213559561684
213561713564
213554493096
213555711939
213555334778
213554340105
213565010313
213562529243
213562149421
213566190896
213565086679
213552883139
213566495571
213549427103
213550861666
213554965424
213550000773
213556953117
213564320550
213557902914
213562775955
213563610946
213569667162
213560227348
213562024833
213566874755
213567058525
213563569600
213556029653
213555284345
213562847622
213562278354
213556326293
213558601706
213557107399
213558422964
213567504825
213560551907
213569523079
213559240254
213564759463
213559158989
213551248212
213549106379
213554212806
213563875124
213563621899
213555516890
213560414467
213556468781
213569366206
213557704326
213553642960
213553210304
213565502076
213563136202
213560119678
213549168311
213549354532
213551126358
213559281396
213550301047
213564653223
213559580563
213564972530
213557099954
213553919968
213556597114
213551156026
213568758174
213566887190
213569534244
213569045572
213568927167
213566889957
213563200572
213558178966
213564776681
213554073513
213555664983
213552107385
213550822257
213565502909
213556046683
213555778234
213555013804
213558990752
213564054634
213561708017
213563010866
213550553624
213563187613
213551356736
213566361705
213554961658
213551827690
213553048246
213566365726
213559115714
213551468925
213569206342
213561739933
213564583292
213561680807
213565195307
213552660254
213557377756
213563728925
213559972473
213559183820
213559827541
213560918384
213566305741
213559357175
213568761922
213551590367
213552174899
213554870462
213561684004
213557508270
213561169243
213554580718
213565871621
213568282925
213562457013
213557787177
213565184232
213555944109
213565794952
213551391730
213556289690
213562397544
213553873717
213553347992
213568892703
213560469698
213558080702
213552984225
213569284083
213549644769
213554956073
213557319187
213567308560
213569819893
213560593090
213553974877
213560598791
213564869374
213560975148
213558811732
213561359433
213569285749
213560728310
213552966799
213551608175
213559236269
213564590016
213549972119
213565725366
213565738341
213558776066
213553510759
213568671876
213565791834
213552745182
213556592446
213549513937
213563989116
213568036644
213560472102
213569226300
213563126660
213551872175
213549741372
213564258356
213557436036
213558631872
213562887100
213563612904
213549155003
213564571468
213568120900
213550501839
213565146256
213562063646
213568455289
213568144365
213557617965
213566349884
213566606781
213558466104
213562207379
213567107037
213559043781
213555382129
213558894619
213551004345
213550344660
213559270387
213562286155
213569270502
213564533534
213566444424
213566601892
213557851031
213569958381
213567752725
213550737890
213562722050
213561163315
213561574745
213550841263
213567662435
213551968741
213556282414
213551578660
213550662989
213558618224
213564098305
213554773347
213552077876
213566065631
213556072164
213553197756
213560365980
213556896508
213555878634
213557535530
213558665986
213553063711
213550911843
213552999368
213552340062
213550809254
213565212645
213557167634
213557371214
213550944883
213559101181
213554192999
213559450236
213566644567
213560186705
213569018957
213557128243
213553387379
213554914969
213563509330
213549731330
213557802289
213559174118
213549074467
213569871108
213551668136
213556520291
213564430855
213566520664
213550771159
213549259459
213556779248
213561131638
213559434194
213566219950
213560831146
213552140668
213561816349
213560740936
213569935075
213554137373
213565138122
213556652930
213551462666
213564244533
213552749994
213549999813
213567915698
213564308166
213552070778
213565061646
213552884411
213556460165
213561155352
213569565822
213560352374
213564524434
213555002304
213563170652
213560804620
213554715111
213568376113
213563188126
213558254614
213565416307
213556250651
213555078011
213569031846
213553374402
213558173769
213561238860
213556603729
213567561968
213562387471
213565666237
213557247742
213569648142
213559628575
213553931776
213558607206
213561211808
213563084461
213553512238
213561744865
213564456292
213560022155
213567971303
213552223485
213553496883
213553944519
213549791207
213550667729
213550090455
213561262628
213560068754
213549880830
213564348268
213568863910
213549184933
213567052878
213559607986
213565925674
213564658848
213560322239
213569976145
213553390339
213554891409
213562882695
213567452774
213566428400
213563181675
213560057869
213555800532
213551881777
213562621530
213558807745
213549267094
213568751042
213550723623
213567449343
213559219248
213560219100
213569411167
213550288810
213550831267
213551002292
213567065336
213559002236
213552946653
213556123333
213550963841
213563978247
213552023044
213567051678
213557833249
213555680258
213568323076
213551648119
213557797708
213552617424
213562390981
213555744317
213566067270
213554655354
213551209480
213551171224
213550233788
213553853626
213562079151
213550184631
213551767500
213555834006
213561602753
213551751906
213561734059
213549646680
213568945108
213556774197
213553511864
213564105994
213556632259
213554992321
213554087756
213565871726
213569256565
213555329131
213562263011
213551925334
213557818080
213555380335
213561136792
213555287406
213561584232
213565846668
213560253984
213560076650
213567351954
213552148654
213555941695
213564639742
213569468469
213569450626
213551860759
213557465873
213569223070
213560366200
213551871600
213551959684
213551612491
213566248491
213552293843
213561339086
213554291018
213552953364
213567375496
213554204306
213555284170
213552419756
213557733182
213563393252
213559667824
213557051557
213550658706
213549751708
213566855477
213560276815
213568925490
213561032910
213567476535
213568614196
213554048832
213551608108
213553472756
213561902938
213555137274
213568542805
213553355367
213559365166
213564905438
213567196647
213566297465
213564939859
213563814126
213565333876
213558206160
213558801051
213566312172
213568360643
213553701452
213567546385
213549746991
213559879880
213557490611
213554546039
213551869975
213569457878
213551528356
213552611598
213569382996
213568209077
213553627000
213553766426
213567873881
213559695342
213555441081
213564107848
213551451219
213549782566
213565857844
213558778280
213568100361
213568279219
213555458527
213549568266
213560052547
213552619498
213553525988
213556470048
213550576531
213551715379
213562480359
213569898503
213564540793
213563934696
213561573690
213567935690
213549169939
213563071537
213554857742
213554472188
213560985780
213561355079
213561405579
213561915688
213551655290
213549857982
213554174838
213555564271
213560570994
213567838733
213556165766
213551111317
213569839814
213558763442
213561653736
213569830534
213559936352
213569759958
213562114536
213567336560
213562833851
213559862653
213555605045
213568817884
213550714660
213555557635
213568280256
213566117248
213561996605
213557226804
213568054420
213561631070
213566642166
213569216512
213567906330
213567064887
213568910857
213559163928
213555765000
213568212548
213554264374
213556335043
213556215902
213567972054
213566666888
213565790728
213569979834
213557023247
213569697054
213563618186
213554589398
213554306422
213551724380
213564487458
213554363781
213564819239
213556247124
213559964959
213556154997
213558128226
213559813820
213561628230
213565163874
213559886602
213564406882
213562979590
213567223772
213569961699
213561525700
213554680508
213566013417
213563907970
213567657959
213567147579
213564278088
213550869236
213568002142
213569410217
213555265083
213550963787
213567147757
213559079775
213550989265
213552806964
213551915488
213555469601
213562034015
213552526789
213563736146
213567573855
213566078851
213565373595
213557566696
213550372170
213558353059
213565302320
213566911090
213550751807
213563145626
213562801070
213555135221
213559318731
213557132536
213566471547
213561464807
213555005317
213551736183
213553306641
213549732688
213563683784
213549660397
213551702591
213566929303
213559543821
213568675353
213549590855
213567157614
213550257784
213552086444
213562845606
213561272202
213553043945
213565595767
213555415718
213560443407
213550609719
213550130167
213552850713
213561487473
213552643403
213568576095
213563377067
213551547988
213552963498
213558082104
213559657589
213551958477
213562047311
213566733894
213555720811
213558021821
213557489132
213567701813
213549317166
213562288785
213562159329
213568531853
213563389403
213557434900
213551703145
213556798167
213562512701
213550926443
213551280228
213559797556
213555336203
213556778153
213568281368
213554029815
213556636200
213568320939
213561981384
213556578696
213562705318
213560993171
213554706207
213554692165
213557469485
213562992657
213555416162
213564363493
213565345712
213565624524
213562458263
213563651383
213556764430
213556417843
213554052958
213553183706
213556944859
213556511329
213568034864
213555980500
213558444177
213567403422
213559046418
213555875623
213560082896
213558263509
213553818387
213557478644
213555498732
213551016202
213549597684
213555852500
213556815115
213568130387
213553938940
213560058734
213568222030
213557324388
213557014412
213552336364
213566705021
213555883801
213566726767
213556389938
213563756019
213567882460
213566666933
213564688882
213559563802
213552180857
213553725157
213566410929
213561936840
213565678665
213566016138
213560979004
213566466528
213562914271
213550195287
213563676034
213550406948
213564676723
213559894744
213565689145
213559069819
213556136239
213560365017
213552129354
213561743793
213550444845
213563784057
213552196411
213562335963
213561767341
213563008810
213559845286
213551211829
213565721259
213554156078
213552935662
213555217950
213560958733
213560444099
213558144951
213568467066
213554567052
213551277103
213563881967
213561392913
213563240835
213568562182
213552949146
213555890686
213553217967
213557706273
213568362414
213565130010
213566203016
213567198348
213552774666
213569486785
213559443971
213551114150
213555956398
213551884813
213555562586
213567113685
213567026529
213567454560
213549191087
213559200403
213566779885
213554292544
213557318461
213557011586
213555610050
213569522995
213559909979
213563114456
213550152056
213549500494
213569683741
213550415188
213569110046
213554217612
213566733017
213555366054
213562883886
213559547593
213559619616
213558086745
213567241727
213562952587
213554138706
213552569910
213561080575
213556015668
213556208076
213559225489
213551476362
213558734952
213549185061
213556213246
213559510396
213562730578
213550455576
213561400638
213558996381
213550906923
213551094507
213556209633
213567133197
213558876342
213557674795
213558308976
213554797148
213555746057
213551925121
213556334768
213550296770
213568833173
213549721760
213554455817
213561463556
213565918680
213558437780
213562744021
213567524555
213559006287
213568721256
213562655480
213566986439
213562802039
213558721967
213555753676
213555563547
213569943047
213552141768
213566801919
213564285214
213549886545
213561205004
213553719313
213556737035
213561595878
213551250540
213564555712
213561924808
213556518693
213551412363
213569677043
213567132948
213559912201
213554718465
213558968270
213559489116
213553219741
213562006060
213560680555
213557083382
213560268386
213565226925
213565096267
213563846999
213556372690
213566451616
213553942895
213549254395
213549152833
213563785798
213562396435
213554614547
213561708078
213556522756
213567266347
213569249279
213563805518
213552851345
213564801284
213551501877
213564382038
213549046865
213549103918
213549845941
213563361090
213563248702
213567390195
213561449407
213560564436
213551057707
213568749325
213567823200
213568929731
213567336108
213565841294
213566469361
213553370619
213551849486
213559650842
213557314458
213557533237
213556113004
213569481020
213561669137
213569452081
213556210722
213564088507
213569393236
213558975027
213569233893
213565889715
213549083712
213551455526
213559488943
213554083716
213554724081
213566005445
213569435432
213553867245
213551955034
213556598890
213555070232
213569839095
213550287099
213556348412
213564430237
213568437637
213558437861
213554206531
213553140993
213553321292
213567942522
213554339339
213554135754
213568140839
213569643906
213567625340
213559530725
213564236727
213552953758
213559073757
213550763604
213550887672
213552478160
213552026232
213552291589
213562491134
213569582648
213566158340
213568433872
213550653528
213552531426
213562756893
213564731748
213549200368
213566963009
213549338971
213566265854
213559478801
213549960335
213550639783
213559546756
213559246713
213551021939
213555133909
213556274300
213563289902
213558208917
213564964265
213555269269
213564754601
213568067762
213557278827
213551234199
213549645125
213554791421
213553036388
213554527255
213562847764
213564812753
213552897342
213566040982
213562875387
213552503873
213567534678
213561800383
213550638378
213551943097
213551896869
213564332649
213550058967
213566004293
213563164759
213549943428
213555566708
213564718668
213567418473
213551810015
213561108572
213569067360
213559983524
213554933986
213562151960
213569399176
213566626945
213552051457
213563250886
213568287520
213552023766
213567779859
213559307715
213553332716
213569378712
213563806043
213567797082
213567665143
213565226470
213567843701
213557753399
213555771881
213551529509
213549558070
213566225452
213553148643
213568735137
213568767763
213552127715
213568107135
213565126965
213553051130
213550214751
213551707181
213557548227
213559502061
213563514043
213565927707
213554675202
213568137816
213557748133
213560937663
213553238722
213552498197
213556048124
213557791809
213561792923
213562796135
213560742242
213568896521
213565210124
213557236119
213558230062
213564740958
213569349806
213555803616
213557344011
213568061867
213553109678
213560180655
213551273665
213564753275
213555265513
213564392270
213569130831
213559952603
213562055564
213561935021
213569757022
213566436622
213560911405
213553436907
213558721642
213555215015
213554842836
213553986187
213555789919
213563616913
213564430047
213556198141
213564306796
213562236532
213565707391
213568356308
213562517576
213556869908
213568774319
213549102942
213568686071
213567172337
213566332642
213552410626
213556211215
213560990816
213551231196
213566072553
213566195885
213566851800
213566485058
213551990905
213565294287
213555358444
213569026339
213564100080
213556309481
213557069433
213567972219
213551683843
213557511132
213552694735
213558956087
213566752082
213563794762
213549515180
213551374950
213566348816
213565592132
213564728337
213562326020
213568269487
213550061030
213556388883
213550065295
213566436285
213551275079
213561816325
213566697591
213566785652
213566695016
213566371066
213555093395
213566184140
213553392314
213565597634
213557571256
213562166472
213558392532
213564340621
213556141789
213566312872
213549640991
213565245585
213567453335
213558054201
213565083670
213550437606
213561317364
213554270768
213563360344
213555477555
213565471144
213561402009
213551774996
213557853727
213561151164
213552679638
213560858151
213550759999
213552333370
213566575100
213558226914
213569698824
213555074437
213568133387
213559214442
213557290954
213553498211
213557949795
213550854467
213552582132
213559282877
213567063872
213566275317
213562210956
213561188179
213559085339
213549415269
213566107593
213566022701
213553329881
213567541453
213564050359
213554351502
213554446933
213566056810
213564591682
213556652414
213560060030
213561890634
213551086329
213557501082
213556012779
213562831613
213549616564
213554870040
213550718305
213560902688
213562473791
213566876620
213554762924
213551175415
213552490128
213567367478
213557454409
213561710058
213552607736
213561512566
213560338376
213558463576
213564097059
213569224442
213568889144
213565337435
213565031073
213564247137
213550846779
213565990101
213549095024
213566323812
213552409700
213557987636
213552901752
213553257941
213564270884
213552306332
213561104273
213567093885
213561572440
213553811589
213569077839
213567990270
213568811352
213556417146
213555263059
213558616656
213567589825
213564638830
213550631097
213553318690
213566265555
213562777061
213558195149
213550512671
213555323037
213553782966
213556532473
213564523119
213553994265
213557394263
213564628790
213567040573
213568583914
213560187271
213550955452
213560081668
213562077641
213568645593
213550051191
213569765617
213556389574
213562558927
213569033427
213561322931
213566078249
213560759608
213561506384
213550692188
213555917947
213567140705
213559762067
213567026503
213557782474
213551900046
213561541517
213552010856
213549327216
213549879156
213562842934
213558955068
213555988166
213560270474
213558187904
213557241460
213557154851
213553807141
213564818416
213556829823
213562098206
213561583577
213550230993
213552074473
213549439439
213562841712
213556638855
213554114196
213555196874
213566144209
213556842298
213565755468
213560978532
213569172010
213556913767
213563513912
213560746659
213552159614
213557277218
213553980758
213567627874
213569758475
213557699665
213565873062
213554359932
213559860749
213568323480
213557233709
213559156540
213566329082
213554196497
213555366658
213550759114
213560702212
213566819903
213550545663
213553489809
213567705940
213561529761
213552472009
213565740754
213565042251
213557586221
213569551197
213566224273
213564726123
213568952373
213552246731
213550544512
213558179855
213557617737
213552214111
213557548419
213561385006
213564133918
213553216801
213565816926
213561859910
213554528203
213549863804
213555125447
213552930848
213561508636
213563885989
213558053041
213556024908
213552350984
213561605887
213568278246
213559564762
213569041482
213566853951
213558211517
213552391675
213563781151
213551824818
213558204159
213561660250
213553278921
213550400150
213560816683
213569825821
213563311671
213551759945
213556468308
213563259542
213559929830
213549298987
213567248651
213558945795
213558319254
213568426985
213560081284
213555474844
213554450939
213556474333
213558898792
213557008453
213566340702
213551855306
213563093868
213549629015
213562669587
213564904938
213563311908
213551713259
213566148794
213554406762
213564438529
213552341175
213563256231
213563549708
213554210701
213558054121
213568466408
213568103241
213553617301
213568776028
213549029772
213560869831
213558600624
213559670799
213555333397
213553941661
213553467825
213552550136
213561263565
213565290519
213556907015
213552591781
213568634144
213550706991
213554288278
213555550304
213558778799
213552223621
213551395247
213557249097
213568863808
213556076004
213562458126
213566688886
213559285679
213567646664
213555804588
213549807824
213556187371
213562155962
213550224230
213558856675
213551226647
213552617323
213567023557
213557452974
213568889737
213565735046
213558425376
213566066904
213554360707
213564752503
213550342805
213560004332
213555832878
213568804633
213551346435
213563560182
213569375762
213558049399
213566183880
213563110031
213569401117
213556767257
213557241551
213558857250
213554435628
213561955145
213555857040
213556928973
213569936562
213560820944
213559924916
213567527262
213563224288
213559955307
213556770277
213565215898
213554345282
213554058322
213557786756
213569262887
213554415286
213558864830
213551098895
213563298377
213556342033
213564298222
213555764617
213553097896
213567817666
213565074001
213551168976
213549199810
213568368224
213555447106
213567383178
213558674715
213550371187
213551078346
213551382980
213569224814
213554119022
213561452056
213552054388
213559267343
213567119911
213564249281
213567098896
213563375902
213559138855
213555691848
213566769124
213554254792
213558855531
213549423091
213556654685
213554837940
213562232797
213549762281
213556936057
213563919784
213564629343
213561659771
213556825784
213550376034
213549722792
213565860433
213560329769
213560618717
213564531186
213552662644
213555381625
213557562090
213562532901
213569803077
213565385226
213551386692
213562625715
213563723936
213563162958
213559126094
213553901634
213549497270
213560657437
213550526064
213552460596
213553280795
213551093779
213551912973
213551229867
213564579624
213552836182
213567963881
213563434907
213561461466
213552014796
213561034061
213550471832
213551264932
213555420448
213558474829
213558485084
213568531384
213567977601
213568673491
213551102130
213557779597
213567631961
213557575463
213557015173
213561151300
213568362130
213550697898
213557842325
213554881082
213565757947
213555660930
213553336313
213561789898
213552224734
213563705098
213555433699
213557516515
213569763294
213569194520
213559000575
213562989687
213553901449
213551353344
213550435201
213551700460
213555128787
213561544562
213557879813
213565860070
213554495521
213550484319
213569408849
213568832240
213556839520
213560400805
213563185659
213568879022
213569103045
213566970824
213568561951
213568240393
213564257274
213556247783
213566436716
213553332294
213561296981
213562025470
213562685482
213566270303
213560903784
213558500784
213555702827
213549843450
213558082436
213562579041
213564575166
213566479948
213567494007
213554975611
213551384595
213561875899
213562344897
213565585642
213560184967
213562654121
213568414672
213564684676
213553410413
213559163287
213569039866
213563269886
213557103190
213553086505
213559296007
213559226198
213569584608
213551762550
213557019340
213556857401
213552120502
213550556228
213569049031
213562360078
213568701644
213556142257
213561354313
213566567550
213565025597
213554077903
213563854881
213568647134
213551147897
213549238389
213554463591
213558397823
213562403235
213551278037
213558046054
213555809914
213560776872
213550858427
213565095662
213555954247
213553737848
213552444570
213555775339
213552908123
213567629617
213551416309
213558140123
213569653705
213549832675
213554625759
213560232021
213551903743
213552901398
213567707200
213565415467
213557288237
213550176751
213564650690
213559367599
213559152853
213556165245
213565137293
213557480953
213550659676
213557110457
213550852826
213568959828
213562953892
213565378111
213562341541
213557532074
213566999263
213566848879
213552367358
213549858918
213550957440
213561300673
213551802397
213560852807
213556548126
213550318818
213564148989
213561473786
213560939029
213553639293
213566251420
213564117733
213569841733
213557741437
213568436546
213550848501
213556701948
213563385744
213557971876
213555663430
213564867975
213561472987
213566710742
213553176645
213559890385
213555740974
213554839111
213555004391
213561906127
213557427012
213557306730
213564834361
213555445841
213552698875
213551960102
213567959063
213564624728
213562269646
213555542938
213568089337
213564534772
213561032092
213559677156
213565022959
213549822364
213558292883
213558296379
213567881632
213560647344
213556184740
213559178274
213550544105
213568911249
213554568352
213557792000
213557668927
213553478078
213559353343
213559923380
213564980000
213568526778
213569138260
213563481061
213560921234
213560098736
213560443581
213558702282
213549518748
213567840018
213564766943
213550645795
213557897945
213567751883
213554080072
213549551376
213555569007
213563202667
213551272660
213559646688
213566875703
213566983463
213561667239
213567628657
213567769564
213556899040
213564759053
213552777193
213555321806
213568901664
213563287127
213567014360
213565228826
213564695429
213566744546
213569733964
213559779749
213569261756
213566235025
213560562887
213549065551
213551572887
213563625189
213567163301
213556455971
213550872707
213564166243
213565805965
213568165967
213562020016
213549169125
213555014173
213555824995
213551929582
213550592686
213569081554
213563032160
213555026182
213556949614
213558234057
213552516098
213552051391
213568826941
213549918508
213560701829
213553357233
213565424605
213561022282
213564846033
213553662832
213551898418
213549838604
213558587207
213549421407
213557182393
213559932027
213561694409
213569111236
213556534016
213550693657
213562352191
213557938886
213553015466
213563615580
213550860892
213556503752
213549354853
213551300416
213558926891
213551925701
213561818175
213562192515
213556728700
213563865093
213555028177
213560173050
213567935119
213557289690
213569965096
213551250068
213554546158
213566368977
213557303112
213554263738
213569801022
213549855623
213562153937
213564549384
213552646554
213562134331
213559467669
213564134472
213560144268
213562293596
213558066636
213557886081
213552367292
213560669053
213550499839
213567828614
213567170641
213554675371
213559623508
213565833245
213561060043
213566100755
213552690623
213567003033
213567502592
213563535612
213568397223
213568159922
213558798138
213565350283
213562741097
213551947534
213569860025
213569492042
213557075232
213551395861
213557171536
213550813583
213564416746
213555024436
213550091110
213553524710
213563073556
213557516262
213568443046
213551988863
213558193910
213553252302
213550084317
213559489135
213566079738
213566818253
213551629356
213559360019
213561655223
213568282448
213562623331
213563269933
213569112230
213564104751
213569795347
213554961883
213566537717
213557077430
213554310294
213565328612
213559440037
213558605863
213553163936
213568901149
213552605301
213563727510
213565218674
213560696918
213554233300
213560998645
213556932379
213553430578
213565588610
213561141837
213560143527
213560671755
213562321837
213568102692
213567751825
213567128106
213568764291
213567769394
213552109267
213563680880
213551179314
213559199014
213552506586
213569982225
213569163034
213560934353
213567864172
213559352213
213549260821
213564071760
213560426376
213549197406
213557346859
213568405542
213553317918
213562045050
213561826105
213549285279
213562583689
213569195606
213558144241
213549998841
213569900547
213560449922
213552861711
213550283324
213566199441
213560368168
213552475068
213549495969
213560754686
213557114894
213561132657
213550170552
213560632838
213556632765
213562268395
213566481408
213568520511
213569193260
213567124238
213554507347
213557208295
213569092739
213565925174
213560434099
213567198037
213564032753
213552702285
213549365548
213558434180
213554023625
213551089459
213553969289
213568953325
213565351927
213562631401
213552052143
213555168601
213569894926
213558956509
213553158016
213561999874
213549203317
213560435436
213565803995
213549247717
213561581877
213549093462
213555569627
213556255385
213558226700
213569126974
213555919083
213568586792
213561484763
213566080593
213563967577
213555741934
213554778175
213553388841
213566586368
213558188239
213562754939
213550368228
213569219191
213565757613
213562848844
213551701346
213551618189
213552310887
213551046182
213568177135
213567269242
213556404456
213550257849
213567684833
213565504697
213564888138
213564085600
213552406258
213553132911
213566880567
213551356742
213559701375
213568793128
213565098467
213552983673
213559229200
213565634315
213565573005
213565376797
213555541253
213553048149
213565515648
213550754714
213568573443
213562274716
213569262698
213567118591
213552903161
213568367739
213568987935
213568794396
213562030883
213555943383
213556978699
213564107890
213550245319
213562047488
213555567885
213554043379
213554235895
213554038552
213562372136
213561506993
213564156025
213556168335
213569569057
213559307037
213566650312
213563335889
213568700457
213555444983
213564266656
213553703371
213565510363
213550783291
213556074938
213565857234
213563455291
213555129941
213552551597
213562630827
213558176600
213568069049
213556330254
213557581490
213566945668
213557561787
213568891365
213549013421
213557053719
213566212478
213551501197
213562842771
213568783146
213562402207
213551891445
213550885858
213562276077
213566102008
213563073765
213562351019
213556753838
213553622038
213565582073
213549176245
213555256178
213554204547
213566182572
213563120632
213559639534
213568819567
213552867471
213563888853
213560958013
213556274961
213554347939
213553633681
213561131126
213551735918
213554942496
213557588512
213556177798
213565853475
213567796381
213569067195
213562402728
213558659495
213562300474
213551260107
213556371040
213549850347
213563122048
213566876926
213567555760
213564972381
213567167035
213565214536
213560669744
213554553300
213553894952
213568617141
213555431050
213556000315
213562127871
213568421235
213567047301
213556016471
213567547480
213561935965
213564030788
213556587711
213569981610
213563723833
213551108656
213557299894
213563307020
213553886013
213565887803
213556118307
213568365410
213563228102
213569444861
213551821906
213561781724
213550737737
213555031081
213569091131
213568843764
213551617399
213554513354
213552064253
213569531132
213562783055
213569881166
213559179901
213554811461
213552423640
213549249637
213556693145
213563613866
213559819928
213555801136
213551004845
213563614992
213561364686
213559345533
213566163678
213552808450
213560106382
213568051031
213562362788
213557128350
213554189907
213549070925
213549755592
213555891263
213554377381
213553462564
213554926603
213550909874
213567583495
213556768433
213568492467
213549113228
213565160094
213568594302
213565468488
213558443949
213551654427
213557867875
213552279247
213557556422
213560350879
213563795770
213551789748
213567121006
213551054659
213553055795
213563145796
213552559808
213550497723
213565904912
213562603051
213567378415
213556758635
213553685025
213549538296
213559982675
213560236572
213560962015
213562416398
213550198851
213567466974
213566816675
213559190016
213567047447
213555579653
213569802893
213554485044
213549490326
213562686178
213554401574
213553139265
213568432395
213561221340
213560421150
213566766113
213551988839
213564480023
213549743487
213562655107
213555161797
213567117502
213552595082
213551374591
213558455035
213553773539
213566221776
213549200152
213556447588
213552402521
213563691103
213555123304
213555013541
213558307447
213567071484
213556821220
213562733112
213552005748
213555053887
213567866183
213566045920
213567230434
213549042723
213568324246
213568412703
213561523982
213553317779
213563061667
213561677781
213565498394
213549137147
213557071090
213563229849
213562164006
213557178259
213549664510
213552450122
213567810518
213558625228
213552944459
213554073775
213558672086
213555837852
213549757836
213569592539
213562789330
213559118888
213554826893
213551939062
213569345629
213555630088
213558016078
213553073945
213559563330
213565309322
213564050044
213550835051
213559066544
213559887796
213557485401
213552450510
213561729629
213567857900
213551136897
213559814173
213558892564
213562692501
213558370373
213568097900
213550983583
213563122110
213567052495
213563245440
213555730120
213569131787
213549478684
213549993456
213563872071
213565619598
213566911733
213557469467
213550050559
213552478137
213559800954
213559508473
213569114288
213555768854
213564777271
213552828241
213563086880
213559100463
213550142239
213568401432
213560187978
213562474504
213569279436
213552537262
213565725973
213564714657
213558919418
213558344344
213549547053
213567020908
213552149552
213555484268
213562197375
213566962654
213563095358
213560572293
213557209189
213559145832
213563054794
213564416986
213551773546
213554395689
213551501419
213561333860
213559633231
213559815723
213562006847
213549109650
213568675208
213557518070
213562491579
213557452360
213558571788
213552737490
213558794946
213563210906
213564527062
213565241199
213551992991
213567232131
213550285001
213557839845
213569863028
213561516979
213564341134
213558941555
213561224866
213558716301
213549876135
213552001786
213549771905
213567156383
213558600737
213560245073
213558056654
213554034491
213557429868
213559929292
213556387184
213560936922
213549107206
213561560242
213551623266
213568273319
213554814892
213566404344
213552307179
213563381623
213552142766
213554048528
213563183525
213551738649
213560744210
213561565314
213562493336
213569191443
213568717543
213558250031
213552908464
213563015941
213562684126
213554342277
213565957349
213563889862
213555482358
213564989602
213560549519
213550955252
213558274769
213562678584
213569094971
213562319749
213566650509
213568404048
213567030354
213569846927
213562141282
213562699948
213560640735
213554672500
213563081343
213551126260
213563148980
213551295294
213557513320
213567580564
213557784518
213553472996
213552875891
213568649365
213549533605
213562513386
213568298218
213550533149
213563248070
213569733450
213568944716
213549190009
213567387864
213555520046
213563808054
213559196762
213560871453
213568168249
213549666328
213564791663
213562350363
213567496447
213550137113
213558020303
213553788898
213549293242
213555747649
213566868714
213567141635
213563569988
213553231888
213568257252
213561131767
213550745912
213554413215
213557970073
213561328414
213562115650
213556350640
213550476579
213549821207
213549686904
213556337079
213552412639
213556333383
213561065842
213553226014
213567414436
213557647448
213560890991
213562418699
213569777661
213566023638
213554871504
213562854344
213550325861
213560265756
213569807052
213557373190
213563018131
213557978636
213567922467
213552695837
213555972063
213560518978
213568753973
213569360131
213557772566
213560840416
213559751987
213565104988
213558561794
213551739875
213565149343
213550194114
213569577570
213561625122
213563400270
213560482730
213563122070
213562522373
213551901912
213552402786
213564581009
213562415106
213567927170
213563510194
213561170737
213561039856
213563492024
213562304934
213550431759
213554226936
213560070899
213564341220
213561684781
213551563120
213566655803
213558347141
213568050543
213549112016
213559752605
213560087682
213555871407
213553424859
213561654126
213551497203
213563413955
213554899077
213564584567
213552887454
213566934731
213564945778
213549233643
213550580279
213554068544
213568269721
213551967174
213550803888
213560015800
213569134346
213564150003
213567514991
213550953038
213562929153
213555284827
213568473633
213568767796
213549485721
213568511202
213554323816
213563904732
213555258716
213550706998
213565550007
213557479179
213559587330
213556562647
213555719780
213569526444
213567640327
213555298639
213564496696
213565273761
213555848464
213559229034
213556308275
213568538798
213565254789
213557882410
213565996995
213564401291
213565913717
213567875646
213556766144
213557801644
213552494367
213562444019
213550400847
213557315659
213569715147
213568350232
213568437825
213559192567
213559880235
213568938885
213560316144
213568327717
213556753933
213549567882
213558020390
213556866057
213551639421
213562941710
213562475775
213562403588
213562622779
213557826964
213563503278
213556761950
213554861684
213564417320
213555472121
213562060365
213567348324
213561344325
213568477948
213564929641
213565229431
213550813984
213553419573
213563795011
213550490035
213556141363
213555601466
213554993735
213561233556
213558601065
213553129931
213565490776
213558139785
213568443616
213569906692
213564358275
213568253456
213554260680
213559466448
213557155946
213554163161
213555218148
213560268408
213562855907
213551775068
213553335035
213551413195
213553140493
213550420530
213556030624
213556506909
213552875652
213549319254
213565737673
213549454571
213557236390
213549841320
213555965378
213556036222
213560922077
213565979428
213550251716
213558097844
213554805210
213562482114
213563430297
213561469786
213560001074
213557497831
213551095027
213561192541
213551942651
213560672702
213561815213
213553321298
213557433152
213561751894
213563628483
213565518404
213562214747
213552002081
213551176455
213568395112
213558825808
213559774247
213557486750
213557800178
213567034281
213553220316
213552629709
213556359913
213566641751
213562760108
213566786383
213561062308
213558430664
213560408469
213558607705
213561406723
213558566290
213549866912
213549295655
213555629781
213556206158
213553012159
213559703843
213552824466
213568473530
213568836798
213566202627
213566769292
213553170672
213568443831
213558802376
213569523613
213558696798
213569324045
213560632419
213561197341
213551957325
213566093840
213554450689
213555522659
213549995521
213553827490
213557642609
213554128283
213562076877
213560998224
213564197795
213555487984
213549099367
213558395824
213559771501
213561048966
213549601647
213549048123
213567813352
213551865093
213566976587
213549225099
213562622813
213563679022
213567597424
213564833811
213549309482
213556597270
213561655068
213560639220
213553475449
213554700755
213558792953
213567062633
213562048703
213559093417
213561107232
213560060564
213568630204
213561394700
213565515073
213553264411
213559783324
213559339843
213556662224
213563822324
213567256405
213568345207
213551739071
213549928700
213551344458
213554085099
213563234532
213566130149
213564656006
213553178905
213553387219
213557790629
213558613628
213551554411
213564275070
213554993236
213561092176
213549161679
213554980150
213565565946
213567813377
213568837037
213565835638
213566882188
213567688461
213553539676
213564580835
213568754516
213554565187
213558254343
213556525077
213560881437
213554402161
213561349201
213554211225
213561927768
213550687510
213564971377
213562858781
213552234766
213555953601
213563595365
213551775092
213551664083
213549280401
213555800370
213562168371
213552260226
213569995137
213562982948
213560910034
213557935718
213550407906
213562209754
213556732683
213557418472
213563899772
213568002389
213561618745
213561044173
213567252831
213562025350
213568933844
213567579374
213551401609
213557876810
213565491842
213554614408
213555408096
213554459349
213554782545
213560092491
213558734921
213552821892
213556779233
213555751447
213564503846
213568498784
213554107377
213568332759
213568896192
213563200199
213566806015
213549402706
213552376532
213554881334
213558109667
213552697806
213552996302
213561564310
213562248665
213553919810
213565674792
213569424511
213568717222
213568856900
213563121052
213561116023
213565086706
213563972128
213560482101
213562963966
213553840678
213564083538
213555509602
213568393612
213553245775
213557283368
213556972888
213556466497
213562390321
213557315769
213562879130
213555254851
213567004573
213554097586
213564731992
213556986817
213550135416
213554136377
213556468748
213561241235
213563332712
213550866744
213555702599
213553163640
213569564990
213566484119
213551024119
213554967733
213550110167
213566025863
213553967827
213555564940
213550922434
213555095802
213554665099
213551170090
213563172531
213561258177
213567781406
213553606103
213555177203
213553283824
213567849401
213556640760
213555067338
213552229606
213553527168
213557050446
213565537539
213556038923
213555737611
213564137440
213560745337
213562685826
213563418443
213554668537
213555996899
213549433795
213565245328
213554824423
213561250115
213563109338
213561712109
213564945832
213567765303
213560063291
213556764315
213569073115
213550096402
213560631108
213567934511
213561267828
213558039437
213566664584
213549541559
213549779404
213561630996
213552579115
213551174784
213549386514
213555283661
213552320112
213565636502
213549107845
213561342220
213559222434
213551884805
213565162665
213559664774
213556338152
213549638626
213558207855
213560928908
213559966778
213552366896
213559596714
213567378487
213569160077
213550805205
213560447981
213564412948
213559715843
213564201432
213561539037
213569260045
213550614160
213562681648
213551709852
213561398388
213565085189
213553987479
213567390456
213552929628
213555751005
213550506300
213555146242
213553500623
213553057861
213568334944
213563702312
213555029058
213553790145
213558438477
213550678640
213568948411
213558932059
213563469918
213563165781
213553230160
213555393288
213560860048
213555472946
213552487790
213557095049
213569790224
213565641890
213550945724
213552330821
213561616188
213549060650
213564313883
213565510502
213566981261
213566011309
213564538669
213553208542
213568406106
213555412452
213549060684
213562528264
213564340165
213560027801
213561384341
213567464899
213565253051
213553155250
213549603225
213552281944
213562832277
213566405704
213565637333
213554320797
213561427379
213557698043
213560602727
213563537761
213561541486
213554783132
213550533849
213549024426
213551461741
213552785790
213558316804
213550602419
213558311217
213553486783
213560886856
213553499078
213558711152
213554285258
213564912099
213550305018
213565052582
213552078025
213550425167
213560497289
213550884264
213563656150
213549057773
213553319007
213569922551
213550329705
213559251959
213567467121
213553604871
213566819748
213564156544
213556031227
213568237248
213563605290
213568374160
213569889956
213569622489
213561639429
213559600074
213556615439
213551977114
213552500334
213558437134
213557556696
213549119875
213558837741
213556261020
213560371117
213549198683
213555948589
213555425519
213555910147
213550791089
213563273548
213556379069
213555062572
213550339602
213567970385
213559738339
213560026787
213561901826
213566936101
213555030633
213560677796
213563621613
213561218786
213553932834
213553612300
213562679267
213562812290
213559817120
213551101577
213552439178
213554294204
213565322285
213549699450
213560641538
213559110969
213557204806
213562073599
213564260327
213568667846
213556293048
213549109231
213552139373
213567477155
213563066636
213560036698
213568411203
213558686521
213549938774
213558722845
213566533147
213555541701
213556331064
213561060045
213567828961
213565498138
213562037858
213564068097
213558719925
213566864170
213550763098
213568576587
213555794725
213553039079
213551712570
213568205138
213565986671
213560792706
213568976041
213565839288
213560267961
213553157187
213558485126
213557562695
213559968305
213555097630
213562976884
213566478097
213562399573
213554280783
213558226213
213563045844
213551107923
213565740884
213561658181
213554629768
213563464257
213560772738
213555810124
213556694841
213551825241
213568200665
213552773979
213562725858
213551741620
213560654972
213549564982
213564423385
213564449711
213564425966
213560479324
213563173087
213549151572
213563734932
213560433590
213556197829
213565312707
213553778340
213563859014
213556623341
213554518640
213554000211
213559899850
213559080628
213551697222
213556677664
213550456321
213559401558
213557675459
213559054203
213563482380
213552455810
213549282757
213559289865
213562282173
213566633857
213557235034
213564566144
213561074963
213569552710
213551794052
213551038209
213551225919
213552142832
213557287619
213560984619
213553017245
213553666331
213549398283
213554827368
213568676634
213558548819
213555247236
213565313954
213560062717
213559660871
213557229212
213563298413
213560300603
213552613376
213568863402
213569587632
213554637112
213549994053
213561425122
213551202125
213550296911
213552667607
213562438446
213554146984
213569345089
213562680607
213553674246
213568914341
213562278823
213564452295
213563219419
213552821149
213551291466
213551897342
213565524234
213562942961
213549861260
213549743211
213549377110
213564996305
213565502502
213562110805
213558606886
213557060552
213564866699
213556019090
213551087556
213559056472
213552474524
213568486310
213562245825
213565231584
213549543338
213555164324
213564869950
213560360260
213551425886
213562261553
213560061268
213562306802
213556447786
213556988332
213555181822
213562136286
213561471189
213563921245
213552050254
213556854914
213569108939
213564186358
213556069330
213556878476
213565807317
213561183551
213565252070
213567042163
213551034985
213562475270
213549751433
213560456636
213568865167
213555360716
213566284582
213549209678
213561206449
213554442364
213558167262
213564453931
213568788067
213550407580
213558489736
213568059051
213552642998
213559619579
213569031411
213566363664
213555978565
213566036496
213555067715
213552257456
213567120210
213565538533
213557086207
213554822606
213559892328
213565531146
213567476175
213560761383
213568755901
213565014985
213554493792
213553289929
213554070034
213560178026
213567734132
213558031781
213553865073
213561077824
213568283122
213564326914
213551523142
213554074088
213562121681
213569612510
213566333252
213554946653
213565674013
213549626379
213555061879
213559193504
213556675361
213563681572
213557092917
213563522820
213557201475
213566594314
213568891934
213567998108
213562994354
213567601379
213554573474
213564236421
213560417822
213557192109
213555724400
213555557994
213565302673
213568256819
213563109352
213568568127
213550428020
213558041712
213564179423
213567536262
213552450345
213565546973
213568487663
213568277119
213565632876
213551229504
213549216599
213556532020
213565149251
213562708005
213557182307
213553031631
213569764793
213560471308
213559105542
213552751720
213555410620
213560203478
213562487611
213555248239
213555707513
213556339634
213549456776
213560402395
213556155876
213550412013
213553309573
213556159432
213564591203
213563754662
213565569490
213557102794
213555419725
213551220224
213549643553
213555884853
213563374823
213565490997
213563715778
213562532673
213556947228
213567238826
213551663272
213561251037
213550635846
213557647285
213563691543
213549168928
213558342269
213552223539
213555897200
213559240913
213560404960
213560847214
213553594679
213566393825
213550388643
213569470424
213565800733
213568848014
213561240057
213549397881
213565035592
213563761119
213553127500
213550812710
213561371511
213567680793
213564414904
213552731308
213549651439
213557605180
213550641533
213557169256
213560541656
213562675401
213549355729
213569112797
213556099166
213560232757
213556281454
213563356950
213562864618
213562384448
213563646317
213559923074
213560346916
213561309113
213564174639
213569054104
213559335137
213559967187
213567542620
213560739195
213565509417
213555915717
213568649098
213569356414
213549018770
213551411647
213558675476
213562883967
213551678223
213565607827
213554014515
213564800790
213563015849
213555922922
213558098899
213566241330
213569407772
213566190206
213550785014
213564338459
213553817425
213551787798
213552383090
213554711230
213568289665
213563244635
213549575351
213549630661
213549898349
213556411117
213565019093
213555727390
213552663301
213550864262
213556184586
213550261558
213553936728
213553783685
213559821365
213551431140
213561652099
213551954782
213569775371
213566373683
213566580605
213562460657
213554144635
213561849064
213556346213
213565056390
213564720737
213559426038
213554049020
213555486003
213557658871
213549612695
213552694600
213557458207
213558852696
213551890432
213554638828
213565883177
213553003959
213558132401
213555310536
213558020240
213567463678
213569886784
213566548765
213568988094
213566923482
213559879905
213558833048
213559438826
213562549926
213555402803
213560958753
213550797365
213555651295
213569830941
213549833142
213565368038
213569223959
213568360015
213564313087
213556306376
213555959817
213564956951
213559168467
213549455796
213557390487
213564968343
213564279098
213557217749
213553352395
213550125242
213559962595
213560763643
213550082957
213562386038
213563163604
213567825734
213554286637
213566793016
213565821485
213560474060
213556761533
213566769082
213549094862
213564673375
213553783872
213551294298
213560079649
213556474642
213551856589
213563512660
213569103528
213549185573
213566173107
213563543236
213553532563
213563069828
213552885669
213550790381
213561753425
213559130691
213558116575
213569938516
213552335655
213555281155
213565025562
213564548513
213560219472
213557278744
213560093123
213559603772
213562587222
213566455992
213562369467
213564123473
213564221824
213559920975
213563943282
213564398581
213550972602
213560483157
213561264574
213551301563
213564370263
213567414761
213551675177
213568810923
213553323452
213558172035
213569493745
213569012623
213554615772
213565447353
213565143803
213565843672
213553516702
213556870003
213559290783
213549990603
213569483531
213561494799
213557816365
213559647076
213553611952
213549100248
213568077522
213559975008
213561228385
213566943501
213551164857
213561667542
213562658136
213561781626
213564594288
213561095382
213553317623
213555486294
213551149867
213565385591
213556586914
213558420820
213554496031
213563396207
213549477310
213566633768
213569354310
213563712934
213556988834
213564020734
213555511482
213561588118
213566878855
213552540645
213565647368
213557110699
213564033902
213550875064
213556548136
213551820967
213562755000
213559019813
213556118363
213559956014
213559915560
213550166720
213564891499
213566225525
213567776732
213561954361
213560949064
213556774218
213554429699
213554466331
213549843586
213555732959
213563884003
213551086340
213568920713
213563306956
213563335381
213550314741
213550149307
213552236745
213553004370
213568263372
213555879972
213559688124
213561426438
213553684648
213552309695
213554145267
213555069990
213553123660
213561081038
213566140729
213568027790
213558246965
213553174819
213566294081
213556180659
213552753729
213559916178
213550506039
213554561544
213557273777
213554427882
213550636966
213552020087
213557383546
213569342493
213549599346
213569095771
213555442574
213550835778
213549895397
213560803417
213556297053
213565729544
213565948824
213557957655
213553430961
213552033960
213565544897
213566430422
213557766783
213549793624
213561850788
213553419053
213554814418
213563396935
213564797757
213553670329
213561666012
213566725951
213553476941
213566332142
213564650671
213567284233
213557899847
213559767829
213554458767
213566590316
213564400903
213549966083
213569816880
213550395185
213564837893
213568970502
213558668429
213549270671
213565523415
213563350477
213555313186
213562996736
213561206342
213561400309
213556404302
213558680716
213559745468
213557668673
213565715240
213565560667
213554936756
213558704031
213554821608
213549500584
213558224477
213552372309
213563597514
213550745734
213560263826
213565794589
213569582498
213569240464
213550602350
213555794684
213554374916
213556575367
213569832854
213549588195
213567335824
213554366587
213566018233
213568370627
213554970872
213554276818
213550226368
213561004200
213564475813
213555716630
213550473893
213564998444
213551438015
213562044803
213552081554
213555367853
213559113481
213560748355
213550534524
213568667575
213556849662
213549856801
213559100144
213557195098
213569851183
213557348307
213565119277
213568910187
213556604129
213569716241
213566125288
213551907195
213557840829
213557460086
213559706344
213551058584
213566585231
213567315433
213561033155
213553788197
213556617228
213552282960
213554691414
213562754014
213565496715
213566897821
213561052673
213560979760
213561204730
213556965815
213553451884
213554088167
213564747415
213563963629
213551484707
213562882577
213559855645
213551548160
213551390675
213559714415
213565792225
213557588495
213563679376
213567808341
213566053738
213556995421
213561100490
213559335447
213551427519
213557690727
213553289478
213564565558
213567175202
213568733524
213549411390
213558331136
213555747965
213558639930
213565296573
213554896334
213553665548
213555018934
213560491176
213550190360
213555394234
213556667314
213564522973
213566536252
213552945568
213567108547
213564304355
213564521120
213566232813
213551925636
213565760839
213550044508
213555500624
213567259282
213567488193
213549982637
213557615088
213553568516
213561005258
213553631731
213555672562
213569528573
213564857187
213554791033
213555475422
213566068439
213566532931
213561788906
213559930040
213564692924
213567332377
213557783098
213556502858
213566567336
213559138732
213559483805
213562418405
213551626754
213556208960
213557733364
213569161362
213559350121
213561993279
213561410892
213554358237
213568182165
213552012450
213564250549
213566000937
213564146370
213556358466
213563548605
213566646863
213567664178
213559507121
213553329843
213564833744
213566525342
213553665235
213549300349
213558564700
213556824548
213566883263
213563204526
213559052783
213553686869
213564102255
213566772459
213568811347
213551021635
213551118978
213568894659
213557550239
213567435956
213553764026
213561864278
213561216950
213557766962
213559102938
213554133405
213554381395
213555960206
213563488324
213564468203
213559965081
213568652672
213558901381
213567734541
213560514539
213561292607
213560266957
213552131471
213559718493
213565443849
213566245212
213564665199
213562373902
213558520714
213569873839
213553982497
213561420609
213554446361
213550927880
213561501139
213549760943
213566955633
213554703927
213559285325
213563657478
213566480729
213567792703
213562542357
213549456049
213565816926
213563127591
213567140208
213565942260
213568876111
213556163903
213567796368
213549911272
213560718213
213551728597
213566398079
213563361777
213551545053
213565566345
213569062770
213555230715
213561034151
213551324423
213555611164
213569872842
213558562888
213554031377
213564356091
213566339767
213549728213
213568490799
213552084627
213549450312
213549815267
213550684770
213562357571
213555459543
213563947397
213562137215
213550802003
213561765774
213556760636
213552084945
213561666919
213565484956
213563182067
213565222469
213558994392
213557167416
213565134430
213562255695
213561431007
213555843783
213558909183
213565107052
213553556066
213550443455
213564392112
213561539754
213557035578
213567714810
213549700660
213565548892
213568404714
213559552032
213554876549
213553676940
213553055019
213560926738
213557841321
213560854195
213566020114
213562705995
213557754722
213568318544
213568433658
213554592766
213563377180
213561807177
213569757407
213551631848
213561489731
213549044572
213551203262
213569779914
213564484547
213561606419
213565571277
213560337529
213563392668
213557413286
213566702636
213568353266
213549031000
213562717077
213555871705
213562263719
213563987483
213549717824
213566200257
213562853539
213564176895
213555186064
213559787363
213549169485
213552573311
213565251540
213563798128
213559305133
213568260538
213551108584
213567894996
213554107271
213554349652
213553787356
213560517907
213562810636
213550985778
213567586975
213560185198
213551270308
213562119273
213563253019
213565410992
213569286179
213569634948
213555471673
213568454874
213558422783
213568907773
213551342074
213552515371
213568517154
213554916974
213558557135
213557910897
213552682392
213562905646
213557398584
213549267670
213567423287
213569440436
213567534411
213555443654
213567291037
213550111070
213557675008
213550158837
213550630717
213562484844
213552720654
213550712372
213551603156
213553774510
213569116096
213565171783
213554974269
213559368861
213556911679
213558296897
213561848120
213568748034
213563805952
213566820600
213569562461
213569268277
213569852818
213550665136
213560258449
213566633814
213550946264
213559563439
213559035452
213564932959
213560825588
213564217465
213554004396
213554132725
213554249478
213556324410
213565360890
213559754136
213564734819
213569370911
213555294853
213559334639
213551510340
213563597015
213549405487
213549807513
213555365448
213551308395
213552257388
213552278576
213562319089
213562038119
213556431907
213556655249
213560338347
213552087456
213551141697
213558553612
213549938732
213550462829
213557316056
213549271638
213554031110
213553202270
213562151322
213563955742
213557237913
213559104492
213563617775
213569804824
213567964096
213560155282
213554401945
213553499616
213566931904
213560528299
213556183445
213557873637
213569700610
213560818905
213563288818
213562406469
213553169044
213556719903
213551598139
213568022462
213567368187
213560347442
213564773194
213569745044
213567589177
213557457775
213564941722
213565342013
213549927688
213559739694
213560513557
213561939581
213568411255
213557295865
213561113146
213569354028
213553297273
213565771320
213552404940
213549427455
213551326711
213555955479
213556531544
213553334411
213554413536
213553564075
213553746665
213567710940
213561463173
213563848731
213560933530
213562135718
213568115317
213564173529
213552955353
213569392973
213560891532
213555152961
213563677266
213559977818
213554377677
213562887738
213560552341
213551488722
213554624622
213557572120
213551038050
213564029020
213566332765
213553354591
213549640502
213565383389
213561935099
213559921511
213561002982
213549189471
213550809677
213563318980
213565250342
213555451965
213563256073
213556363772
213551082021
213560596050
213558475083
213568416677
213554370351
213567300122
213569232547
213554336924
213559008048
213550507926
213569175140
213549700296
213560199660
213558169406
213562061197
213554661601
213554911623
213558558606
213565004193
213556846833
213562426891
213555989078
213566145909
213557350802
213554844766
213556709663
213560561759
213567753003
213567655277
213560246969
213560707350
213559204813
213566397002
213559553646
213556574978
213550980116
213568980751
213559674910
213554167511
213552227410
213563982547
213563115736
213552761330
213564220508
213556437754
213556808382
213558981866
213563499524
213562742151
213554085207
213559055707
213566173081
213568381552
213561041635
213568217027
213564028042
213551432918
213553768454
213568725380
213556523414
213555923662
213551453861
213568318290
213562646023
213564163298
213569408445
213561845026
213565250921
213550636287
213550222445
213563644383
213565513971
213552371269
213564887476
213552322031
213561818631
213567888280
213550152638
213568262340
213549835615
213568931661
213550642772
213554211258
213550877316
213550924707
213565619261
213561066708
213553277597
213561973591
213550893639
213558733003
213560294914
213567417828
213569736293
213563557218
213563212442
213557645965
213556969383
213568511815
213549692501
213563561549
213551869377
213563992043
213555959118
213552468015
213560655265
213569510548
213562118056
213562355198
213558912244
213561914196
213568547276
213568136580
213567367981
213562335400
213567460393
213569753533
213566410593
213549156027
213564888605
213559626456
213551468725
213558784262
213557190308
213560755931
213551633141
213561307374
213554419551
213557949276
213555353918
213556961356
213565878699
213566916176
213549163927
213563833380
213554718136
213555532315
213558901744
213563935592
213557100541
213560911965
213557064041
213550808929
213563784406
213549420835
213549239245
213559201025
213554569470
213553558043
213556546708
213567051313
213562915943
213556724973
213553041352
213557972827
213553308331
213556078910
213566686847
213561672475
213556766288
213550338513
213562586365
213558355060
213555152302
213555672974
213553884362
213554841835
213550079827
213556818125
213559308915
213552126033
213551013794
213569967166
213566830009
213556969471
213550808171
213569154820
213549875502
213559809628
213564861335
213560162150
213552375827
213567947403
213551826872
213565813970
213558744604
213554222752
213560677146
213554718761
213558555753
213549227163
213551105874
213565330248
213551117677
213551929625
213558591476
213554918725
213565942019
213564088543
213560568417
213550541341
213556503007
213567751092
213567717358
213562578721
213559981007
213568782959
213566524867
213558418729
213566364758
213558240647
213553088441
213565349470
213561890597
213562679332
213551415064
213556785557
213551136851
213562845030
213563646652
213556578590
213560619296
213552453429
213569888221
213555798798
213562723125
213555268943
213549117517
213561123029
213553518462
213550281105
213569668460
213564397699
213569985717
213552099572
213552009277
213560397330
213558323610
213569229239
213559875966
213554407288
213569726633
213560859770
213555955678
213564391092
213563077216
213551875689
213563761676
213561581069
213566105634
213549185819
213557124529
213556035736
213551494085
213557962080
213551336112
213564127925
213556878177
213562678510
213553488852
213556537709
213556998578
213565777888
213565086876
213552917185
213555166232
213565522854
213554898642
213562069053
213561933958
213556999697
213567452103
213558456547
213555508958
213565242561
213569607005
213555697343
213552341874
213569410620
213550412907
213562935242
213561723611
213567436012
213556098041
213557200380
213555880030
213569287154
213554295380
213560512344
213558243170
213569896542
213569102365
213552655867
213550989693
213550031644
213557704516
213551749245
213568648940
213550474416
213553897049
213552378753
213559922152
213558605291
213556367476
213566271947
213564037226
213553260439
213564972674
213566853968
213568563220
213566003944
213553886288
213568671190
213561092961
213552185420
213557963248
213556338903
213559573906
213549818025
213566872023
213555575092
213555715164
213563193372
213555183697
213555084863
213554387329
213554086863
213556667895
213566353816
213568829930
213566024071
213549184818
213553921945
213562298501
213558774882
213551890002
213553933880
213565497897
213566858317
213560948436
213561290913
213565926552
213554554772
213551063577
213555212972
213555574447
213568100497
213561121145
213550794063
213563238622
213552009800
213557983502
213560808479
213552623819
213555070794
213557581229
213551642625
213567660255
213568514512
213550900574
213558996740
213558060337
213560137141
213562197328
213563921323
213551869232
213564176454
213569525327
213567595421
213558817540
213550165970
213549831617
213562441114
213562194181
213558217125
213554748750
213551798680
213557283576
213563106578
213551744031
213563393035
213566694633
213564828070
213569266733
213560400931
213561807130
213552083088
213558994981
213569044961
213555037377
213568417013
213554078452
213552553652
213557058113
213565930708
213556878875
213555723607
213559373439
213559881626
213561566711
213549114860
213568862175
213555957314
213562603007
213560401142
213568886365
213564266408
213566361145
213551024751
213550489379
213557211696
213568862394
213559135090
213566706520
213562178540
213553512337
213558384307
213558881897
213552656886
213564779889
213568889676
213562497354
213564603374
213556140730
213551426767
213558833486
213567659710
213566608117
213567781161
213567604712
213550977096
213555502616
213562210358
213555471295
213560526003
213556929439
213557884624
213549019622
213567484571
213554680309
213550722151
213549146330
213555052710
213567501156
213552917565
213559007932
213549524646
213564699248
213559946999
213567533577
213561357643
213568549900
213558541768
213565008361
213559408163
213554734882
213559965180
213557188696
213557090017
213559709344
213563515844
213554343246
213562940969
213554137939
213552480582
213554859154
213562330302
213567544701
213568601863
213568719704
213568506746
213554666075
213562455052
213552661682
213559713162
213563395996
213563442763
213565899583
213564686636
213557363056
213560013586
213565936191
213569176351
213554618138
213560941665
213558769091
213557030894
213565562331
213550586994
213551626109
213568054742
213568847628
213550938167
213550934521
213559543133
213561561713
213564765511
213553423336
213565303440
213563516015
213560982207
213565490584
213557387126
213561149462
213560983508
213551201272
213564668760
213564216063
213563972195
213555988450
213560475369
213552601334
213564148576
213565273685
213559686153
213553465008
213569078520
213558314828
213553637684
213559619337
213564933645
213553694552
213561537715
213553602916
213562633911
213568686296
213554616402
213554073459
213554758675
213563096270
213567412310
213560372845
213559075054
213555670909
213554260476
213555217577
213560515742
213560052446
213554907077
213559728532
213563134427
213560293381
213553475639
213551968955
213556748467
213556899644
213562247536
213550999309
213569830560
213563207363
213567833693
213559910866
213557806945
213560773812
213553310591
213567317467
213549154355
213560708627
213562560927
213554097114
213554848161
213555180489
213561508467
213563570311
213559082479
213553812099
213561440374
213558618258
213549783801
213552743720
213554743153
213557810825
213551336127
213562365465
213560209276
213561643511
213562637457
213553784302
213567981314
213556995449
213555017429
213555638007
213564433637
213559029544
213550023419
213556109261
213553134230
213566198746
213550951848
213566881539
213558337864
213559589369
213560243200
213567693440
213569888883
213549242182
213561159935
213549338500
213555744413
213559287821
213562535230
213557325928
213563474134
213551108355
213567069104
213564587940
213569938857
213569101576
213559775726
213565440836
213552410970
213560673757
213557326736
213557385806
213564495347
213560009807
213566940355
213557636463
213555661045
213551148300
213552312029
213567128244
213567820134
213551528703
213563264232
213568226611
213552960529
213567021371
213566235208
213553262021
213554421093
213549930388
213553363384
213569743409
213560634461
213549975037
213563364402
213569748332
213558807020
213559424879
213560816957
213550610436
213560290012
213565266747
213569471110
213557809510
213551185772
213564611406
213552313348
213560251498
213552953567
213559573792
213564370506
213551971985
213569806010
213568620753
213565443263
213554267114
213552592502
213569665694
213561859610
213569511690
213561113096
213551483158
213569078846
213565906613
213557676441
213554036620
213566247135
213568585053
213563310168
213559845330
213560709998
213557855765
213562486843
213569610589
213561589446
213563699057
213563900908
213560109193
213567076191
213555888684
213554048663
213552767515
213567471031
213559567765
213551572138
213569606596
213568982480
213568708358
213563541257
213568007552
213557615522
213559729021
213557669724
213557822092
213561565149
213559237833
213557478410
213555502574
213552831045
213561385841
213556483347
213568207390
213555741579
213558900570
213557870459
213559342123
213559354684
213557693749
213563842625
213555863041
213569644712
213560273400
213558090326
213563096298
213552010454
213566947838
213561171508
213556712841
213550410950
213558621747
213552247071
213550531363
213563092250
213568845704
213561559976
213561036448
213555843160
213560835334
213558460170
213561084565
213552902499
213569606883
213556955115
213559734855
213555601832
213560952933
213564927883
213554563963
213552483350
213569719508
213556822140
213555746022
213562980827
213566231126
213556569451
213560331800
213561045870
213564005079
213552562174
213557805529
213565476785
213551119155
213552992009
213553153543
213567455742
213551598961
213549692711
213565621887
213564727927
213557578789
213564851549
213553503370
213552404099
213555415301
213558377930
213555305919
213562231388
213557764280
213556744006
213558727928
213559445092
213554019227
213551594768
213565469270
213559723712
213564693575
213564320098
213553579996
213551203855
213556355490
213549399698
213556309973
213563201421
213566348530
213551990826
213550158806
213554748550
213553663837
213552440740
213551571842
213553847799
213561266694
213556998776
213549871259
213551485335
213556747049
213557089717
213563326235
213562292649
213563047443
213561850324
213549241703
213564934084
213562915920
213569079766
213556686612
213561673184
213565627838
213569668436
213568629576
213568918327
213566939601
213557379431
213555863329
213569021534
213569336119
213553100393
213564222930
213565665516
213557444636
213564636185
213562131324
213557903150
213569004535
213549795796
213562174210
213550603838
213559291750
213565882736
213560182226
213566177838
213562588884
213549529410
213551569646
213563061049
213567095483
213550924933
213549519602
213552346344
213567419280
213560292998
213553434292
213558055571
213565690560
213561462786
213561265833
213550469249
213567093335
213566773440
213552134656
213568242046
213554424401
213557891562
213562082998
213565043498
213558159761
213564241040
213559909658
213564751935
213558192255
213562466184
213566069253
213561550792
213569657518
213564247146
213552459090
213561133373
213568149670
213569157736
213562334516
213566220063
213556084648
213562007408
213565542779
213564837310
213559557149
213565431897
213558300147
213558014673
213552569486
213566239099
213568834771
213550868301
213569434075
213556702512
213565773875
213569910843
213562489766
213565593697
213564756972
213549632311
213564998842
213564308072
213568553921
213563039254
213561890869
213564570354
213560931508
213567286082
213569997269
213567404437
213558303497
213561291105
213550458994
213562546435
213550166550
213568156215
213550158866
213554849316
213553877729
213551238092
213562933321
213569998078
213566686423
213555981185
213557077007
213568698786
213559562557
213564438397
213559092470
213562208226
213566666818
213560173782
213553933089
213549799783
213566244368
213556029932
213553790156
213549607929
213557022498
213553122739
213561008728
213557628999
213554685921
213550246302
213558197001
213556249245
213568657383
213569881176
213569000343
213563131069
213564179577
213560589804
213564973046
213550085786
213558742044
213562454223
213554777895
213562414009
213566111412
213565797896
213565168960
213568352447
213549567880
213550472785
213561545505
213558050308
213563623492
213563229774
213557847773
213560408793
213549042260
213554548829
213567638185
213563671131
213552017950
213555283451
213563201416
213561145853
213551320416
213562468170
213556808600
213567128502
213562863870
213549020092
213559658680
213563413038
213551100647
213556785911
213549387267
213553264122
213554137424
213550441537
213562161841
213563886881
213550265011
213568556852
213561695001
213556325578
213569848613
213569260969
213568757622
213550931866
213553063574
213555335333
213568615803
213559365756
213558603885
213549069072
213562923361
213563762553
213567044740
213563855993
213551843873
213562304451
213568199051
213559147792
213555202526
213565824041
213557154514
213560538628
213569948633
213564035903
213552103154
213568612917
213556773717
213554341754
213556076819
213549322121
213565408030
213559916717
213568845579
213559907015
213560261294
213551964898
213556053310
213562527285
213556977566
213561981969
213560045711
213555643851
213568302868
213556806711
213556541368
213552834360
213556285066
213551629959
213566649399
213554710476
213558024372
213553034159
213558797568
213567008407
213567419755
213555306158
213561972665
213550628559
213558698258
213555688287
213562308232
213553158684
213561131586
213556254957
213553987527
213557300412
213566084532
213567088254
213564071873
213557788287
213561530718
213550879582
213558569548
213565268094
213549612397
213557817485
213566464088
213556871271
213554921897
213562607714
213554642173
213556054346
213565700262
213567122452
213558418920
213555342679
213561432714
213556171038
213559256835
213569382240
213560203861
213566834386
213561503811
213553777221
213567637494
213565181342
213564722013
213556315886
213562516025
213557052988
213553425377
213551278200
213551478434
213558501291
213556853424
213555663870
213550524365
213564165468
213549597500
213556429151
213566369078
213568051118
213558300337
213551168337
213561612408
213549989205
213558498450
213563393506
213553294601
213559273395
213549497723
213554959782
213549847198
213550955101
213569955765
213558695041
213562121832
213561175276
213562307252
213553150751
213563964036
213557580226
213566151691
213563214907
213549979400
213551251418
213564881349
213555547923
213563208712
213551450793
213569357258
213551273894
213553630745
213566303686
213552779937
213554098830
213554765725
213551173593
213561928017
213552041415
213552602081
213556512638
213550060368
213551212094
213568789200
213564070605
213566971664
213569419156
213557314791
213549599357
213549215239
213552932303
213555643529
213566163546
213563892328
213553478944
213558181872
213557600334
213555059770
213550580270
213553457259
213565200792
213567458113
213569282057
213554047844
213551293951
213555134492
213568325626
213561900386
213566755872
213567970830
213549099258
213561406952
213561810982
213550228106
213560333684
213567176826
213553464434
213564976879
213564409209
213569752778
213555737753
213564320453
213565497196
213563283204
213557897285
213555712957
213552685042
213550797176
213554810092
213554201618
213559786084
213557384357
213569092035
213559536223
213557480766
213559513344
213553461145
213554574317
213561505756
213563047232
213567822754
213553358137
213567729611
213563731817
213563940292
213554118016
213560147639
213557244048
213551297085
213559017140
213559853345
213565692171
213552949540
213568400418
213554539954
213554775892
213565109422
213554705682
213560079988
213554217336
213561954313
213558102276
213562733741
213560234248
213554562956
213554118221
213567335460
213560498311
213556406024
213555345062
213563338565
213569823771
213556265363
213564671324
213559930051
213555602521
213558511779
213555697356
213551840888
213562831350
213555941780
213558941188
213566065094
213550760307
213562740522
213566756347
213558898105
213553652008
213568918656
213551528041
213559775817
213565120733
213563939562
213560714262
213565286712
213563455282
213565205549
213549426011
213557735019
213552966519
213565443943
213552267918
213549139082
213552709117
213552288144
213549422559
213553696311
213550001943
213561594370
213549888052
213561488883
213564994372
213554677162
213549693460
213566129857
213568909293
213553997483
213552917990
213552080264
213556146673
213562809916
213561863712
213559294274
213565312879
213553969554
213559642805
213563151558
213562967913
213557775059
213562673792
213558254489
213554614236
213555899916
213560485912
213567215606
213559476670
213549846826
213551632542
213564671073
213551919210
213569524903
213561932233
213556816586
213569201432
213568891995
213560317678
213566917523
213552417404
213558322949
213564517328
213568439522
213549496955
213558485957
213554115597
213550322372
213568885907
213549148689
213562654389
213549943343
213554400842
213568294492
213553878479
213549646372
213562372117
213555114988
213563947670
213560914512
213568766680
213553256622
213552694001
213557332207
213556589330
213565912934
213552708218
213559809906
213550936991
213563176559
213558672914
213550158638
213557755078
213552296935
213562769666
213566345021
213554583425
213554110100
213555880870
213566495893
213551176352
213557657897
213560569120
213549567786
213569430001
213551236595
213555900831
213566382291
213556189577
213568780508
213549408680
213569722983
213556713672
213565338009
213563248324
213551653842
213553448331
213550469252
213568457664
213560816076
213562056069
213562747385
213568001021
213566626419
213552228289
213550029171
213555960723
213553981579
213549253319
213549758457
213550842115
213550279338
213556724884
213554921750
213562987942
213559165755
213557761682
213560229909
213557338463
213556713463
213554373312
213561864543
213558303875
213562038189
213556274985
213560956376
213550688550
213564519207
213567812558
213549146615
213563636969
213561085062
213554687109
213552606261
213559002147
213556869845
213560976542
213553183705
213557908400
213566235701
213549856279
213567496049
213550594305
213569069742
213549879393
213565682298
213549473506
213569915781
213565610980
213553777584
213550910947
213558754058
213549114299
213555086043
213550742603
213556875627
213565797229
213560611306
213567838116
213558585091
213563561369
213556977155
213563986060
213561667274
213564231347
213567078564
213563949553
213558113459
213567153718
213556874631
213552980092
213559454878
213564319175
213559615466
213553773872
213552078848
213554012816
213555526405
213558504285
213566117303
213554230569
213551986570
213565002986
213553567223
213549859896
213564460350
213565977701
213564503187
213567320758
213551216601
213565310482
213550693329
213568933985
213569283523
213551265059
213559399726
213553819356
213560956865
213555504904
213551514694
213551398228
213561115019
213554261134
213553715914
213552510902
213561203577
213568061458
213550513919
213549400921
213549116117
213554606891
213560931976
213556373306
213567967132
213561549824
213550096911
213561236977
213551960975
213554168935
213555071710
213569288983
213549553745
213566399114
213556139478
213556051587
213550842183
213562340804
213556460654
213549526967
213561541516
213561805142
213552332491
213555149521
213568146601
213559740286
213565876646
213555715626
213566124735
213559416545
213566917819
213550678703
213562101364
213569021749
213552215377
213569684793
213561885783
213560333283
213558742366
213566784112
213555569488
213550218479
213549020753
213552079532
213566869135
213552357588
213567940130
213550815415
213563128594
213558224825
213565706139
213550791157
213557413926
213555274764
213553210560
213549796077
213556901718
213565021918
213551941739
213552998199
213554638129
213555016181
213556419981
213560272455
213561892766
213556341648
213559693012
213552334884
213553310346
213554661307
213561817886
213565536303
213564838202
213551442169
213558349602
213556773583
213558227773
213559779443
213561137464
213563369484
213559426816
213552947224
213568220353
213551824257
213559247503
213569700910
213563491374
213563151727
213560589196
213561298381
213558376466
213550740600
213551931329
213557357667
213562944003
213558120491
213561344305
213569707727
213553461306
213558302708
213557655258
213555556181
213560766281
213567334023
213559916776
213549333464
213569374406
213567827470
213553009532
213561531075
213567139064
213552444289
213562826417
213565660057
213565744966
213549802503
213566800005
213563110164
213565731743
213558659344
213549773604
213550421393
213566342226
213559367427
213551958903
213560289534
213551189229
213569339134
213563127274
213556022891
213568514282
213561514661
213567704312
213558813104
213554146487
213562959792
213567805778
213560553979
213554187551
213568365047
213559821446
213568900388
213564211253
213558280330
213560968842
213567298831
213566234529
213568365633
213556382773
213554193596
213550080953
213566335225
213563553536
213555060924
213553455005
213550427728
213568187531
213551696250
213554436407
213554803610
213563472188
213553950646
213564897052
213550918855
213568287477
213550028401
213550357380
213549153160
213551332330
213567713660
213551790693
213565451827
213562167572
213569394691
213554711234
213556296894
213569110112
213560318229
213560141687
213549081250
213554333796
213560689339
213551736885
213555165846
213566769938
213550361259
213563246097
213556621050
213559487790
213550771969
213555257364
213551059622
213562630531
213565207506
213551774751
213558307564
213567244182
213561378901
213551848046
213553046124
213556895341
213566088229
213551121654
213552784781
213557846113
213549943305
213558456811
213552248308
213558907602
213557041327
213557114605
213559570676
213561535574
213568121008
213551404928
213567160518
213564841889
213549009699
213554656181
213563757627
213553892505
213551953432
213558878186
213559767888
213567998757
213554503139
213549512063
213559712332
213565472211
213566297386
213565671399
213555770514
213565098792
213556682422
213568693261
213557930178
213551000946
213549096897
213567079059
213555885312
213556253279
213564285600
213549268585
213555660947
213555682400
213557512200
213554823480
213558557602
213551729310
213552433083
213554739159
213554834701
213568166156
213551387269
213563145044
213568640680
213558714528
213557833622
213566919633
213562339961
213553572031
213560620663
213553780769
213565761934
213557386349
213551891014
213561569418
213562153703
213561995453
213562356537
213552261389
213549841656
213555869646
213567560223
213556758551
213552947982
213556183734
213567283103
213563299115
213566702271
213553958490
213550143679
213552698126
213568265580
213556762081
213557425823
213569802302
213549762531
213567740748
213555291577
213551821401
213559178098
213559666270
213569970461
213566629125
213558849472
213565293626
213553509575
213558189833
213549396624
213568630539
213554230485
213562595588
213562895137
213551740027
213552723342
213559612381
213567712807
213556536842
213560395585
213561035592
213549934777
213552928459
213552436171
213552441911
213563030832
213559979950
213549340922
213566856300
213562857228
213562748184
213551300085
213559312176
213563731361
213567572552
213552213347
213567636649
213566263720
213558308476
213553836299
213554184129
213555758756
213558950281
213566847418
213552269511
213562300322
213551785306
213555476004
213565429459
213567247832
213549830212
213567817837
213561195318
213555189912
213559120936
213559528992
213550814855
213565394916
213569973211
213566630402
213552934756
213551095448
213551110097
213550999340
213552128674
213568073271
213562460689
213554649551
213551054272
213566381320
213549233255
213556609283
213556754295
213561692977
213559238604
213567130011
213563529771
213568644699
213558778211
213559098302
213567138410
213564174712
213567723304
213551796442
213565210235
213564722337
213553673666
213557837722
213563696755
213559236959
213556776907
213562913872
213551753366
213568607800
213551046249
213566059229
213563797227
213562703312
213562986040
213563580666
213552815694
213556074692
213553843855
213561318328
213551099236
213569797888
213551390776
213569711934
213565725221
213561973844
213564393744
213559172857
213549863553
213558529508
213553817395
213552444092
213567459385
213567587153
213553760768
213563155233
213569512211
213551269666
213551024219
213559981046
213557569577
213559070145
213558588362
213568051887
213550065276
213562848177
213556121974
213554474992
213557815949
213554167803
213557790557
213549450317
213551434829
213553665241
213564127410
213554731647
213568185159
213564954852
213568158760
213567847290
213568191654
213549948969
213567095899
213561381342
213569954737
213565284482
213559094995
213553523819
213556577349
213566545504
213551149322
213569396934
213558690042
213568799052
213558095976
213559049810
213562799611
213565344058
213565818556
213566339010
213553344577
213556024509
213558069900
213565140032
213559053313
213558373503
213555428987
213564473037
213553656072
213558517489
213553338951
213559970787
213559184859
213567969899
213561346320
213562626319
213556410901
213565998403
213559176698
213559816567
213564548660
213550915892
213560706946
213562411881
213555815167
213566242399
213552104780
213556142101
213557480426
213566083677
213555104219
213560690050
213558464905
213554965521
213563108025
213567900274
213567808682
213557339582
213563094576
213552218126
213554115607
213562531586
213555807962
213549543174
213565216024
213549495183
213562409674
213556682665
213562436113
213569366922
213567349511
213554435777
213549247546
213563506658
213559906289
213553011007
213565480412
213561405995
213566967418
213567471099
213561641567
213558070105
213553004739
213554508040
213563688616
213559859750
213552128531
213554120020
213563125330
213553422642
213563422915
213559962873
213568056309
213554748446
213554187001
213568669417
213567198428
213568215726
213568200031
213550787066
213551679422
213565837424
213556102719
213554427830
213568309526
213564360420
213560397623
213556983604
213567303252
213568061893
213564114292
213561208503
213561968321
213565504205
213552307453
213557191573
213562371509
213551660041
213552305238
213553782146
213550183272
213563019449
213552150878
213552194885
213566071712
213568392884
213564564053
213568691277
213555152752
213559118846
213563390649
213555566513
213561885986
213556548901
213551121047
213563826514
213569490726
213561185894
213558784170
213567417099
213569142283
213558832006
213552867980
213565858382
213563528215
213560606192
213560088803
213563323092
213550389932
213553324336
213556240238
213552998425
213563656015
213559264786
213569277320
213556534438
213553441607
213556484363
213551810960
213568998652
213567434053
213563851885
213569105395
213555619902
213555063009
213556949468
213564375970
213550053094
213549010613
213559247818
213555164325
213558190872
213567484879
213550186931
213564124922
213564990109
213557459599
213564704793
213566036632
213561718388
213564700257
213553785227
213561640745
213552647103
213561251819
213557378211
213565905674
213549263571
213559273538
213561846653
213565871296
213551534030
213561442459
213569619100
213564929026
213558435391
213565084099
213566219311
213569829550
213564022171
213568577765
213564886143
213556583776
213556253107
213559564390
213568854101
213558526199
213569953397
213561069388
213564123044
213557940126
213558895605
213559868799
213554879541
213569037803
213550216925
213554587500
213561275486
213552693202
213567001399
213563747318
213554507799
213549692464
213563496673
213551071430
213553186624
213560519843
213566355283
213558801838
213568056650
213555380494
213556550046
213563661437
213558719788
213563120108
213553471849
213557089440
213568037206
213556939183
213558451775
213563971329
213549006046
213569648197
213559982895
213569808860
213552114194
213562123989
213560266729
213559186970
213563908008
213559479163
213563380797
213564720535
213556533606
213567333278
213553301898
213569379024
213559576029
213560179814
213555603755
213563403195
213560264740
213569000363
213566811834
213557916351
213560640901
213552065144
213555840177
213555318965
213556187136
213564754367
213555867600
213553815121
213552520636
213567209332
213567352496
213561596612
213565810553
213556825803
213569086916
213550774337
213561405945
213559457966
213563573294
213551684560
213554985066
213549181823
213554592709
213561111556
213569410372
213551960707
213554324874
213569557228
213565119031
213555658559
213563387362
213568231252
213558014542
213564149740
213563967801
213564281319
213560550577
213559595637
213562512330
213553915705
213562156289
213550956014
213554993259
213551957669
213563179525
213566379438
213555630892
213565486831
213553840291
213558831885
213558512857
213563090782
213552924589
213562438201
213556144056
213568957450
213554333084
213565476883
213554720712
213557090447
213569284895
213552673984
213557734694
213565302390
213561446339
213564856060
213567742524
213565650826
213549609568
213555793925
213559037444
213555353654
213560807809
213549832428
213554237363
213555594105
213558128790
213552271763
213569141457
213569904626
213567996174
213553244474
213559811879
213556714382
213564472147
213558427738
213553801408
213568913871
213569720794
213562072415
213568358374
213549228977
213551965840
213554909001
213555038225
213560092705
213561345008
213562408859
213567358954
213565205075
213550180327
213565061011
213558328585
213564008094
213552247115
213563544069
213561862438
213559194948
213551237072
213553835025
213555074431
213563434465
213552925599
213555168017
213556575927
213563452122
213549687252
213560800480
213559779196
213556225093
213565394639
213568053094
213567885136
213568143689
213566736415
213557701013
213549579387
213563096023
213556256330
213567101657
213564361619
213560928039
213554159819
213555781055
213551886438
213568352137
213568916831
213557928231
213562467558
213558180829
213559451331
213568634226
213552004455
213566626437
213555253157
213565684746
213564030781
213564879684
213564670995
213552687487
213555735717
213567808302
213560814500
213565601545
213561625348
213567450025
213550405444
213550597660
213568062494
213564960630
213568522570
213566220088
213561202759
213558840820
213553551614
213567703006
213549331089
213557906919
213558819594
213567320848
213555528036
213557391402
213549545150
213552852910
213564357478
213551618564
213561697378
213566329845
213557450519
213560677279
213562243740
213549312402
213555517990
213556623224
213558218221
213567388648
213551643549
213564048456
213551142689
213569402853
213563606549
213562866473
213549985241
213564590602
213562023903
213553472509
213569451324
213549599859
213559435954
213567675373
213565801820
213558902798
213563544476
213559079414
213562604444
213566997097
213559216415
213564727846
213549342507
213563808703
213550173950
213562252538
213549067467
213553203023
213564892378
213564484960
213554835080
213566340338
213569194424
213568733012
213562423280
213559276295
213554702399
213559998077
213562020752
213559707401
213553848353
213555994962
213560029351
213551172644
213558030399
213552931478
213558609148
213559839485
213562334952
213551613257
213549128086
213551158514
213565296311
213568483697
213561972174
213549107115
213549450505
213555979456
213557614766
213556002430
213569395674
213567656203
213565167860
213565977874
213565068515
213549287384
213561633516
213558499608
213550236282
213566947283
213554561357
213562720536
213555874512
213569123886
213558482665
213567903576
213549354499
213554604961
213559955242
213565182352
213558266659
213564116904
213566230198
213568865979
213567396853
213558119145
213559724561
213559473616
213556751911
213560859295
213569737011
213561599698
213558573007
213564445909
213567413341
213559253222
213554034509
213561661758
213562056000
213569128711
213555179739
213560679874
213567434090
213568518172
213568057196
213554964809
213559748482
213562695747
213559024895
213551029494
213562745124
213558635922
213564719335
213555174895
213563834686
213563901932
213550408774
213558661156
213565490794
213550575439
213566465109
213565479371
213560871251
213567488400
213562299372
213549900246
213561306783
213558742834
213561634574
213569784337
213550758387
213563403206
213567499845
213558152742
213564437857
213567048158
213567649805
213555916683
213565931993
213562926565
213562499860
213555997823
213562142832
213555209603
213569521848
213561014975
213556282145
213558179411
213567083044
213559511492
213551746989
213566817721
213566568581
213563279980
213569577516
213551866697
213560950723
213554941471
213555714099
213554179424
213561904250
213553132677
213549444804
213550955346
213555191424
213569680560
213566226158
213563445680
213557599725
213550050481
213564209898
213550337665
213555688109
213566444711
213549740643
213568317697
213551582447
213553373532
213562312972
213562901323
213567610354
213559749431
213552172077
213569481843
213556214405
213558296105
213562900135
213563013061
213559979208
213556009299
213567346443
213568116649
213558763094
213567084150
213551737091
213559226704
213558950119
213557915690
213567631115
213562834052
213559582311
213562801071
213560478822
213557414462
213556844616
213565817704
213561535037
213566817501
213553553068
213553395350
213567062935
213567639601
213558609122
213554231787
213568972870
213561472550
213567126348
213555460812
213561192049
213551476101
213558290154
213552856351
213566207827
213560066348
213558264594
213551376824
213552845282
213562238339
213559945320
213565383376
213552551775
213563128670
213549225590
213569263352
213551128761
213555844324
213551281982
213562198342
213557108190
213553451887
213567645800
213554857213
213558878968
213569695263
213564722283
213557655703
213551052328
213562046786
213569670488
213551487551
213568265840
213569208502
213557707835
213566380741
213549094825
213563286466
213550485173
213568469414
213568746218
213561277151
213552847064
213560313951
213550259973
213567847805
213553230562
213560012505
213556035796
213562552837
213561171771
213556469902
213569771483
213561060241
213567138958
213566557466
213557917782
213569542090
213556151945
213563705479
213554635759
213565720646
213552644209
213556392383
213563083925
213558076512
213566196640
213567400200
213551428657
213550712118
213554301257
213563276921
213567027313
213564334957
213555301691
213551357516
213552488943
213562129314
213554687351
213562997501
213563829243
213559268631
213556241493
213568412542
213549971372
213567063892
213555243124
213562446863
213550958039
213561804834
213555775996
213562163413
213561911706
213563165684
213568136824
213549531647
213552787991
213563067881
213562846341
213565756065
213568746823
213552825420
213554571060
213554828478
213556150772
213566130546
213557024038
213565385944
213567378016
213567069757
213558904626
213550396569
213567743838
213561861102
213565806070
213568683287
213562538457
213565349590
213555995593
213554321622
213566318772
213559931129
213561169159
213554114827
213569865662
213549552775
213549598737
213565821797
213564046414
213554931759
213566302153
213562072750
213566111854
213558382185
213553468382
213568852100
213567639398
213567561342
213563084155
213569374176
213549382952
213560691394
213550257344
213556321045
213563192933
213551950047
213561990271
213558670241
213557246669
213566291608
213568032059
213567524897
213569692679
213555224092
213569808656
213556181049
213549357388
213563490597
213564445071
213550336869
213557446206
213565665693
213553311166
213562120169
213564797709
213562169175
213551645099
213551049843
213568714758
213558710405
213564880412
213557714890
213557333838
213560844109
213553642991
213551791253
213560465493
213552077778
213563801399
213568867686
213569649870
213567181934
213559028451
213562240351
213558297662
213564001662
213553306945
213568505732
213566485410
213554342702
213564760943
213568105615
213555856702
213556584671
213567113058
213557890278
213565761580
213554960526
213558462786
213565187361
213566785906
213562625689
213553941039
213560265712
213560739886
213558081165
213553420448
213562532653
213562206723
213557301118
213551596332
213553151599
213555869706
213569653016
213566548459
213558050377
213549867839
213551454222
213563847964
213558388298
213565646849
213553776722
213559150169
213551692001
213566958764
213560823444
213555138351
213555669001
213569412804
213554979002
213560472502
213568345204
213549854206
213559333998
213549905865
213555465265
213552052434
213563739419
213556175977
213567213846
213568944500
213562907273
213552251530
213559857889
213551839910
213567110997
213567634144
213561762289
213551525456
213562905633
213568224451
213554218318
213562390321
213562877265
213559815752
213554334004
213549836609
213560163689
213553014021
213568407436
213566981530
213554260165
213559475272
213555790498
213557131018
213556487612
213560841210
213565653792
213553583287
213568864438
213557558006
213549310347
213558047629
213557674669
213557428551
213561444777
213565290752
213553905585
213556456935
213567237768
213551539415
213557520673
213566769976
213550811106
213557043471
213569656900
213549029351
213551729629
213566957779
213561220552
213559548373
213566141215
213561217180
213554103564
213551992346
213565850793
213561475862
213565051949
213569596612
213550959129
213559972764
213551384431
213551328381
213560968356
213551994564
213553901219
213560867513
213558132360
213559933562
213565194155
213564227713
213555241715
213563934165
213561968178
213568827213
213557238302
213554155139
213559738504
213559544499
213566456056
213569013540
213566245425
213568489019
213566462101
213554889691
213569116877
213562430449
213554282416
213563121638
213555469996
213552691623
213565461166
213551752907
213553083563
213556017026
213561175733
213567488290
213553489307
213551499867
213559835964
213562609117
213557018461
213558471721
213550413258
213556538776
213562121201
213567160955
213550596288
213556969190
213560873992
213566191507
213549668998
213567291553
213560797649
213567189676
213561332177
213559893454
213560714436
213565072650
213559982497
213557858889
213567315550
213556178859
213558194362
213556440847
213558986688
213552181599
213568433716
213568163463
213561619518
213563609769
213569284747
213559810470
213567916268
213565619020
213560863555
213550669188
213557359141
213556239188
213550477297
213553776816
213549870498
213558039401
213553437776
213554197431
213563335726
213567197775
213551500687
213556566729
213567570093
213552758799
213565970795
213549904488
213554729688
213553327176
213561667516
213562656832
213562844617
213557356268
213569552899
213557659107
213560179289
213552126664
213557791808
213561643154
213566635622
213564074208
213565835667
213557778675
213549886763
213553804297
213559019347
213569963877
213568175858
213556858230
213557940453
213563299578
213566703374
213556547924
213558927830
213562518750
213563480107
213560509488
213552770507
213568965114
213551351737
213564963400
213553535962
213569399014
213561759721
213549075861
213553249358
213550671789
213569519104
213557944507
213565836677
213567709589
213556235294
213559363252
213560854810
213559863720
213549415071
213564436045
213549479150
213562228920
213566636948
213560821667
213563319769
213556286004
213562365385
213561231204
213556341812
213560329322
213551460232
213563070037
213555490643
213559730537
213556201551
213554002097
213563392472
213559462726
213568083489
213560663008
213554451628
213549788072
213549185336
213561259054
213549711382
213555811553
213557462820
213552522766
213551477031
213550726798
213554703216
213563459459
213564386098
213549763547
213568246637
213569117451
213558475776
213549239945
213569484296
213551504208
213565750264
213563742167
213561938047
213567620708
213566768271
213560790292
213555760224
213549069353
213550770480
213558144475
213555580819
213553445995
213564425518
213561480672
213549076976
213566208111
213568256716
213561583079
213566620643
213554384095
213562608744
213564170179
213563613162
213554493376
213553532041
213563633506
213567898294
213564110211
213556967370
213550111693
213551516598
213554096221
213564250419
213568951698
213557930901
213551980604
213553439052
213559769379
213555461181
213569407638
213551612313
213557595104
213562464360
213564021860
213556129094
213560524528
213568824604
213549835069
213559526662
213562358888
213554800938
213554756968
213557565285
213556701245
213564554109
213563253653
213557853666
213553383651
213560603967
213558619971
213553186073
213555512350
213556604230
213557833263
213565159985
213556097685
213557069756
213560070045
213561644951
213560404097
213552326504
213555261228
213551496423
213557915103
213562338122
213555526180
213556479998
213561175358
213568236536
213555489079
213566170280
213553040324
213563954272
213564000516
213558800370
213555510708
213566792274
213561245119
213564736745
213564464581
213551593119
213559346336
213567467109
213566668968
213562462610
213550783512
213564530215
213554235587
213567047721
213563770360
213552387985
213549363062
213563039797
213553566847
213553532318
213550012523
213558316242
213557124055
213552569327
213553971603
213550161937
213559234169
213562651467
213557867956
213568902785
213568381768
213559895413
213555683345
213559677772
213564072290
213567866833
213559296743
213560559422
213566702028
213552565544
213555941426
213552569862
213552663488
213561262962
213565414021
213568763128
213563156990
213558457023
213558442931
213558538340
213554392782
213569182982
213561026513
213564037601
213561520329
213569552770
213560753070
213560911390
213550403748
213557537518
213552336076
213551839046
213552184930
213559115451
213549850878
213552563420
213559555642
213561878177
213551829550
213569618675
213559012354
213568757354
213557421629
213568447478
213567105992
213558546821
213559531182
213556606658
213556587564
213561043332
213551222427
213568217827
213558253333
213564946377
213563302556
213567492172
213564483836
213549693071
213552632014
213551183779
213560677330
213563463425
213554964348
213549510874
213549373084
213564586038
213557084666
213555408396
213551195267
213555260657
213551138748
213551509164
213563596700
213549321199
213566826399
213567623185
213568006906
213558470021
213555947994
213553247448
213566664658
213562703433
213563908044
213559463133
213567162636
213564702733
213557810415
213557663086
213563825526
213558457772
213568678467
213566720904
213553783802
213554475748
213567274070
213554003973
213556407265
213551046614
213557387884
213559275578
213560161848
213553619269
213562085262
213554967817
213555601060
213551873959
213552451334
213552218915
213549025036
213555997003
213556147256
213559956932
213569544644
213550808331
213553734509
213556198314
213566303864
213569359885
213552148125
213554500783
213559783114
213549343185
213568021148
213553367933
213553551967
213568040064
213557007724
213550818802
213564395937
213552036790
213558184627
213550012785
213565319642
213568765519
213565360503
213557809206
213566294728
213554362050
213563356172
213563862753
213564022124
213558308346
213550674299
213558254670
213558286589
213564684960
213564674256
213555052469
213561034509
213559317220
213558048210
213568983815
213555400318
213553408795
213563062185
213560177074
213551932699
213561431806
213560466981
213560437744
213555946950
213561079350
213562205347
213558013233
213550488610
213561576037
213563131441
213556046575
213558392950
213559972686
213555449422
213553574857
213569438615
213562794612
213560201873
213549194722
213553656618
213557767332
213561519982
213553443823
213565558309
213568625060
213557308467
213560183449
213565283873
213556971456
213561982478
213556158164
213550562421
213549717832
213568755119
213568186973
213553480543
213554154982
213553480796
213555275087
213555676552
213564572567
213563955945
213553905293
213549326571
213556007966
213556748542
213567702484
213550064526
213554314965
213565174481
213554329965
213564766238
213568629619
213550861022
213556411478
213557362036
213556313220
213561670187
213563340307
213565439492
213561575265
213552863363
213555723655
213554143228
213555679282
213555573369
213557107133
213567574474
213569026202
213565339175
213562341520
213568499659
213553562174
213567940923
213557667675
213560313398
213560370769
213561725725
213565352389
213555785670
213549663542
213554397421
213563128844
213552569968
213563258718
213553245740
213564396598
213564507643
213556591545
213555829633
213554096738
213559932396
213549150559
213562449440
213564022068
213566435767
213566033654
213552683885
213566562434
213569674524
213564626077
213556328443
213551166876
213557495203
213563065196
213555289936
213549714784
213563647626
213564343653
213551990442
213567796431
213568687758
213552454707
213566579588
213549977010
213554814475
213556451627
213555269357
213563942182
213560978402
213553959251
213562562113
213567173004
213560043439
213569327297
213565194331
213564853153
213557369452
213549816229
213552600873
213554772975
213563554980
213559408006
213565662876
213550111714
213552437386
213551420850
213569092494
213566823964
213566384628
213569353921
213562283736
213566436942
213564231995
213555320890
213557174176
213555937796
213565723675
213569003426
213564982263
213567736146
213550894018
213556033201
213561171269
213569129917
213569551958
213553072679
213559451847
213567221701
213558856333
213567681912
213560639267
213565524723
213567110682
213567852438
213562296447
213566575632
213560289701
213565011480
213565826434
213550215102
213561397866
213566151842
213563362707
213553007137
213550926508
213568286303
213554895384
213561301344
213557283714
213558214456
213560677018
213557231306
213561867087
213550281308
213568368335
213568357125
213564449560
213559559533
213553266720
213559210590
213560724295
213562637856
213564792771
213569961375
213562536150
213550915602
213567280177
213559588000
213549297035
213558706203
213565581738
213554007298
213563554266
213552140543
213558540349
213566051804
213549199189
213557503460
213569999019
213568181019
213556181263
213550498877
213557735665
213558216937
213559134708
213553365545
213563531711
213564045252
213560612243
213551228606
213563117251
213556543654
213562511727
213553574944
213555688042
213550061768
213554539941
213567416749
213563744062
213555713072
213557985565
213567758506
213566578618
213553498925
213564821335
213566149266
213560062805
213550740139
213551215279
213556430873
213565817775
213569366039
213563107395
213560315315
213553814962
213567129430
213564795370
213553157351
213549112680
213560065128
213556057992
213552479715
213552948680
213553296150
213549968750
213557379966
213557885391
213553492278
213556399371
213551397364
213555395953
213567278082
213558288775
213551940790
213567989329
213559178892
213561242960
213555525104
213569338450
213554652968
213549911985
213551345832
213563056862
213553418504
213553031857
213568457375
213555988491
213562577874
213568428873
213568769255
213553240479
213563664082
213549421928
213553817773
213553833823
213568983433
213561853765
213565168262
213569831349
213558383795
213558916680
213564364210
213569422216
213552112932
213554538760
213551618975
213549176865
213562437374
213557287388
213557058785
213563666226
213552986005
213568744521
213552545481
213555621126
213550416867
213556184646
213556617291
213559401994
213569262284
213562595850
213549108828
213554501626
213563013354
213558096625
213562206601
213556539845
213564502385
213568555869
213559248592
213564762140
213565911857
213551804174
213549790727
213551313962
213555774420
213565744431
213569586827
213549439697
213562381026
213551063079
213553232307
213562493677
213551451048
213563402921
213567459684
213565913241
213566854995
213562292163
213553721945
213550838274
213554547840
213549109936
213555719926
213550076711
213561456847
213562073650
213561324162
213554835284
213557607862
213554885897
213559153763
213555014650
213550243491
213550982269
213555766724
213566569250
213561822879
213556247386
213559626627
213553484285
213552948910
213565617295
213551282168
213555461314
213555255505
213564182392
213554914063
213567925484
213569886248
213559278121
213549254903
213560664671
213564322943
213560687205
213553095654
213560770369
213568775654
213550548661
213555262406
213554507145
213564089709
213554495171
213564627575
213564210996
213553702477
213550364791
213557297103
213567356457
213553377843
213564007987
213552059453
213568541992
213552256775
213555660948
213556577894
213557026828
213549073462
213569301122
213550616091
213553028840
213555950206
213550493869
213561729274
213556796155
213560656268
213563291297
213566580513
213568272306
213557074318
213551031103
213553947472
213563891253
213554952846
213555821652
213568871137
213558015599
213551177552
213563294938
213569472843
213560334958
213559253223
213561755578
213564386893
213552416977
213566602979
213562400196
213556782554
213557417650
213562073253
213567170083
213549877394
213566306978
213549793870
213549631100
213550774232
213568860091
213563077264
213559092426
213555834460
213554102780
213560465795
213558009939
213560800665
213564978917
213556536527
213565793064
213556315945
213569292508
213555151458
213565199989
213567717052
213561802570
213549668353
213567129357
213567869268
213554811531
213550285908
213561819250
213568875886
213565857196
213564489536
213559054786
213549217213
213564878761
213562877920
213564643468
213559916255
213564628076
213557956130
213559358737
213549480671
213549761690
213561309787
213559527643
213551185769
213558962581
213561923470
213562209635
213554642280
213551662218
213567552917
213555185360
213565601241
213564601419
213563976380
213566317192
213550214626
213555026553
213558598514
213566050500
213559695430
213567843786
213560614719
213562552682
213553385392
213549268872
213549922260
213551696178
213560383218
213549531428
213563974755
213567447694
213560516468
213567405473
213568677358
213559665737
213553219136
213559538845
213556176010
213566680482
213554032153
213565787870
213552110891
213551499759
213566150830
213562677386
213555721688
213563656721
213569424289
213567552331
213563842392
213550456731
213560001602
213566805767
213569781999
213550888002
213563879074
213558543343
213561340046
213550973383
213568718073
213554743678
213560164627
213568813751
213566965150
213549716810
213566886062
213562550724
213555042144
213567430256
213561846400
213564191408
213553225101
213559952649
213549830325
213554727557
213565650859
213568917079
213551856081
213558835448
213552385344
213560301558
213557071125
213558852774
213562046861
213553937794
213550322011
213567102188
213564509427
213557013396
213560634074
213550047154
213553367340
213551873991
213554694826
213558738232
213565248400
213568444490
213555319409
213552868866
213550562326
213566153527
213562702874
213556589183
213558713909
213558363839
213562240386
213552297150
213565183195
213551706759
213560497948
213569091068
213566487396
213566331915
213561927739
213559432625
213560035687
213566492355
213560002007
213569231160
213552322959
213552471059
213566319041
213555285395
213557464613
213551633944
213569718207
213557740311
213555089806
213567699384
213550791316
213564645385
213551757106
213551466496
213564492751
213560260700
213561670510
213561879361
213568139717
213558848138
213561264920
213561347577
213555845052
213552337221
213567685752
213549377606
213552867206
213558991485
213552644299
213560902290
213565836059
213561737200
213554055674
213549361365
213556218788
213553606079
213559507184
213567910092
213551386121
213554253680
213556760406
213566606251
213559108876
213566656660
213557262925
213562418074
213550234006
213556611347
213556896164
213553838091
213555929002
213553660252
213563238473
213554779245
213568684407
213562848078
213567735425
213566489621
213560178835
213553391229
213549146098
213566944976
213565382876
213564578944
213555799052
213555643377
213556995690
213558795355
213552665995
213560106281
213556075531
213561047107
213561773642
213552135588
213562169059
213561840336
213553182303
213551906327
213566311671
213567320030
213551490284
213563295366
213567061563
213558351039
213554401960
213550372060
213558287120
213557276956
213552920946
213559223667
213553998005
213562830249
213559046014
213563286307
213563195985
213554013511
213554777818
213562720248
213558556538
213550618590
213556430731
213563620505
213567282011
213553421341
213549429013
213559215206
213560733231
213563938756
213568800570
213556321542
213551836118
213560799278
213566497205
213555127094
213555016988
213561340215
213569635572
213556327075
213562795388
213561890640
213563983872
213549296364
213552627772
213557421242
213566033230
213564279180
213556487262
213569409182
213567756232
213555262605
213561189487
213560256441
213549804346
213568901237
213557179169
213552040399
213564752990
213565813080
213566302300
213567169312
213552608534
213554427054
213559526772
213564853701
213563942340
213561509180
213564447610
213560273606
213552686738
213554262919
213561818196
213563817196
213555013683
213565286214
213567035740
213561804530
213569054362
213562882608
213557514589
213549038403
213567120379
213561432421
213558200391
213563483160
213557920116
213557223665
213549575180
213563536994
213565691002
213549891057
213556718666
213560549323
213565234301
213550278489
213567124024
213564759341
213553038282
213554777992
213567328910
213557988541
213559910780
213563792314
213569096136
213549137764
213553719927
213554345778
213550136409
213567575910
213556159974
213565331901
213554241779
213569808358
213553885989
213550443189
213557759681
213558052053
213556853453
213551123403
213554563420
213559825152
213549858661
213554835691
213562214208
213552891756
213559857675
213562970853
213564235784
213553270410
213550247580
213552856605
213564152645
213566830772
213565245432
213568471152
213568960106
213562644193
213560581917
213553476649
213559067239
213564470970
213554805243
213552707294
213557187289
213558246781
213556559704
213561268240
213556966259
213553606091
213569289088
213561803351
213556154093
213563042522
213563368881
213560609544
213556900432
213550989835
213550324287
213569475989
213557291301
213565937560
213552522840
213554922704
213554996490
213556873237
213558023548
213569033132
213551207196
213551803625
213553543212
213559858456
213558675462
213555121749
213564294387
213568846229
213554653622
213551049648
213553839094
213551325221
213561214993
213562991302
213559206070
213551678266
213557914402
213557990984
213559960602
213563865000
213557143136
213568726162
213552801713
213567346404
213567950355
213569174399
213564197215
213566940032
213555724761
213555763609
213552128936
213565969666
213560850527
213564538538
213569650498
213550360464
213550200420
213549061918
213568532536
213550654026
213563746904
213561376075
213554179687
213552142880
213568911511
213566858382
213555087950
213552191409
213565426688
213557304568
213561523843
213560966553
213567458878
213550586764
213569172938
213564944998
213555412343
213568504649
213563640967
213551715526
213557627067
213569590874
213562452409
213559863794
213561141062
213555743651
213557140015
213563091711
213561476293
213566140445
213564295683
213552747178
213553362915
213558535243
213558750636
213553446195
213560285742
213550789703
213550979248
213563965166
213552728548
213569494499
213567558700
213565090240
213562653736
213553729925
213549173803
213561001018
213550460206
213566032252
213551414953
213562042157
213563877590
213554811008
213557945721
213558644619
213561862266
213553183480
213553351464
213564325622
213550002336
213566698314
213564412394
213550287268
213551833132
213556929173
213568398901
213551454747
213551749070
213562005296
213567729102
213556307892
213551691949
213569087992
213550571584
213551952544
213563343408
213561966013
213561037181
213558006594
213554758230
213554902288
213549334034
213565780406
213567191434
213565180603
213568445475
213549583762
213568870372
213549928250
213567218994
213556870788
213561260035
213559429032
213561542598
213559957557
213565466908
213566471324
213553666749
213556573613
213569265159
213555568086
213564721391
213556933943
213553626915
213562947064
213555908633
213564543879
213565877493
213569802398
213563602069
213555086726
213554317299
213559506362
213550691035
213555361262
213563443611
213565004055
213564407081
213562714169
213561367275
213558964520
213556756301
213566077799
213555907685
213552455640
213558006740
213566130045
213549015192
213566403687
213552975974
213553717020
213564527295
213551651036
213559382230
213552183881
213556770935
213564514129
213569148532
213565466580
213559840713
213559358666
213561025601
213549608418
213568064775
213551446576
213556114084
213553991360
213569827828
213559140285
213559507250
213564892605
213560370481
213553281237
213568699606
213550791259
213556649764
213560297097
213550284104
213561049321
213556718140
213565052810
213550025633
213551468520
213568813197
213559354669
213564020504
213567625586
213561547577
213553964361
213562781758
213567137792
213553946520
213555444319
213562397777
213567403041
213566827983
213555489322
213567519029
213558428691
213569981314
213549471083
213553106774
213562597701
213558061769
213549946384
213563489363
213563578542
213550921898
213550678606
213559584165
213549851980
213566808539
213561894575
213562285149
213554521128
213560213232
213552731358
213556253616
213560394172
213551193267
213569314800
213564287360
213564105507
213553740231
213564708828
213554727709
213553305953
213564104015
213557942314
213563201928
213558635122
213567162224
213555185265
213564313144
213550213252
213563290143
213549724738
213555817245
213565766122
213553057531
213563550495
213552913074
213562966198
213563439227
213549496027
213567512706
213559705736
213553525904
213549571501
213556096776
213556946328
213560854682
213552496221
213562637361
213555435058
213554295837
213553425563
213561745785
213550063035
213565564899
213550608874
213554839272
213565271286
213552719318
213563972937
213565231256
213568489302
213566061979
213563481415
213560472953
213568761663
213564580409
213555178917
213553191763
213558464014
213550818410
213551128273
213559527129
213564847495
213564065693
213552595902
213561301099
213562449740
213563870815
213559616297
213553060494
213555225393
213551975059
213567704060
213550171514
213567506267
213554720268
213555923122
213567801026
213559812900
213554112436
213549350062
213552648285
213549072369
213564612409
213569953106
213558698783
213565233250
213560667708
213556840175
213566393256
213556256009
213561024475
213562697065
213549582791
213555017348
213559776637
213566680085
213550520576
213549534671
213550949702
213567898354
213563645366
213553773922
213551365518
213566770681
213558025531
213565537654
213556517728
213551033597
213557595561
213556745019
213568612220
213554242009
213563305927
213552893083
213553685418
213561252967
213558415709
213556562098
213566265528
213558964149
213559930723
213551345818
213563573623
213566372846
213549820962
213564724828
213568872755
213564400414
213564957305
213568610791
213558296140
213562712081
213563314057
213562041760
213565091149
213554722273
213559522385
213562927959
213561743936
213562123233
213552485074
213562679258
213569456827
213549924680
213561734635
213557751806
213551034509
213555458222
213558657396
213567188367
213554515155
213553803004
213563049512
213552848332
213561052614
213556592779
213549867352
213564417838
213562342207
213559646807
213569254508
213563442154
213554235278
213559395865
213562671515
213557314688
213550893000
213564198006
213560799304
213556065193
213558432379
213554068220
213550665941
213564496338
213555082740
213563919961
213555247006
213563767543
213562412127
213567838062
213567300838
213557477257
213553234863
213567440319
213550295593
213558734436
213549907269
213559483665
213551759003
213566878420
213552779475
213563254079
213565691776
213566897433
213549113720
213551019400
213554575635
213561015221
213560503912
213564614564
213558369125
213566396637
213559060241
213552994834
213550990254
213562694582
213561412679
213551795174
213558281045
213557475459
213564313691
213565452367
213549597524
213565340660
213553071567
213554431060
213552714758
213549602964
213556157824
213551705984
213556185747
213569911029
213558984696
213555438710
213557615484
213566174126
213564951410
213564691255
213552393879
213549131399
213558303786
213552039140
213568410195
213568555637
213549737575
213563645968
213556358695
213559520446
213550582789
213561544706
213566909727
213554921944
213569759960
213559314172
213564663616
213564981426
213560636811
213562409230
213563481439
213569228089
213568564291
213566194411
213554129180
213551410950
213551146216
213567456830
213550901909
213557569769
213563379652
213568334600
213556688435
213565667829
213563063545
213565371071
213559780942
213559027949
213554551353
213569224184
213558613126
213561873094
213553913386
213550013832
213553700924
213556337822
213549096837
213549828475
213554160492
213556788402
213567452789
213569655774
213558986348
213556850380
213550671426
213567472631
213557744587
213549845439
213564573183
213565973416
213554509792
213552275359
213559642506
213560629886
213560320409
213567996438
213550015678
213558136057
213564050590
213566301010
213555271862
213568196814
213555302755
213556510020
213560121986
213551391126
213561776990
213564694048
213554674092
213551259760
213560628559
213564656200
213549666240
213564281859
213563754249
213559217592
213553628718
213557076885
213567946330
213566839459
213562558060
213556681587
213554538300
213557277743
213552583284
213559763130
213557687014
213563273283
213561945658
213565949890
213555517977
213553268811
213553315758
213561457365
213549478286
213550908561
213565510121
213554997209
213550321669
213549058713
213567709970
213561710271
213551638309
213553540175
213557103238
213567665878
213549561981
213557287055
213565950695
213564357340
213554070854
213566178341
213555083919
213562277889
213555568364
213549615991
213558946303
213557393255
213553383976
213549078224
213560073745
213555139602
213568924808
213559390898
213556276804
213568290494
213563976522
213569486440
213561885634
213568548527
213565507301
213567991238
213568222314
213561719797
213568766899
213550815615
213569500555
213553004833
213564922910
213568530368
213567961858
213558764713
213555778852
213568896216
213555381831
213559759693
213555268351
213564655239
213553946038
213561697799
213556238866
213566343395
213567196146
213567006637
213567067700
213555117949
213553145845
213567217094
213556649276
213553730564
213555807343
213556409251
213556993407
213561967746
213552918174
213556923717
213550192482
213569071031
213563013891
213557107864
213560219449
213558480354
213555191126
213567808643
213552692471
213551025259
213562693973
213558940087
213550135769
213564732014
213549924029
213568592110
213563682179
213550391444
213564589898
213551710094
213568480779
213556441553
213554267222
213567069918
213569867036
213554299628
213566230106
213566371745
213550221833
213568265360
213561821141
213550285888
213556109852
213556877082
213562024720
213563184120
213568046165
213555702640
213559635174
213550855203
213553533544
213559691534
213564040855
213553604894
213569801274
213569347425
213552528499
213558238817
213555019397
213553496530
213553046192
213560680629
213549879308
213558309370
213557053450
213565734633
213553474668
213551965508
213557929343
213554947458
213550511737
213565405487
213562101064
213559461663
213556073978
213566484731
213564389592
213553522629
213569754996
213561279792
213569397015
213560576900
213563435158
213554295553
213568465104
213557092010
213552540430
213566738492
213561666332
213567145919
213565282815
213552560982
213550262898
213559673489
213554364139
213564061860
213564975493
213557004331
213560985606
213564475437
213562321300
213569211843
213565413115
213556862191
213560874706
213553205057
213556237075
213550042599
213565768043
213550631548
213552317613
213568567815
213550210416
213568628699
213551853470
213568559713
213556147790
213565404497
213554568029
213569861024
213558362712
213560690698
213568399297
213552246652
213557604901
213561819680
213555595098
213555426274
213567037261
213565838931
213565487088
213567858473
213551855881
213567654770
213550622352
213557148087
213555286429
213566727726
213554652277
213559325821
213561928681
213554000159
213554648460
213555140117
213562216846
213566512278
213552740113
213560029213
213550527889
213565060656
213551217175
213551310355
213553651490
213559094455
213557648956
213565123822
213565779993
213569160844
213560714794
213565090518
213553845436
213559674508
213569394860
213553666566
213552542072
213564123643
213553888867
213563541318
213568495525
213561313581
213564161025
213558548857
213569274106
213559437982
213552260163
213552066717
213569819078
213556000860
213555627105
213552197382
213560693908
213556950873
213559561101
213554990602
213550099353
213566864276
213552537551
213568979619
213549650081
213562997221
213566870276
213567312138
213556735620
213562890997
213567225359
213554392094
213562092389
213565483708
213568956417
213555410680
213550040983
213551122876
213564636278
213568735129
213567754080
213554882680
213553941104
213552822887
213569002857
213550033630
213550486198
213567890044
213549088574
213563250079
213566351113
213556899677
213556134182
213559046975
213569681173
213563017098
213569876882
213562483737
213568327504
213557821699
213564453505
213549265308
213549151892
213559480690
213553172094
213561149178
213560176846
213569823057
213554950944
213549943083
213561250272
213555430252
213555461598
213568637708
213569205024
213550326341
213552279216
213550552333
213565199259
213558203005
213549677368
213561104103
213567900449
213557399519
213566174161
213562907209
213563433613
213565545895
213568307474
213552405196
213561098878
213553321703
213563762637
213558678352
213550775904
213554097908
213554020422
213565107918
213566015177
213556308376
213566105847
213554736053
213558270587
213549983196
213554070657
213562080248
213563833625
213560752179
213561825870
213549275424
213564631448
213554205140
213567449076
213563727127
213549856752
213565144968
213559274757
213564047466
213562683042
213563971188
213563251322
213568463233
213551999269
213558139961
213559810060
213561751171
213559796629
213564028907
213558497363
213552851689
213562143284
213556086292
213565006934
213565711006
213568020560
213568715642
213550840128
213566114082
213551840394
213552494975
213551000484
213561324507
213562907412
213550617226
213562538061
213567521109
213567100949
213550726356
213566936214
213549444947
213568986001
213559672059
213551734987
213564657415
213558502573
213551521642
213557379427
213556432921
213561675997
213554249105
213569377164
213561159342
213561779639
213562881460
213551234411
213569929843
213564045860
213559385925
213558155324
213553351179
213553993786
213554904106
213568253466
213568114496
213559098685
213562078624
213558100790
213563921762
213569158973
213562985244
213560948678
213551098799
213554631095
213565368840
213551638220
213552562789
213551873698
213567535031
213555449911
213569099225
213551618829
213556389838
213563361516
213560405081
213565969661
213565973876
213552566686
213551190336
213553829156
213561859285
213562087761
213561005864
213561889902
213557564618
213551938460
213553909006
213569559849
213550648609
213558992825
213552617993
213565181432
213557939872
213565785366
213560693469
213564473734
213554324744
213558542758
213560280049
213560213437
213550030116
213551393565
213550374476
213564396164
213565438085
213562430960
213566016508
213562030334
213566051061
213560048641
213559152128
213554482861
213557402513
213560352314
213554787816
213560756461
213556575076
213555221824
213554289473
213549431859
213563905681
213569432669
213563591356
213549822924
213563345584
213560097379
213553709676
213553350432
213568714839
213557213488
213555437006
213554495295
213557375325
213556952141
213555228801
213566815862
213554196739
213563372674
213551526873
213549202352
213554391973
213561182602
213564458498
213565108427
213552669659
213569035441
213560147495
213565580900
213554687550
213552353661
213552274087
213549311842
213561729472
213561298133
213553270898
213550498634
213569319125
213568266230
213563304118
213561974678
213549016977
213551167689
213568612395
213556470329
213553104243
213567030170
213557805214
213569533092
213554995277
213568820855
213554588136
213555987424
213564313422
213566955750
213568408840
213562295794
213561638711
213562179479
213567409351
213556840309
213556228196
213559022655
213562410313
213553425351
213552723214
213568927627
213566076153
213567866959
213559024415
213555344913
213567084448
213556172626
213567315188
213565267461
213552373266
213549874697
213549809827
213567443036
213569953930
213556293896
213565512193
213558682194
213562933124
213565726620
213549964692
213561117968
213559667041
213569052171
213565206803
213568969831
213568849501
213569289554
213569657502
213568094350
213558541681
213566300967
213563655081
213558294527
213551185493
213550591520
213550225580
213566937387
213553225254
213566171813
213558432020
213550914029
213563290968
213567011215
213553888571
213561029970
213564383769
213556742421
213567628009
213552946398
213564470785
213550850022
213551368538
213553970696
213559459208
213557722674
213559539509
213555945837
213567538113
213557960116
213554552948
213557512913
213566355109
213562971939
213560233112
213557191278
213561942530
213567015722
213559844662
213549387255
213569282818
213564613419
213555735363
213550117841
213559797630
213552060406
213560662935
213561939111
213554933523
213560901023
213562138215
213550897959
213568944587
213564617951
213556414885
213567649872
213564653495
213555780083
213549825998
213569285989
213555426015
213565164958
213561765606
213559400407
213561259470
213554989247
213559998543
213563432829
213561304283
213558984726
213549280859
213566601549
213549378852
213554121531
213550745183
213563517511
213554016793
213555784810
213558779328
213551074910
213556541629
213553844164
213559657994
213561722239
213550991045
213551973643
213554301899
213551945934
213565827140
213551202171
213551706931
213563883740
213558877724
213558038565
213551052047
213551240562
213565627738
213554585369
213560974755
213559280804
213569506692
213564574404
213554463138
213551313493
213568433099
213560807533
213549796153
213552223276
213568870780
213556459356
213549694845
213557286667
213567734893
213557768091
213568521315
213549505643
213553916086
213560596924
213568826036
213560934103
213552568547
213565309375
213561864746
213558564203
213565594969
213551499683
213562986138
213555588249
213567197951
213558472701
213568474144
213553283512
213553828847
213565963265
213566305810
213566884606
213551959370
213556417796
213556797370
213568654461
213561581366
213561176997
213566595900
213567195522
213553064801
213564463322
213554415527
213557393744
213561508779
213549560381
213561139827
213558377020
213551829069
213555333596
213549054428
213556615345
213551224414
213559634933
213550622967
213550758699
213561571214
213569512663
213562803449
213552544529
213567703095
213553070913
213563238198
213549938047
213554767447
213554965421
213564160921
213565876349
213561170707
213566581918
213558669498
213560648078
213569961783
213562259945
213568617031
213551217527
213559476111
213550776058
213568268663
213564270186
213554719848
213554098865
213553216425
213568829562
213557361878
213549113399
213552031028
213564423689
213555813952
213559709827
213550969910
213566250574
213562647136
213560455540
213568928242
213569915941
213553517388
213563015391
213565050047
213553846820
213560819518
213550106204
213565000969
213563717791
213566150881
213565646403
213567431111
213557455852
213568445243
213566509987
213563246624
213550141664
213554228903
213553048407
213565789811
213552606055
213559415949
213561890698
213552733429
213560243241
213569920116
213558069921
213564512236
213559549079
213551361770
213565352827
213569558555
213563191708
213553565514
213562384902
213564224657
213559718497
213551781591
213564374159
213552414688
213563201554
213556144236
213550410918
213562022860
213554212375
213566122994
213569334773
213567431593
213551548503
213564720897
213567226171
213565682413
213569187373
213563545431
213553668276
213550281338
213564216728
213550090182
213568116225
213552417168
213552915641
213552669016
213559790825
213554313511
213565039051
213565892264
213564260729
213564475192
213568406713
213557139986
213553762957
213564536739
213564505836
213564056955
213559370469
213560987043
213556493449
213569640256
213555894346
213553323447
213551926055
213559472299
213566856788
213561378974
213558250961
213553694387
213563250743
213563071783
213555459379
213567400634
213554599070
213561249267
213559425007
213558271863
213551532743
213554322296
213550884223
213568665674
213556834480
213561535665
213558195866
213567690343
213560285898
213551532426
213557186762
213554647592
213553811244
213556374742
213556102161
213560183137
213569668870
213560889708
213559150136
213563611552
213554237357
213556992469
213564981769
213558126321
213558192039
213550945626
213554337112
213562101962
213564032182
213569139464
213567196938
213561216122
213560477467
213554621341
213563775032
213551597246
213569543189
213564958191
213558398521
213549280908
213564742007
213560159723
213560453361
213550525951
213549935663
213561812510
213550255511
213551290174
213555432576
213557431478
213564882034
213558309969
213554996195
213565132429
213568783184
213558712239
213562659141
213557215446
213554515755
213551411317
213563063658
213549430386
213555779645
213554622435
213564292433
213554292173
213552362519
213550217220
213558730604
213565322817
213550650575
213559117525
213568854733
213559723545
213569473321
213553973633
213556345044
213554631825
213562805181
213566935247
213554647234
213551560865
213552535016
213562353803
213562080140
213561073396
213558743688
213560126290
213568387680
213552814181
213561169088
213568167928
213561579837
213566204602
213562000088
213563723664
213569175876
213553662486
213556806479
213555503961
213569934877
213561803052
213564883107
213564816062
213556958390
213550339516
213549796855
213549864277
213558058696
213549391205
213551954646
213552291558
213553013918
213560615099
213563472678
213549496745
213566206591
213550984255
213564571132
213561689022
213552705248
213558719449
213557561745
213560064495
213559205257
213555301275
213560200460
213561872725
213568451721
213551879917
213569686047
213568919975
213559860956
213555803320
213559761547
213561653500
213555883449
213551997149
213567460115
213565342009
213567190512
213551455984
213560953907
213563573391
213557305323
213560796577
213555414853
213567147826
213560611215
213568298219
213556623014
213560110483
213553729047
213568721635
213550563882
213568050398
213562231467
213551519428
213568783486
213561950877
213559160202
213555585822
213555580710
213554761520
213563115152
213564919486
213557476915
213563508005
213552006255
213565996848
213559310958
213552391077
213566240877
213550927208
213564025636
213559927723
213552764835
213554636889
213564819077
213556502371
213558346540
213553786535
213552419792
213562313672
213554914631
213568397473
213549849241
213557747887
213549746600
213558951574
213556199223
213562788090
213558784276
213559559270
213556208544
213558310766
213567838628
213562191191
213556867904
213568371344
213567725664
213555391866
213555821462
213565098673
213554511423
213569952021
213561186771
213557748197
213563775000
213551708839
213569047181
213566172126
213549953970
213552111702
213556873884
213554453981
213549567605
213549099404
213557863017
213557395094
213563017785
213564519238
213555336269
213558095047
213567154557
213566500181
213561879238
213553547453
213559917277
213562061466
213558779140
213555361227
213567313380
213557681363
213559917127
213561877509
213553215796
213559706711
213567759911
213553657539
213556592221
213560821051
213549044314
213568905174
213552411103
213568186632
213553605606
213566937906
213553843695
213554329350
213563059682
213557539921
213557639869
213559736777
213552542522
213551141004
213559913136
213551775467
213565381992
213564071204
213554415557
213558789422
213552007673
213559217165
213551935892
213552785770
213552356023
213558672936
213549633216
213559238297
213558016625
213553138033
213569217226
213555667658
213564793456
213559808127
213555889318
213566255378
213562055599
213556760488
213552853639
213559041306
213551514543
213566076707
213551675330
213552146370
213561651346
213552860083
213549326880
213563568265
213557473357
213558279517
213566637161
213568860197
213569462089
213558019472
213561893688
213560236102
213549734730
213562081481
213567243471
213550166333
213560117012
213564209682
213549508222
213553921245
213558850330
213566016677
213549765907
213562702791
213563380227
213559164174
213561466015
213568189974
213568919192
213550924187
213569010914
213558870349
213554955857
213568860475
213552948137
213564576442
213557661748
213569740924
213563852672
213565075443
213549430972
213551542069
213560594252
213569929715
213562940115
213552539701
213552698724
213567925092
213569480721
213562558867
213560423385
213561034329
213556703712
213550763653
213563331703
213560454786
213553230976
213550705959
213557479636
213563675311
213569807560
213564669412
213558389154
213550730639
213550364232
213569432603
213567057032
213567626877
213558666070
213555409504
213555146694
213560677697
213562161659
213569793900
213558409945
213567920917
213550465953
213552704906
213555960048
213566125870
213560201708
213567622890
213553742775
213563410313
213569602625
213554685444
213555839346
213565955434
213563670542
213568449282
213556775707
213553875657
213553674216
213564877176
213569509335
213567252263
213551127364
213569252551
213552423813
213556085671
213557076728
213557690097
213556669496
213566148249
213563207324
213551595730
213557641151
213560596147
213561031358
213552862592
213564258020
213567203740
213565917912
213558303799
213554706532
213557863985
213557847863
213565083953
213550249167
213564771502
213568348003
213553334122
213549153083
213553095752
213555608057
213549243922
213565068491
213563658520
213549591310
213556587126
213555154212
213559980195
213557509485
213566120330
213551064797
213564565605
213552874349
213564039958
213561696586
213549269074
213556316850
213558450892
213569951635
213559040842
213560035803
213550389295
213549375054
213558718246
213569285000
213565518690
213555029931
213557469902
213569569727
213561353270
213568471120
213555268062
213550719417
213562036959
213566746067
213557626195
213560763351
213569747663
213549455439
213562717508
213549025788
213567227116
213560514615
213569751867
213557975425
213552965081
213565687505
213565269571
213559718704
213562675028
213551432173
213561767147
213563547734
213554645571
213562270866
213559296693
213558281560
213556092499
213549054082
213557236390
213557665636
213557778919
213562199419
213552868408
213549171707
213567058591
213555131273
213564310686
213556070852
213569501695
213564166589
213569231893
213568596418
213560268946
213556612125
213569404359
213568886174
213551949363
213565382151
213565300153
213569482553
213558900661
213567212480
213558584591
213569336304
213554298727
213561031796
213561068868
213552815751
213563481168
213567363362
213555086649
213566856694
213559560756
213561434660
213550012082
213550640982
213560042750
213549793023
213559963673
213565880351
213551579753
213569938066
213561106051
213568820249
213559780040
213557652183
213553141435
213554989213
213560420507
213562829249
213554825577
213550638617
213564963891
213553867150
213552978132
213550733466
213551573303
213568174459
213565602835
213564398537
213566711955
213551035406
213551751932
213554361342
213563757118
213549949145
213551766511
213553803771
213552927960
213557705240
213560078701
213555326696
213566109885
213551590432
213564562763
213557801981
213562609205
213553823982
213550779335
213552475545
213556350851
213562279558
213560068441
213549356059
213567441579
213569018408
213550298299
213556464975
213555389180
213549432845
213569246990
213563402826
213556304351
213559133145
213560482166
213557247571
213565352734
213559184915
213565025506
213565691143
213559602021
213569520261
213552509224
213566073345
213564144770
213558804512
213560137869
213560674168
213562119946
213560808383
213567345273
213565922371
213557509629
213555266490
213554353804
213556654988
213549626875
213550452641
213555076080
213565796272
213549742722
213549876825
213562267744
213568610256
213552572726
213558898998
213561139694
213554741232
213564372073
213554652912
213569181832
213561031881
213562580683
213557228883
213550617601
213566840623
213556085119
213566699564
213559251435
213553993101
213549706074
213550267796
213549315674
213551271211
213569375730
213563376710
213553252005
213564944548
213568164504
213558210835
213550591145
213563874393
213569121778
213566886965
213565700546
213552731493
213568911481
213560534658
213549138084
213559306825
213567519264
213558714529
213554247021
213558307633
213562735491
213569245205
213560298303
213553879198
213557479139
213557251960
213561264856
213549992251
213549482298
213564725401
213569752424
213560758938
213550486965
213566419357
213555986633
213551389828
213565536884
213554691865
213554841802
213550562278
213559596038
213566429129
213557030819
213569458606
213561730135
213551454833
213553165321
213561064047
213550618884
213568137876
213558309051
213551832366
213562622889
213564955029
213566302716
213550606493
213557695116
213563363328
213561825130
213551811170
213567123384
213567452489
213555764452
213557124055
213558544328
213551712864
213564744862
213549286213
213549700503
213569528496
213566849722
213558942217
213551019661
213566664841
213567955366
213562614903
213554493880
213569559386
213558912780
213549618633
213561584760
213564539247
213559666989
213557134791
213559344995
213558440577
213556522088
213551311248
213566372564
213568624177
213569646116
213553064645
213552685046
213556081475
213556654621
213568795118
213569253552
213556931372
213558544568
213560028076
213549127408
213567047858
213569440432
213559222720
213557258617
213569520851
213555909429
213559572118
213558951336
213555338682
213559303956
213554850607
213556825350
213557243451
213568962143
213566482673
213555254468
213563181099
213563116804
213562748915
213556408483
213559409418
213564924253
213560238485
213559245642
213562726969
213550707748
213568923882
213550246553
213549957921
213561035650
213550800293
213551964122
213552212761
213556292130
213565162012
213566383419
213561432506
213567952631
213568677103
213552265293
213553186346
213555198362
213550291141
213565751017
213549986518
213568462990
213569294287
213558376721
213552286847
213566843877
213566497935
213555539640
213550022721
213566990035
213553102073
213569495354
213560044255
213557098474
213562273694
213553085957
213555750187
213556788645
213569374816
213561733832
213554965403
213558715871
213556125907
213559634618
213562111719
213550423615
213558553802
213561540416
213565080829
213568989780
213566317381
213563937395
213556180766
213557355340
213553818476
213565381109
213554129123
213558022593
213554771798
213549082395
213563590301
213553241703
213558741441
213564100027
213557229779
213555071341
213565137901
213560335295
213553392444
213569374702
213553797307
213567797876
213555311583
213551406386
213558592591
213558970835
213556924568
213566835875
213552661847
213549664998
213558381477
213567316210
213558795196
213564879671
213565367434
213558267469
213563578588
213556113982
213566066380
213549809032
213557026847
213554806277
213565699839
213560855599
213569138062
213556056900
213555055456
213558676378
213565067070
213565795265
213565473361
213563737425
213553969060
213562871326
213551771688
213564560845
213568699699
213556018132
213568504740
213549970242
213559575381
213555324922
213556506832
213551003078
213556752296
213552797100
213561681084
213562386295
213557800205
213553046364
213553873334
213562834954
213558038143
213568253402
213549245374
213556978545
213561129236
213559287649
213561277865
213563136865
213563716158
213562994651
213565515278
213558548661
213568598876
213569236117
213556383692
213555623040
213558749834
213557643597
213560921676
213551280531
213561534813
213558454431
213550755899
213561599996
213555693878
213552876945
213553068961
213551412028
213555294565
213563247094
213557250206
213560395652
213550815054
213551960319
213563906824
213559313151
213569427855
213569927465
213564115207
213567020269
213565299698
213558588081
213568540217
213559589093
213550283649
213556811614
213557275396
213567722182
213556426089
213556433212
213559960206
213560568011
213565308369
213562482625
213554829291
213564779708
213552619387
213569698827
213552795221
213555340577
213557872328
213561981675
213559444263
213551968246
213562597093
213566526299
213554468754
213555975073
213552434391
213560493208
213551547323
213567975029
213549716388
213550299434
213562056433
213563204921
213564697001
213560899043
213556207129
213562741727
213559936316
213566128444
213567077361
213565003344
213557298003
213562412577
213565101268
213556108907
213559703336
213564716202
213567377724
213569557858
213553689583
213551177978
213551941455
213561113135
213552954733
213558518693
213564074796
213555929629
213549245283
213567623527
213555696970
213565810133
213564833191
213569227258
213554852996
213560303159
213559787458
213551667310
213568779268
213554722318
213553468270
213557752966
213560241361
213557662804
213562227786
213558158437
213550701231
213568277669
213568703435
213550879857
213563350031
213569866799
213567261639
213558304488
213559657565
213560364994
213557717110
213557003600
213549106376
213556883355
213560655358
213559346242
213561093945
213553023119
213564147559
213552279370
213568149149
213550734762
213559100516
213568220862
213564065864
213554031831
213553580893
213558400788
213553108482
213556562625
213549039596
213558036926
213564037450
213566329108
213556873378
213555460781
213554198336
213552712821
213563032190
213550404558
213557214928
213560374436
213557332411
213555490290
213557298990
213561198000
213550034387
213559306773
213559228958
213563847646
213558334828
213567227544
213555818347
213553906386
213567499408
213561381245
213550453535
213557836182
213568890553
213561932924
213561835870
213558066062
213550320398
213568911638
213565560938
213550414532
213559612288
213561574747
213556843469
213566891261
213564433593
213561039581
213565633303
213556432172
213568850735
213569635921
213551482336
213555757639
213566449944
213563188025
213569277345
213557300397
213557150526
213557356387
213565420558
213563196072
213549471399
213550979947
213560340761
213554972753
213556568445
213556200027
213564404041
213558191652
213558567996
213554420947
213557136445
213551708977
213554953980
213550373102
213557150383
213564421381
213554256318
213564591687
213558662274
213566578718
213569597880
213561695920
213566487907
213565199271
213560273794
213555427126
213551274744
213551636138
213551118690
213560849691
213555373942
213553673728
213556438527
213565456262
213564272651
213561468970
213558407194
213555550305
213552825614
213569765019
213567278680
213569231242
213559770124
213562052953
213554024792
213566845786
213554676907
213552495809
213568367379
213551495380
213550128537
213554958741
213551705959
213563007655
213561362014
213566095114
213555761185
213563967606
213556680770
213562589041
213556272120
213563929159
213563212556
213551761666
213549611615
213567032014
213557815184
213563747849
213559725048
213565236428
213562867783
213562818863
213564631779
213551276923
213564912979
213552414205
213562108817
213558139230
213560443611
213568820748
213567757651
213563915664
213569933634
213556356772
213563674167
213566243249
213568924633
213558195267
213559956904
213565655315
213559372138
213567049904
213561002133
213552271579
213554444871
213562155945
213550938530
213552349393
213556432514
213569682443
213567004559
213556757712
213555794606
213564186819
213553268556
213555983518
213569920162
213568687967
213549000925
213558062032
213565223797
213562207289
213564401695
213561265928
213564793476
213549417506
213568135407
213550994691
213561883896
213558311150
213568130011
213555585598
213554889718
213566345673
213569161944
213556498809
213566156393
213558346088
213556810185
213557724324
213563901654
213566496392
213568285482
213552180749
213550387100
213549183070
213557270341
213552394662
213559904677
213558958611
213550277076
213552007667
213555978601
213562015488
213561926239
213549203378
213558366555
213562733628
213566921146
213562845168
213557310146
213549958976
213553657355
213568407792
213555895595
213558879347
213549041022
213563939019
213567815871
213564633207
213563492971
213553935659
213562090274
213551768924
213558558732
213566493180
213559743807
213566104597
213558533027
213560518830
213549526115
213563702457
213564370729
213566527140
213563013517
213566928126
213565895676
213556456224
213565519840
213569050408
213564381676
213553020343
213557512634
213550607338
213569026702
213563695197
213557068332
213553719759
213553716280
213559931841
213565368737
213558662941
213565957618
213565549265
213552044952
213562766711
213569794892
213565995312
213567027693
213552677146
213549607220
213550091748
213564418204
213566328332
213569934920
213557517042
213563748802
213554223734
213554502319
213550614140
213557002589
213561713373
213559121238
213549435789
213556823612
213553322511
213549324965
213567975527
213550917063
213566580515
213553185071
213569663978
213559335472
213564496911
213562183112
213549999542
213567444721
213566944059
213556911765
213568591452
213557674960
213561722707
213560296855
213568045712
213560462406
213553506110
213564686794
213560158243
213554428461
213554444505
213567636287
213549753248
213562024556
213569104622
213562396849
213561354494
213557000271
213563971428
213550613403
213566299095
213561056825
213553893223
213560532508
213554151053
213549758297
213551224522
213551296834
213554510720
213551867338
213569897203
213558871673
213563739056
213550751257
213559679815
213557518040
213558453478
213555141193
213561357461
213552651707
213561668445
213567480312
213557996717
213551155139
213551855065
213555322439
213563129880
213563336402
213563031587
213564126926
213557707615
213559061291
213555332936
213556241918
213551107694
213569640283
213567133775
213556241035
213551446180
213564819545
213563568669
213555402306
213560136228
213553161234
213561510669
213561984893
213557948860
213553248122
213555294975
213554052226
213563261920
213568407148
213562446614
213549843800
213553643728
213554122684
213552798785
213551460433
213563384334
213553610767
213569821001
213553292723
213568902226
213552584118
213557587850
213553684332
213561411505
213565025406
213561860351
213566571345
213560899144
213568389670
213560091211
213557110841
213569537742
213560834565
213562130508
213554682828
213554462501
213557651183
213552254972
213550579464
213564345844
213560514793
213567910277
213566559443
213563309097
213556114419
213568179564
213559265246
213561671523
213562343811
213569306366
213554389315
213567949097
213554706737
213566302846
213563551727
213562221052
213550968660
213560939359
213552225603
213551212145
213567129609
213556906106
213553043653
213560353851
213568539248
213567045865
213555484173
213551251012
213550786617
213561181243
213557257324
213554249223
213565328303
213553219159
213562487840
213559385694
213550947153
213554444079
213550632394
213551550027
213566660190
213550134064
213555201449
213552761798
213565849479
213553503488
213555408839
213558093841
213564495086
213555819759
213553851502
213558896176
213560351465
213552396525
213551408428
213553041541
213562880383
213554007681
213559783854
213553087150
213560628119
213568893398
213569831096
213550993278
213552379288
213566754344
213552724459
213560742287
213556697704
213565544605
213556063990
213561823295
213558207026
213550390738
213551463488
213552945058
213559177539
213555580395
213553477907
213563134317
213560279279
213558971815
213550649532
213564190482
213556039092
213563461633
213559727078
213561922251
213562878762
213568647686
213564728964
213568859045
213561458537
213557715949
213552613585
213567803080
213551017909
213560020294
213554373165
213554305899
213557714758
213551375140
213549513189
213558853943
213557507169
213550358960
213569817648
213552323411
213552666381
213569784355
213552197379
213552333902
213569152158
213564618804
213553260951
213562217702
213552801836
213566937586
213567972792
213561211609
213562629866
213550039379
213558380522
213562420816
213565725844
213553694898
213568674292
213565564043
213549849144
213566534580
213559084205
213560476984
213550371646
213556022232
213554290089
213558293290
213562385234
213564898740
213551406270
213549704986
213568548487
213565628175
213557431324
213565507471
213561272826
213563141400
213550181572
213560033704
213567968254
213569719220
213564534320
213549827563
213556567912
213558239708
213551508336
213553419749
213565406603
213558241645
213555618001
213568173310
213558557705
213560195088
213564977418
213558738248
213551643124
213565789429
213559479668
213553316918
213567532497
213555747235
213568152180
213555053312
213550117050
213563458945
213550785431
213556275828
213568452346
213550181627
213557988384
213563157596
213569755251
213552363345
213555015894
213561227778
213561601026
213568897519
213555657970
213564469315
213554056491
213565325276
213550332358
213558919115
213568258399
213568056038
213555126344
213567122965
213566461941
213562318600
213563766068
213565174945
213555762902
213561569971
213553697566
213556902300
213555975574
213561264599
213552189907
213565546197
213560556685
213553660427
213557074376
213563271234
213559740861
213569768069
213556439560
213558560658
213554211686
213557148436
213553684001
213554242087
213567938556
213562316313
213561732376
213567752338
213560471877
213549415664
213562574790
213554392727
213561400444
213566068628
213550319711
213559886540
213563603662
213563342752
213549284244
213567640883
213562837176
213550068197
213553986052
213568165627
213567224857
213569723499
213560441868
213566157055
213552862220
213549744771
213554678035
213562346747
213555282013
213553825785
213559131720
213563712381
213558121205
213562261926
213551831686
213567228974
213560283052
213554139746
213555239054
213553785398
213553047459
213557387958
213549917885
213562074943
213558694596
213552201524
213552678511
213553997841
213564592475
213561294828
213550811301
213563272393
213550529242
213552886704
213564272804
213552276719
213559577722
213563559717
213564062266
213566744004
213567378438
213552336975
213552485182
213566542128
213550677421
213554979750
213556429129
213564095008
213563327906
213556257921
213556366154
213569670178
213559110088
213564061238
213562731356
213549625720
213553655805
213569565716
213554359165
213567273213
213552459503
213553872025
213568179733
213569016598
213567305920
213554685789
213561923347
213551698488
213552841482
213551147961
213551655590
213559759019
213552908889
213562098460
213561272427
213560944337
213568355163
213557977951
213557066559
213566940326
213569107167
213556034569
213556125851
213557516663
213558045004
213569525409
213557405915
213554671869
213558765870
213565553997
213557735082
213550908463
213569493033
213559408133
213556840214
213554426706
213562825773
213560042763
213563413197
213565122114
213569590231
213559586033
213549369054
213569269836
213556352052
213569143504
213553736810
213558861081
213567122418
213554704158
213566735876
213558832805
213550540703
213569367950
213560880687
213559779896
213566751159
213568592328
213550062557
213552769366
213565843117
213558982000
213567040313
213565430119
213565825946
213561945798
213561329808
213550780629
213554684128
213556657428
213555971421
213559941210
213550328163
213568672370
213553616514
213553714345
213555818706
213569133579
213569978769
213569517931
213568823987
213555998272
213558101004
213561346643
213556723051
213559641618
213565910971
213569705460
213565325793
213555085272
213559317804
213552110571
213561690293
213560690321
213568122549
213561087662
213567181474
213549085892
213555586030
213561902519
213550344093
213552992973
213562361244
213556743651
213551530673
213551181637
213552262056
213553870613
213558409544
213554483501
213551281596
213556759891
213559044153
213569173065
213567862105
213564712881
213554660767
213561372917
213550860300
213551810335
213561549045
213567054539
213551977322
213551138376
213559640708
213556554214
213568714901
213556814669
213556770973
213549166394
213549032573
213554896978
213550260754
213562301227
213568208069
213556117721
213565249280
213555060766
213564986211
213569814848
213556163292
213549286999
213561684814
213564775005
213565933490
213564183068
213568148025
213558702616
213553016266
213555563042
213567355500
213554127311
213557605853
213552077459
213558372847
213564197018
213549752832
213558513516
213561985992
213552334948
213554722651
213553168499
213560797157
213568771666
213552625136
213556388110
213565481241
213569049030
213558226999
213564759418
213565524209
213559761368
213555032387
213564380444
213550973139
213560203883
213564668003
213563912892
213554889953
213555668089
213559053473
213559031879
213563917251
213562697938
213556940969
213565873005
213552148526
213549046725
213569277629
213561756296
213562653240
213564959768
213556822593
213556422205
213550339400
213553765407
213568122626
213558697908
213553784857
213558469300
213552867606
213560573771
213561795473
213565073524
213563494798
213567759604
213565618528
213557505136
213556610739
213566096460
213552171690
213554580445
213557955928
213566554509
213566850664
213554409370
213552979343
213560499328
213553216684
213549342060
213549303603
213556827391
213562556301
213562733490
213567968893
213568765920
213554361514
213559225985
213563291305
213552325222
213565918171
213558478449
213550282697
213561232348
213569508237
213563844286
213558517492
213567558110
213553072892
213560376621
213551804233
213557782779
213560515641
213550582601
213565317743
213569525610
213563240884
213561441883
213559033459
213561356152
213565110900
213550642202
213569263192
213561339241
213562935143
213561333833
213567163195
213566413725
213563809858
213557773143
213561068161
213559281946
213566665825
213568215841
213565949884
213569632174
213568465368
213560761336
213550086038
213567835067
213557755174
213568137581
213551842362
213561615169
213549583049
213569497747
213566289777
213558897977
213549935049
213549679005
213551228886
213566138756
213557075030
213551381136
213549081760
213559186428
213569922824
213560528452
213557525638
213565380385
213561159090
213551513059
213568214025
213553043250
213565054810
213568123597
213549119989
213568187213
213552634062
213563041148
213557873895
213559094725
213556453014
213561356979
213560087410
213558006475
213550594880
213569639331
213565786850
213566138088
213549201431
213562525104
213560265965
213559181171
213564278362
213550192036
213561640264
213557520910
213561189882
213563235292
213564564561
213557166969
213551011371
213569128017
213562475167
213559688940
213563135304
213563101053
213562692802
213551058844
213560294685
213566871418
213567354641
213558116314
213554471860
213559649859
213560227803
213566973537
213552990256
213563660219
213558389268
213549548306
213566221968
213567270704
213553645384
213563776193
213550841605
213563812902
213564698493
213553296664
213568461089
213566075661
213556449548
213559461041
213563223069
213554095504
213558536497
213556420273
213559079158
213557871525
213553279344
213564786164
213565085747
213552426479
213559376869
213554733594
213557547131
213551298849
213549933263
213552575074
213564091376
213563502422
213549412240
213555579645
213559459225
213550175893
213569383924
213555606890
213568071226
213564265475
213563644433
213568702111
213557130012
213550031047
213556801588
213555263846
213563367474
213562893790
213567237081
213564838189
213560188032
213560103963
213550348968
213550433855
213563123606
213551096895
213569709061
213555588893
213549447031
213553447824
213556170787
213554573733
213556760449
213560917494
213556622050
213549540352
213558778838
213551299205
213554275121
213567266510
213553481339
213561571517
213562456187
213559609392
213562902632
213557185174
213568086424
213565113851
213569476208
213566873949
213559312786
213557554577
213559858549
213561966826
213567787265
213562998948
213561642990
213569558543
213554148121
213550587134
213561771458
213568162411
213555735916
213558239561
213564822857
213554498214
213566200566
213556215973
213555266800
213556467716
213551924946
213561035540
213563136587
213555930561
213562618300
213566242679
213565536930
213564956661
213559531293
213562124905
213552859802
213550893233
213558568540
213555226556
213567045151
213561312162
213566637819
213561292474
213559186071
213569927528
213552497675
213550314392
213563771674
213555584978
213553445707
213553071331
213565651945
213565798641
213565122339
213564265836
213552953774
213569352882
213549449596
213560667849
213553837605
213555354025
213561136910
213558087721
213567289820
213555881194
213558780190
213551313765
213558538647
213565504195
213552596087
213560295113
213557790883
213567682990
213558365236
213561144584
213553350871
213551561643
213550053458
213551647744
213551123407
213564364402
213549735520
213564947983
213566354101
213562988927
213554573931
213551158456
213549892979
213550411875
213564527695
213558374202
213552820763
213551064005
213556781364
213553513973
213552739073
213556962359
213557708591
213550996889
213554681453
213549009430
213558804714
213569646116
213550671814
213553125401
213561824066
213551310588
213550999212
213549934137
213557515468
213563605327
213549905439
213560950163
213553113413
213555102634
213554259068
213563037758
213564772747
213555409477
213566417796
213568724111
213564197225
213562306312
213553455282
213552541937
213569638132
213562496936
213551648928
213559709168
213555283914
213568347100
213565732066
213562443049
213568230856
213556552601
213565820540
213556541306
213566507888
213554189155
213560862058
213552323037
213560970924
213569143955
213550249757
213557094223
213553976109
213555847891
213568733698
213552349444
213556196559
213555747797
213557866941
213567570250
213554632743
213568148785
213559904924
213560732448
213563114347
213562704484
213555485908
213561037299
213560649434
213552494234
213556262494
213551537925
213558862934
213558283669
213566753075
213563974742
213566311133
213569970947
213555524878
213563127229
213559094957
213560113145
213563528337
213563618600
213554144887
213558616513
213567981758
213563437033
213564919862
213550472581
213559514629
213565029334
213566876272
213552908269
213553517107
213562976488
213566660858
213557130299
213549704076
213561182334
213560578888
213557245871
213562099734
213567844108
213550553798
213563472120
213566474167
213556849273
213561985536
213569976900
213564923617
213558969958
213560191047
213554291104
213558771006
213555257170
213565199968
213567236498
213562125869
213550151970
213562030595
213565114513
213559552555
213550757880
213556662443
213569143383
213559743578
213559608161
213555523780
213569721798
213554201355
213566898787
213567356652
213554516168
213568440767
213556722607
213558860404
213555253254
213551801390
213559451247
213554385545
213560968442
213560638525
213566039392
213565360628
213562445841
213550293604
213562871305
213552503464
213558916972
213550378963
213567358934
213555062503
213558372667
213549359397
213556063077
213554001508
213568725994
213563928813
213560330544
213568801805
213563871073
213568665842
213550045813
213558295998
213552744989
213556193562
213568527956
213564974412
213559746883
213565230372
213569151125
213555434897
213555925395
213560293594
213565494587
213561241449
213568001333
213560207517
213560572125
213553767016
213562257755
213557992453
213567268253
213556802705
213558344999
213557200582
213555862547
213567988471
213564864915
213554648470
213567153097
213552265795
213565317781
213559766783
213553358818
213556200942
213564730674
213562044513
213568813518
213565012649
213549530149
213568649099
213554853808
213566091995
213557639981
213567593245
213563304662
213554403469
213565089292
213568627264
213568528581
213566987816
213566167924
213556599025
213561996077
213554242653
213562045750
213568373292
213566899811
213552114482
213551638356
213561562118
213569194662
213561856538
213562033567
213561293929
213556470759
213560562171
213553735189
213550422948
213556279312
213550259989
213555886155
213556691923
213556313868
213561789208
213567278007
213553653676
213556045461
213560576652
213556621711
213549685139
213556122623
213569347348
213564100221
213563796540
213562991850
213549435338
213559527498
213563426771
213566143609
213554361154
213564055718
213564364269
213562105555
213556721374
213555560041
213565766329
213568936535
213549013532
213566771550
213566188154
213565786879
213558142775
213566595615
213552723165
213567811509
213558417058
213568566574
213552770164
213569336438
213560321340
213560660289
213558670919
213561159127
213568288441
213558057464
213551420396
213562041357
213564090209
213556937790
213567144246
213558876077
213551740791
213552583525
213568245847
213550698317
213567223492
213569631874
213558804249
213556739932
213558150874
213562673069
213556544371
213569373539
213553249564
213556466903
213556814877
213568855996
213554776340
213565650517
213561153797
213563489163
213563081134
213568129239
213565669851
213559909000
213564783558
213553281577
213561829428
213551551994
213567130151
213553376835
213549514653
213563716801
213562624835
213555541340
213561951357
213567440056
213555634175
213558445283
213562235540
213564335527
213561134990
213569001874
213565639553
213560367048
213562661336
213551570735
213569874664
213569024363
213558128060
213561778409
213549806961
213564202455
213568988350
213558418282
213560008455
213562596933
213565876277
213549372484
213553082893
213558373521
213553930282
213560398917
213567653711
213569613883
213567972209
213549606684
213562996321
213549031043
213554422797
213566009109
213565416219
213563645582
213554357163
213549441177
213557267151
213558949448
213558003668
213554056930
213563491490
213564958485
213562052561
213556065124
213557246179
213554463248
213551975665
213562718211
213565610697
213552911051
213561432952
213556862392
213559320089
213569325991
213565939602
213554030725
213567735208
213563647594
213559081231
213558873978
213560570161
213562490394
213556999673
213568089337
213561897656
213569665839
213550787266
213561637875
213551188067
213559145768
213565764016
213563526741
213564628771
213557726312
213561812049
213560576885
213569289019
213560543697
213560637985
213549937755
213555596498
213564799597
213552804574
213566858351
213564277763
213554435878
213561411332
213562486255
213559440683
213559445619
213564557798
213559682929
213569033441
213559755917
213569826349
213557975485
213557401308
213563447726
213564638022
213561078146
213551869795
213560648830
213552455380
213565975461
213566836502
213558073594
213560976643
213550305532
213561155729
213566034370
213559227230
213565304847
213557378769
213554703754
213569464942
213555429313
213554650311
213569291197
213552168500
213552084924
213550260483
213556260557
213566516221
213549880243
213552867490
213562435767
213554679466
213551995092
213559922203
213558119775
213551136650
213566638110
213563844521
213560215995
213561027647
213557513431
213550843708
213555397634
213551230814
213563483349
213558101755
213550863509
213561764636
213562284773
213557532174
213555847855
213552577948
213558372366
213551020563
213565159485
213563805782
213566770928
213549449297
213553443335
213554246453
213557421305
213552287241
213565835267
213564606131
213563952578
213563654386
213558027738
213551721845
213551351290
213551945379
213565611449
213569609604
213566256448
213569353932
213557028127
213567262788
213559463275
213553197387
213556881356
213552081697
213563592953
213565350272
213562985804
213554763999
213563974510
213569923615
213560589434
213558816720
213549226168
213569387539
213557376894
213565301449
213552176690
213563814334
213557054723
213563070035
213559043709
213550482430
213550599278
213561838703
213564919927
213562672288
213556137472
213550629654
213559647905
213565285452
213569871535
213565031091
213551563048
213558189706
213567927017
213552642224
213564684739
213551293646
213556210200
213552555208
213561157046
213557143261
213558832783
213557723267
213550004007
213557800369
213563112403
213562534149
213564360619
213551305690
213552084237
213560369763
213550225060
213554454900
213564414456
213569352817
213562514254
213564577677
213559255477
213562605623
213550521583
213568911512
213556118795
213551836057
213554027705
213558658375
213562213572
213561220964
213566023479
213562663948
213552199418
213562759335
213563894205
213550154262
213560659139
213562857219
213549405069
213555522387
213551944586
213564906940
213563259959
213551866445
213549189027
213556496825
213563705223
213557254374
213553113634
213551032218
213557958447
213567014101
213565684372
213562056295
213561512570
213557224308
213566990670
213552048341
213568438521
213564638493
213561431566
213552321471
213558386453
213568582591
213564884764
213561345554
213553730373
213552364450
213560241732
213565872169
213569081801
213559754690
213564124145
213564546719
213561723854
213559773343
213567606627
213554371200
213550589339
213549652722
213558850806
213556724094
213559850707
213569177223
213565515880
213554886689
213569416837
213555211667
213552986967
213549709377
213566003526
213565712597
213563841470
213565597025
213566841374
213556747113
213564615309
213569517994
213565672643
213549602291
213550089625
213551737356
213553912608
213566709022
213568614866
213554055723
213556281412
213555124091
213554460339
213561465532
213549133226
213566952492
213565676940
213562918613
213550252789
213563618507
213558179242
213555338667
213552715985
213556463945
213559130474
213549989175
213552248126
213555730051
213569325844
213569076324
213549163874
213550080408
213552053335
213565260541
213558180694
213558358488
213562864871
213553925674
213549295665
213564315429
213550102839
213566327637
213552165942
213550826368
213566534176
213564310569
213558184534
213549037543
213560312527
213553716894
213555848698
213556175312
213565927691
213559076887
213554342096
213561044417
213565164917
213554191785
213555837810
213557600354
213566413672
213557574061
213554286506
213569377860
213551726242
213559306927
213550776772
213554314504
213565057099
213560822062
213556055500
213562489697
213569618212
213563505503
213568452008
213569002131
213560320829
213550557364
213565876368
213564519117
213554425896
213569483144
213565041422
213549227458
213553860973
213565821562
213559782521
213552835638
213566679251
213553667109
213550560338
213556721548
213565280563
213565552742
213565071889
213568849742
213552652318
213551437149
213567345674
213567824025
213566147716
213566553461
213561826128
213569327526
213550678271
213564047918
213567420326
213560186387
213566130767
213568700273
213552363521
213556750396
213564450366
213564694207
213549507994
213559225814
213562616581
213554068315
213555547533
213559089544
213557865292
213568732526
213549723020
213553571674
213565051019
213554782479
213564599826
213569476168
213556033482
213551199544
213563952089
213557693372
213564033588
213560599913
213555976979
213569118173
213564918906
213558527911
213555813373
213551353767
213560977227
213556692906
213553016614
213565143680
213549384249
213566294985
213554770484
213551828815
213549101253
213550347594
213551799567
213556117149
213561398071
213559029181
213562268894
213559836913
213564806430
213558224282
213558992750
213565835143
213565029335
213561116596
213564059201
213564716724
213564310165
213567346526
213550782281
213569273556
213568866952
213554292198
213561793086
213560118398
213560069715
213568779775
213559160230
213549151831
213554479846
213551343171
213563034374
213561850855
213565171934
213554178686
213551335682
213549762456
213550450098
213560474344
213552023879
213569981657
213557031155
213564486040
213560527286
213550331095
213566777462
213554089475
213552059562
213560334112
213561427529
213566762623
213559918990
213551206099
213555925534
213567275184
213568631098
213569282210
213562488816
213559756216
213553628598
213554387526
213550024219
213568599423
213558296652
213550981096
213550063145
213558640402
213568617454
213551326100
213562914822
213553735346
213553332202
213566572469
213563615350
213564093075
213562302233
213561450871
213553442769
213554156567
213553614383
213567514994
213560616309
213549576965
213552402599
213558461897
213549241768
213561599509
213557501605
213564483292
213556821205
213554336246
213559490991
213562500799
213557881201
213560524288
213561548731
213551949328
213555746252
213566445365
213554517686
213556717801
213567969149
213558654460
213557327195
213566656162
213563618888
213563722473
213569028939
213569277945
213569864594
213556727656
213559895531
213555069072
213552505608
213564127550
213553911260
213555535195
213567752484
213562268981
213549060961
213558050054
213554364989
213550058174
213551829006
213556695682
213551802889
213568021462
213551906697
213568017444
213561317712
213564383807
213550966099
213564938854
213561150994
213549658579
213550366805
213566937319
213561037819
213551271303
213562007794
213550702172
213562133291
213563856192
213567466376
213553108002
213562923197
213552935581
213559951732
213565154149
213559789229
213559582573
213563061239
213568224750
213563379525
213567629979
213558137211
213554042046
213560760144
213569769831
213553512953
213561768814
213562614070
213556060126
213555739295
213569605778
213555382478
213563732590
213549079736
213556021258
213558915965
213568284095
213562188031
213564407194
213557878820
213562061883
213560230297
213569655812
213562016116
213553600232
213561236595
213567054006
213563810711
213567835783
213554876015
213554308825
213569474082
213569265904
213567077016
213553039870
213565959686
213553131876
213565988810
213569276998
213567424345
213549884993
213558456657
213558626077
213552752237
213553703088
213551538729
213568663561
213552103697
213569991703
213565603711
213567089242
213551644567
213563214856
213556655702
213556088255
213551965783
213559928051
213559278836
213569813001
213555387209
213563261668
213566588203
213555345133
213567814648
213567629928
213561615351
213564287511
213556730645
213568492623
213567499695
213558654194
213569866162
213563946643
213568514887
213561291520
213561528292
213561744182
213569240106
213568185407
213561041045
213552210472
213565604923
213566317527
213564802507
213556124286
213569464143
213558745981
213549743460
213557428121
213568727308
213558878787
213567648332
213560781048
213558116632
213549097742
213552295065
213553445245
213551790097
213565494341
213550556125
213553565899
213559667324
213554964279
213551861074
213551950904
213562139501
213563147625
213555728614
213560797448
213565794712
213561982690
213558379482
213562032305
213557962690
213555755296
213569176728
213555721947
213549659812
213561432547
213549571868
213564849402
213557989634
213551538663
213566797744
213565757552
213551333269
213554737418
213551534867
213552330333
213554303193
213569638736
213560239251
213556575731
213553077418
213552277069
213553753970
213556202731
213553455322
213559276649
213564292333
213568356342
213550141170
213562614069
213562574371
213562452527
213567340780
213554444225
213569094736
213560618318
213556789330
213555594868
213568276214
213564617684
213569974562
213561279169
213568846227
213555667237
213567230617
213554592853
213568105396
213556730723
213554956281
213561264492
213559151303
213562334413
213567549938
213552767425
213557819167
213568717561
213554936934
213558615112
213565724985
213568186879
213567861672
213569775007
213553846740
213569627251
213566685899
213551151248
213568819627
213569648958
213562679412
213555908139
213567947853
213553136343
213557723244
213553638126
213551660567
213553731792
213553520757
213558880520
213555415322
213550491206
213559986842
213562297084
213568039998
213563420214
213558598868
213567498564
213549963082
213554541322
213569018127
213549895521
213566801705
213561516165
213564295206
213554314490
213550268359
213557759743
213556000368
213567792152
213564965156
213549635308
213561855740
213552879047
213556824369
213557576800
213549010205
213555609942
213556218736
213562199702
213564948271
213562208510
213561254734
213568185562
213556650410
213549774259
213553556979
213562765315
213559962261
213555910293
213552209867
213549048771
213560256459
213558371201
213554001276
213562303035
213551213480
213566459618
213558301897
213556970673
213569349203
213567711701
213553793192
213565614211
213550387703
213556362866
213569400066
213565048432
213551694185
213552012799
213551665600
213553313487
213566749063
213564115134
213558461350
213567473553
213558922680
213568076609
213563531826
213550588013
213552858132
213560746803
213549919539
213554161334
213553812433
213567802069
213559429875
213558749297
213549400620
213568261094
213560011817
213567529561
213562417883
213561930076
213552567111
213562156780
213565743280
213557734629
213556534232
213560844118
213568410870
213561188293
213562900695
213556412156
213557387180
213568072987
213562220674
213560066730
213553630814
213563167698
213567578762
213553826028
213551215987
213555685864
213563461770
213552159968
213564736833
213560566066
213565530844
213567972079
213566003849
213564027897
213556720380
213563945538
213556110004
213556697257
213554677130
213566464222
213568860250
213556087267
213568114233
213553161733
213567375861
213567496834
213565025138
213561360658
213552626515
213549624006
213562208657
213566181559
213550830375
213558144428
213565250042
213564869923
213566300396
213560934584
213561989891
213550084804
213553711349
213554048492
213563173204
213555295672
213558033001
213561420111
213556810638
213557218994
213565221414
213563731908
213566230654
213559240043
213569906092
213550812616
213562645842
213559364144
213566189622
213555602413
213559613392
213568204230
213562664487
213550752984
213566046333
213566330726
213559082205
213565635569
213555930084
213553208650
213556962398
213569846702
213569621220
213550187689
213549574477
213549987184
213558425208
213568112028
213551212667
213562383500
213554479809
213567942715
213565450823
213563856644
213551751188
213561585701
213564896988
213552865859
213553932681
213559345370
213549904556
213558683297
213565506791
213565624396
213568670771
213565730649
213563049397
213555639991
213550014091
213562960290
213568400110
213562886033
213566069563
213555989268
213559771419
213558065234
213549275149
213563425996
213567897753
213568544971
213559989823
213560080797
213563030245
213555449038
213562280987
213559862878
213555293633
213569454112
213568623142
213563539603
213552390580
213551517938
213553931439
213553983673
213554351680
213550573105
213561549845
213567062115
213554864790
213553559951
213558996091
213557808380
213555154416
213561641043
213553657297
213560078913
213549558511
213561344289
213559732735
213554455111
213566237716
213567076189
213559195626
213568648835
213553859617
213567207408
213557130802
213561971349
213568665085
213568196858
213566394065
213569158868
213558248737
213559985536
213559844407
213555939510
213552396759
213559023644
213554762921
213552647965
213562713740
213550687793
213562657056
213554092660
213550984402
213554561845
213559499342
213565845534
213557841670
213563128344
213556065469
213551921658
213552534520
213558535558
213551081002
213550005340
213555688958
213559910953
213561300985
213558341631
213567588110
213557514456
213569816728
213563125076
213562722890
213563905915
213551715232
213560687019
213567297929
213549467134
213561772649
213550825166
213561448223
213557572457
213557557135
213560894534
213568003029
213555624965
213556197641
213554574756
213556587333
213552741233
213556065199
213567046759
213563259738
213564652980
213549721026
213554314520
213564942872
213557485065
213560828610
213558824883
213550259135
213568351898
213555561697
213565927702
213553957575
213568758764
213565163759
213552875027
213556635223
213559726474
213565876295
213552866304
213567899964
213556274914
213565448249
213554771389
213558193690
213564023002
213566681636
213569770570
213553623456
213558118767
213551684491
213549279990
213549488367
213552756512
213550826428
213553174508
213553973560
213549537384
213563890233
213561495750
213549493996
213568256088
213569991009
213549806252
213566785916
213552357717
213569949783
213553804205
213552339524
213567276242
213555868022
213551769837
213552282619
213550112005
213554087204
213553532191
213557480545
213564246921
213551239401
213568850553
213562311647
213563595258
213569638173
213551575092
213563477998
213564741363
213558046392
213567279983
213567711380
213552682926
213555561957
213550160904
213566307034
213568159830
213566658458
213562364163
213563564637
213562403105
213568036777
213567407869
213564453320
213569881162
213558844675
213564618944
213559752489
213559460568
213560577065
213568971661
213551802922
213561662849
213557369044
213558502148
213559619831
213552626009
213550581141
213551927387
213562388909
213568948116
213558350045
213564949065
213566146011
213549977082
213567570231
213560871475
213558778436
213564524121
213563479584
213566005167
213556576218
213558616715
213568533714
213568126712
213553842488
213568928190
213568226430
213552684500
213569353809
213554672762
213566435488
213554360128
213560396472
213559026308
213558456404
213555816441
213562729539
213564391427
213556540880
213569102920
213562104025
213556496645
213557231870
213562894332
213550720438
213569914019
213559029304
213564627261
213550925934
213569493144
213558604479
213569310273
213561723948
213552247006
213562792310
213558029946
213566428810
213568101825
213561766459
213553382684
213557525439
213555826898
213555010832
213553390337
213563486229
213556633531
213563526371
213549866272
213550468086
213564698462
213561350569
213549511688
213549326952
213557029271
213559271971
213566168999
213553656339
213551364099
213549806895
213550672606
213560236059
213549962046
213561628986
213559187911
213560270637
213556673706
213549071273
213551158476
213563434843
213560582795
213558833280
213568754278
213558810431
213558096519
213557617789
213564972507
213556205318
213566546646
213562669478
213554971029
213562478414
213553807993
213567128419
213552159505
213565874334
213561540691
213551954023
213563956877
213559133352
213551090418
213556799831
213563758147
213556851537
213557730886
213556435635
213556171975
213567549915
213549330675
213563618025
213555861903
213562359451
213558596648
213552178928
213549792289
213563189973
213568480441
213567515634
213553002587
213552771452
213554819773
213557593813
213556875047
213550176487
213565881044
213563429154
213564507363
213556334943
213567154749
213561175974
213556194703
213560687572
213567849684
213556919149
213554659534
213563779039
213567928845
213564976903
213564866237
213553264981
213562386518
213562263557
213569526008
213549998949
213557739973
213550034972
213569224859
213561677716
213568139031
213560645024
213552726881
213554439103
213569943210
213556584679
213565634650
213561418586
213560991379
213555470211
213563176994
213563669758
213569302019
213550085082
213558660473
213553461456
213549280975
213563735651
213564961884
213563252794
213561555680
213561688573
213553413599
213557266229
213555620334
213549729641
213556298518
213559141769
213551883418
213568274348
213549569867
213552990770
213568667338
213560018420
213561252792
213551557486
213556921614
213555600254
213561024739
213550136967
213560901047
213549541055
213559842794
213563237053
213560073419
213557692008
213562276492
213550934051
213565323990
213555314320
213549170666
213565009349
213551999997
213550444813
213559125945
213569343494
213554198582
213562441793
213569160769
213551371403
213568972869
213562176415
213563570028
213554967347
213568245953
213549069851
213559631371
213558175333
213564325201
213567418969
213564441125
213567312632
213567202826
213557949729
213568275916
213559271419
213550717150
213561164925
213568917859
213568638799
213568952817
213568037279
213562924899
213565488764
213558004090
213559824069
213562245157
213562523395
213552135290
213564735183
213549581929
213561817286
213553787237
213552432860
213564181084
213554812033
213566840920
213552847120
213560779968
213556270260
213559171957
213567198771
213559439625
213558204207
213560451247
213566965820
213560288638
213563615913
213561999884
213563109802
213555480820
213564229883
213560223420
213563251619
213562826640
213559665641
213569978923
213551606060
213565933456
213569357080
213567707742
213549470675
213566754292
213552747656
213568953002
213549103768
213561310636
213553305001
213557847028
213555404360
213569375118
213558732196
213553134340
213566197355
213549857663
213561939717
213551351592
213565020822
213568343185
213549772667
213566724905
213560139705
213561745168
213563147945
213569744202
213565783240
213553834647
213564612104
213558726767
213560784742
213565897352
213557728097
213559170923
213558122711
213561297949
213566968493
213554779936
213564585919
213556482465
213568200335
213563973824
213560158346
213552509432
213557623217
213563464156
213569944268
213557767199
213562106694
213556110104
213549596380
213566714007
213558853970
213568453213
213553083970
213550438898
213568699159
213561594995
213552832425
213560631669
213560797129
213562576926
213554314788
213566999053
213563472528
213552718585
213553746205
213561285471
213566066032
213558708768
213560498908
213568919945
213558791156
213560357818
213555732673
213551440487
213558199761
213552807902
213560619250
213566791240
213557858639
213559163926
213561090158
213569051070
213560722850
213561293421
213569142049
213549759031
213553821247
213559487694
213552094607
213568581825
213559481588
213561479779
213561395205
213565255480
213559799579
213560522368
213564852770
213568126945
213554863464
213551545954
213565228320
213558879526
213568141118
213565997520
213554016696
213560847090
213567549064
213551229378
213558093567
213559550774
213549077896
213563372829
213567380545
213566872133
213555264028
213552580245
213555660616
213559925757
213564985097
213566923658
213555442092
213557787697
213552799082
213558455448
213559533991
213551487921
213559372501
213561139789
213558748174
213557761502
213558702586
213559157567
213556315543
213564275068
213566520706
213554946345
213566092135
213561238862
213561521538
213553094682
213556293054
213562205344
213565651538
213560812051
213566704893
213556183340
213553765433
213560010266
213569463227
213560596031
213554059109
213552891866
213557519106
213554012334
213561265065
213562806664
213558397042
213550011317
213550989304
213566231432
213555736668
213559784884
213553269184
213562695881
213554419162
213567222091
213558927038
213568031822
213568209353
213553023891
213563185086
213558135894
213557924583
213557878082
213566123547
213557631629
213554977188
213555079928
213557336474
213552959759
213566532338
213563122974
213567593411
213551565282
213552825110
213559502584
213553746896
213553595950
213557817937
213558271444
213562689262
213565848162
213559133059
213553575540
213549856473
213554368854
213568906917
213553169957
213564509989
213563093522
213549704974
213549381828
213560943162
213558025107
213557203298
213555739638
213560318571
213564615842
213561997766
213565256660
213557350194
213550864235
213565242896
213566573260
213562256656
213556544000
213552257588
213556203318
213563724504
213569937948
213564624915
213565709042
213564608942
213559062926
213556225458
213552121770
213561027139
213550271373
213552502908
213553051288
213561285851
213557428770
213566158396
213559632017
213569822015
213563865074
213569877085
213562337300
213564745159
213556334598
213553790692
213565310315
213568821944
213568914261
213557240875
213569275777
213550281157
213551336234
213559255358
213567087041
213554683577
213560533048
213558138838
213564769709
213569540444
213549069747
213550028628
213555682777
213567209781
213562306522
213568274584
213565187914
213557698122
213567126067
213565608874
213567410045
213556050895
213567389416
213557738540
213557173903
213565576995
213555016668
213555462852
213562566891
213549848575
213569876898
213552311028
213553994825
213549697104
213553973043
213554437390
213556236630
213564384696
213565429130
213558177609
213563704123
213563606158
213555076027
213565455141
213569153231
213563174138
213565199861
213559516349
213556430794
213564174757
213561889486
213568670825
213567064457
213558036483
213553645044
213569464704
213551294017
213553439400
213559439059
213566222566
213559049479
213557613931
213556075361
213562191660
213553905737
213558573320
213553558622
213568370757
213566094720
213555201040
213569476323
213559108945
213560587939
213552985617
213567770780
213567696344
213563288292
213563305081
213566673006
213550264777
213565285622
213559882321
213556254615
213549501666
213550992251
213566017150
213564121678
213556345116
213566124944
213568123609
213549114763
213552023155
213549330167
213555161277
213559307629
213561416938
213559544533
213552061085
213558445088
213561963951
213558993762
213558946676
213556397847
213554300168
213549876069
213549015367
213551749718
213551184049
213550472243
213562965846
213561457644
213555925854
213553746918
213566507113
213568480103
213553501908
213556153210
213551359474
213560629731
213552625943
213567018053
213566721074
213552990106
213563508527
213564503644
213561071982
213556817426
213555241991
213558774108
213555861803
213565241000
213567271694
213550506366
213557238268
213552364987
213550405397
213555537771
213558833824
213553734804
213561349202
213552302473
213556104581
213555615855
213563490624
213549658624
213553015764
213552979178
213559197908
213550062555
213559918351
213561731419
213565765635
213561180246
213567358825
213552495683
213564742013
213562158570
213568468525
213555275361
213569276789
213554115089
213568553412
213552006730
213549886845
213568558222
213565372380
213560149549
213557056100
213557255982
213557342914
213550993512
213566950344
213568887923
213567685715
213549098291
213563858313
213561777665
213564942839
213563125058
213554317164
213564644053
213554096172
213557294516
213564912264
213549182783
213555373450
213550427187
213553243457
213557523243
213560060292
213563088638
213562206146
213551119464
213551368988
213559272199
213549722427
213568573738
213561928547
213552575397
213551288993
213550379159
213560407656
213560826003
213561390836
213557715625
213558691153
213566570706
213549542853
213550939472
213560816469
213560802600
213565520323
213566621070
213551767423
213553528295
213557184135
213549090531
213552187292
213552381244
213568352946
213561004297
213568020059
213568075205
213565172057
213569826370
213558692780
213558862755
213568155085
213558842341
213556276797
213569481276
213555795405
213564388583
213553105799
213559116409
213560489492
213569343545
213569721002
213567064533
213568028619
213559912209
213549103220
213555445135
213551322681
213566404428
213551231540
213556398906
213561684541
213569305674
213550069267
213557004725
213556367050
213551539620
213557153820
213551461049
213554125336
213559762497
213562445209
213565090588
213567428873
213567135736
213558749544
213564908029
213557339088
213561900809
213560417544
213558997547
213555934267
213560625382
213558033368
213554227659
213564889787
213551967209
213549304769
213556229230
213551760314
213560971790
213561898517
213560024692
213569102862
213566985692
213558652458
213565004850
213569365004
213562640739
213569461966
213549416768
213564749143
213555573959
213560842638
213565867698
213555916886
213555169814
213552048967
213565932851
213565770715
213568319766
213566513917
213554184240
213565652025
213555167780
213553400664
213555093691
213566926368
213555135610
213554537346
213565717925
213564476382
213554050474
213562644537
213558243888
213567591759
213564636344
213565525468
213550303889
213560721890
213565968516
213561869538
213563747759
213563360538
213564868077
213552756574
213568681996
213561270567
213556239567
213557793711
213554157511
213563474743
213551943965
213565133096
213557926769
213567997462
213565712113
213554947929
213560091602
213559896135
213561556183
213553532781
213564715324
213562566512
213565396559
213549122940
213553357886
213564882122
213562930926
213561152195
213558984583
213552186237
213556221894
213556106378
213556989850
213565082233
213569359411
213549776743
213562239269
213565969524
213561484202
213560304734
213552636986
213559043831
213559829065
213559422479
213566881860
213560206346
213562560092
213552203699
213569116262
213560531838
213552478978
213569104394
213550054068
213560535194
213557557016
213565564330
213565342201
213565548776
213557269192
213556253918
213553326710
213563999485
213558192692
213558361246
213549528071
213551542611
213562819661
213550605553
213558838238
213552863825
213564040740
213551315068
213551263749
213569658835
213557532018
213555272326
213562011337
213569697960
213569997274
213556923921
213566507281
213560653840
213557542974
213561074382
213549842847
213552386407
213556372382
213568147119
213564276424
213558714253
213555212030
213553796448
213558407736
213555116965
213550117905
213567243712
213549457175
213555922210
213549441768
213558829186
213557571289
213553358740
213563305747
213562634941
213563253322
213568678675
213562583061
213559012064
213549054808
213555046256
213568904425
213557254260
213560919168
213556163554
213562316675
213552694005
213568692459
213549358910
213568409517
213550753665
213557501002
213551149707
213551177233
213565765057
213553522467
213568385223
213568131570
213554389442
213564323010
213569520746
213553313571
213555524628
213556210000
213549541514
213562146178
213556751275
213556808777
213558961300
213569066945
213569838680
213554749623
213564200937
213565701282
213561419151
213560203841
213565972629
213569578943
213565800482
213565546776
213567366797
213565654037
213558596374
213553479927
213556707533
213567873869
213549571756
213552122468
213556911152
213568763941
213558301240
213564674255
213569980871
213550480181
213559454864
213552033627
213562108950
213551481619
213558253560
213556251963
213568955121
213551996398
213549066393
213566293504
213557784249
213555387539
213556550432
213562781295
213562078969
213563124562
213555714933
213560351888
213568550147
213564182188
213569071490
213560940590
213556904953
213568458496
213550586118
213555189127
213559570293
213560738190
213550724265
213567196676
213568107967
213550389264
213558702101
213569190346
213553094943
213566465585
213550847510
213561589000
213564175125
213566195086
213561465692
213562998967
213558017567
213563869286
213563056995
213553047300
213554848809
213556791054
213562112742
213563824101
213565568688
213559354471
213556280080
213563585660
213552976089
213559149576
213561055738
213567365932
213562172712
213562840309
213555003540
213561619285
213565929081
213551090884
213568137043
213559590969
213569420439
213568330302
213567598600
213563587037
213555175637
213559659742
213567777522
213552810471
213557501671
213567567393
213563365984
213562581212
213557234567
213569643697
213567388406
213560155198
213563160040
213551965146
213560045995
213555869006
213561341259
213552014110
213549787158
213561598048
213555060234
213563488543
213558109187
213565703651
213560590196
213554182710
213563778852
213558207117
213558668651
213549803129
213560982006
213559779869
213566782703
213569099581
213555556714
213553042118
213550247651
213568346485
213569703253
213549098233
213566403529
213552195304
213554397495
213554330132
213556799223
213566358809
213564802894
213555298805
213553993326
213558433653
213569948969
213556108345
213555282924
213554886008
213563602665
213555378717
213558971589
213560961098
213553082817
213562031269
213560332707
213559123838
213565035086
213557932105
213557327743
213558655625
213567188708
213566212273
213562850367
213569980329
213556209956
213565982214
213560085689
213558537916
213564602614
213557502883
213566940674
213564554997
213554492476
213560898546
213566322163
213569069582
213558846730
213560590468
213553743120
213559487629
213553568965
213563640310
213550200774
213568635802
213561136391
213560056189
213563871851
213558770768
213560147388
213552984110
213564316898
213567759650
213551856497
213549388888
213557016628
213549898843
213562379621
213550674903
213554462676
213564255710
213560668880
213562980383
213557511501
213554275074
213559325202
213558929463
213555195006
213556409623
213565805499
213565029581
213569168162
213561772181
213550202891
213555642969
213550799913
213555487043
213565513645
213567147276
213569696319
213549397224
213552295890
213567125317
213555277688
213561398454
213566597496
213569301164
213568249285
213567441209
213551832048
213559552370
213563162450
213555140113
213569786570
213553627080
213554835893
213569654834
213563997960
213567051440
213555392823
213568298412
213565818752
213554805138
213560742850
213567729798
213557290190
213569212466
213565703103
213556377016
213563989757
213562936367
213559009711
213558389377
213560295722
213549727713
213561406694
213559299064
213549463200
213551006762
213567330987
213561298161
213551621609
213551307386
213561945606
213564553500
213558515546
213549992873
213554469763
213557009417
213552302488
213566612690
213552392403
213560297155
213551470973
213569678986
213561754146
213567875203
213564928003
213558789911
213569067402
213555458388
213551281613
213549330886
213569140947
213562077201
213568194525
213562176910
213560563479
213559952210
213568305161
213551308562
213555227752
213563184697
213554161656
213561055741
213565598170
213558618099
213564899594
213560826495
213568153404
213551396005
213559416817
213563481100
213568339711
213555930473
213558849324
213569485595
213562923953
213563777480
213557691325
213561357835
213550746120
213558692487
213552203441
213554933414
213569183191
213559721998
213562062012
213565019079
213553948795
213566959098
213551266931
213549127890
213560043196
213561595658
213561902169
213557657863
213560934269
213565414602
213562195346
213551253341
213569847771
213552586285
213569899124
213557198260
213550736207
213567942797
213567730748
213555120339
213569509603
213569967314
213561000883
213555324463
213558313454
213565560685
213558625368
213552564028
213551503902
213554355753
213553358001
213563949686
213562496616
213554961379
213553949028
213567589255
213549692816
213558955309
213563132337
213557796395
213554779187
213555916206
213550247135
213555481161
213566871450
213557588420
213565372143
213557699572
213568437259
213555568404
213564519753
213559228423
213557977037
213550084288
213551032568
213566816044
213555069631
213549925964
213561721382
213558200508
213566966457
213554650951
213562140610
213556904205
213561721392
213558841770
213562616420
213565263447
213557435956
213551038294
213565078400
213567051376
213569142013
213551282847
213565489476
213550924751
213561111123
213567630956
213553058725
213559778884
213556845778
213562612918
213560915880
213564767919
213551374062
213553495618
213566439865
213556933837
213553145414
213555157488
213558670910
213555164425
213554505279
213567766291
213562962814
213558987106
213567190088
213550394440
213569275363
213549582812
213565786892
213569524803
213555564598
213556408182
213566115575
213555908055
213551079874
213549263628
213560184509
213558679111
213557842401
213567405503
213556838911
213563662025
213566894677
213550188051
213550641856
213551991168
213561227724
213553807098
213560528693
213560755837
213566785684
213567316599
213567746497
213549579105
213555390433
213549214109
213549492956
213555410828
213560547090
213561463923
213550591259
213566665966
213569092550
213567374167
213562371663
213565620994
213569863034
213564836368
213562986041
213552688377
213551323071
213560627343
213558828514
213567157207
213549357688
213555306270
213567727575
213550867849
213549940788
213559907528
213566021855
213568577954
213564060844
213566710269
213566678977
213568968118
213550388369
213566870182
213569489135
213559668320
213553469577
213568982212
213558857385
213558253504
213555332753
213552502952
213568973782
213549727238
213553440809
213563410187
213555882403
213553084171
213556905677
213555860392
213550305148
213558714719
213556634240
213549706793
213559222739
213555114831
213554642331
213564500963
213568490682
213563368112
213569834778
213550305676
213550649109
213569976809
213553110187
213556160208
213563747981
213559404197
213558903185
213550968000
213559580136
213566398018
213554649998
213557484307
213557233919
213556734078
213561995258
213564956036
213559771643
213552681641
213552242479
213552870120
213569452783
213557768469
213562693519
213564920740
213558792384
213563674953
213565014588
213553962361
213567967134
213552379339
213569311736
213554721472
213559351193
213567396714
213553260535
213552278308
213549944511
213552351052
213559039518
213559513554
213561898813
213549523687
213561000903
213561461341
213563149691
213563080306
213550090285
213563113936
213560975029
213554218847
213550505210
213568187811
213559179217
213561609802
213549044127
213560114687
213565691899
213557035044
213558834975
213566548789
213560242536
213558980159
213561466618
213563912996
213550956787
213561000570
213556419239
213553430001
213566686376
213562610118
213558978899
213557110127
213558037942
213567405234
213565855389
213568508933
213551547373
213563436292
213557953090
213557106895
213561188884
213558474836
213553495570
213557628734
213552041058
213555245244
213553711118
213563240606
213567320271
213551877098
213562035980
213554886003
213557131781
213563261748
213562355230
213552620496
213556982921
213563369928
213558066413
213568020331
213569690349
213562458277
213568791496
213549327096
213556848775
213565963937
213562293846
213568766200
213556013881
213563691197
213556473613
213550164940
213561534578
213563105743
213567922820
213561172620
213552210666
213563732242
213569234338
213560725668
213567265996
213553245462
213552273159
213558715676
213569305772
213556181388
213562080483
213551205120
213559623901
213566047532
213566399279
213549422800
213562911767
213565364183
213566805031
213562987997
213565622447
213565999143
213552929873
213563437386
213557454168
213556401499
213567106688
213562458947
213554913229
213554373387
213560266118
213555571341
213569069326
213556384465
213550227864
213561781157
213555065088
213561795558
213552188341
213555281577
213556902925
213559537840
213568371983
213563107639
213569767013
213558603877
213569321517
213550037791
213552656254
213562087645
213567380713
213552473960
213564824257
213555438198
213566222264
213557974349
213556886079
213561617373
213555253270
213558773135
213549472768
213549532665
213560852263
213565803550
213565926400
213551707629
213556786004
213569904437
213559235570
213566012357
213550208941
213560533582
213557121461
213557095790
213556530974
213569190184
213559212952
213568313553
213551246947
213555295646
213562152657
213552357661
213551350185
213567694532
213549015675
213569356998
213549225029
213551930152
213557338454
213554629303
213562482735
213556342332
213568449751
213552064640
213551249100
213566494980
213569219177
213550738035
213568984620
213554940171
213561118774
213566434931
213553234970
213558808998
213561660140
213567952904
213554393804
213568242120
213550045826
213552082077
213561315546
213559019167
213567327274
213568930535
213556836983
213563522896
213550149854
213562642128
213569748147
213552792627
213556578434
213550704342
213560131653
213562705228
213562600943
213557250931
213566489280
213558444840
213562791931
213564867240
213565409862
213564477041
213552410425
213550025036
213551611064
213567199386
213557987510
213557714219
213549220140
213565251377
213557229105
213559893784
213552749874
213560965623
213565697133
213563831914
213569454624
213558928276
213563028233
213569546272
213561542999
213564738836
213567382075
213561812943
213567974776
213555350191
213569431186
213556058518
213551078321
213566027488
213562885443
213560003111
213567525796
213569999628
213557921514
213567118759
213558283838
213558434154
213567849452
213563507646
213559243898
213555973081
213565283756
213567263040
213555152968
213553809652
213563001974
213558473378
213557829933
213569547076
213562190310
213552522929
213568250137
213559649550
213559727308
213558731917
213556312154
213566703489
213565283615
213562258328
213566714629
213560281740
213556074179
213561577402
213557852675
213556521029
213551486275
213563306689
213564415584
213556452947
213550753883
213559491479
213565025103
213557546732
213567791139
213554570929
213550389159
213561413563
213567111696
213558483263
213564641430
213558961162
213553159029
213551421772
213556459933
213551395707
213568138799
213556993699
213550138557
213559580335
213563143945
213562699758
213557153331
213555755733
213558153529
213557584376
213552889402
213550876067
213569903591
213565218526
213558972512
213552325508
213567592319
213568290945
213566083185
213550949729
213564839944
213557062229
213552218927
213554984800
213556067588
213563135575
213550849411
213561809677
213566201009
213560747355
213565105724
213552528592
213561933076
213550357250
213560259723
213556306982
213565358929
213558645772
213564300016
213560407289
213567185242
213557985523
213561523882
213556377432
213550537016
213565322605
213556316174
213558980257
213560135734
213566878242
213551063820
213559849273
213560406009
213550541202
213568088865
213569683101
213565348029
213560868393
213557058316
213569210042
213555316090
213560586626
213560749135
213558709581
213559395811
213555732236
213567610879
213566882215
213569248692
213555346065
213555940061
213557977158
213552983603
213559466025
213560354761
213554613937
213565663201
213564161553
213561962305
213562650105
213552843842
213555301569
213559997909
213551056608
213550376630
213549021505
213569883676
213549527706
213555104617
213560514933
213559137876
213555956132
213554829921
213566985278
213560859295
213562123821
213559608770
213554798241
213553291878
213562190304
213560121125
213560098362
213566812737
213568434280
213568046257
213569731512
213567138039
213561670841
213558981990
213550814703
213559408548
213563385426
213556314728
213558222816
213567583239
213566562801
213556876702
213567353932
213559257443
213567070655
213559935456
213567219239
213567650580
213569914575
213557295079
213562759383
213559815515
213567962993
213559210983
213558652361
213555677838
213565176840
213564962795
213559618922
213567853816
213554349970
213551169314
213555573445
213568088044
213569849216
213552234319
213549966261
213551799608
213559406881
213559673125
213566686647
213564315477
213564193955
213555361823
213555520352
213566599825
213566801423
213560404400
213563386808
213557355982
213557140497
213553511755
213569207855
213559757653
213568078625
213564316752
213562511135
213551582504
213552936880
213568606346
213562182098
213558000813
213563762766
213563369184
213549478597
213565484599
213564508182
213554364209
213549862996
213552158426
213559346821
213555634963
213549980153
213555270934
213567778663
213564139040
213552861018
213562413858
213569426099
213555820251
213563933542
213561566605
213564949173
213564454387
213558972618
213564208350
213553662611
213567209149
213555426992
213566877393
213550151421
213568487103
213558997488
213569187193
213554478315
213555240396
213556927254
213552545797
213562761219
213563247789
213557321279
213557311631
213560037796
213554354644
213567873370
213558314247
213550741477
213559475137
213557994527
213558475263
213561650478
213567709525
213549708458
213552885169
213563857899
213552232234
213555800342
213556399751
213549108318
213569473949
213549296086
213564848377
213553279053
213552498046
213559888092
213563614869
213567074710
213558656396
213567562525
213564445456
213562212800
213564650232
213561770794
213555851232
213552367774
213556534287
213562379339
213554930146
213561669399
213549166409
213568326809
213554792581
213549720235
213561209204
213562311919
213569250056
213561658104
213552399538
213552316399
213567329401
213561711425
213555754722
213565067892
213555299110
213553445761
213560524977
213557023549
213549788078
213567143223
213569986289
213558246453
213553482476
213569880180
213568120377
213554097671
213560181304
213563234260
213555009231
213565377861
213569278759
213555365202
213567920212
213557775415
213564187819
213551424598
213552218185
213561979149
213563268843
213568844627
213568404539
213557216189
213553178584
213555233270
213558481986
213563118873
213552370301
213567776719
213565320110
213555861417
213559577249
213551616525
213558032616
213565897984
213567808669
213564505767
213551069663
213563067037
213568592090
213561911523
213566395697
213552899748
213551631922
213556015328
213556690904
213550284523
213562609772
213560606433
213551558091
213550718172
213559768460
213553333485
213560759028
213551727272
213563785649
213554650771
213559738720
213552394571
213559470319
213551711942
213568260043
213549538684
213567885153
213557200227
213554705412
213567849547
213558984542
213557441473
213565446669
213567646789
213562538188
213558163197
213559432771
213560774360
213549076031
213565768091
213556494333
213569308290
213559525321
213565817860
213567674841
213550999536
213568147567
213555918502
213567911879
213564399116
213558015960
213562006920
213559983029
213554444891
213550787957
213568786189
213554153607
213566137674
213556790101
213558762759
213555028611
213563319909
213552724236
213552163201
213565700239
213567636568
213567415611
213555686109
213558579874
213564624883
213567427432
213549204777
213559737898
213553029163
213568245294
213562501227
213553151690
213551464106
213559753047
213568885538
213558389015
213549005594
213559847152
213556436338
213555733559
213551109986
213557303289
213561070125
213562841683
213569677472
213560290146
213567658106
213559752972
213563727786
213564961006
213550028605
213567400406
213557665651
213553347336
213568987264
213557758114
213549771516
213560279761
213556298983
213563680754
213566221771
213556192964
213569814425
213550426859
213569650511
213553645745
213557644446
213549295847
213563302699
213555340466
213552914191
213565254241
213567867114
213550766868
213566096464
213567506902
213567460999
213562598859
213562093637
213566223677
213569002813
213550455630
213568071107
213549542796
213550398786
213565201223
213565892433
213566424628
213550017880
213564023600
213567666095
213561803112
213560540010
213549736512
213564149252
213550160103
213554466087
213569170933
213549969646
213556512162
213560114808
213567490392
213557068558
213552879061
213569719638
213563270814
213561698206
213560707896
213552377648
213554858855
213554213439
213569500780
213564210530
213553555840
213567654949
213550478739
213569180652
213561626097
213552258736
213564100449
213558485390
213558426203
213564085805
213559329973
213550433811
213563198564
213561614976
213566815368
213550019381
213566429171
213551747951
213559827653
213556845300
213550969621
213565195747
213569518804
213566237616
213549006517
213552582330
213554984636
213565491808
213567093746
213551427834
213569298987
213554060218
213563479218
213566105751
213554346983
213556342579
213568954011
213568509356
213557954307
213555748389
213556773930
213564186292
213564285192
213560922475
213563093449
213550138367
213555118522
213550328250
213558840786
213554264745
213552899637
213552985909
213559033537
213568506832
213549763938
213563559692
213569519657
213549168732
213554422636
213554655712
213558385341
213553162289
213563264082
213554567231
213550860680
213565366624
213557585421
213557811596
213564642607
213560533590
213549208827
213559867217
213567677079
213562179005
213553122621
213557110438
213569767585
213549643534
213553412135
213558742688
213552143062
213567514531
213563797258
213562918924
213558575791
213554671676
213565963786
213551553845
213558371688
213563871690
213558446399
213553721746
213549799466
213549968577
213567111257
213552595946
213559465199
213558517368
213565932919
213559025874
213556887279
213565738988
213554851040
213558941521
213568238670
213549647081
213565830640
213553258682
213551848675
213554433808
213551775549
213566248177
213558567079
213557728535
213549680375
213551907618
213564422253
213565063581
213566125116
213562316727
213565164050
213566434026
213549634584
213555255363
213568068404
213567634444
213567844303
213568049961
213560063457
213565317612
213566359652
213556894273
213563072976
213560019686
213550414009
213551024592
213549829750
213552290449
213555238937
213561607883
213551782732
213566672994
213549719380
213560970261
213558406961
213556985569
213563825188
213552074828
213556613130
213560125857
213568083074
213551162844
213553060048
213550738228
213568487982
213557964085
213564570238
213549189893
213553535037
213556881334
213560083427
213556903830
213554680287
213557334743
213564170978
213563213664
213563191687
213569165309
213551025383
213560251975
213558999369
213563455957
213563072339
213562919537
213569013425
213561349009
213565526972
213566715638
213562368881
213554083719
213564748463
213568170717
213560110261
213568435906
213556478272
213569627029
213554896974
213567295068
213563324051
213555684475
213552601021
213564205711
213567482198
213549591253
213563962581
213550981041
213564437953
213568698145
213569043640
213559347501
213569927523
213549521975
213551511870
213552942105
213562646389
213551493358
213565294357
213559635324
213567612667
213559527881
213552931992
213561225233
213555194246
213555069958
213567188392
213564560100
213553401674
213557081676
213558922112
213555032221
213550620790
213553274021
213567882304
213555712186
213566762281
213555903069
213566324795
213557788763
213558418236
213569430046
213552342810
213568132849
213552905516
213558128353
213551085645
213552085530
213567629290
213563447205
213568828761
213556804565
213556913968
213559354239
213553571188
213559187575
213566971246
213559902930
213549266377
213558318045
213549514968
213567315089
213549003834
213557081340
213552660572
213567661446
213569573137
213550453548
213556074822
213557249781
213567576434
213550179733
213561366159
213561133625
213561602659
213549362094
213569005626
213555512962
213565432851
213567196252
213553379929
213556888226
213557702646
213564090632
213554666800
213556201241
213566058019
213558418455
213549609331
213564609212
213553198338
213567135668
213550333651
213563729979
213569185296
213565426485
213549131784
213566599323
213559566096
213551192790
213563632844
213550878107
213556218829
213561040926
213564179634
213569315591
213553249930
213554811293
213569614866
213564404019
213566230227
213556064972
213569463220
213564795358
213560439615
213559688094
213553411808
213565311252
213558450615
213554738515
213559243910
213557208221
213561998226
213554440690
213567910266
213566678405
213564968370
213564916755
213562716548
213560431559
213568266076
213564648929
213549676934
213556204034
213554027142
213566408589
213554784770
213549731903
213550058940
213566498211
213560092096
213555891052
213562540083
213553678659
213558838475
213563839130
213569248684
213557061584
213563367057
213560163751
213564023278
213550231035
213555719021
213560303304
213564913453
213549589456
213563945303
213559965878
213550479011
213566416867
213561866623
213561271333
213556392296
213562190261
213567558798
213556403041
213549560325
213554361740
213561500130
213559736828
213549621999
213551453372
213560544597
213552186771
213568979081
213567088203
213554222026
213554622092
213557199504
213568647606
213560171999
213551120224
213555616118
213561266455
213563955952
213561611341
213562223465
213553218099
213549603919
213549155940
213564075963
213566519893
213569404071
213549144701
213565372444
213559221496
213560079876
213551972026
213557165766
213549654861
213552466296
213552085752
213569890255
213568670020
213553448277
213559115568
213549768425
213556190178
213553130969
213557880384
213553320748
213550517898
213559214647
213561479003
213567262713
213563219961
213569598726
213561451164
213559427740
213569330493
213552075161
213555112275
213569817227
213569502076
213569164501
213563597212
213567962559
213567936662
213568398242
213566909278
213554534443
213569194611
213564098320
213558495680
213552336752
213556154559
213557762277
213569057605
213559722351
213561436445
213568902213
213566366507
213559575414
213567575720
213562728332
213561959276
213563438443
213565964259
213551616018
213551428796
213557800184
213568313252
213549738554
213561159874
213562109323
213560284095
213562893723
213552962121
213558755159
213569355307
213550807276
213557572241
213559572889
213551839492
213559187937
213552927257
213552182905
213553776569
213567043087
213554448132
213559570612
213566729082
213558320594
213557915723
213566048829
213550052728
213552485061
213566215566
213567983102
213568453614
213553482443
213563856469
213550578018
213561821230
213558052913
213564577926
213550158339
213551513556
213559806880
213562336321
213558172586
213553055096
213568338352
213552196504
213563531306
213564945195
213565323476
213559511215
213550101944
213556683001
213566138902
213561319495
213552885495
213549395493
213554068104
213566891935
213561840407
213553979701
213561168124
213559461426
213563302533
213558795438
213554466596
213561975398
213550615323
213554679240
213556714970
213565079277
213552334998
213564734971
213554279463
213557484613
213552546414
213557229560
213558441820
213556514875
213556523663
213560082791
213551411146
213560031322
213554865096
213559780885
213568643880
213564511479
213568297892
213564215422
213563805065
213567373939
213551735284
213549013853
213551899433
213553110546
213555474748
213552109168
213569685744
213569064506
213568727640
213550730479
213565143795
213557904409
213563598836
213566501718
213562128845
213551524481
213564413222
213553274453
213555596910
213565517282
213556255189
213568413300
213569808590
213569568557
213568995650
213551572963
213551098661
213551315598
213555562189
213553991269
213563520044
213561057443
213554758165
213561097047
213552049969
213562995554
213550081756
213566800640
213567900840
213556656586
213562332773
213563995739
213561532338
213568456325
213562732271
213550551714
213567264442
213564491852
213566795518
213554836428
213566970950
213560859060
213558982052
213557017960
213569812382
213552836491
213563451347
213560188195
213553950012
213566827148
213552181033
213560889228
213560207431
213552961472
213568153493
213561592663
213565133173
213561248355
213564840671
213554743312
213551192519
213562734587
213558946252
213569639812
213562016810
213561946223
213569294871
213559759550
213550352567
213561036249
213559022333
213556322882
213555473700
213559529652
213560776731
213559323534
213564590866
213563897059
213560754211
213555656414
213568488461
213564404812
213569320762
213562840172
213559457873
213564194203
213562519771
213561924457
213567902891
213550695123
213551591976
213550274151
213566447469
213560902908
213554091957
213564955120
213560427942
213569616133
213556390904
213563115098
213569394906
213549883940
213561283073
213556900419
213566544301
213557532062
213565797463
213562068612
213568806022
213556192829
213563144159
213561947524
213566046907
213564242122
213553365185
213559356277
213559500752
213563318185
213555540599
213564514222
213568408308
213559869639
213554501846
213550311223
213566834867
213557963564
213562213593
213549365420
213565351455
213555814305
213557653887
213567855847
213558715294
213569806698
213558354424
213566611685
213556193877
213562352121
213550757190
213552339205
213562387049
213554576999
213555237221
213554967432
213550077314
213556443770
213554133565
213555234312
213556694289
213550871895
213564609978
213567040684
213551187386
213556768959
213554521441
213555316945
213558743722
213551654277
213561692599
213561132924
213566744127
213549950638
213552528275
213561014752
213559948638
213560887151
213561619513
213567422781
213550461792
213568835583
213566857517
213568094072
213551755105
213555232428
213552942726
213566707437
213566891870
213564991166
213554152709
213563153092
213563641686
213552852360
213562314977
213554702803
213559660682
213559813096
213563482290
213560142492
213549505277
213550395992
213560107994
213561209521
213550996382
213553765189
213567725112
213559573737
213567657106
213564304319
213559112391
213560870977
213551296454
213552284007
213567242621
213563769650
213565729894
213549331671
213568510273
213554431438
213567679638
213550331010
213567640111
213567902680
213559284702
213557710122
213567511852
213566040680
213553968839
213551802362
213549463332
213561542772
213561149913
213550916218
213550881940
213560674702
213569741591
213569884252
213554425467
213564831995
213567245057
213560681893
213552294430
213562459812
213549219395
213569711769
213556421891
213563950360
213567208867
213549554121
213551516846
213553065993
213557028094
213560521344
213567395997
213553025086
213557240487
213555169865
213567611533
213562904961
213558922346
213551455007
213553832048
213565331171
213558837375
213564867830
213553012503
213564171034
213555675094
213554152287
213560024466
213564092987
213564018446
213552610589
213549546986
213566204524
213563649720
213556150949
213550742773
213549222698
213553401295
213561662538
213565779212
213555892468
213562451147
213567053338
213554866187
213565841045
213564310549
213557487905
213554793288
213557241606
213565045181
213565121831
213561130325
213556881289
213557939147
213568616916
213557854326
213551993981
213565816305
213550508374
213555921965
213561381242
213559215536
213559891007
213563086721
213553951827
213551473920
213554171486
213554985966
213568758254
213566728488
213560760482
213551583922
213569433016
213561738002
213568428616
213564930051
213568309152
213560455299
213563869817
213564142796
213567566485
213551032682
213562338975
213562463855
213555071373
213563007085
213552536565
213550853208
213557260693
213566728468
213557554488
213550763031
213566063187
213560621659
213564042103
213557462496
213566891414
213565237294
213567411872
213553926300
213568914979
213568555143
213553006010
213552561694
213551202508
213559581875
213558828436
213555085149
213558621887
213561441004
213569696065
213554530978
213566942012
213550561949
213569506641
213552465847
213561053265
213549328203
213554613566
213557632411
213558042293
213549914960
213560765358
213568655070
213561900773
213568407946
213555064662
213552162881
213566623096
213552653495
213550720475
213567495330
213564228965
213567633901
213564127724
213552386314
213565794430
213567571666
213549566820
213566269279
213549337799
213566335072
213562767314
213565378034
213560214279
213555013738
213556867827
213563017340
213551505322
213556789051
213563615244
213555281792
213560312508
213556811060
213553868303
213550765104
213564341453
213553348895
213552761558
213555953501
213564464101
213562720386
213558590872
213565946408
213559211328
213568790996
213558970416
213566586950
213563620013
213550705071
213553505055
213559495111
213564639194
213558705262
213551856308
213567359482
213552598166
213569572310
213566558215
213562521766
213569858485
213560389826
213565820226
213550164690
213561827443
213568772583
213550326105
213551259380
213558037602
213562306021
213560974895
213559323862
213565775882
213551568126
213552463875
213556305358
213559228384
213564336352
213550801295
213565751173
213550632020
213552182674
213569253339
213562032397
213558969642
213555738221
213562243674
213563698221
213566257594
213562454700
213551559875
213556857130
213555766755
213552659786
213560098090
213550146221
213549084677
213564613090
213555953082
213552251132
213552251573
213550244532
213563877647
213552005522
213559530636
213555070803
213551553752
213566567242
213567364406
213558407788
213554025240
213554667869
213549438753
213563136692
213556646605
213549793818
213552589811
213568951535
213567867439
213550878351
213566415109
213563618430
213552620719
213559546898
213563411254
213556199589
213552649604
213568518314
213565640405
213557398919
213551240204
213554865717
213557002823
213566588004
213551525985
213559816861
213557928340
213568677085
213566667448
213559316369
213558599566
213553162015
213561614460
213565052679
213558916996
213565751316
213555049806
213561900431
213549656077
213557800394
213569705103
213564009444
213563038857
213549757587
213565419112
213551521851
213553456520
213551887560
213563323990
213554183903
213561395169
213569061487
213562773439
213564990005
213568993514
213558912633
213564213041
213550598005
213566446369
213563246603
213554968551
213549600198
213555504315
213560398356
213556293590
213556808068
213549631713
213553647768
213557732714
213560624828
213562084593
213552932154
213555429651
213551472079
213568752155
213562958629
213553340153
213551762531
213566047049
213567259304
213562359625
213562714040
213569402554
213549217607
213549442119
213551729068
213551019301
213562791779
213556785368
213554966934
213569178004
213563968663
213564983970
213553344009
213563976047
213556133280
213564610938
213560233919
213564025024
213567861021
213551721021
213554011038
213555386212
213564034957
213563713984
213556760149
213561664930
213562182025
213566519021
213565096259
213567804588
213553262021
213564650803
213557183209
213557602923
213558696669
213556567088
213560656409
213549494179
213549719595
213561646390
213564408199
213554350123
213551282599
213552694603
213554044782
213555230451
213568464496
213565579694
213566031130
213556184470
213552422775
213566808571
213554326654
213559094147
213562274313
213551377776
213565983024
213559091627
213550268935
213560256714
213552126349
213559456072
213553469372
213559114977
213564918302
213564414538
213561732313
213563053177
213566405457
213549875881
213553759680
213566015275
213567486101
213565662440
213555286055
213550756638
213559888372
213566365276
213555921956
213551171769
213565553249
213563353623
213549262674
213555547189
213558958787
213568918658
213561847944
213559408805
213552726318
213567462481
213565179127
213564962074
213554617251
213566549118
213561936081
213557842056
213552236827
213559765557
213559078075
213555471972
213550952618
213550961488
213552928229
213557663451
213552723932
213565231739
213559201202
213558270302
213569766882
213566749562
213554243326
213555903204
213551691369
213549678527
213557482396
213560407378
213559756707
213565670754
213549043563
213560702440
213563607019
213551497180
213564873672
213549489313
213549991879
213567461324
213569362621
213553528008
213553604460
213551217740
213564885816
213549902675
213557274613
213550441837
213560449743
213551152764
213567376405
213569021566
213550223283
213569262448
213554572430
213554184697
213555211460
213549697051
213562234328
213549488368
213567052429
213560255478
213555124966
213563926850
213561651392
213569673436
213554409785
213562573451
213555481893
213558219128
213561776793
213551796426
213558169121
213559840153
213552820104
213550445598
213554028110
213555084809
213549996016
213554717553
213568154693
213551973330
213560613055
213549997628
213553676260
213562534376
213565123178
213555319541
213568235363
213563328452
213558510093
213553768777
213565852450
213551879448
213569055817
213569126179
213560496679
213567069989
213565084718
213561509497
213562660568
213552880598
213558084933
213550937820
213566404123
213559123592
213550784131
213560843889
213568250516
213558630933
213567897014
213551264449
213564974591
213561421056
213550844974
213565048671
213556497759
213553488549
213557730035
213554948858
213557521105
213565449814
213551445790
213561993097
213556208482
213556105750
213567930071
213562926399
213550520887
213564508692
213550119184
213551608281
213559451651
213559149152
213553237051
213567094181
213565402175
213549141912
213565849683
213561538187
213553362344
213561384279
213557044743
213560724272
213562588770
213560290552
213553310009
213552337273
213567329571
213560700667
213558092388
213551120489
213560281046
213552736566
213559359469
213555892321
213564763546
213559161209
213551350609
213555476164
213558331653
213562362393
213560791131
213557512638
213561274200
213562082466
213566769930
213562418984
213551462039
213568396246
213554459473
213554829619
213564590530
213561996920
213555127105
213558202866
213552567939
213569975744
213554082109
213555470800
213568292658
213565463698
213563608637
213569678581
213550701368
213558185633
213565514863
213568684157
213568924935
213553058857
213560331777
213567110121
213556788822
213559806136
213553925850
213566933043
213566686930
213564175795
213549979306
213563806361
213569106953
213552903770
213552386843
213553264368
213550591645
213551614127
213557106447
213566875221
213555728468
213557590415
213568902753
213556471857
213567822707
213568652787
213556437000
213568714081
213551989984
213559805901
213565586841
213560983950
213557157580
213551251553
213552138402
213556097539
213559184662
213553076301
213561052364
213557885393
213554446295
213555378262
213554498363
213552005651
213568697647
213556035425
213567163137
213552602313
213552053542
213564573115
213550267473
213568596098
213549285440
213561676027
213551731413
213549987955
213554361813
213561677318
213567361774
213568476429
213558114401
213569490222
213565109719
213555380277
213565776186
213568151764
213565431712
213557043818
213558404192
213568432951
213554967439
213562755969
213556244335
213560448510
213557074685
213550819020
213568747708
213560199675
213559544291
213552490468
213557335730
213560631266
213560968367
213550061039
213561633256
213569809863
213566616573
213551202978
213557801684
213556272527
213565502849
213552500570
213558830575
213557982696
213563963234
213554900384
213549597229
213567361950
213568918906
213555755198
213552619247
213558210184
213552686541
213562439311
213549337958
213567141771
213550636673
213550831317
213552307262
213565225736
213558759360
213561143628
213559966797
213559824487
213562896162
213549722269
213555018612
213550909655
213564927129
213554433515
213549480413
213557489864
213561747471
213563507272
213565088508
213569483771
213553903057
213550923784
213562536283
213552007605
213563483837
213566461839
213559790324
213569031066
213560551854
213553176326
213557542097
213550779787
213562798980
213562363255
213564761142
213569139285
213556293328
213565905724
213558703293
213554468283
213552645474
213549271570
213558400669
213561010166
213559597155
213569425581
213568463057
213567784380
213553457330
213550817230
213555773129
213567329557
213551792396
213562326920
213556025871
213551194348
213559710399
213564221293
213551962964
213567914865
213566208864
213557277483
213561027589
213556783205
213569548714
213562704304
213561078747
213568823591
213552505792
213556256613
213566709541
213564134202
213553350162
213553966070
213558397795
213565424105
213558156969
213556831583
213562785533
213552374953
213551519491
213568887259
213551546055
213556929410
213559097035
213561092611
213564556652
213555187902
213563570604
213554765347
213553368381
213567917400
213562185164
213567071595
213566556499
213551289971
213566229858
213562232631
213559924862
213554953774
213566985024
213559243485
213556575205
213551372665
213559519887
213553849710
213569334805
213566398419
213549185791
213553457113
213565582619
213549715330
213555940729
213551068247
213549727813
213554930825
213560932115
213557048614
213567466050
213563982726
213567106336
213562180577
213559975585
213553372371
213552816369
213553866672
213556483390
213558733834
213549132505
213552103180
213568956581
213555433053
213559705284
213550952119
213566020140
213554064477
213557278638
213558819017
213552293682
213550042072
213560026061
213567434383
213561715742
213557769604
213552888048
213561844276
213554664952
213553618320
213559536183
213561332207
213552602244
213569659736
213565789786
213560877948
213558568995
213566766514
213549492929
213559774483
213553724554
213556605876
213563860291
213563076020
213556564499
213550265985
213556377160
213556569120
213549406880
213561670349
213555468108
213569835177
213554370561
213553509575
213561153753
213549868257
213567691099
213558203111
213552059167
213551356417
213561662692
213551673234
213568045100
213561861244
213568985469
213564149211
213561379053
213558026357
213555341756
213555310102
213566621369
213569360704
213560842659
213554273057
213556785481
213561574735
213567667447
213567701152
213549158413
213550506834
213553774665
213552407109
213562385369
213567402232
213559259813
213551327535
213562841774
213568534154
213557623165
213566472965
213554542212
213567051327
213553832886
213561071694
213566531644
213555358972
213558253586
213562495519
213567017681
213567849936
213564633595
213557970842
213566294096
213565213588
213556931421
213558467908
213565640443
213555833907
213556975441
213564106526
213566867177
213551182841
213562171753
213565872414
213549814572
213558428320
213555318850
213553084840
213558102292
213560712638
213557295778
213551785348
213556282102
213566096764
213563995717
213552261248
213554473735
213566941068
213554330124
213568377484
213569573207
213566262302
213569701363
213554543149
213564907935
213550321508
213556095852
213553946104
213569295701
213552291723
213563576965
213555030927
213553421063
213565249158
213551238363
213550014750
213561253544
213562869109
213555329064
213567941723
213554844854
213549141111
213554148618
213565859093
213565258678
213569195232
213552987451
213566515457
213562524072
213556904657
213559449724
213567560579
213555393015
213552598812
213557458553
213559366115
213557480887
213563889051
213557184665
213551445140
213549976899
213553721170
213563306214
213562945875
213564657123
213568125087
213563813705
213567021253
213556088578
213557321465
213556308486
213563103849
213550484917
213564177160
213562767698
213569991563
213562223425
213566262412
213558824225
213550435065
213553750213
213568330421
213563449826
213558135791
213566534707
213551032449
213566516557
213568539098
213557395347
213557189588
213550179911
213550769633
213559287390
213566151159
213551457569
213555522201
213550777623
213555857648
213552341638
213562363870
213569587130
213563586419
213554724209
213557917258
213559818000
213568901468
213551406155
213565932935
213566272078
213557887109
213559933845
213554191448
213552630112
213564048151
213552687942
213565222095
213559821321
213558292361
213556497959
213551597710
213563451788
213558454855
213565187190
213549655639
213553311200
213550675293
213555800980
213550352467
213550459745
213568277249
213553597950
213559327728
213561592860
213556960682
213562150657
213562933883
213565817300
213559633716
213567458585
213551535331
213559043295
213565966360
213555162513
213566196408
213566576756
213557036998
213563786212
213551790642
213569446101
213563629926
213569691283
213553499164
213555308954
213551380885
213562807156
213569930222
213569192559
213562757265
213556334473
213550237324
213566679311
213557829391
213549100677
213563169190
213560301575
213553010788
213551213527
213564298028
213554022504
213549961223
213556443340
213554960731
213559017611
213555281275
213566357539
213569183271
213550010502
213553055750
213562279894
213568957765
213550147335
213565281221
213567575405
213560477178
213552917992
213554064221
213554303164
213562087802
213566722954
213553353973
213569981084
213556299885
213563126752
213567593359
213552064592
213557008852
213567803936
213567578403
213552180453
213564919255
213561822248
213569032507
213569239451
213569141256
213556651320
213550624343
213565488859
213568291506
213566196952
213552001816
213550052139
213557312369
213551076890
213559183216
213569868763
213561834332
213565914967
213566884013
213560692000
213554141066
213568159328
213551176974
213563978776
213558909144
213559893582
213565840259
213558031174
213561122768
213554937059
213554845547
213561180752
213554767372
213567307126
213553586652
213551565093
213557528703
213560277453
213554172013
213552806460
213559336918
213554584202
213553276130
213567735389
213553061449
213550903989
213560062859
213568974769
213560612074
213560373346
213559893450
213558529457
213563055366
213559117620
213557213172
213559371776
213569320958
213566866543
213550492162
213568441343
213555135390
213569780728
213554233042
213561676718
213555565383
213551019158
213551376390
213568204297
213551236549
213551766091
213565544308
213557836028
213560496349
213555387892
213568398467
213554164802
213550099529
213560667219
213565194265
213554603325
213550017441
213556928290
213550017493
213552807743
213551288017
213567943827
213559490220
213556978350
213562034744
213566962564
213550119176
213563176222
213554141650
213553783198
213564979289
213549195702
213560201992
213553633581
213561031902
213561978471
213566124907
213554978552
213554537210
213562086191
213555900256
213559283203
213560819894
213550565595
213561780416
213552660076
213564992498
213555397847
213558618306
213568708109
213558754079
213564310510
213555958471
213560853855
213549635469
213550215419
213559273563
213554571725
213568828032
213564334350
213560920673
213561996646
213553281949
213569331277
213555487973
213556881031
213558982655
213565709623
213563156916
213560872819
213556433852
213565796303
213559276942
213562738941
213553607908
213559987052
213552033709
213553370932
213553958251
213553028343
213564433885
213556968449
213567982858
213566220957
213562359241
213564454142
213563702344
213552230391
213567690675
213569142796
213559364556
213565632630
213553456137
213550744298
213567849280
213561243063
213568443268
213556124333
213566039949
213558076130
213549983039
213569129952
213565478603
213554364204
213559948151
213563123991
213559152119
213563171818
213565910515
213569629459
213566637893
213549374680
213563963945
213550890409
213564264267
213550711951
213555415619
213553273669
213560500225
213566737426
213557177275
213557117896
213565936058
213549468993
213560183404
213550538358
213563511072
213558405612
213562518801
213566374558
213557831767
213566754140
213566010738
213558090674
213566367021
213550502188
213552092990
213566454044
213564747744
213550236150
213561153640
213553423390
213550252754
213559820058
213557485080
213553036468
213560794601
213556739972
213567968944
213560662532
213567001227
213552937818
213569742402
213549000055
213563265555
213552186630
213560527091
213565426115
213550527128
213549464033
213562409828
213555057472
213553781604
213554452673
213557715663
213554746319
213566004564
213567025957
213549629662
213552730210
213566112408
213565392640
213553866390
213559726197
213568125323
213568953224
213551772490
213565548431
213568355115
213554845830
213562250161
213563195701
213555933702
213556873237
213549318406
213552399527
213555122150
213558321269
213561595645
213553122133
213566001015
213569100381
213566450522
213556948376
213558815567
213565381339
213568840904
213550998543
213562983509
213565383845
213564219378
213565698060
213563724138
213565558713
213559334865
213569120910
213558872123
213553349424
213550105544
213566159989
213556408541
213562367612
213556991077
213559401107
213568801967
213558110647
213564685795
213557811172
213550105015
213569245231
213552440448
213551457920
213554986174
213553640742
213554250262
213552450197
213569932347
213569068670
213569058160
213554174629
213557103995
213568791771
213567686838
213563980816
213556975631
213562651519
213550499222
213558986341
213557048747
213551712526
213557051508
213558667966
213567636198
213553504004
213567755215
213554312347
213553534212
213559756660
213563463511
213554999064
213549051617
213553213381
213554721097
213566820418
213559327160
213569413714
213550630917
213550996240
213567867414
213555189828
213563691453
213569574588
213552400316
213559989332
213552357016
213560391725
213568307111
213559107820
213556828453
213558564686
213556050720
213564513237
213557843796
213569706626
213564751382
213569913770
213557074708
213554100745
213551603878
213556277019
213551959949
213566084818
213567243965
213566410709
213550508220
213558301756
213568004977
213554869926
213567621640
213566018633
213558987687
213554152888
213559990995
213560964542
213556604993
213567756659
213551700459
213550692012
213553420867
213560965652
213560536764
213549882558
213566850026
213552873848
213567078639
213569712285
213567077513
213555228583
213550059940
213560186001
213567187083
213565477796
213565752500
213561261076
213554354086
213562849875
213553884831
213553042484
213557588507
213561141535
213562891197
213565177432
213562799690
213549837619
213568987109
213559381431
213549325967
213550759583
213560504836
213554098823
213555411391
213560356928
213567251379
213555387314
213568747556
213565162983
213556551863
213559179167
213565527785
213562229517
213569199789
213568101985
213569875340
213554697653
213552944409
213569944133
213568082869
213558523359
213552642987
213557103134
213565263142
213568574649
213562838404
213564490358
213550409173
213566148382
213556434532
213557728759
213555833341
213569438451
213565731298
213549882042
213549767768
213561720175
213565939291
213556339962
213563642850
213557405592
213561042868
213550602704
213567219984
213563923630
213565031537
213552521821
213566546875
213549136035
213568527115
213550321168
213558069624
213567604810
213553075209
213549309561
213567065796
213553386649
213568790735
213564167204
213557219249
213568910140
213560474994
213568628828
213563462906
213569282845
213569388703
213568773265
213556637561
213567533128
213562398645
213567701689
213551702396
213549949106
213566982430
213556174347
213562294564
213568369619
213549524250
213569317572
213568878012
213562177499
213567735273
213553393921
213565004974
213551594262
213569613511
213560556460
213554940194
213560643218
213559196254
213565994263
213562833779
213567231588
213555573568
213557529298
213554017605
213549891570
213560730400
213563366236
213554651180
213554764231
213557580107
213560091907
213555405972
213567269037
213564086559
213554235831
213566729951
213555429815
213560459108
213563605273
213561448168
213561780345
213569416014
213569155441
213556295116
213551033878
213553063419
213566260837
213554840800
213560579289
213564746518
213561407368
213551487005
213555925647
213554855062
213567600023
213551217294
213563480192
213549145357
213556643485
213564280217
213566633245
213564998746
213550634625
213562923279
213553624432
213550526020
213549581091
213550040023
213551681996
213563201396
213560318772
213562738677
213569398853
213553340185
213549287028
213550037518
213568512808
213556988953
213552343809
213556646610
213562643345
213563351647
213562932111
213558227688
213556867966
213564188096
213553113682
213562190679
213552600919
213549689061
213561669230
213555090770
213569007062
213561115961
213551766860
213567942284
213557642832
213556001989
213569951830
213564253174
213550981183
213565413981
213550385609
213556438344
213563252974
213568582528
213552619961
213560718024
213549703847
213568747367
213564127361
213559374115
213560205042
213552284582
213559095361
213550077578
213565519836
213565547648
213551100373
213567795773
213566011070
213569296832
213560641445
213559261588
213565625182
213560337655
213566533842
213552655506
213563297509
213553133137
213550006274
213567859393
213551165470
213565526838
213567911402
213564850000
213549623389
213556447621
213568245294
213550633116
213558793286
213552737748
213565696387
213562679152
213567929609
213561022230
213564668941
213554238991
213565331912
213549561557
213560595420
213563792290
213569250996
213563142667
213567931815
213552770734
213569037387
213560228167
213562658122
213553767171
213562368670
213560620109
213555651706
213561958917
213550659272
213563339060
213550323422
213554477899
213560291258
213557458392
213549482504
213559106405
213560481778
213549313644
213558775928
213556652685
213561409720
213568701090
213557226641
213558808372
213557653434
213550450228
213566293482
213563591569
213561371967
213551013396
213568096011
213553080643
213562948024
213561547488
213563772022
213558479712
213564153300
213565660611
213559341499
213554921265
213564363975
213557162283
213561480481
213562425381
213564570252
213561034361
213551183520
213560100114
213556532311
213560597373
213557520367
213552881355
213551270155
213564157625
213567397352
213565150863
213561120305
213550608560
213558179245
213566767775
213553724917
213569088286
213555305484
213555847341
213550246816
213567687681
213562190309
213559901799
213565680342
213551051890
213569527838
213563411996
213569545012
213565801631
213563139861
213568913421
213551381326
213562242115
213559570380
213549318026
213558242122
213557509902
213558368319
213558300361
213567479035
213553006251
213566770180
213562455231
213551175817
213560312994
213565958732
213549230479
213567762998
213558459646
213552729357
213558511658
213555574414
213560743660
213551244697
213563652214
213555525767
213552828930
213558761098
213551916026
213550367213
213549233825
213549765064
213553790334
213558155677
213549145299
213560758287
213561091881
213552441312
213555740336
213566674488
213562799834
213561036370
213557312050
213565497901
213563958221
213554477165
213556036557
213555646052
213556445986
213549255268
213550915745
213569792524
213566608060
213567152879
213564234976
213552888134
213556187692
213557649888
213561270952
213552004729
213563064462
213567171037
213567025476
213567982515
213549913639
213550631300
213566106706
213553741812
213555352926
213560342846
213563029730
213554005668
213558739622
213556311299
213559405154
213561938252
213552530908
213557934697
213554888821
213558235939
213553813701
213567592824
213549800877
213569358766
213565751279
213554938947
213564293537
213553025995
213554363933
213564467195
213561779374
213563394871
213556378398
213550634175
213557067579
213553539107
213549772386
213551257511
213569438016
213555819458
213554889433
213568002912
213554361124
213566843966
213568318982
213567912139
213549866044
213569586469
213568878055
213563865635
213551651005
213553352838
213559533851
213553058494
213557467845
213549104549
213559175452
213558002701
213560712394
213561598689
213557085295
213560809038
213564591949
213555053557
213566594288
213569896693
213565577070
213565751224
213563060447
213550681343
213556050107
213553793476
213559102434
213560408974
213550365125
213552399364
213568353651
213564062321
213564487880
213568278227
213569713177
213562621057
213563448492
213554062737
213560957870
213558828879
213566778437
213551287569
213553398571
213549402046
213558698358
213550206932
213563074216
213562021723
213553988420
213566682965
213559265907
213561436594
213556822917
213559884415
213566198447
213557358732
213565157926
213566611731
213553781823
213561329192
213549102930
213554780074
213557610450
213551002084
213560727718
213557375888
213561478628
213557710883
213563396271
213565456566
213562046031
213554297375
213551510753
213564281451
213549633860
213564506568
213550387767
213567357125
213567816386
213552489403
213561028691
213550165934
213557178949
213563016815
213549805883
213563345836
213561820187
213561613669
213549437688
213552934757
213569571619
213562054570
213563750597
213558621776
213559045403
213554604558
213569750001
213562572005
213566743657
213565452046
213569481198
213565611100
213550534064
213564486695
213553130717
213553096628
213564948941
213561039027
213561301596
213559958416
213550091119
213558126865
213562242445
213563871923
213551625964
213558987702
213566379321
213569683487
213555644417
213557426098
213556250667
213559878011
213558749154
213558345741
213550342919
213563131766
213569235165
213569033408
213555032755
213554140007
213563425397
213561223587
213561978677
213557544285
213556893275
213552611953
213563799111
213565498354
213567079495
213553153932
213563079676
213554701991
213553116087
213556361477
213556418116
213557920746
213550104733
213553415863
213554336621
213567678512
213564678887
213557378302
213568824750
213558170772
213559108647
213554366833
213549351159
213568310139
213567784211
213556117286
213568517276
213567104608
213564805502
213551285127
213564607002
213569427442
213555473303
213558644148
213556331350
213567395922
213556253230
213556478401
213566426464
213569850931
213562833086
213555610696
213558839723
213556656027
213558638952
213566346805
213549365414
213554031170
213566723468
213565152057
213568451872
213565754587
213563353924
213550856242
213557416168
213564870855
213559237648
213567155634
213557811659
213553412160
213563744594
213555422400
213554877569
213560269405
213566191335
213569778926
213567382797
213553254882
213556714138
213555614289
213567597556
213568334230
213549560972
213566329914
213550677314
213558686081
213556807034
213558575500
213555766365
213555740949
213567484430
213556037321
213561528733
213569696221
213562861022
213549774624
213566516646
213551324173
213564904149
213553121628
213568682592
213560227056
213560502438
213556700303
213549237588
213558613466
213549481272
213558907929
213557623982
213560594319
213557973198
213550683953
213567228190
213568586919
213561726430
213553047466
213557829040
213565731980
213568048365
213558420716
213553050277
213569658165
213561624397
213553924795
213560467731
213562436301
213567970352
213564246554
213564912898
213551557398
213559832768
213569363694
213554747047
213549539618
213568735819
213561467692
213556980721
213560836010
213549877158
213549897160
213555490359
213569985427
213556715847
213551655066
213568039483
213553282438
213561788896
213556459089
213554052271
213565710690
213551048681
213551293660
213557490116
213557950272
213550128794
213566501231
213559216880
213564680392
213559182360
213568720295
213558789668
213567564629
213562704305
213553077474
213555187258
213564465477
213551776372
213567243680
213559351001
213563194540
213565807717
213559422492
213557828930
213550530252
213556803361
213554284502
213551999668
213560068265
213554317640
213558834642
213562025256
213562809771
213560895713
213559434151
213560364639
213552739727
213566259775
213556327976
213554997507
213558625148
213561553088
213554772121
213552098522
213556904006
213556481062
213555080475
213558018406
213562582371
213553876311
213557145914
213562978968
213550269033
213556410020
213549787931
213559640841
213561853375
213552684320
213556003065
213558668596
213553591226
213561964353
213561211030
213566628073
213567250731
213566727570
213554536404
213549157875
213557772747
213569161226
213560763065
213550709382
213560657176
213550790249
213557227574
213551143762
213557393646
213557179118
213556124196
213562483200
213566805327
213561493838
213556494226
213557892796
213564777435
213562550940
213559069340
213554777052
213565367294
213554769675
213565482105
213549754159
213561764660
213552966395
213559213919
213564549372
213549614514
213551529284
213569458993
213568521871
213549825129
213552307106
213558789468
213560015945
213552140121
213549046766
213567126554
213554056412
213562523716
213569013021
213559713698
213562669315
213566278875
213555826671
213549807865
213549923247
213566899256
213568418403
213549678997
213557865226
213558011408
213568931613
213559228959
213551504270
213553170251
213563301757
213567556602
213550373195
213564028835
213560330863
213552652248
213551986050
213568697897
213555014775
213562472082
213560134431
213549141739
213566536795
213550206792
213554780995
213549933615
213554653270
213556679450
213563921558
213553039499
213554783349
213555856664
213561460035
213553395820
213553307370
213555924145
213562036703
213562023042
213560633058
213567168194
213552159835
213555103677
213560356717
213550577668
213552043017
213549334309
213558248529
213558953341
213566515593
213569253234
213563650155
213563486798
213554532782
213558653131
213551490216
213554567638
213549827099
213550659351
213562552153
213551242300
213569424817
213560439619
213561745764
213550277129
213556253148
213564896613
213553686401
213551315141
213560215122
213560556746
213565772142
213549938165
213564451042
213557508398
213561381654
213562603257
213565798687
213552692335
213552060710
213561522131
213557803056
213554784854
213565157474
213556314186
213555692373
213560549896
213560305068
213552093982
213563309741
213554508576
213566138421
213563790440
213566441298
213560012063
213565341386
213566199125
213563997470
213565259836
213551921201
213562054010
213550614294
213569162456
213556912188
213568943202
213559565326
213550442523
213566368686
213564935901
213564094619
213562748576
213562050034
213568624507
213554619029
213557916478
213552591067
213561202444
213550619745
213559389480
213553619619
213560902370
213564515901
213561035906
213556575989
213551429918
213549511642
213564065141
213557107846
213549457405
213565908990
213554097131
213552641081
213569561294
213559452471
213563207802
213563458332
213564927840
213549151235
213566318171
213555936993
213568761222
213567412197
213569508436
213559300505
213563984916
213555625186
213569843538
213567307834
213549320879
213567733159
213569537670
213563531131
213561125645
213564640011
213567443760
213551820707
213560659365
213549560997
213559087048
213568013956
213552290527
213560256987
213563202950
213559689688
213553052336
213551653894
213553004042
213563572476
213557983188
213557524621
213558595125
213553928013
213550623214
213549591491
213561907263
213550922517
213551554720
213563594286
213552420377
213563955567
213566691306
213556789783
213565096638
213569944624
213555749225
213564556630
213565674697
213560548361
213552033085
213563202379
213560999673
213551934955
213550220497
213557333282
213550200704
213551812915
213567041055
213567246444
213559096792
213552219009
213561770233
213561311180
213560328327
213552966507
213568736678
213564599422
213559287956
213552293280
213558778516
213555537366
213554206294
213564269825
213549088903
213551056621
213562165366
213550031844
213556834963
213561389463
213565448217
213558101036
213554119410
213564280999
213561281529
213559564081
213562434738
213549611090
213555877521
213555282746
213566388808
213564196752
213564959302
213564969939
213568577196
213561048664
213566838446
213552646041
213558340849
213559769996
213558781595
213554768448
213549484975
213555497098
213551344053
213569210068
213562046986
213568065385
213553554294
213549645639
213554809097
213564812318
213552219037
213568977907
213555901916
213555161733
213554431693
213549905894
213554811649
213555982285
213566869410
213563961103
213568418829
213567515101
213568374363
213569190824
213560601300
213550729873
213566783354
213567434239
213560068358
213552531122
213552678351
213551881399
213569220655
213562267771
213552434909
213555787517
213558844455
213556175130
213556529276
213565214398
213551591014
213561667521
213549736951
213555862966
213568951397
213557868026
213560269275
213556460110
213549726375
213554965625
213567752581
213549227542
213560937850
213564602895
213558135470
213549552082
213555762482
213557723443
213557312998
213552050452
213562546612
213566766787
213565832738
213569757483
213560017619
213551439239
213557179118
213561224443
213564357136
213566640112
213568469031
213555265699
213560615351
213565384761
213559356903
213569095015
213568447178
213560449406
213567611068
213557793660
213568969508
213554441351
213561759816
213563492964
213563531736
213566545825
213549388359
213568256047
213557314509
213562909496
213569511687
213569323849
213552798106
213560365922
213557160319
213552827007
213554997129
213566068722
213564075874
213563426851
213550598499
213549140038
213569808274
213556538331
213554347129
213558709073
213566069408
213549637145
213569168356
213549893108
213555630838
213560928860
213562242180
213560127070
213561572154
213561980688
213561702388
213569878066
213567454143
213557104121
213549494370
213557682824
213559230350
213568828422
213562725326
213561591796
213564512505
213563756919
213564551179
213551849728
213549417445
213564572380
213562893882
213569551814
213554017961
213565105950
213549637847
213553365887
213561556967
213563999085
213556520438
213559762041
213558021227
213567538436
213563900781
213566670650
213550229969
213564433841
213552097564
213561878374
213563436327
213569321069
213549257675
213567692380
213556586677
213556686902
213561503407
213555617108
213550608093
213568244977
213569343629
213555101045
213559438905
213550577295
213565909622
213557857781
213558165832
213550783579
213556971866
213564036513
213554982621
213555032562
213549441142
213567774682
213556712825
213565587996
213565696597
213558877764
213564734769
213567585742
213569788052
213568007908
213554291758
213561660903
213558139772
213553244108
213564769920
213554993655
213566321681
213563449200
213552558954
213553364800
213550318628
213552971995
213568480950
213555529278
213561417242
213568668208
213565122151
213552338446
213551594730
213556896179
213564569726
213559605463
213556357527
213553816169
213563544548
213557424393
213560728503
213551267269
213553555223
213555538894
213569957703
213559155890
213567493993
213569660016
213565334848
213553411601
213553105659
213549672020
213568586881
213559512278
213567800474
213554055356
213559564071
213560707032
213566312918
213568352684
213551104647
213549512644
213552012617
213554303868
213555647185
213556105349
213557978810
213561422240
213557601445
213566588932
213549925497
213553441149
213568365862
213564235215
213563468785
213557960883
213562956707
213552262317
213566520996
213554160545
213551534308
213566699081
213552677755
213556558234
213552868817
213564570680
213549043956
213566491055
213557954905
213561134246
213559323043
213551621281
213558622159
213550161429
213562940240
213559946492
213553602271
213557586769
213568136652
213568367231
213560453808
213569023717
213555901922
213562433526
213565199834
213568661367
213558142182
213549019861
213563053542
213567452492
213568277006
213565782328
213568431771
213556202133
213552187808
213556268430
213564319820
213553067901
213550662757
213568264395
213551887348
213550877198
213562266119
213556583473
213566477957
213569676334
213551631399
213553450131
213569602678
213556581462
213555109499
213553562626
213551641186
213555530589
213560272049
213552386324
213555269060
213569164550
213566431091
213565503816
213560545704
213553542765
213564980327
213552620169
213557700712
213549138703
213551402371
213555991279
213558469147
213561552014
213564233775
213558139604
213552501209
213556552566
213558292470
213557705870
213554155209
213560695481
213563404788
213567004256
213556383549
213559139429
213552748026
213549283198
213565715058
213561130566
213557055681
213564074491
213568763800
213551680764
213556442960
213560813464
213560629248
213566280059
213553867755
213562124862
213552444605
213557024806
213562136549
213568230629
213568724893
213560910866
213557901934
213564090409
213558567528
213557698357
213551908065
213553179228
213566572756
213552004724
213553299967
213568231881
213569698113
213562198009
213566118256
213552468551
213556209413
213551744736
213566318511
213568771963
213569382030
213559596770
213569980568
213556977776
213552006332
213551063662
213551460910
213560997356
213549179248
213556936118
213568781926
213559894973
213563707171
213556230870
213566250918
213554060915
213564230993
213566191302
213559176843
213555859861
213557236316
213566764469
213551662007
213565377485
213549316531
213562626964
213550474015
213562622540
213559671374
213567603800
213564213923
213559202764
213561908774
213563489952
213550529900
213553492839
213569245615
213562606421
213550521255
213555984540
213569534892
213553944861
213557974933
213558900369
213555349770
213563209642
213555748908
213553038183
213561919857
213550497358
213552048586
213549508246
213568743949
213557690445
213552496996
213558571563
213551234110
213551556686
213553090940
213549354480
213563200376
213569348694
213565332987
213569040972
213563776560
213559656926
213551611320
213557668600
213561371224
213567076333
213553858502
213569593946
213569979845
213562400586
213561184537
213556571336
213562864788
213567297037
213563102231
213564290893
213560423401
213556798088
213561915002
213561765074
213552492532
213565157649
213551404541
213568975404
213569801950
213568667233
213564756819
213558243142
213557020828
213551538689
213554343700
213558078535
213558212648
213563852915
213559660888
213565817560
213558324115
213553510096
213569569503
213557190062
213569923621
213557014889
213562226516
213569286234
213569418501
213560407026
213567094637
213550529984
213568845873
213557390330
213555382852
213557068968
213559219995
213559996049
213553315304
213549914561
213564604772
213567838608
213565069962
213556943247
213565641595
213566029282
213551086258
213555505635
213564826755
213555620311
213561597826
213552552054
213563852620
213562024114
213559535925
213565962924
213564434589
213555696721
213559301425
213561455070
213565344031
213552647338
213554795958
213562094126
213563484265
213560377487
213560753062
213564161589
213557774648
213562225126
213561564550
213557474578
213563677129
213550930959
213550317439
213564311400
213553004934
213569930449
213553875731
213560725854
213555541685
213560366444
213569474094
213560226902
213565715486
213552866222
213556414384
213564397444
213564767945
213565698757
213563781785
213553614897
213562330116
213550058824
213563279345
213567587704
213555598670
213557724946
213550247293
213561864612
213564277752
213560662443
213558236796
213555871323
213556165395
213568282352
213560490043
213552124337
213549818366
213561697207
213557090344
213553735383
213554240123
213559518833
213558814128
213561444942
213559441597
213564568098
213564355120
213562319896
213566340213
213551821284
213566507024
213559777213
213562990939
213566458816
213553049234
213564405131
213554737009
213551557574
213551320614
213550577064
213561861122
213549286929
213560317716
213552095463
213556262254
213552328465
213558261945
213562281566
213559702498
213551485672
213554939982
213550987547
213565233862
213562299181
213559663568
213568845962
213556828205
213568776772
213551025339
213569019426
213559270178
213565543671
213561288686
213555093162
213559072376
213568933822
213549036842
213553812744
213559762439
213566736295
213556560201
213564418838
213563627600
213551129098
213554376838
213553105347
213557303060
213567144027
213567575795
213549784544
213550757518
213551048710
213550347967
213557193357
213551659535
213567072241
213559583398
213558937327
213561546588
213560699405
213551818409
213553913977
213560412294
213565160600
213549789192
213557518853
213551634161
213558081926
213549358241
213564280959
213552331601
213569443769
213555864428
213562079854
213551840643
213569129108
213560068822
213568320907
213551648217
213567158023
213569165265
213550644864
213561269107
213557546857
213552458325
213557774306
213569511480
213552798932
213549577919
213551418013
213557361264
213569589654
213556369594
213553825831
213561623834
213562648472
213565986315
213561019989
213558664329
213559053970
213553911331
213551509062
213555848908
213561923606
213563842837
213567919807
213561725019
213560950596
213552169324
213560696896
213550130066
213551952951
213560787673
213568947166
213563468781
213551290998
213552753643
213563747568
213553616614
213553295289
213555655149
213567544431
213554926873
213553205466
213561639391
213564628505
213549616364
213569447563
213555226489
213560512483
213566053759
213558257009
213549813280
213555811296
213553078344
213550266550
213549386308
213562634497
213561738561
213568790849
213563983327
213562442644
213552062197
213566914340
213561820768
213562336048
213549715770
213561410474
213550616251
213569142957
213550443982
213556693893
213550251119
213567788423
213549095675
213560208048
213557726678
213568264858
213550900515
213552734962
213551254010
213560087394
213552099477
213565146988
213568916637
213554552424
213569047294
213557392626
213560810858
213566496574
213551545372
213552968728
213558683926
213564387467
213560848213
213566174185
213549225948
213550945397
213566255485
213560934295
213562455216
213549391766
213554948927
213556981596
213554537991
213559530926
213554175348
213569155750
213568754494
213563251522
213566857381
213569483260
213558576667
213554859275
213568900207
213561043718
213549646188
213551124970
213555590172
213550624835
213566579884
213561458098
213566521625
213561575570
213568711723
213551972894
213553440125
213559548221
213560744497
213556176300
213565284054
213569765639
213556141757
213549005620
213553261351
213550603919
213566176148
213559875648
213563301950
213562826947
213553299913
213549717638
213567280162
213566634931
213565957660
213555524690
213554729008
213549361699
213564697660
213562082574
213564161254
213561434647
213567593662
213554270122
213566947336
213563907642
213567620810
213568768861
213558263306
213569290625
213556495032
213556820106
213559827199
213550200410
213569307143
213556095444
213557221053
213569189810
213552858608
213560295336
213559145636
213555534078
213567041043
213550385680
213564246335
213552163035
213552948473
213563446578
213568035826
213555889701
213550870474
213558296507
213559601372
213556285198
213550432204
213563918285
213553914538
213564564404
213556534849
213564468901
213566058837
213559182246
213564304556
213552445266
213561076895
213559834815
213549372608
213561157148
213566940690
213569555889
213560985314
213556918419
213569760010
213566434934
213559616647
213556385252
213565180044
213554133521
213555549549
213559628963
213567925582
213554380107
213564325597
213552781963
213558587850
213567081774
213567121609
213554019364
213553410035
213551811633
213552083368
213564615712
213556207346
213554571237
213557993762
213549489638
213560701069
213561336922
213551229819
213561631100
213561210031
213567506304
213559162345
213568806024
213563419184
213569067692
213564872151
213551720900
213552186470
213560002249
213564325608
213551271674
213557492842
213568759606
213564992838
213554394793
213566802858
213567228064
213567537685
213564099833
213551007727
213554783426
213561674853
213565356536
213549749923
213549737369
213568551539
213568910188
213564132837
213564115232
213553139961
213565450807
213562747436
213565659663
213561465431
213549796330
213564816811
213563972938
213558048905
213553216289
213553064839
213560545562
213560900202
213559486279
213549384507
213563846434
213561420599
213556251948
213568814228
213561669677
213550773046
213568657694
213563968695
213551406766
213556358555
213568737567
213564422065
213568892587
213550325051
213563141779
213567155215
213550234986
213566734867
213557396494
213557296335
213551642656
213551186330
213554829488
213562739481
213564686664
213557027350
213552354576
213552712608
213554116092
213562329669
213556408562
213551180630
213552434557
213549968261
213549095892
213550859964
213555620637
213561194231
213553268557
213564207177
213555717963
213555741724
213560222879
213567806651
213568124228
213560408031
213565171707
213561774710
213568592607
213563913511
213569505975
213555629134
213561365103
213569849678
213551360955
213562544055
213557377391
213551358542
213553489755
213549578662
213555927562
213563130310
213561897739
213563505294
213567998370
213554525911
213557402070
213559969197
213556648218
213557446443
213558430804
213557597252
213562258264
213554252970
213562974589
213563812316
213555521372
213563761891
213557603743
213564688290
213569441912
213559935785
213563172257
213564720202
213567876094
213561928692
213552114309
213555973935
213568366870
213568168458
213560187318
213560529582
213553376694
213565667629
213562830395
213561137741
213565981035
213560518471
213563470704
213555685451
213551274273
213553990178
213559991950
213563790970
213553915119
213554542732
213560385488
213552308326
213561185811
213563525134
213566745921
213554570073
213551034987
213554997316
213563480768
213556132535
213561348510
213556438595
213567431027
213555749331
213552735330
213559016804
213551596248
213558894760
213551485117
213551392611
213555656803
213550040321
213556323749
213550735027
213550321617
213550474309
213561533150
213565884734
213568825216
213567279548
213556569919
213563450027
213554395852
213561369274
213560321852
213567845603
213568691630
213560605005
213559290197
213562038705
213556946048
213569901408
213551625074
213552482510
213558623255
213563346257
213554059045
213560656988
213559901969
213554939551
213549246663
213567877623
213568983073
213562229456
213560148875
213549490874
213549996788
213554026175
213560865491
213566452303
213566546976
213568966448
213569227563
213551716919
213555149781
213565670967
213561217912
213553879850
213554622733
213560841411
213566594300
213551635033
213565925523
213557277679
213562849965
213554186900
213551691680
213567007110
213568041916
213563598980
213557078281
213551626493
213565194105
213557917955
213556974591
213553912998
213567866052
213555951789
213562964745
213566892641
213557426311
213562752943
213553352809
213559023710
213569345266
213567334767
213556692364
213553224991
213564215123
213550798736
213561750789
213569839698
213551969849
213552896365
213549512717
213564384088
213550136227
213561415803
213550151479
213562636340
213555578105
213568430523
213551569236
213550499594
213567873765
213563616882
213551279688
213563111807
213552948393
213569216408
213564405510
213559652755
213559792221
213557357173
213557170908
213566347875
213566889684
213555704796
213569727891
213559089836
213567253291
213552086884
213551785586
213558734957
213565892010
213558399232
213557175764
213567442483
213555803027
213568767617
213559646825
213567508535
213552068590
213554713825
213549886637
213555976874
213560974545
213560499049
213550664031
213567102264
213565927167
213549766560
213567410791
213554291592
213562243580
213551212101
213557686336
213561512960
213563638322
213554221339
213555295464
213569972561
213559376397
213569198815
213558053069
213559520619
213552069596
213558102852
213558738626
213557169669
213558286437
213551577066
213563462666
213564720554
213557491050
213557150518
213558769098
213557045803
213555353795
213557135658
213568690777
213567287974
213560610287
213568561185
213559865689
213569076401
213549970317
213562012900
213556941421
213551838755
213549355474
213564278773
213550187865
213550452814
213554359996
213561404410
213549138251
213562423505
213552007877
213555352025
213567477512
213557013947
213567481830
213567205422
213556369452
213559659714
213567731754
213557123141
213550635385
213565887992
213551386668
213568252046
213568720077
213549605861
213559269364
213557788506
213566693184
213560977997
213549191637
213549635739
213556237848
213558795303
213553785933
213562349527
213561114194
213552460344
213562443077
213549400878
213555308232
213565281413
213562982269
213556422994
213565653812
213550880925
213550570454
213557967842
213564296582
213557135642
213558768802
213558436400
213567071686
213559184758
213559073140
213556519320
213565045831
213557636000
213564015026
213555516114
213553760411
213554333987
213555772939
213564851739
213553505938
213557323910
213554083323
213564103703
213569078543
213559849552
213554526422
213555747999
213557838334
213557288689
213560504595
213568376462
213549024882
213564748511
213550770118
213555601025
213562195404
213558737531
213556697089
213569768642
213561674467
213567307225
213557900038
213562160615
213551405870
213559108466
213561564695
213560236377
213562585188
213554670434
213568281531
213550147105
213569686064
213554182693
213554541408
213552772006
213567674768
213562818139
213564046492
213556815677
213567065997
213555625278
213555885031
213551464110
213565411420
213562777949
213555004704
213564172293
213550633922
213550633010
213567183205
213569677793
213565351928
213549725884
213568576946
213554049982
213551745278
213552588125
213568750688
213566633212
213561215537
213553273411
213555208400
213568164745
213551222269
213562345710
213559918146
213565985383
213549845619
213563033067
213560737194
213552435310
213569591160
213556405917
213563496290
213552001509
213551098197
213562911464
213553240423
213563003496
213555285758
213550995679
213549533248
213557673623
213562492190
213564781075
213556475013
213550223266
213552511432
213565672852
213560512812
213555029365
213564859310
213568356249
213568327911
213554400345
213552681424
213555703108
213549531259
213567117345
213553340831
213557484415
213560763059
213569848819
213558402332
213549391527
213568296693
213566153358
213555229393
213567362242
213565477028
213558249895
213569189821
213555962065
213557447902
213556871407
213566744119
213550198096
213550701356
213563668089
213566946077
213550936048
213550199365
213560395167
213564091674
213566369068
213566350029
213569544369
213569542085
213568058033
213560279350
213550071869
213552028995
213553080602
213554009235
213559458231
213550760335
213555461804
213556985828
213563568264
213557607670
213565664967
213558270870
213558258947
213564018820
213569572194
213551031017
213556561021
213551293124
213550919232
213566064597
213560439905
213550657652
213559192864
213561306919
213551384488
213550342765
213549357002
213558965289
213565490696
213561381883
213549742800
213552152234
213569547629
213560013530
213563805523
213562226183
213567262249
213554678810
213561456089
213552390450
213567665419
213554019418
213562336121
213554440972
213565307874
213558149952
213569208548
213549053399
213564425041
213551898594
213563089637
213559422678
213557057213
213558045804
213563733734
213551089651
213558559682
213566583757
213564833965
213559018181
213568230257
213549027101
213561085372
213553671634
213553927907
213556408683
213553829739
213555053214
213549237786
213566979253
213561925458
213553555611
213568063358
213568752917
213566541849
213556583345
213559026063
213557876340
213558019673
213564359641
213565955428
213559365465
213558127834
213555587747
213556211885
213564742463
213567860035
213556602990
213557393336
213558549190
213569004063
213560113676
213565837307
213565623343
213558099881
213564110539
213564238318
213550270002
213557445796
213560607516
213554770128
213553253328
213558792169
213568853203
213563794382
213558063140
213549850368
213558290784
213562387284
213551500723
213555380877
213552093446
213561214450
213559702528
213564950889
213562961947
213563665546
213563492857
213568813026
213567486581
213559078203
213568821811
213569152335
213551237309
213563221580
213566783306
213565439017
213565889565
213550805616
213569745247
213565237242
213555199551
213553398317
213553654477
213567040917
213561092469
213569160674
213553501237
213567819095
213564648661
213549092165
213568146331
213559403278
213550038753
213568629203
213555955977
213559222184
213561358777
213553991816
213560922880
213568687020
213552499182
213555838371
213564093559
213569881505
213559831154
213555749001
213564992853
213569192561
213558262304
213554303328
213568591126
213549968097
213559594890
213568279193
213566266868
213557902603
213563307466
213565798491
213566146806
213563134483
213550681971
213564082838
213549367747
213567567551
213569293914
213550451493
213565360574
213562186655
213553844399
213568071303
213553658364
213564180925
213560274926
213552871671
213556215882
213556800941
213555686007
213564601593
213561479581
213567804575
213554343957
213569665095
213565440926
213554624626
213551445570
213553196001
213549054122
213557085296
213564237984
213558147668
213554176670
213557859367
213555265864
213561844472
213556963227
213569078390
213567082036
213562758816
213555676847
213566068942
213569212717
213565141259
213556833502
213566654438
213554154126
213554679522
213552356155
213549978722
213554771741
213563395911
213558207672
213563811469
213556374295
213563049377
213555875513
213567048569
213563043791
213564938437
213561499257
213554328483
213566946554
213564977194
213568730250
213567435489
213566974675
213565746009
213566250680
213554923915
213564459756
213563327413
213549963280
213558644105
213551414971
213556660324
213553077174
213569280877
213558270912
213555239946
213551590667
213557239602
213569058354
213552551810
213549563943
213559015602
213561997671
213549486454
213569348938
213551638839
213549655478
213558028271
213552239524
213567491012
213568772699
213565192761
213554680368
213552059287
213563149440
213554911611
213554906685
213569676659
213551872420
213564394685
213560341942
213559933363
213554310423
213558559568
213557623706
213563033025
213551297005
213567715283
213552744996
213564502480
213569761426
213550381658
213565682178
213558703899
213551403217
213550464700
213554941535
213564544478
213564328793
213557632949
213564185631
213555501577
213557148817
213559950775
213561526573
213550539010
213567811337
213554546450
213568297384
213553896599
213563032009
213556152100
213564264580
213552101577
213566797143
213552998762
213569409973
213566907307
213554639135
213555144850
213567590925
213551269693
213550149542
213567614113
213551426880
213558486898
213550628825
213563866545
213567860309
213553414119
213555932514
213557586190
213558062521
213566673497
213568429623
213550581753
213564108467
213561546117
213560784252
213564800042
213551013926
213552893241
213552425419
213553695846
213550892924
213559955408
213553189172
213554462608
213565514694
213562721037
213554720048
213562917014
213562680918
213569505012
213565575472
213549390681
213551200048
213566273882
213568955613
213562849495
213562727419
213567809136
213557050409
213558348160
213565617820
213557400495
213559940658
213556109670
213554652637
213556695719
213549062841
213551823648
213568115388
213561811447
213552025634
213568334960
213565959242
213562242806
213568867406
213557853046
213567357026
213568551169
213552301450
213557941227
213559724695
213568118842
213556282750
213561359127
213550072657
213550887538
213558514330
213569629196
213558083461
213556367353
213550635155
213553215636
213569217040
213549543342
213565447315
213549427180
213559474118
213561587609
213551015397
213559942837
213551773893
213559580528
213550792024
213554529119
213551315588
213560200253
213558075319
213550588891
213556000358
213550564840
213564479803
213558925557
213560695230
213552404743
213567345051
213560810073
213566252747
213556229129
213562172144
213554715935
213563127891
213569623089
213555555624
213551460985
213569040578
213549134089
213561211427
213559793167
213560352397
213549991105
213564113780
213555909554
213562274459
213557091185
213568298111
213557655934
213551659164
213558961044
213562868532
213556607576
213563742490
213549450505
213553795063
213557506971
213566629649
213552009590
213550695168
213550997622
213556392848
213569810472
213559766325
213557809437
213552296652
213566574026
213555732381
213567657770
213553416738
213564157164
213560188561
213553992662
213553813194
213550323643
213549773707
213562842557
213549994443
213555504096
213557861083
213558453287
213567723227
213554430823
213566956454
213568609857
213569846809
213566568983
213560590885
213567168787
213563272060
213562164622
213569585710
213550756404
213561556080
213558338822
213563648185
213551901998
213564788618
213557419940
213554961634
213558908981
213557718170
213565064695
213552889180
213557146052
213556771415
213567489713
213563442091
213555053332
213551541234
213550279007
213563408595
213553188688
213556556943
213559426829
213549639767
213564210806
213568289497
213553546869
213568182582
213569853909
213554953281
213550939169
213562298264
213556576640
213555370521
213549609532
213562336914
213553680392
213555904268
213563158179
213566982069
213551108140
213564963103
213565096907
213558423708
213552526752
213564105315
213565368037
213566407278
213566913685
213559410082
213561288926
213566456927
213554203877
213549587387
213564324706
213551851002
213559818906
213559084744
213550389728
213561082983
213559898237
213566151236
213550627084
213550320678
213554111581
213556571322
213559474613
213567397314
213562621805
213549718859
213554383278
213567399144
213567598220
213552902976
213553857466
213567930171
213565879442
213562463917
213560010122
213550047507
213568259527
213566712194
213550086022
213568782282
213562055333
213550450538
213554016629
213555893681
213556470220
213569139734
213565214014
213560610817
213563348981
213560181025
213565472442
213560561020
213553385486
213564429847
213557206007
213566071107
213560599361
213559392528
213553756239
213557630605
213564737731
213555501457
213549721080
213559934670
213559346467
213552247522
213568058546
213565046244
213562517521
213559336161
213563475491
213564892414
213554526561
213558254923
213561505375
213560735020
213549513560
213567239531
213552936914
213569205948
213554253464
213566658437
213557114853
213555008835
213553463129
213569468909
213555352519
213561030268
213549325449
213560730496
213563970301
213552403253
213555390842
213558269883
213557906502
213564335319
213554026195
213557981055
213551494323
213566201815
213562765400
213556682940
213551783530
213550295325
213556820777
213568759350
213559682466
213549103469
213567394969
213564743902
213569524209
213568330529
213552941412
213557503775
213569984264
213554966411
213563362072
213555607154
213568160233
213566552813
213551962434
213557569995
213555759828
213569639197
213559271220
213554070284
213569982725
213559680363
213554037999
213557089439
213561092611
213553210403
213555180775
213567570351
213568454946
213550356017
213560804456
213562050006
213549633967
213564905283
213556171728
213562577897
213553206086
213551194363
213561044053
213554812085
213554974558
213550990745
213562645481
213556575510
213566181648
213559597678
213568160120
213566053944
213551615802
213562613209
213566083762
213566162091
213566061410
213563756273
213550145951
213550619585
213569891492
213551321696
213551807252
213560844132
213561843197
213568827792
213552018460
213563981132
213549932716
213562793632
213553138699
213567471525
213562041674
213558220534
213556316037
213558904732
213554555999
213549055203
213566447245
213553636101
213566890668
213555686142
213569533154
213551245969
213559150284
213558397484
213561429836
213566683228
213557742553
213559248781
213556656014
213568216654
213562058791
213562663201
213569811419
213567757624
213567429405
213552374469
213560997487
213563598306
213567728305
213560664270
213559221316
213562808412
213559614476
213568356909
213559418723
213566730793
213559806548
213562238590
213569535016
213562251199
213553983887
213551709961
213562415807
213565429342
213567755029
213563307582
213554633511
213560794783
213557012250
213568794939
213553035007
213554438861
213560983523
213562086757
213569123963
213558605956
213562535624
213552886062
213557284414
213559150585
213565301634
213549569102
213564890732
213557142728
213554960849
213564616284
213557240678
213560834463
213552419563
213553788511
213566226695
213569037969
213567301015
213565824385
213555382148
213569967431
213550366810
213549374058
213563848249
213549865070
213561553595
213557278129
213562502230
213567914184
213551791398
213562687678
213551545871
213550589709
213568060650
213550798081
213566622016
213552707449
213565470606
213558193881
213561483476
213568205120
213551107673
213553255389
213555703810
213552054306
213560851174
213565727797
213564898424
213565125508
213561252773
213557119444
213561905508
213567138655
213563787778
213559281946
213568000522
213562731476
213568762735
213566170955
213567515474
213565474404
213556957305
213560471527
213558009218
213561178668
213557910353
213561667026
213551192052
213554399256
213561002188
213556987246
213565863554
213562102448
213561762638
213567496307
213555015000
213553548988
213569702681
213565193337
213556452236
213552147393
213549522617
213569602130
213567509414
213558970816
213569148144
213552959749
213566020950
213569105092
213562327198
213549621540
213560408046
213552771822
213560665128
213550057644
213555835086
213559621067
213549310452
213554188004
213551358831
213567599074
213549463097
213557093402
213563747615
213565635273
213554715362
213557498781
213562271421
213563711766
213567521598
213561706236
213553886794
213563964426
213550980758
213554821751
213566194424
213560079429
213562140032
213560870709
213562939403
213567254775
213565692587
213551972602
213564766352
213566757718
213565297297
213553913334
213562082083
213562631438
213554917912
213549682324
213562316241
213567381317
213561813627
213566234740
213563092922
213554091248
213553606018
213562930835
213551456703
213560194593
213564946257
213559566982
213559130115
213557082336
213552098280
213559532334
213563846354
213567007402
213566465822
213565540604
213562987218
213565011087
213552293261
213561164098
213561971057
213561414174
213549245283
213555634138
213553653344
213555449860
213557867704
213558675644
213569960443
213555876980
213564930884
213564174833
213555007071
213551291298
213566885877
213554717625
213558859891
213555815091
213559487751
213564341637
213554566031
213567217637
213562808470
213560286022
213566493612
213566459799
213562988710
213568249153
213559003220
213556798326
213550192183
213563214358
213550716039
213553246111
213566057279
213554510602
213559329381
213557966745
213564084498
213564845891
213553792640
213551776354
213560267457
213555226229
213551657704
213551128745
213564326898
213556210765
213560726569
213551072220
213568793053
213550386531
213562934252
213569862551
213561990237
213555478441
213560042938
213564661658
213549694390
213554154983
213561862880
213566432234
213549750541
213555623204
213560009143
213554102147
213569858701
213551709223
213561590903
213567555548
213562695344
213567339345
213549571368
213557367288
213558718190
213563441884
213554884893
213559718489
213553152632
213564899395
213566325016
213558946940
213564807050
213553077322
213566850981
213569765190
213551463932
213564277313
213553322609
213569623595
213565468817
213563614967
213561586227
213562679214
213566032898
213560924753
213553985385
213555121418
213569837117
213569009306
213566616184
213561263650
213565266598
213567362297
213567260251
213569308655
213565949967
213569386083
213554564822
213565001996
213562465961
213568235287
213564571637
213554191158
213556496419
213555795635
213555774027
213555626399
213563747139
213553118863
213557790866
213551772323
213568325507
213569009399
213560654146
213551653122
213558666481
213561961631
213567329021
213564234472
213564611863
213563486138
213558117931
213556932260
213562939474
213554776336
213564073733
213551466667
213565697174
213562992640
213550199729
213564883520
213564404367
213560329745
213550505471
213564220001
213553436691
213555558945
213552604303
213566181143
213552834577
213549584301
213569086341
213566478751
213569422171
213567328879
213550197359
213566589636
213552083906
213564509026
213560308561
213554155325
213551933903
213551983318
213550164938
213556503640
213557905189
213560329529
213551850438
213552323100
213562409255
213565976574
213567869450
213566113955
213549599749
213558142968
213559238705
213559545833
213552981055
213552605646
213559123105
213564071947
213552606039
213556188434
213568890674
213565161758
213563134721
213566877293
213550363542
213564330042
213564235246
213558272556
213551901795
213549909707
213568880796
213569492374
213558411169
213562675104
213569641453
213560803789
213567641244
213557428101
213550397554
213553197138
213555007223
213553031869
213557950271
213549095093
213566807041
213555653205
213559871841
213569987624
213555953422
213567114189
213569297090
213566961622
213562526609
213550340649
213561254242
213569634133
213561401779
213551203866
213560340279
213562605725
213550083299
213557214555
213555190141
213561334146
213561305898
213552187718
213569245819
213553706819
213558058440
213555910000
213556734354
213556000259
213567442346
213566942315
213566589233
213568522269
213553287661
213550098305
213549829213
213558204626
213568300020
213568721721
213550637995
213559938189
213558990044
213555015549
213558641621
213551794733
213559700468
213569633214
213560865605
213567821804
213559131760
213551809611
213566623024
213558465841
213568084516
213565063153
213553761543
213556831244
213557169649
213553875161
213563421713
213566855457
213562224661
213566195425
213559428350
213569064102
213552809681
213559043350
213555354390
213556460673
213568196863
213566830057
213549391205
213568586328
213556932076
213555625468
213564881047
213569842722
213560148830
213550822828
213567473434
213558809839
213553394468
213553813063
213563224143
213558079090
213553501154
213550804786
213555768963
213568763819
213561929662
213567600367
213561819315
213550437177
213550237691
213549967926
213558646810
213568089907
213558990055
213565533520
213560541077
213550712412
213560634631
213556296504
213559425938
213556856882
213556522194
213555121287
213553584845
213565151701
213560070057
213564909755
213562975528
213567497852
213565797886
213554742819
213558119980
213555937932
213553161480
213557339088
213565146439
213559767719
213566360135
213558536620
213568419580
213563135587
213556376251
213554000183
213559847706
213559546481
213554553295
213563054849
213562053448
213566591021
213564547739
213549418435
213566631215
213550228568
213555274080
213549994892
213556128364
213555247752
213553848594
213552997601
213549897682
213563579773
213554058288
213552646997
213549955827
213561559042
213567408667
213552626672
213564806864
213556293071
213564804056
213568430136
213556549926
213553124249
213559785910
213566730932
213555064399
213557452174
213556674298
213564009022
213565118100
213568453818
213558572774
213568523372
213553203127
213554393332
213567224149
213557490003
213560936183
213568258880
213561767127
213560628867
213560011652
213561037876
213568522405
213556290246
213562680479
213551937034
213551685525
213563683546
213557784543
213565332372
213568402432
213569430372
213564873697
213564407365
213551290244
213561018226
213555721657
213562437756
213565894874
213554673497
213562624786
213567082518
213554534159
213568719768
213562110117
213567358480
213549357763
213560538081
213568704028
213552518874
213556693361
213565679437
213566734139
213549465988
213551352116
213558586699
213566089016
213566267960
213569731763
213552103562
213549243594
213558291580
213559536000
213555668440
213565750952
213559368576
213553966573
213565190061
213558520011
213550397262
213569259351
213552267369
213564245144
213555485677
213563367622
213556359114
213551319424
213556275213
213560401919
213551843063
213559858887
213553760955
213561804392
213559246348
213556549877
213562991226
213564434221
213553381667
213566930238
213561194846
213556070396
213558714579
213552956482
213564949077
213561830147
213556768411
213550829427
213550837816
213550121346
213555225514
213554451345
213551110831
213559833441
213549205435
213567014460
213569958683
213552670474
213555419728
213563415256
213552792454
213549993887
213550615727
213549296509
213568134467
213557204016
213553642572
213563891437
213552755284
213551851857
213553324265
213555490965
213554358366
213550308777
213558290499
213569912850
213550564119
213559639241
213553321432
213568237328
213562977078
213563818865
213550519460
213566582644
213555703111
213564027616
213550542967
213560949498
213567371880
213550719762
213569028609
213549033636
213550184888
213550718731
213554697487
213551096233
213567637036
213558091420
213555398330
213559256672
213568269818
213568998155
213549544329
213551461478
213567519069
213556871813
213564502375
213564942090
213553339894
213550773346
213555383618
213550480423
213560688569
213555811191
213549574840
213563622926
213561666691
213550641128
213558564966
213554879264
213565007220
213555881355
213560006610
213562243824
213565996793
213564463923
213550210240
213549997864
213549617756
213565994314
213550921143
213554300081
213553718248
213561234843
213562153179
213562183723
213555373646
213568542894
213549156579
213565631841
213550928472
213566783026
213554392101
213558547994
213561577803
213564201962
213562959405
213568976753
213553933091
213551977789
213553656316
213549071617
213557064119
213549356848
213566921575
213560503660
213561423412
213553552941
213552378101
213553095440
213553440358
213550811477
213552550324
213568153883
213559601269
213556765604
213554606130
213563071343
213560589515
213560718380
213558642899
213559409033
213558839194
213560397137
213563528305
213563277733
213550077110
213561501163
213553144558
213549393464
213561483432
213554787025
213559813717
213559995124
213566505408
213566053583
213556406138
213568908069
213563319426
213563394701
213568093436
213553319376
213555266607
213557691154
213559068038
213550130961
213569825541
213550265787
213557328946
213559647585
213560192689
213569433585
213568768179
213568242147
213558839788
213556122648
213564048386
213553895700
213557185515
213554363326
213555225788
213566040394
213568992930
213567579326
213554132476
213552617609
213561841646
213557801762
213553649527
213559659434
213554006615
213552909743
213552041660
213561888491
213551814203
213557233961
213550805915
213559053516
213566417180
213549831050
213566026725
213567226820
213556366772
213564033070
213567817380
213562500826
213562523350
213555345799
213568364652
213553348461
213551664041
213566626671
213565189319
213552946162
213557531468
213552127614
213561089763
213549265158
213568111702
213562063987
213549461459
213567277095
213557074881
213561325550
213560906620
213566361129
213558998801
213563865655
213562321979
213553041425
213552671189
213556318323
213563644402
213555148614
213552832102
213569304779
213552130302
213562188187
213565604797
213566773470
213569436645
213556715062
213561089959
213567946624
213553343581
213565211283
213554030438
213556458033
213549019773
213567746900
213564179577
213552771265
213559079735
213551618074
213551902360
213554743881
213551306435
213549705984
213549895706
213557465902
213569270006
213569962968
213563638117
213567088613
213569588372
213569762000
213565496387
213560758186
213561700610
213552444557
213559204624
213553090019
213558422521
213553068866
213561869299
213560022974
213563395915
213564310315
213562583377
213553855786
213555508030
213568716603
213562325495
213564544825
213565721784
213558684803
213553023508
213552689005
213562456264
213569275151
213562712990
213553985817
213569058446
213564460853
213560534140
213559542163
213554357776
213556187441
213558192847
213568247953
213562356318
213554552058
213559431725
213552840725
213551913302
213567518271
213555525225
213562976403
213549143850
213549988448
213563682753
213564197982
213560429792
213556599572
213556600084
213569966871
213552560822
213555108320
213562560592
213566553492
213552284447
213554074151
213560280482
213567384645
213567118547
213557659055
213567992694
213565702141
213562119652
213568669727
213556108721
213552819424
213558120037
213553552685
213549454297
213560416617
213551232881
213558454138
213549612461
213562566806
213561353512
213553804832
213563096549
213553383829
213556286744
213553732913
213549146962
213559834211
213565714180
213555509268
213550208754
213561034861
213567992115
213563932098
213551616407
213560154981
213567178063
213559548465
213561855130
213562444537
213569259827
213561822475
213553892977
213556900556
213555472887
213563890424
213558407416
213562036551
213562528987
213565098060
213558386367
213563592646
213559120968
213559264061
213559933641
213550184281
213554747904
213565303373
213555262805
213557119825
213556214613
213560544168
213565863004
213566201843
213569027345
213563161309
213569723798
213568400011
213568382128
213565939798
213561360643
213569471122
213565717944
213568515654
213558524209
213551689424
213552261589
213562658538
213552240482
213552202966
213561889667
213555641064
213565083508
213551009468
213561876392
213554429652
213555002627
213557381866
213568431988
213557201243
213566932873
213551291204
213555203785
213565894148
213563148966
213554556670
213563472164
213553162327
213552222637
213550012228
213565717449
213565605728
213551944864
213568960253
213555412911
213568690519
213553561586
213551841200
213550688019
213566388603
213554392320
213557283309
213566694814
213554849893
213551368830
213551162691
213566357146
213555032922
213569563160
213555303906
213554729280
213553004000
213567636895
213559535472
213562444358
213568298944
213559612605
213559092626
213557780045
213556491664
213564524874
213555326125
213567914786
213558282914
213551951777
213563895251
213556924611
213566125526
213566413164
213553506842
213564395590
213555171219
213554752174
213553629237
213558292991
213550862505
213563205332
213562924129
213569254360
213569733978
213551056956
213567518428
213559417509
213551151480
213569126654
213568350285
213559257121
213550491496
213552429429
213563837068
213553820790
213559384874
213562667875
213556940612
213569615710
213550887161
213569648066
213551284608
213568019044
213569947061
213552419776
213561836905
213560522434
213561905735
213561888661
213556439124
213560231418
213557361618
213550518324
213558234891
213555791379
213551062405
213560026161
213551402801
213561674338
213550083607
213568948755
213566856378
213555764832
213567420622
213567071989
213565250749
213567329581
213554897165
213552745803
213567801328
213556279898
213563127983
213554608478
213561002712
213552175129
213551261098
213560707209
213559577774
213553380193
213564841065
213564481719
213566493194
213569148236
213555909954
213550514005
213550467364
213559904950
213557787932
213552082634
213560289598
213552463828
213562281518
213549167075
213552673807
213552765866
213557927638
213565154182
213550462345
213559696368
213564851417
213560964835
213565344146
213569536071
213560225771
213553801821
213567168475
213563445645
213560826593
213561309607
213555390088
213567695393
213550269526
213552613975
213565717944
213549608904
213564970020
213552483058
213557708694
213550296738
213557743493
213553338412
213556005441
213552861551
213558209383
213563385909
213553330095
213551844109
213557464330
213562503810
213565371049
213557608149
213562334106
213569856276
213559000136
213550752621
213554902500
213556675096
213555331544
213562338185
213549414129
213565519336
213564269694
213556912013
213551407845
213566677132
213568388812
213564984792
213554950630
213555675683
213554709665
213565722502
213559632685
213555380762
213553846081
213562341651
213555885699
213558185129
213553141132
213568562716
213549590864
213559005672
213554745995
213564586579
213551248831
213553021801
213556587421
213569234862
213554836000
213556707772
213552459552
213567476735
213566966627
213557207599
213568230442
213557800906
213557160454
213568250216
213549356523
213569968609
213569536765
213558923065
213554985821
213562439697
213567603532
213562053220
213565463476
213560132541
213556257068
213554389815
213564337273
213551192553
213552414642
213561329801
213569454073
213566928092
213566931534
213549873001
213550413681
213554528621
213561665619
213561942351
213569886884
213557940232
213559251888
213555192592
213555107914
213559671514
213550206999
213561274560
213567608582
213552112696
213565191958
213561850953
213569647114
213569399587
213569926081
213561766940
213551444210
213566050739
213550705849
213553190901
213551493664
213558131686
213569267187
213558637369
213559447581
213550749521
213562584837
213551698044
213562713371
213561078725
213550090300
213567731395
213554605086
213559805296
213562665172
213549374913
213554248923
213568846370
213562752440
213553041827
213567466084
213553301222
213560226308
213562390575
213563025479
213552224722
213558484760
213554003110
213551843785
213569889176
213564843120
213568298583
213566978457
213562733871
213569941358
213559783058
213563855141
213549969901
213557556865
213567913590
213555614993
213554585852
213555593462
213561066254
213551009547
213554266136
213567126157
213557605402
213567541002
213568682401
213554802171
213559983210
213563799243
213564897919
213553360880
213557375778
213564478827
213562582818
213568850700
213564857804
213555481605
213552468106
213553590727
213559566180
213550267462
213549172500
213556137617
213563330503
213559511703
213549861581
213561299255
213562459823
213551074072
213553724827
213563408965
213554598520
213550547986
213559188201
213566103244
213562815058
213563125512
213560472146
213563226697
213555441072
213565889163
213549132841
213559772936
213555601800
213559303640
213567228721
213563924074
213558963350
213563308922
213554797951
213550980263
213551819555
213552728898
213568473373
213565276911
213562162751
213549609158
213553118418
213568480384
213564085175
213561601889
213561850089
213549666392
213562428839
213557565926
213552306346
213568281177
213557688340
213556614655
213556584560
213568144155
213554157694
213569998096
213558335333
213556007817
213557796464
213554627320
213561591877
213564068740
213559862376
213550501492
213566145997
213553121411
213551555070
213564589754
213555443234
213560100417
213559488286
213555729102
213561427940
213566347056
213563355018
213567131168
213568571007
213552128666
213558046086
213558958292
213560397330
213564499980
213567655730
213568730581
213553803326
213566566285
213556615601
213566823277
213569664491
213554020141
213562463265
213568888648
213559654959
213564016291
213562569166
213569476148
213559599838
213556504766
213554334660
213558552738
213551700785
213560513751
213566759825
213565664891
213566832350
213553131280
213558069960
213562717035
213556759385
213555971677
213563489217
213566539946
213564711483
213565479950
213567660794
213564882461
213563729323
213554077456
213569437194
213567956253
213550315838
213552282515
213556036738
213549970595
213566107768
213552841979
213549798625
213550303357
213566665774
213564657906
213556977698
213557791580
213551640695
213558519324
213559023983
213569725310
213555177106
213563037731
213567049297
213561945567
213551809426
213554354011
213569281980
213560144527
213558667357
213567850263
213559797972
213560694040
213549161212
213559171712
213550993819
213563688048
213565234403
213554431661
213566058468
213564196259
213557439025
213569205407
213563693444
213563121848
213555406385
213559970233
213556049365
213551336174
213549191385
213567201668
213557820045
213566494953
213555451777
213556457535
213557164826
213556244155
213559297215
213551007708
213559101369
213550926657
213557426176
213564407971
213554642583
213553582439
213567187231
213550846500
213565618225
213550833282
213560601692
213567611099
213567406665
213565437587
213569834369
213555158597
213553975262
213549972870
213556943727
213566195093
213549601671
213565877665
213554995566
213558234186
213569757761
213559962144
213563939626
213556829844
213564804644
213556297964
213569924537
213569898837
213564264723
213553005507
213556498639
213555596185
213557373444
213550616659
213550054257
213567112991
213552005325
213558462367
213559466542
213553055666
213551074316
213568815680
213556829240
213551236068
213557155701
213549937714
213549119602
213558629722
213562625259
213555173811
213560729961
213549927660
213552212378
213559013917
213563666849
213562873787
213549237915
213568374466
213552133334
213549805999
213569501654
213557891133
213551179936
213550347662
213561526495
213553684632
213559748409
213549687746
213555211663
213562305442
213562005537
213563022324
213561424958
213551447030
213558563718
213569611030
213566791534
213568206811
213558265117
213565746325
213560019402
213557525620
213563256841
213552850188
213550801701
213569946811
213563118652
213557034138
213560435816
213559786269
213550081153
213551166787
213562970124
213552031215
213559757715
213565342515
213563735613
213567446549
213564167923
213569544526
213558152446
213556131833
213550922215
213569381609
213556807580
213555848996
213562148867
213568691857
213568833582
213554447110
213557868525
213568405631
213569313223
213565169153
213564174717
213555053606
213557186046
213561229862
213556194458
213558048764
213556251148
213554182318
213556587667
213568591457
213560867314
213556548381
213555431999
213552274517
213564178363
213555302884
213558541003
213551197447
213553403057
213557620425
213565693291
213562879733
213564954032
213560594840
213550966217
213553279214
213554717759
213566803278
213554651299
213556469785
213567363597
213561628830
213568589049
213569656767
213566460794
213564055388
213555020225
213566261360
213556514635
213551809920
213563950279
213554817756
213560675664
213568620282
213565888866
213569844270
213557220606
213568804838
213556692250
213559450487
213553793142
213558733013
213552544658
213558063359
213555730981
213566820095
213569761791
213552292802
213551705893
213556571878
213554123356
213552381943
213564762449
213556557963
213549610185
213549813069
213561936343
213558650506
213551606930
213563701036
213565076039
213553730232
213556804058
213554843725
213569150992
213567469051
213552897708
213551149577
213559378634
213560153315
213559649403
213554668237
213565692166
213557492740
213561235026
213557918355
213560146799
213554562448
213556847870
213557346486
213549313324
213555825875
213566894841
213561306784
213549666402
213569273498
213558583976
213565958206
213551492528
213550174620
213564805177
213557514615
213562558310
213560252652
213550154540
213559651951
213563707383
213562793635
213567313252
213559555961
213550056494
213553680963
213555019997
213549717511
213558203104
213563478772
213561168792
213561534428
213562949805
213561988488
213555725358
213552592550
213550599662
213558259911
213549355708
213549751583
213569180180
213552749166
213558907568
213555477557
213560017926
213551961907
213567807760
213564337765
213557377403
213557774859
213563922715
213569605908
213559832453
213555864181
213569067054
213556764689
213558787995
213557494743
213568725823
213562352859
213550530537
213568475477
213567327371
213567238399
213563647947
213568392719
213560915635
213561118941
213566501480
213560362536
213556219622
213550580312
213549563559
213554378163
213555619894
213561686039
213567386549
213566843605
213569878652
213565367042
213565017215
213566293275
213555202562
213567515094
213551057380
213553636611
213554825026
213554966814
213562198905
213563446087
213563772866
213561982583
213553746075
213560653521
213563962623
213550789964
213552996128
213550043638
213559962407
213550087954
213553987061
213554714205
213557582410
213567809043
213564438252
213553114273
213563515153
213569937782
213562454032
213566132012
213569992248
213567670214
213559857613
213569506052
213562638661
213568443583
213568729424
213564092611
213568588050
213559787513
213550328044
213557039343
213564584211
213553669050
213557536395
213568677099
213560301737
213563051117
213560605076
213562054841
213553942801
213565264748
213549419535
213566692781
213555447048
213568910528
213569585735
213569904876
213565014722
213569010460
213551760228
213566274933
213559093569
213557215012
213566866938
213560710275
213559161240
213549726422
213567978613
213562771233
213550610862
213554343907
213567198583
213562619096
213568300249
213560201666
213567940440
213567023502
213556418801
213560212324
213553185003
213555193353
213564976086
213554181666
213567560054
213569970609
213552123811
213549356053
213565611708
213557378191
213565165169
213561681888
213569164096
213564497539
213566380041
213561983485
213566755425
213550394393
213565078396
213553818774
213553760214
213567223264
213567792146
213559909906
213560441175
213561183502
213550730544
213555674159
213552006431
213552399797
213555247410
213568232251
213559354938
213558200056
213565869203
213552848803
213557875057
213565359590
213568487393
213552631416
213550972908
213549164030
213569096913
213569521795
213568954780
213557050077
213554808200
213550372158
213564125002
213551932989
213556705268
213554082751
213561043854
213566641999
213556349614
213567228073
213562819695
213558372137
213563169440
213552564833
213549494333
213568274119
213556521338
213554545132
213563199392
213555514710
213549919216
213561460208
213566949220
213553248169
213549289562
213565615351
213558826964
213562541808
213551230428
213555755347
213569338134
213566581807
213557530056
213565812607
213563401564
213563307935
213554458735
213553685190
213561130125
213564495770
213566062957
213555287195
213554596543
213551921356
213557438919
213566098445
213549115474
213549294800
213555359472
213555969529
213562478758
213558069262
213564227208
213553471512
213554461820
213550067712
213557931884
213564832037
213552303891
213553595042
213561157213
213569633031
213554553361
213550099642
213550138736
213560377633
213556319820
213549727994
213566793424
213553718703
213549302451
213569318766
213558092461
213558589324
213568714392
213556264045
213557770388
213563525340
213569976608
213564561510
213553224384
213555076530
213552073045
213556677492
213562580856
213554270629
213554210633
213560585804
213566416065
213559348653
213550431468
213564088181
213558308395
213551484456
213560412500
213562832115
213567275094
213561141602
213555951196
213558631873
213559956738
213552856052
213568312576
213560989479
213563477045
213561746695
213550672525
213559732713
213562804322
213563496836
213559376411
213559391349
213549531397
213564027464
213562152619
213550955838
213559778679
213559971544
213550943844
213559888536
213569003366
213550560711
213560872825
213560156993
213550120998
213558043915
213555128208
213569781767
213568256517
213564647871
213564445343
213564809945
213564553183
213552300677
213549799035
213566873452
213568067473
213566167231
213566023868
213565733297
213553078746
213561150659
213551495365
213553875870
213557954328
213563285263
213554501139
213564064388
213558700925
213568191786
213549567397
213554575640
213555915412
213564925136
213553647792
213569837874
213566202366
213567152652
213549578889
213550404891
213564973746
213561940819
213567942534
213562648490
213565709487
213556591944
213568052589
213564758967
213558046984
213557991556
213567809730
213567547208
213564332993
213557091081
213564867880
213566110138
213558236641
213557429945
213555463410
213561037241
213561117229
213552558238
213567691766
213553043243
213556234923
213558588003
213567758586
213566892989
213550544691
213559861225
213554561810
213562800602
213557580110
213556945364
213565114758
213563880794
213569740614
213565971426
213554958059
213566109423
213552119938
213560044598
213566815477
213563042510
213563662883
213550476727
213569808911
213558104941
213559892993
213565304281
213567041388
213565407584
213556219260
213553317522
213560853931
213551691367
213553805359
213569212737
213565988637
213558475655
213560753237
213551148696
213551674929
213557052480
213569676222
213562963443
213550806388
213569146135
213553054550
213549086069
213558088685
213559808304
213550725100
213552711350
213562712152
213562032146
213550977798
213558333631
213552442595
213568873935
213564247160
213564289424
213567035268
213565965075
213550785383
213559612627
213561602492
213554699415
213555001088
213566919127
213561369124
213559521026
213561952763
213560182969
213560714128
213549902919
213569330028
213555770872
213560045978
213550378947
213550333615
213555607162
213559621035
213569102640
213560573194
213568066776
213562622655
213555194343
213558140380
213552526221
213562056315
213562376836
213562029346
213565097207
213558369926
213568106229
213565837297
213562924719
213553525896
213567755978
213561963577
213555548992
213552647799
213568541189
213567557353
213565040771
213564914634
213559122503
213556699922
213565887412
213556070000
213550174429
213552283144
213564140230
213565881866
213555440385
213553100879
213564668000
213561769100
213552691709
213567619533
213566304787
213569270560
213565940768
213563368026
213569959312
213560824859
213567458436
213552650870
213567679493
213569883782
213556074303
213550289943
213550327705
213560232869
213554198704
213563071486
213554152754
213569688562
213552438906
213568875071
213562230698
213561325481
213563650313
213561442255
213568579048
213549234435
213563178541
213549956261
213565796038
213552054203
213564727740
213558038212
213553051375
213565303371
213558996329
213563916584
213567878435
213565674494
213561514582
213565869721
213552720956
213553580519
213560959754
213552834969
213567253524
213558845366
213554010412
213559082070
213561169003
213555496215
213557782656
213565610648
213555550676
213553804767
213568214851
213554668769
213569084619
213558708875
213553345328
213553271202
213565643306
213560323510
213564133159
213555577709
213551054627
213549321567
213565636267
213569336087
213563426299
213563367241
213556725991
213553740450
213564619775
213554306010
213552719061
213569231841
213569030011
213561199187
213554644264
213549680339
213565059403
213556219810
213562101488
213569644075
213569746727
213567308204
213550321333
213553908839
213565408353
213560165114
213563967000
213551748990
213560169248
213551296711
213550269956
213568623557
213555962704
213567174173
213553522659
213553023729
213549750300
213561169271
213554965000
213566523932
213561954065
213561086493
213562576851
213563509730
213552858800
213566711654
213550297129
213550608956
213569195184
213549750988
213555521178
213562375996
213569282761
213551551248
213555355561
213566410824
213554032014
213550513737
213559269459
213563283015
213563941436
213564895414
213569836885
213563488886
213556541841
213567574461
213561469752
213558617466
213564936928
213553730334
213567202740
213553625856
213569700705
213553068668
213569442271
213558372523
213559435140
213565282460
213565151954
213554800598
213564145345
213559182129
213563662642
213562478065
213556262881
213569783381
213550396373
213555517284
213559723868
213553554294
213560683730
213554912807
213559170483
213553877673
213568007042
213552613741
213551266499
213554215863
213552871500
213552396730
213555031043
213562862001
213568747808
213557732488
213558355055
213562022242
213562806112
213554004470
213569140759
213556049569
213549824423
213556465184
213555100329
213561316698
213561349493
213567885624
213567084837
213549219141
213555826218
213561185656
213551014090
213563284125
213566551832
213563449286
213550658434
213565250399
213562423007
213557065551
213561417927
213556504569
213567692246
213551552661
213560920931
213564471333
213560674007
213569288475
213560084420
213562370235
213567548603
213554095113
213565258281
213563610405
213554505816
213555595373
213554624087
213559006261
213551675204
213560454600
213551463618
213568960605
213555024203
213568485885
213565395528
213553479789
213566595833
213553689806
213553870721
213558549967
213557275705
213560758819
213554697932
213549877405
213554214272
213563025343
213569689154
213567024230
213561646223
213566730714
213549090416
213559143760
213549565569
213552978206
213566816270
213558963553
213566019861
213549436959
213557527879
213563999819
213559315308
213569942322
213551434434
213558421488
213556627319
213554626922
213550572200
213568893255
213559123899
213551218298
213568685881
213555603400
213556365774
213565434414
213555332815
213567113196
213557241387
213561252314
213555658272
213553832212
213550647899
213561549982
213549914633
213563087458
213558970932
213564324760
213556903051
213562434630
213569087177
213550095682
213555906184
213554023642
213569290143
213569253108
213556657480
213557701364
213566974386
213556351417
213555694174
213553604120
213568570698
213549989049
213561133167
213566198156
213560267258
213561658400
213556552927
213567163559
213562464821
213554551033
213566756914
213563631473
213551343803
213563768389
213569958936
213556919441
213566236231
213556847738
213563276762
213561685726
213564012602
213553170194
213569282070
213551884021
213566289735
213555604530
213562361172
213558568822
213549170396
213566321946
213556671874
213568887078
213560465992
213566302813
213566080520
213569935693
213565935042
213560966396
213564451539
213557274254
213558243569
213551996695
213569154306
213557605940
213563272722
213550785199
213549968083
213569873291
213555642523
213551005336
213553016561
213560726076
213558774102
213558392000
213565989882
213554035173
213563169606
213562693438
213567152287
213567225852
213560623359
213561580078
213550751958
213551091936
213553024472
213569413979
213562126049
213557811922
213556969643
213553378409
213552298955
213562326226
213557807311
213557680788
213568564842
213563680361
213566269722
213557756491
213551489426
213560782074
213550146766
213568892225
213566063025
213564106206
213561488033
213552849003
213549889770
213562582527
213562254468
213567795801
213562353763
213549860793
213550658078
213557380526
213557471826
213553908509
213567548549
213569323233
213552293585
213561565919
213558521603
213549222517
213559338621
213556887804
213557380200
213549266973
213559887216
213561241368
213563389289
213560500590
213561128077
213555970136
213564938847
213550995180
213561737773
213563556611
213561032140
213554230480
213553394231
213554547346
213564104215
213563703295
213567673444
213553542202
213563049527
213549383134
213558844680
213563970644
213566669877
213566953642
213551341546
213560316605
213564076283
213563196475
213550627768
213566724664
213562955858
213561195808
213562739640
213550194267
213562360007
213566630982
213552718700
213554179192
213553714685
213559424749
213566480183
213550804716
213559105656
213550729670
213549484126
213562439921
213557008996
213563824942
213550546187
213567741269
213569552731
213567172202
213558897241
213553780698
213566724068
213558029399
213566663747
213560309663
213556589899
213551457252
213553126763
213557708204
213561198830
213554952225
213568954549
213568995997
213550538956
213559015563
213555585546
213551898989
213555539382
213566738727
213568981542
213559728225
213560103624
213554316676
213553049103
213551606170
213552197025
213553465947
213560310933
213554469978
213560587472
213553716876
213563135099
213565176560
213565305728
213563316272
213558105372
213549250612
213567111481
213552780009
213560662157
213562326527
213558666285
213552166571
213550547589
213565104595
213566764385
213569252890
213559279076
213555870470
213556263076
213563252427
213554761069
213550115919
213558468646
213559699608
213553342509
213554676429
213566408609
213550421986
213557127082
213555225657
213560113075
213567099725
213553337712
213562209547
213569696594
213563557135
213565795894
213557112784
213569109261
213559386626
213559347304
213568479446
213560617763
213555024733
213549233263
213567809553
213563671256
213555564435
213555918354
213554352791
213558562574
213567524654
213563984050
213552534068
213552679794
213558143043
213553500123
213553748673
213552322826
213549573222
213557992072
213566485142
213566910061
213555209370
213551423468
213565752282
213560490078
213569076775
213565495474
213566564080
213555083050
213564373362
213565081453
213553132408
213563484965
213556135285
213556668623
213564126426
213554931735
213562875530
213557997781
213566848270
213562160548
213563565100
213560395038
213553424741
213550048499
213558517380
213551835825
213554188556
213566069392
213559863975
213556989947
213567940559
213561430656
213565368313
213569866347
213565761538
213554150854
213565640814
213550010461
213549111816
213555840298
213559881601
213569825362
213556104641
213559249830
213558241614
213555671095
213551159690
213550819068
213567430637
213549858712
213562503381
213561974267
213568702043
213568481211
213563690885
213563332096
213563735602
213569979506
213555149218
213559733844
213555958511
213552200011
213554312119
213551212418
213554028964
213566740991
213568026346
213559190799
213566100882
213551006796
213562201471
213551919626
213557435460
213569716164
213568969052
213561708834
213554088125
213549635379
213567605981
213549917213
213556873370
213557892996
213569467287
213556882048
213557898170
213550487656
213566767675
213556556008
213564115927
213551904662
213566110034
213557232830
213569505667
213562786506
213558292274
213566416042
213550674539
213551598683
213559003756
213553564891
213555995395
213554507551
213567417543
213555820669
213562195696
213565431270
213561895057
213556057558
213549348792
213566587973
213565618888
213557099661
213550477133
213563727004
213554849355
213560019802
213566016953
213560008414
213567061240
213561581572
213556874711
213568575199
213562926096
213555456874
213560737331
213558081511
213552995838
213552476875
213549631969
213569609774
213564793659
213559327903
213549333822
213566459767
213567097429
213566957110
213550883877
213551335685
213568156492
213549031057
213554897682
213561774860
213556138822
213552640588
213552000605
213564477905
213569552789
213556762717
213556541191
213549561350
213550429713
213558591083
213560573742
213559878252
213549781704
213560789554
213563451209
213565485403
213557942002
213549270009
213565832746
213562355443
213554003326
213559354136
213561264706
213562908979
213555564337
213553412092
213550098908
213567614140
213555951586
213561135767
213564986366
213568739021
213551564855
213566318524
213568166588
213550608667
213554771964
213554844927
213563797855
213554260023
213568254857
213562629951
213557571886
213560539958
213565360946
213564032180
213561005100
213563349492
213549598789
213552118715
213562886255
213552585289
213564709042
213561337161
213568790506
213558059001
213564866834
213569145511
213568012620
213551789661
213552746382
213558895753
213555525266
213552037245
213565543940
213554358642
213554848698
213552355622
213567457067
213565520979
213560354884
213565192244
213566284518
213564254956
213559091532
213563502112
213562648396
213561556312
213564029888
213549326715
213558079392
213565408886
213565942120
213553570442
213554664134
213556936681
213550287894
213555374096
213568841964
213561112420
213558359492
213554987819
213564606708
213558576445
213566215448
213555531890
213555146109
213560023689
213565042184
213569552179
213550955374
213549878089
213557678919
213559525519
213557380882
213553627234
213563375200
213567608538
213569040734
213565056458
213558773208
213561753407
213561421716
213564509911
213560899562
213551168789
213567690243
213564143411
213563317131
213553022853
213561822877
213559980745
213550478543
213557893433
213562115115
213560641600
213562653736
213560928109
213565747747
213566632086
213555125112
213549567978
213569564365
213564034436
213566027117
213553684213
213563369430
213551839601
213555510765
213567036968
213567171134
213566266979
213569200067
213550998381
213549725541
213558800800
213562825781
213549457345
213550003331
213563742333
213567515684
213569849344
213562966912
213560542179
213549213532
213553876682
213549130463
213549085543
213567647874
213552023370
213552968518
213555259797
213568403223
213555663144
213563197200
213560563087
213556800564
213562103550
213553341054
213550781667
213557013516
213567938215
213559350161
213550004202
213564175617
213565155389
213568718094
213563108117
213562688704
213558329089
213564034032
213567731981
213565739049
213552337247
213565115825
213555008871
213559782965
213567198540
213552891713
213556978154
213569403167
213564833294
213559052774
213551049452
213550204496
213556820632
213549392069
213553710505
213560356122
213557849095
213560207143
213569589036
213564609993
213550433565
213551753584
213560176768
213563182217
213552547132
213565410215
213560578626
213564626357
213567366398
213554484187
213568302488
213560748280
213567994861
213553401122
213567554753
213553092107
213559080771
213555521182
213563632713
213549330567
213552380008
213559508743
213561937063
213551417849
213560067509
213556481593
213569528672
213554900782
213569670560
213554348879
213569912322
213569406694
213568114866
213550182307
213551923981
213549823110
213563410475
213558663460
213559961235
213561708439
213552542934
213561086155
213550886740
213558656390
213551187246
213551641354
213554540250
213553736314
213554143379
213550858672
213554565408
213561906808
213549538699
213555169650
213553990786
213565518377
213563024319
213561391095
213564468589
213569845161
213558165936
213566984380
213549367228
213559867427
213565665722
213556859169
213558609255
213553712900
213567035471
213568062004
213551792442
213562891005
213568039092
213569792681
213555977087
213558278151
213567452290
213564765834
213569839703
213551437323
213553413092
213556043636
213549904066
213558862118
213554940484
213561557011
213565001964
213563958965
213551584514
213565771822
213552534940
213563573397
213568406262
213552158929
213551438309
213554093906
213568330003
213563581548
213555355374
213550187621
213554437411
213560678414
213569874764
213561182234
213549428078
213549636245
213560722596
213563201343
213552290407
213549268120
213567967486
213567826668
213553798092
213551884785
213550661559
213565032050
213558418953
213559150845
213552621930
213567329567
213556376475
213555431060
213558382914
213552388806
213558535579
213556437425
213561927817
213551783367
213551845709
213555209081
213562536075
213563025439
213563822233
213560058844
213568548840
213561220062
213562911160
213555401294
213561766700
213566616379
213566070880
213556941698
213562130690
213552724439
213560089662
213564761433
213554128286
213567481731
213550731670
213552317999
213552813435
213549509711
213567139582
213561693764
213564245980
213558552925
213565033143
213552034326
213550222937
213554745267
213566252510
213565341175
213558995398
213549991940
213555830561
213550903305
213555268824
213567926490
213561135375
213566996370
213566920174
213568708872
213551411832
213567556238
213561976211
213549410760
213562882665
213567507162
213564529012
213556174863
213569234871
213551769491
213567993801
213562479073
213563607734
213568114356
213561913943
213554893325
213558962299
213557685036
213567658265
213567097412
213564094857
213552594218
213563233269
213558810374
213549831623
213555348843
213567284317
213554755757
213553548902
213553514090
213564860920
213558950426
213552787403
213564163903
213559527114
213566534236
213550589754
213558496397
213569339487
213559514044
213553094335
213560158015
213551846142
213560409388
213566609108
213549342902
213567494706
213561213863
213549567845
213555619782
213563411002
213558945858
213550517143
213569510506
213559978869
213549012354
213553182856
213554983619
213550396513
213551151876
213555953868
213568248021
213554715591
213569896840
213566859612
213554508212
213568117959
213560042626
213554193826
213567158623
213565273123
213558903934
213557215559
213560661666
213566729508
213557720118
213564109310
213554641773
213565237589
213553051983
213560689775
213558722648
213568315421
213567845937
213549301289
213569043364
213560012108
213569415286
213563710171
213551702409
213558013343
213566808210
213553812008
213561766384
213566276337
213568005320
213549852510
213564659783
213563997118
213561095633
213553219791
213551111564
213554507921
213561687417
213563251513
213551261760
213564150823
213550891767
213562862171
213562738508
213568338603
213551338183
213557731220
213563024540
213556277036
213554242886
213561213745
213569232457
213551335971
213553190194
213566924772
213551516378
213555879829
213554440813
213553352704
213565301633
213568742981
213563898986
213560733786
213553201723
213560202601
213564016403
213558289594
213550442515
213567298390
213552630402
213568318116
213569158382
213556769271
213552613027
213566845775
213557630646
213569343862
213564635019
213558183874
213560010163
213555530110
213567069631
213555843158
213554865926
213565079300
213562739862
213557444257
213550516493
213559685660
213563268873
213559262493
213565524802
213558816550
213562657083
213551582662
213567015011
213561070982
213550850217
213566997721
213555992519
213565255468
213553007753
213563502825
213567506541
213553838333
213555294988
213569880335
213560529759
213566887112
213562876275
213563202841
213551624831
213568311658
213551263643
213554922585
213560761301
213551661807
213550486355
213551989812
213562513597
213564115806
213561150752
213551872037
213557178763
213567824523
213555252238
213567562281
213558324332
213558806575
213557030074
213557019379
213552135032
213558528011
213560260485
213552906631
213567132361
213551712905
213559177159
213566010926
213552242199
213560308006
213554356725
213560981461
213563329485
213568832243
213561332527
213562717628
213554472964
213565709710
213569447056
213552910129
213561698972
213566256456
213549615639
213562835893
213563113059
213567835425
213564820873
213550920677
213566715201
213559516416
213565347146
213568307113
213556840184
213566753973
213552174426
213557761491
213562426358
213553114591
213558762889
213558638058
213562383440
213554038913
213566778311
213556187585
213563547526
213553239092
213569037778
213559287349
213551336982
213563730168
213558980702
213561915877
213563309277
213563209211
213558291663
213569596682
213556338342
213555883884
213556717082
213554985071
213568484402
213550972907
213562010282
213567930805
213554598937
213562404702
213569247204
213560501632
213562482617
213557657220
213559497478
213564533485
213558454352
213555072251
213560978508
213550240001
213554606056
213561696876
213562212747
213566006128
213558967810
213551164694
213552605171
213558989240
213565729100
213557454645
213550290444
213556682312
213569562225
213561234171
213552967763
213564329957
213558467172
213563552645
213567074942
213553901409
213557725262
213556954741
213551240453
213550820183
213568353949
213560024088
213562393770
213555846130
213564581945
213565193645
213569556497
213549432033
213563787338
213552756345
213565792032
213549339742
213566322209
213568162204
213552166024
213549359200
213566938325
213557386769
213555935536
213555647486
213552269278
213557672507
213549328225
213556934109
213552548415
213552422203
213560580269
213564982230
213552562282
213550151149
213556577757
213558560022
213558574044
213569722844
213559908075
213563348099
213549897078
213565790317
213551613547
213557562765
213568105141
213567868594
213559410541
213567930571
213549811995
213552810305
213559725267
213549997034
213551783696
213559928422
213568767532
213564492394
213569605495
213556553608
213569977595
213550650672
213550553021
213568695441
213559393733
213565727991
213563262282
213552299091
213549528148
213569754517
213555058349
213565026592
213564370376
213553705879
213565184014
213561861410
213565203147
213552813414
213563593767
213564415986
213561417097
213557308507
213551516191
213559446905
213556757823
213558618040
213561456632
213563893220
213554850391
213565458719
213569119714
213555363999
213562782829
213557057720
213556857815
213549160429
213559659274
213550579144
213561160387
213552719589
213554677227
213558693836
213567396580
213561161968
213555672234
213569930680
213549708134
213560373463
213566566652
213551631726
213549107095
213563614653
213559979206
213563962003
213569512895
213557517119
213549321217
213549744281
213558452558
213569808183
213568912674
213551834335
213556304860
213549524035
213569582856
213553565113
213567309733
213569009733
213549708741
213555513588
213565108930
213549623072
213569478547
213551402774
213567293779
213567724418
213549687676
213566220457
213551124747
213560299147
213566399792
213563872679
213562052168
213555111774
213566440069
213550943737
213555953218
213549185859
213568106107
213568834621
213560639794
213558327937
213562623226
213568575694
213553775975
213558116495
213566528491
213568571027
213558775782
213551537348
213552493993
213555981437
213562215612
213559580378
213558516994
213560324070
213550104303
213552778162
213559027069
213565004874
213550090208
213562397373
213555299720
213569832243
213554746193
213554885372
213566275607
213564322002
213554015285
213564791735
213567070282
213549027681
213550230676
213555897244
213565505995
213559754230
213561448997
213563126136
213549421788
213565566036
213561958187
213552450326
213565113809
213565886868
213566923118
213551503497
213558708493
213558053550
213549105173
213556403551
213554805915
213554867481
213562474275
213552660976
213552048596
213552949201
213565771034
213555358980
213566054607
213561486748
213566211394
213563774987
213552186406
213558863228
213567662221
213567125741
213550181023
213561231458
213560697910
213555389154
213551559983
213563477919
213568402330
213555802481
213561188319
213549867762
213549647052
213550093640
213558105479
213562270379
213563586749
213555951881
213549492641
213557784563
213565925399
213550201003
213563462950
213559615248
213556587706
213567929288
213551628656
213555605251
213558213136
213565636887
213554672001
213568965937
213553419791
213554165738
213569358452
213559059992
213568052222
213559165758
213551484247
213556297300
213551103620
213555408778
213567866669
213566326060
213562325537
213567305202
213565176193
213554988979
213566492834
213568407054
213568385321
213564416956
213549564395
213566458909
213555829842
213555834724
213553456573
213558730832
213559221406
213565387298
213553821051
213550414836
213558206583
213555704839
213567333622
213562777693
213560601626
213558121350
213549897595
213567311293
213564973845
213567026893
213564393406
213560058289
213554990762
213551892431
213552863081
213561726390
213558268063
213567909383
213555698327
213567635111
213556788082
213556007032
213568716622
213559521651
213552209301
213551765185
213564489811
213555593449
213566667189
213556625071
213562624942
213550148081
213566832365
213558410676
213553977571
213557382982
213552755970
213565543238
213564520935
213568236616
213549319574
213561337851
213549638899
213553111602
213550445760
213567492293
213559831235
213562030958
213559241402
213554723699
213560289850
213556977229
213557079194
213549738340
213558775391
213555795249
213558616764
213562942281
213549948284
213562983598
213549089539
213563026578
213562152640
213559764521
213566299554
213552057894
213551836325
213556603046
213568734093
213549277675
213551643950
213552056029
213552965781
213553315019
213560272825
213553499383
213556462454
213559479468
213558305793
213567380352
213563331963
213564001036
213559350177
213565763395
213565097260
213568465122
213560633670
213549637085
213558502654
213558069491
213554957566
213558964766
213553791504
213569163066
213553234349
213566307393
213549735322
213556446758
213556660231
213556355289
213554584331
213549121042
213555727139
213565975103
213562602207
213563165004
213552978459
213558325038
213561790502
213562291219
213555032676
213556274437
213552139292
213566015968
213564284582
213552941436
213564313903
213568083945
213554749592
213567862810
213551784477
213555131751
213559169716
213566797746
213551788990
213569311469
213560220854
213563691641
213556347046
213557061436
213551561074
213568396810
213555840800
213550747594
213555658125
213560609371
213552096262
213559961099
213555903717
213552289631
213569385902
213555143271
213558711720
213556564904
213557605656
213566694792
213552290549
213568113715
213561005534
213560636674
213553454107
213569656743
213553033833
213564926224
213561891613
213563183896
213567034731
213552639539
213552982848
213555972137
213550935638
213553057644
213556947581
213560047769
213565640145
213557202836
213566232592
213561774475
213566296612
213550216963
213566937805
213568894049
213566090417
213551943123
213566384567
213550612892
213564395724
213551251933
213551329375
213567023575
213564090412
213554243234
213556058864
213564012182
213567038835
213558362457
213554056540
213556277716
213551083297
213560112714
213555588181
213550852418
213554413570
213568615404
213565308971
213550390687
213552311231
213565176638
213567956274
213567740620
213557085230
213552967413
213550537798
213561510572
213565678143
213558890384
213562937802
213550805214
213557849617
213554460331
213551312378
213552765537
213557829330
213569192235
213568930790
213565676603
213561409867
213549147726
213568270614
213557226634
213562845178
213551268928
213551538280
213566145015
213566212946
213562491575
213561747216
213549751164
213565616580
213557211575
213563928949
213566958330
213564050041
213552274012
213567162432
213566380572
213552696284
213559479155
213555720233
213551451129
213551831169
213557279866
213559942827
213566834297
213553025781
213556582771
213561144178
213567587167
213554767231
213554863550
213551970578
213550735949
213567503088
213553493495
213564466976
213556378689
213550301376
213553485543
213567150631
213560792180
213556678121
213560657308
213558081881
213566333365
213564640652
213558080141
213552028784
213558809623
213558272249
213557402293
213567558069
213559464185
213550013448
213552991290
213565791454
213552110167
213559219534
213556446168
213568664924
213565570251
213563982663
213567755930
213563404844
213569131823
213549683238
213565029292
213560092918
213555023539
213569188482
213568533145
213565047807
213551715565
213550955450
213560796909
213555979007
213555894182
213559175275
213565458047
213560835323
213549148816
213563903388
213564393498
213557887595
213566853328
213553226825
213564812378
213552868612
213568511447
213567099435
213556284684
213564390283
213562662238
213557007121
213551991403
213553237950
213557266890
213559286918
213568766218
213568164429
213551755719
213562579828
213569701758
213560580335
213556697236
213551162309
213561293568
213568218819
213551722976
213563155438
213560637879
213560524277
213563574300
213552614917
213568472557
213569519448
213561716753
213561859790
213563574459
213551553716
213558601570
213556942287
213551318395
213559012384
213551740877
213557490824
213568977113
213554784579
213553060618
213555319522
213554494320
213563846532
213564461279
213559504385
213565290520
213552443911
213565872392
213561383301
213562577004
213558120289
213556896183
213564651694
213567121623
213560002907
213553843629
213567580977
213549207423
213559196722
213562881510
213566250952
213569643571
213569393185
213562281599
213557358967
213564715053
213554868700
213555635086
213549937102
213552345754
213549093073
213567970341
213563062596
213549169574
213559031153
213559463559
213560621053
213555743705
213561265451
213553127682
213568086408
213561227588
213557930290
213560622712
213556713851
213569421605
213563634047
213569024423
213551105017
213566298738
213560236201
213559258293
213567499251
213565814404
213562359643
213552972272
213551149336
213559199922
213563608226
213562325378
213564246687
213563567149
213561318685
213550835582
213567598526
213549397030
213555313071
213568887079
213550596861
213566904425
213561325068
213564635881
213558547296
213554230999
213569859288
213551804639
213565087931
213561275379
213561205681
213568116417
213565030874
213559441085
213549079660
213560408132
213553691498
213551637155
213559406275
213559544344
213562854710
213560763625
213549714874
213555574989
213549986020
213555671170
213557150388
213567930107
213553370858
213549983981
213552013292
213562807169
213553474810
213555360812
213555213490
213554721589
213550037247
213554953109
213556424698
213562051931
213549112581
213568778852
213554515587
213551680070
213563643549
213550410166
213554991727
213568082513
213554967942
213561559222
213564351527
213563467897
213567084370
213561444800
213564942029
213566487973
213553716673
213556618750
213568468952
213550924241
213554056429
213550347499
213560219599
213557581729
213558370523
213568189816
213552915651
213560259379
213554188409
213568464453
213551121398
213550646970
213564511292
213557290985
213551850680
213566279791
213558972715
213567512450
213558076571
213563867085
213569656672
213565673177
213550526784
213558609926
213566123136
213562606283
213563081594
213567228383
213563440584
213549366615
213560278800
213566653460
213555866336
213552981384
213568504565
213561849510
213568321023
213561432324
213561679746
213553864312
213569534100
213560384830
213558755305
213553639008
213555489285
213552148809
213557095996
213560352599
213561900087
213563311011
213565086292
213566895497
213551397066
213551028049
213551706665
213563283169
213559588225
213561743537
213552479657
213552759884
213568008187
213555251382
213568485258
213565441516
213553076199
213568087939
213559535162
213566393312
213559501330
213568674490
213551763406
213557850358
213551807114
213549317227
213564271834
213549764243
213566377045
213569296853
213569194663
213549391071
213561153573
213569831022
213561522012
213551519226
213566075064
213558790072
213563024119
213563323215
213564410664
213561535188
213569320647
213564960832
213557557123
213565962851
213564904488
213558173297
213550294483
213554180299
213559209417
213561459376
213562579525
213559607768
213553238160
213563475975
213561754690
213558779429
213558260200
213565905690
213556265564
213561750728
213555217229
213561034590
213558121213
213558335498
213569480478
213551777983
213557735549
213559359390
213552083413
213551196350
213567069677
213568743364
213559401343
213554221524
213552244143
213563771693
213551187305
213556394601
213558087398
213558284680
213560030646
213560148089
213566882163
213561703829
213559880039
213562160368
213554261517
213553464515
213552453773
213566142749
213556735542
213556449310
213568569239
213565067290
213558127399
213562650456
213563765983
213562884924
213567747169
213551043504
213562518588
213553576760
213563767670
213550884292
213560454451
213563161020
213565014964
213567827198
213559325122
213554370891
213560621127
213562488823
213554231298
213551556689
213563544331
213564757884
213564266681
213559472652
213549740561
213559397956
213559205861
213553353309
213566681802
213561534253
213552628340
213556535324
213568873153
213563768288
213550150898
213552201270
213551547895
213552539656
213561011232
213569992810
213551579281
213567021743
213556101160
213568008912
213560972380
213567595052
213560495718
213558061656
213553240085
213552372384
213566073473
213569886289
213561493599
213553855805
213562566652
213552960629
213561067467
213563541637
213566872856
213558654191
213561922697
213556219113
213565204515
213554750555
213560279386
213565665273
213552259056
213549984599
213567046785
213568347091
213552302568
213561804707
213561740842
213564560492
213562863614
213562987241
213559645534
213561243328
213552139757
213550028132
213562984236
213554305734
213554373409
213559055980
213557305343
213550720281
213559201961
213555819505
213565157921
213560437704
213567487742
213565045596
213568801952
213567421287
213559227017
213561064278
213551803617
213559163634
213552091827
213565695019
213551107578
213568125432
213553501637
213558560306
213565213077
213549902443
213568191230
213560699179
213566226830
213549318393
213563491897
213549744918
213566080857
213551070726
213567448072
213564188666
213552466491
213554062240
213550406502
213552227492
213565150629
213549158795
213567922514
213560269310
213560602230
213556436406
213554228207
213565675767
213557640531
213553526749
213556806546
213549386995
213567355956
213564538469
213566217163
213550363843
213562080136
213565404182
213553426593
213569485566
213564366639
213565947583
213550318343
213549274314
213568616157
213550226101
213550010547
213555242688
213559853907
213563242527
213550782762
213566734285
213568822134
213564289947
213551411722
213564107829
213558355106
213562486318
213560055163
213567152414
213555847269
213561246819
213559550762
213559398879
213550474919
213549395640
213556204550
213567316304
213552363734
213565056860
213567423561
213561614732
213566666765
213563336106
213557533041
213550626454
213559239333
213561871590
213555049541
213554193131
213566012367
213557963829
213554030593
213561542544
213566299558
213557944310
213552652216
213554485837
213551078505
213562970534
213554373547
213549930856
213549536843
213560616382
213554874233
213565551550
213549736984
213558776392
213549794353
213550114847
213560543533
213568845947
213567851403
213551369111
213559791579
213558260504
213567096462
213562102072
213550003002
213567140732
213560013215
213563012848
213559265226
213566963004
213554080233
213569332276
213557274905
213550805469
213562881376
213556046764
213554077213
213563899312
213559687598
213553398622
213561540791
213550348541
213563540125
213560243888
213565591823
213559368600
213567937170
213554107384
213553986069
213560206991
213549610792
213563242157
213564564335
213559353433
213568302443
213550588465
213561409114
213550416043
213549511971
213563875752
213564670933
213564557777
213567717452
213563680086
213558689023
213558037226
213560684003
213556993582
213555481417
213567594270
213556422609
213550596332
213567407684
213563113740
213549474627
213560366245
213557499248
213564962186
213568568332
213559719065
213562408694
213558238631
213559406943
213565580965
213557682595
213553576625
213549317074
213562044287
213566143450
213563932155
213551955912
213558686217
213553996082
213564003360
213560351149
213559664232
213566798832
213551202664
213564800943
213556276472
213566149483
213567458467
213555815175
213562941692
213567587997
213554347591
213569828984
213556098614
213568066110
213558530130
213564179826
213556836452
213555490169
213550791147
213563730856
213558496724
213553086288
213562693656
213549887711
213562092809
213556500281
213560044050
213562699319
213553510878
213557070892
213549458655
213561108469
213558709157
213550234480
213569663547
213550304032
213561472237
213561882106
213568027349
213560123032
213559466243
213555463457
213562737989
213567606728
213559569873
213561984778
213554841550
213555745296
213557461451
213549853593
213552393974
213564501202
213550625975
213561078957
213555572159
213549812693
213551191032
213561326026
213561418320
213560889265
213565471872
213551280793
213565793217
213551628190
213558937058
213566469817
213553089465
213560086923
213569542844
213552035053
213549267157
213558635848
213559211284
213568675921
213562536481
213562865428
213555140191
213558289342
213560455041
213559537219
213549182174
213557883341
213552528045
213554473654
213564267703
213559264133
213556693454
213553598876
213566260985
213561721907
213554637922
213565069144
213568831852
213551218745
213550570809
213559178563
213562398576
213565114188
213561071054
213569811053
213568742173
213562505331
213569244734
213552855815
213566291752
213568824416
213560211911
213553668111
213568034390
213569202724
213566013510
213566615225
213557449831
213563243584
213550918888
213561782268
213552022766
213553536859
213554156014
213559920373
213557490703
213562200687
213551547114
213569590393
213550231572
213554670231
213569579661
213565786332
213568909719
213568560664
213569977038
213557695445
213562547149
213565847831
213551140590
213550246492
213568288615
213549647773
213551798470
213569004743
213564756171
213554876494
213549887526
213567214026
213562818663
213556654370
213553014788
213564131700
213559779896
213565447981
213549536205
213563851485
213567695232
213555982861
213560091595
213569696389
213550871951
213552429525
213557684115
213555273319
213549256137
213565368377
213552971597
213559460273
213554679600
213553043266
213554731481
213556668738
213564099535
213564197253
213549600025
213558846403
213567010038
213551877336
213558147320
213555714690
213558196396
213565858841
213563846050
213553342344
213561010116
213567589237
213550667753
213568843898
213564825907
213554445213
213563051940
213554466719
213549294949
213560686681
213558783519
213569956293
213557252979
213551144599
213550697659
213565560199
213562021189
213567680078
213553926930
213553058857
213567713748
213552748543
213567960824
213555827270
213564082669
213554825723
213569245119
213550264723
213559286603
213561163023
213565740405
213568642830
213563296661
213558279013
213552914105
213553621244
213555051789
213565027260
213555442557
213561701059
213557595320
213553253335
213562440894
213558556999
213569422301
213557425252
213564444434
213554561546
213555441728
213557312005
213569409241
213561439837
213554778046
213569680538
213556997149
213553640981
213567544250
213554612224
213568684685
213565030451
213558783024
213567585610
213567245464
213567349042
213549904263
213551509919
213555035142
213563003029
213553808508
213569328604
213563064231
213559108924
213549316565
213555110914
213560464908
213567241796
213564982372
213566729511
213569138961
213566257262
213558608243
213569273694
213565439906
213552916808
213566815423
213551936674
213554192567
213568368896
213566700061
213565309566
213558813486
213569709828
213565110706
213559320430
213566277482
213569918708
213563884750
213549835144
213566404793
213567677332
213561193011
213549833769
213550428728
213553952039
213553348876
213561998296
213553922156
213563380548
213562213440
213566374744
213560110510
213552747042
213565775088
213549555455
213551248915
213563667058
213561944891
213567701044
213569828624
213549691727
213568998295
213553312166
213553141060
213554836797
213560865616
213565281703
213554464224
213555395400
213568243917
213569542025
213561645301
213563932932
213556464856
213562083878
213565723906
213556697556
213566809269
213563703534
213569034776
213552293383
213568812953
213549839425
213549469889
213569188611
213569475392
213552250118
213560284932
213556863036
213565258826
213560459492
213563342499
213555518243
213569890532
213569169101
213552008406
213564866700
213554624859
213549889963
213558143488
213550247252
213563684295
213550059540
213549133029
213550756821
213552891646
213557824942
213556111151
213559287750
213560454863
213562431485
213566482413
213566953764
213556163795
213561709024
213569069983
213567646788
213561630389
213552059561
213562568980
213552955187
213557581448
213552676798
213549862868
213564205852
213561417036
213561987863
213552900612
213560918475
213559586983
213562641408
213553459959
213556100658
213555724651
213549728255
213553743920
213555921488
213565202944
213564480797
213555155304
213555096091
213553153130
213561624187
213560308566
213559041339
213569697984
213555274046
213556912177
213557562139
213549853778
213561037366
213553897584
213560852875
213556416707
213557754548
213568177664
213561552193
213551407586
213568652173
213563244507
213555743331
213553379490
213561433689
213564158864
213564712075
213560354725
213559421584
213552250631
213561177323
213569610202
213569500780
213561649211
213566785921
213553906353
213562748005
213565007912
213558999912
213559336599
213568399327
213561153420
213562370382
213554483862
213549573692
213560168211
213566857515
213561457918
213556129702
213555731304
213563000550
213563557442
213550441306
213566856622
213560012735
213561032677
213550980067
213555367660
213564801786
213558151467
213551513075
213564267993
213566296515
213554343450
213561739821
213559001204
213569059095
213550991340
213567144092
213552909292
213549284176
213559469489
213561993583
213568497464
213568422219
213551880748
213551443336
213550170404
213563368003
213552452961
213558763943
213555767737
213557896661
213560646083
213560018602
213561695956
213549547503
213554005047
213555066184
213556235655
213567060194
213553536335
213559810912
213561334103
213550287952
213553876264
213563758277
213567300042
213550843842
213552070709
213556047584
213557530413
213559119143
213564059983
213560036761
213554329409
213565147876
213557927344
213554970891
213552631205
213559643836
213553287592
213559282600
213563737505
213561141892
213549865928
213560099919
213565478127
213561578370
213563557663
213561240304
213565601287
213561045973
213567260603
213568974530
213550488864
213564419369
213549718951
213568009901
213558440294
213566899931
213565880176
213549128239
213559535394
213567184169
213552887177
213552143260
213569200222
213569766649
213566743842
213558085226
213562432986
213568604962
213549352745
213552273558
213566586536
213569234170
213558511743
213550083696
213569290476
213567234095
213565696393
213552691271
213551600056
213550890050
213550241532
213569176392
213554702593
213555851446
213555951826
213564710104
213566566618
213565687030
213567712188
213569299318
213567402931
213549455936
213556854171
213553938191
213549782080
213568442572
213552796997
213564414631
213559849646
213561164809
213567578189
213554520012
213563143979
213561345167
213551322995
213554603545
213554074824
213559355474
213566222342
213567756481
213566149232
213551887404
213558238040
213554443052
213563348171
213564255285
213567516716
213560911038
213559845035
213549459481
213569819300
213566131176
213564068680
213560155505
213567539358
213562453163
213562439201
213557282256
213558629234
213562745771
213558635662
213564418433
213557479736
213559239443
213551236829
213562114050
213557035029
213559840724
213549427802
213561331886
213553682866
213555269998
213567188802
213557593736
213553528911
213559212468
213555375648
213568004513
213562856491
213568855729
213563290747
213563167930
213565762009
213561049216
213563609959
213559351968
213549700601
213560951974
213551833318
213563801437
213564858935
213550581751
213557760931
213563960581
213564465251
213563230866
213551993683
213554640403
213561207730
213561358070
213553645432
213550629200
213551768883
213569121052
213549133240
213563131269
213564131091
213556683676
213567093274
213568265388
213554519106
213556048825
213552320885
213551061883
213556527463
213559040585
213556612941
213555558401
213569549513
213563089945
213553580028
213550315616
213554979224
213553903857
213564294497
213551619445
213558994502
213549588173
213566194307
213564606815
213559438847
213565833620
213561873197
213567051469
213551611358
213551759168
213549447247
213561907884
213556099884
213552820796
213557247269
213561997523
213560353744
213564043530
213549388442
213554089322
213557756820
213568968580
213559834073
213559641146
213567874286
213569404441
213549927530
213556982642
213553219838
213559011872
213552827632
213564334923
213553518392
213561088428
213568338803
213567949884
213562942577
213549275505
213566052297
213553013779
213554547422
213558349258
213549884155
213558542953
213551848238
213555816816
213551493060
213549595094
213552962935
213564032071
213566500200
213555620673
213555638068
213555197494
213564785640
213563328389
213563981885
213567487378
213551539198
213558385659
213566242255
213559525341
213563963427
213553573220
213550878522
213553348818
213557993575
213554514520
213568168610
213554274723
213553301711
213564582100
213562374114
213550698599
213549845512
213560662747
213559504531
213549453667
213553763614
213551839461
213559733768
213566798559
213558060372
213563782326
213557961761
213557794012
213568036932
213555720345
213556508621
213568220261
213569887534
213569878671
213554387560
213552085569
213564783988
213565093301
213563620230
213560464723
213551015173
213552709563
213550944977
213567684243
213566137409
213567103575
213566622651
213561132385
213554089809
213567379401
213549540865
213552868857
213551674364
213561513136
213558990483
213568605537
213557720166
213560592802
213564639036
213551422896
213568920389
213558863183
213549534516
213560359103
213554653733
213568094373
213552525011
213555740087
213569689905
213551227173
213557019481
213550862219
213566895896
213549479989
213551694111
213565320751
213566776560
213564776517
213567297058
213564090992
213559952226
213569935147
213569410066
213551046599
213556177263
213553227044
213567502253
213559695263
213549240150
213561526456
213556754089
213554762156
213565269750
213560190632
213550935026
213554978432
213563372612
213554248870
213549234533
213563785089
213558665049
213560137396
213560681721
213569420721
213551942721
213568775504
213558455006
213564183505
213557593193
213567895779
213567777968
213560485392
213555184533
213558644871
213552975889
213558050671
213552666898
213561895143
213553438566
213562894932
213554253156
213550230762
213555725105
213553035198
213565809491
213567168328
213551041039
213565682453
213564554285
213567696894
213555454093
213554613404
213556336835
213568284716
213556774428
213567398972
213565284894
213567505613
213559782021
213559680765
213552974012
213549288212
213551375367
213558586214
213555306430
213553094230
213557638939
213565690291
213549431497
213567575734
213555940550
213561098542
213551945132
213552660914
213565322447
213559631814
213553561188
213557281519
213560730111
213564990413
213555972690
213553103773
213556275829
213551927954
213550995935
213569557890
213561761714
213562290650
213549989085
213565240119
213567872730
213553558383
213558683702
213559048572
213552697634
213552006611
213550515200
213560602583
213557442069
213567490231
213567389921
213564227405
213549041497
213551668967
213553664324
213558275098
213566319086
213552222547
213558706883
213553119524
213566863111
213565841299
213564157466
213563341627
213555462766
213566325937
213568629785
213556980163
213550315700
213554089015
213562390588
213555582238
213551623301
213555649386
213550787535
213566240616
213549619258
213553797026
213557522628
213553512131
213549207598
213567444271
213558037652
213550227122
213564256871
213554978538
213568530965
213569568096
213559454109
213565205165
213552437275
213565423864
213562248639
213556396880
213566692416
213567821621
213565476679
213559294907
213553689458
213569933812
213553109767
213553717977
213556824592
213558943513
213558764088
213567382186
213553572766
213554989228
213564875199
213562230003
213568568427
213551352767
213561297803
213566677124
213556049683
213557946550
213566907650
213558616064
213551990031
213552291545
213569039352
213549796629
213554837549
213560194647
213566687094
213568736208
213554269849
213550968491
213551487480
213562100479
213549878482
213559150990
213569004334
213565513685
213564068856
213553961540
213559250874
213551584002
213569773559
213552150851
213549229252
213552145198
213554910163
213552028535
213560048421
213563943987
213553047831
213552814261
213557429030
213563658054
213567228731
213559474082
213556662807
213560532585
213567399582
213553190362
213551911906
213550119129
213554904162
213560838318
213556267353
213566926748
213559442484
213559757017
213559928935
213559873943
213553039212
213553556864
213566142178
213568973521
213553833659
213559113470
213560832777
213552036739
213558955871
213554400452
213559894140
213552368449
213551943843
213568633019
213562844334
213563154173
213568368236
213568491147
213549339030
213565512207
213550339842
213556034920
213556817860
213555063589
213568967969
213567499332
213550394437
213568819761
213566477506
213563319047
213567718784
213556839027
213551749096
213564547702
213554958886
213567608279
213559747512
213556065602
213556976245
213567825040
213553832701
213556600133
213549378988
213560180674
213559392998
213563666081
213550866505
213567787199
213562503270
213553782377
213554901660
213568346544
213565255807
213560136625
213563726806
213557564093
213553848999
213569976104
213555887895
213557238860
213562980384
213553921722
213568351842
213560206125
213567990845
213563596056
213554474272
213566189744
213557626667
213560840303
213564427837
213566997769
213564562193
213563055598
213560779728
213553144393
213553648578
213566390156
213564905122
213556773198
213564928933
213550317247
213564586712
213557685529
213566033846
213563456545
213560784413
213560476622
213554002106
213558760075
213549459770
213558333499
213551088785
213563873858
213568107477
213560666557
213553073633
213556783767
213562833648
213559984132
213555645205
213551629632
213557249551
213555723854
213560817462
213552328049
213557209176
213569529768
213559866444
213567274879
213549283358
213549469255
213552716883
213549411877
213559725601
213562196162
213559564734
213563575981
213559964745
213561328413
213551264008
213560671674
213565754537
213557300589
213564354768
213551324914
213566254013
213556571510
213561421127
213554524978
213550843585
213557861779
213567446230
213554582591
213552486679
213558115623
213566816015
213554863486
213560114033
213563686074
213568205085
213568248239
213549927140
213561007372
213564306390
213550088369
213552466720
213552035228
213555236454
213558441623
213556277628
213569477518
213554099416
213549243659
213560077696
213559576124
213562198182
213559658525
213568808271
213554396514
213563352141
213551753136
213558249439
213558446364
213567273410
213553348022
213558865406
213566539891
213568889558
213558639795
213552143909
213563182128
213555315985
213551568189
213560178381
213558668663
213549963453
213565700419
213558261111
213549287032
213569481374
213563556803
213561320181
213567509702
213567523274
213549731975
213555387603
213561543489
213556638851
213558718093
213565585224
213558582008
213558943409
213553342226
213553965825
213567117325
213556157260
213552763803
213556716510
213560498031
213563736287
213558618667
213554778153
213553984153
213562155296
213559848131
213567341660
213554586598
213562305334
213549408539
213554327314
213569172223
213549189038
213554883314
213558384636
213552319730
213557260131
213566018284
213563400059
213569561107
213561008205
213564367753
213554856128
213560677570
213554047410
213566473648
213554333165
213558252507
213569163640
213564260175
213562538091
213558132245
213560533957
213550030973
213568066996
213556709374
213562283245
213556928621
213558517522
213562372845
213551846204
213565948454
213562404435
213558117095
213552505640
213569412436
213568388671
213553490046
213561034802
213550551502
213564032034
213566091085
213562342240
213568196724
213564553856
213559757025
213558796648
213558151732
213555957882
213557504939
213564022395
213554855498
213557933508
213569930018
213565454530
213553003176
213558307038
213557545456
213554759311
213562257104
213561134922
213559200502
213557009333
213555371068
213561785119
213557892201
213555085877
213559925051
213562149151
213549650780
213552543789
213560225856
213564889630
213568488703
213561315805
213557939804
213553879662
213549884143
213553756467
213566522894
213566474492
213557364089
213557177333
213559238314
213557752092
213565113047
213555410939
213552479956
213569782736
213559213386
213553884857
213554894046
213568046400
213565477686
213549673746
213564933488
213551278985
213567814945
213556121000
213559850197
213567815010
213569710736
213562062391
213552128325
213553562575
213562896410
213552422472
213563509240
213553322540
213552106183
213553019150
213564766002
213555441106
213569274816
213565548168
213555639558
213561123063
213557206861
213568140984
213567186972
213562026099
213550827705
213569946363
213565337081
213560622962
213553094506
213564824281
213557755110
213569704760
213565411638
213557423320
213566977140
213554907275
213560321828
213562257884
213556194863
213550687620
213555202056
213554342935
213556631602
213552486175
213569032475
213566581693
213550917287
213552181320
213564450320
213564874368
213566722045
213569028360
213557536637
213569826930
213566177886
213559169140
213555324926
213549199448
213566010993
213558802307
213558055782
213567878217
213549876683
213560562701
213550026767
213562021177
213564993613
213562930230
213567801203
213566946490
213561540103
213560840946
213559292342
213558359089
213565924485
213567941371
213563435560
213560006069
213567736383
213559597293
213557017259
213558470230
213555482486
213567989622
213550837937
213552913270
213561158036
213567723863
213550184648
213569360799
213565620256
213549171347
213552248458
213562044912
213551801297
213565722246
213555765386
213549100202
213557105981
213553479715
213551078589
213552364693
213550153954
213560498951
213560224885
213553625404
213550156741
213549483704
213560541628
213552111061
213562939876
213549361759
213553038159
213557032459
213558531012
213568038769
213553682102
213556960256
213565024003
213554639474
213566082901
213560004256
213568375480
213557683136
213554947991
213558106058
213556073144
213559272490
213560547758
213567946907
213562549743
213561743540
213556850876
213566292496
213563230240
213554499620
213562600696
213549324287
213566667416
213559187739
213549056989
213551295062
213552157328
213553224944
213566338569
213560939611
213557684196
213565484302
213559862055
213569545900
213558208139
213565237584
213558261091
213565190180
213558649127
213554747454
213568764008
213565081991
213551129044
213552902611
213549515296
213565993674
213559337121
213563704958
213563667593
213562879062
213560724845
213554384371
213559239785
213552307143
213569194352
213551770767
213552928450
213569033913
213559568107
213564844566
213556142053
213561448799
213553185265
213558630359
213551495956
213563701214
213564303828
213564278820
213565199189
213566872355
213569143904
213567989894
213566050784
213554049042
213569503905
213551686590
213556951663
213555486914
213569837757
213553329833
213566227558
213552737012
213553942604
213549822893
213551807902
213569576288
213554031726
213558799157
213556831247
213559566303
213562367356
213556997139
213561134159
213564120057
213565965128
213559475559
213564678156
213550251931
213561092296
213556043077
213555085029
213560341347
213569147403
213551823383
213554584556
213566871898
213566230078
213554148358
213556837456
213550870658
213565097353
213551098768
213565706263
213558628801
213566710858
213552434399
213550960709
213549448482
213562236205
213560204542
213551140629
213552045409
213564660601
213567015540
213562961246
213569798789
213550585451
213563120475
213552672115
213569921220
213566694146
213560423600
213551198593
213552115234
213557033482
213555660869
213550133358
213549250799
213550534382
213561388397
213558080385
213556693225
213555216026
213557920904
213552218069
213569164853
213569386462
213566675626
213563352511
213554668465
213567383423
213566394009
213551478351
213553158776
213549197563
213569283329
213555719476
213561835730
213554841961
213551211746
213561418183
213559824614
213555997015
213550822668
213569415668
213557231062
213555894208
213559601401
213568426208
213550398231
213556265457
213566908027
213554606511
213556487524
213563220597
213561581840
213560192205
213559730867
213563068196
213556220417
213563205267
213566179999
213565577033
213552880095
213561588394
213561474850
213557638023
213558139072
213563453627
213554019225
213561968275
213568397231
213553238181
213559631809
213553621567
213568330148
213556201264
213552103745
213569897167
213568467036
213568283489
213553886821
213569480007
213554979857
213566195868
213566498678
213549000495
213564233851
213561683635
213552416016
213569294770
213551654675
213566288051
213551734147
213569169315
213556098454
213551776956
213551525531
213562611437
213565977833
213563466402
213566091054
213566580617
213564614073
213569296037
213552907189
213558462138
213563560663
213565453593
213566442999
213565983123
213561104592
213569398360
213552104626
213558027975
213563456924
213558601619
213557590547
213549112296
213556545069
213559180732
213554779657
213559106299
213560955199
213554025250
213550702084
213561347299
213565371142
213553685639
213561971027
213568850678
213568834855
213559174327
213561541488
213552764395
213553572197
213551268248
213554358804
213550149160
213564553881
213550173061
213562297932
213568512398
213567177708
213554449657
213561628633
213558488728
213551874719
213550525497
213557395418
213566390014
213560256421
213554670111
213553986962
213557598158
213565091124
213564688958
213562622027
213556244565
213553484952
213564836885
213564846948
213560697892
213556393213
213560493212
213565201049
213564941342
213558178009
213554978444
213555509678
213552843823
213567781975
213557068559
213566340780
213568135132
213561854957
213549967547
213558184753
213562088988
213554290390
213566180132
213559568584
213561684464
213569798691
213552034206
213551366360
213560531251
213559223697
213559135161
213558915554
213561302636
213560637574
213564297805
213553959703
213561551937
213551482617
213562559048
213567549633
213556570039
213558252917
213550467727
213549186084
213562636319
213563368116
213555002196
213551991173
213550471480
213557993879
213567427005
213562002976
213553741920
213562006084
213555143359
213560171461
213551742206
213560906958
213551185902
213569394668
213556056770
213552300386
213563007120
213561174855
213561947732
213566124824
213553133013
213556504551
213561200415
213557403301
213556170723
213561280146
213556903725
213554643991
213560263444
213566366015
213549365172
213558528963
213555158670
213555801383
213560873960
213557440629
213553025657
213553357564
213557715362
213566639157
213568445042
213556382152
213564424536
213564532455
213549342006
213565949323
213558863223
213565329472
213550074204
213569374033
213557305969
213564237904
213551255824
213549686458
213557385215
213567427729
213551180079
213569684679
213563948071
213557672656
213563944677
213559189626
213558761744
213567689341
213552038721
213550693634
213558697660
213560369962
213553293099
213569871772
213564511991
213556727190
213568822383
213562272739
213566381630
213564494210
213562298259
213560895183
213558793858
213566386943
213567967202
213550279559
213563187748
213569739084
213562279264
213568128001
213564079436
213558708799
213551944637
213551530656
213560281361
213553013771
213550464141
213563036406
213567539040
213568738205
213549393608
213568219909
213566514221
213560018208
213550459949
213566741478
213557798812
213553119195
213565057969
213565229874
213557098620
213560888854
213554665676
213556005028
213563080421
213557306741
213564012491
213562910151
213565091785
213569349751
213557723628
213557290843
213558281514
213565815989
213565617013
213558130841
213562762459
213558437123
213560416269
213553838492
213556359518
213560897791
213557517884
213569267107
213559555232
213566607426
213558997665
213564272429
213558547718
213567702033
213554123377
213560499388
213560707941
213558304945
213562611556
213564486441
213553957383
213567313817
213564102305
213569890147
213568955557
213559941717
213555060005
213553982786
213562463750
213560848515
213558228484
213561847308
213557699055
213564854179
213564139502
213557750881
213551230157
213558668496
213566824232
213564238097
213562686817
213558920060
213568108589
213552016879
213551717131
213560055547
213569716913
213558249956
213557090424
213564402689
213560193740
213555911733
213566302442
213562564407
213558175792
213560459371
213561770686
213556827327
213555172123
213553561641
213551225760
213549914077
213566877599
213558488074
213552031438
213551245249
213554813913
213552408490
213566083539
213549732580
213565348527
213557892283
213549695300
213554602116
213565993479
213563654426
213557495371
213558923711
213568783236
213564219093
213565286919
213566080824
213566300604
213569574346
213552384891
213568587870
213564530421
213563204114
213565287014
213558998862
213564501206
213551586510
213557027422
213564940837
213557031192
213564492174
213560142409
213569524460
213557031656
213557412158
213568849082
213564020480
213568963272
213563475517
213554420690
213567350911
213569549688
213550622653
213550875834
213565096003
213566615199
213553995732
213558546234
213568206994
213555008705
213564266077
213552275398
213556105640
213556049541
213551178524
213569623139
213552048463
213552576584
213549992149
213561030467
213559626131
213565117286
213567419151
213551333809
213558324361
213559683326
213563628675
213555683159
213549547600
213557640805
213551035545
213569072174
213557201222
213550024214
213557931158
213569815828
213558395425
213559925449
213553006571
213560606014
213561133316
213568583083
213569178048
213560387414
213558295664
213551135109
213569579879
213550609766
213552344189
213564370998
213567341040
213554729295
213562567510
213554298483
213555665765
213561739056
213565588570
213550822749
213554767938
213555314199
213557841572
213558993739
213558162813
213553487311
213553685965
213563716468
213559784266
213553342558
213562741046
213559316357
213565386166
213551783879
213555699146
213560429808
213567805937
213558899494
213569837387
213564629762
213549564708
213566365352
213567134043
213559042670
213569503919
213567368768
213565437363
213555585902
213551788599
213559006844
213551985904
213549252239
213561009821
213551374171
213554350965
213568288035
213565950968
213562504891
213554771657
213558526822
213563342327
213549368324
213549533949
213563184006
213565003426
213565407400
213568773613
213568094963
213550341722
213561892922
213552051443
213564332615
213565069753
213550787003
213561046476
213568344819
213569611001
213549992911
213563581169
213562662882
213563386775
213561613488
213568060919
213551558242
213551374040
213566848181
213550041889
213561186830
213554963051
213558276622
213552673079
213565945638
213554895686
213550189039
213556943951
213549222302
213567401777
213556912006
213561244297
213562496982
213567827454
213551301915
213565718846
213560222748
213557646769
213563080990
213564951031
213561921498
213554880940
213566850357
213562904382
213568079482
213552119881
213554810528
213557052065
213563746348
213568695473
213549266563
213558725121
213569332905
213562915898
213553061029
213565667415
213556073097
213555461682
213568560578
213567178651
213553306203
213565127435
213556479419
213569531072
213555962674
213554608680
213561608753
213566855779
213555152874
213568208704
213552472943
213550635638
213554094672
213551222024
213551534835
213559087515
213553705644
213558255580
213559068663
213566625036
213567460388
213561298096
213555452425
213550945018
213554332716
213567633384
213549608076
213564353807
213553853045
213549508577
213550942637
213550861641
213552819497
213562134189
213569946683
213556630743
213556858061
213562073228
213567511545
213567318039
213565270697
213559783183
213551518989
213553187584
213556902256
213556899175
213559109433
213567395881
213551245962
213552194252
213568972499
213569030023
213564446269
213564525179
213563177088
213557986142
213560316063
213564756527
213567473478
213567737216
213562810778
213559239343
213557836751
213559170027
213556953254
213563592711
213566921905
213555923003
213561624826
213555245781
213564754320
213552838697
213568441368
213555346449
213559227857
213568848083
213565326354
213567672147
213558502524
213564068279
213557372098
213557538851
213550012244
213562791456
213558835949
213565360633
213550278594
213556088799
213558022066
213569797155
213559021467
213549440438
213567332911
213567989623
213558375069
213553513844
213550341169
213553597426
213551184968
213560368893
213553985692
213549732125
213567547023
213555001717
213560600292
213564501986
213555999603
213559127988
213556992900
213566609892
213555074988
213560603769
213555015452
213554049256
213568207407
213557791612
213554527741
213554430552
213554851404
213551018460
213569030137
213562284919
213563211494
213558823319
213552481373
213553788523
213561402509
213558239418
213569721524
213563629269
213569365634
213557239788
213565343870
213568969668
213549055267
213555394720
213560217330
213566082664
213567243082
213554145024
213568295880
213568045854
213549227552
213562543227
213559302762
213555418689
213564923499
213551781339
213551712923
213550503026
213555941942
213562018269
213549372323
213553177696
213552335299
213561951553
213557382974
213561611815
213553127582
213558524487
213550612599
213557622027
213556244910
213562172182
213566906926
213559107850
213565357278
213569441802
213556231933
213560935202
213568429248
213551381184
213566036499
213561349328
213561929907
213550335690
213555275448
213569330192
213566846299
213554530237
213562260833
213564627111
213561033097
213554059802
213567293834
213568515661
213555158001
213558079237
213554510255
213552357653
213549678690
213553209166
213549256257
213554379895
213551297812
213567273683
213553690109
213558736116
213564451270
213552715772
213557108095
213559409856
213560027403
213554099915
213569604070
213562552680
213558670338
213560328025
213563144142
213561244517
213568109200
213559830249
213555911232
213557451454
213564974003
213550446695
213549200970
213564786945
213559047596
213564714083
213569810222
213564144574
213566534359
213550010293
213563617426
213569327020
213566116517
213549997286
213554014030
213559051309
213558558539
213561380868
213551301864
213558650523
213551490881
213564209196
213569550851
213565619223
213564749073
213550361242
213559428739
213551544213
213558948135
213565481287
213556369079
213556544747
213556917655
213569862023
213562266448
213554702792
213568437642
213557475745
213556814607
213558996437
213567218781
213568798559
213564649403
213553145896
213560500519
213561817751
213556585761
213556492296
213556870094
213565521226
213556916942
213557101031
213554158970
213561906926
213549518281
213562389629
213563431126
213551780391
213569476946
213564919229
213567736631
213557667822
213569272879
213553914584
213556247594
213563041638
213562434880
213564272384
213559494143
213556675385
213554183394
213552601432
213553702822
213565159973
213560795660
213567605051
213549295411
213556301772
213566521028
213549468150
213559608515
213552631842
213565243148
213549035680
213562936560
213567976120
213552031294
213554343063
213550646955
213564195739
213564961792
213560513992
213562916234
213551295058
213566656990
213569480372
213560016430
213556915858
213558508884
213550756196
213565981689
213549383812
213551565752
213566273382
213565731465
213550905455
213560101874
213553635188
213563571996
213562257725
213549710446
213553635943
213554182263
213563237069
213552203212
213553334015
213569673495
213555512468
213564205044
213557705307
213553267814
213566971887
213567969684
213550811811
213564713717
213558935257
213566832076
213551688337
213555191443
213550746398
213565529640
213555282892
213562948737
213554148919
213551426372
213561063726
213568433598
213561273968
213559936011
213565758729
213559141120
213558200386
213553318472
213554470563
213567471073
213559567877
213554039171
213558122732
213569904330
213554706140
213552317974
213564461340
213550616549
213552221908
213552114827
213559565819
213568697243
213553548062
213551811192
213556330261
213561256403
213569802551
213564219619
213550259330
213568786119
213563283055
213563453870
213555062002
213554611340
213557860731
213562847364
213554307183
213568365519
213560244687
213554023370
213567679822
213550494619
213552598164
213567534234
213564798123
213553323315
213549840698
213565660719
213559881944
213560677317
213561783176
213567361424
213569312891
213566826569
213563323839
213568232724
213549489174
213552387487
213552863185
213550666437
213569151709
213555146350
213568224907
213566979342
213554578652
213561962086
213564520096
213559899349
213566062339
213554128466
213562207860
213552208755
213562352428
213554902894
213555192364
213568357997
213549729011
213554515016
213569182921
213566645676
213551965439
213553067870
213555871915
213552994074
213553113936
213569083957
213550797948
213558636020
213549198271
213551812018
213558329331
213554835693
213566043222
213566706063
213550165208
213549663906
213562337885
213556102922
213558507178
213557000836
213563551945
213556886469
213549467355
213550629937
213564744869
213561162952
213563747351
213564958409
213567972601
213555463712
213558256024
213568335411
213557072262
213555602231
213567606161
213555412372
213568590950
213556767705
213564093520
213551946374
213551049690
213564327456
213557223312
213566573967
213556288313
213557749389
213552131819
213551416728
213563594928
213550724106
213551450850
213552300078
213568183307
213552089134
213565533459
213551902739
213561853909
213553440291
213563048767
213567519783
213556186628
213563650705
213550072912
213560079945
213551428637
213565352821
213564581271
213567932444
213559346628
213567721503
213551449982
213567636835
213562880718
213555931288
213563079073
213555601033
213567122060
213565777939
213549700418
213555076175
213549503577
213559799073
213564450777
213554547352
213559004743
213556424552
213554417736
213562592955
213564447592
213550970236
213561778398
213555741808
213558913107
213550060709
213564972001
213565979630
213566907707
213559330023
213549894573
213550901153
213553916067
213555368303
213565479435
213567692993
213568154317
213556470143
213563290147
213564725307
213550724755
213569683705
213554728867
213554231479
213566911923
213560462558
213552521867
213561310678
213550634614
213555768674
213567396742
213550611804
213565725561
213567097952
213554405273
213562783795
213549464492
213566071522
213560825490
213563773988
213551288015
213552200892
213564101598
213549670409
213557738856
213557522459
213567728946
213558865834
213566520635
213566211892
213562669401
213553217027
213553526577
213565624159
213560937783
213560903594
213553603964
213568895551
213554356970
213549686112
213552508463
213551060472
213561977517
213565739814
213549617293
213555454054
213561032975
213557016657
213560562744
213565099754
213567691038
213567221412
213551215193
213552675526
213556088733
213557374121
213569665989
213565231212
213569110815
213565105131
213549361461
213567091899
213550397366
213554804059
213558858567
213558196360
213566604366
213552825618
213554081085
213562054174
213560564369
213565492889
213566439301
213556707137
213559954901
213564291210
213552122149
213556215680
213552292897
213550716794
213562581069
213554312722
213551211565
213553791434
213552064185
213556917714
213550546538
213568886957
213563043274
213551428575
213554328309
213552978975
213567247310
213565153316
213551036877
213550566154
213564444250
213553621365
213565110776
213550145422
213558791645
213558768710
213554603662
213549900399
213563987605
213551982685
213549591298
213567693908
213556699897
213549911133
213554611172
213552694686
213554794973
213563231417
213551298723
213553853236
213565007821
213550253212
213569081326
213564357421
213559824080
213549916751
213563196554
213554080846
213554494250
213562763425
213554748559
213560431060
213549674400
213560647338
213565704031
213556718119
213567944242
213550473520
213568887249
213553410720
213569751747
213551324424
213560704040
213563630469
213562627670
213557680630
213549431930
213556322771
213550792512
213553564196
213564217232
213558489038
213566056040
213562929974
213569542139
213549351843
213554336097
213550827596
213565171258
213559109398
213563239356
213564111761
213562173726
213564147111
213566821049
213560882063
213566832365
213557136566
213553972343
213558251705
213564362140
213556988170
213566243900
213565385927
213555612649
213565873261
213561135700
213567586498
213553106261
213558057025
213556547080
213553093467
213555389283
213554155909
213549619183
213551106317
213568024206
213561450274
213551578371
213556398756
213551077325
213561015728
213567663038
213569441139
213560353680
213550026013
213549537185
213569418174
213557133041
213555905510
213565994632
213559453885
213565957611
213562300472
213549893141
213563235649
213561435692
213559192958
213565843116
213558783183
213561345811
213549475616
213554952303
213556870688
213569615730
213549720785
213568264548
213561649403
213559336531
213568952702
213558772984
213561387692
213557398065
213567226530
213550587040
213549199498
213557843415
213569373925
213554325886
213554247513
213559603286
213549077670
213565835193
213568805647
213550417189
213562125623
213562034010
213560193008
213562303195
213568730873
213561041265
213553973249
213556584756
213558887599
213561129155
213568048503
213554543202
213562062236
213549305550
213567088322
213562864067
213559633793
213552736201
213550554714
213550602177
213552841878
213561912624
213560846866
213555411781
213555182793
213553764966
213552898623
213551986222
213557571367
213564872625
213552282229
213553700122
213554019095
213568652628
213565911783
213558663056
213566506893
213556677353
213567696910
213555550059
213563312363
213555468993
213560876322
213555777616
213556657556
213559597230
213554862952
213554103988
213562453449
213549613986
213551917367
213550242423
213565203943
213569007581
213563788926
213563390818
213560661480
213568878518
213555385831
213552452106
213558986278
213563969342
213564987010
213557824778
213552932414
213565172434
213557479889
213567823498
213549915005
213569203190
213557757449
213550158278
213561171731
213565868460
213556614078
213563936601
213566750738
213563163564
213553900145
213568093873
213566518168
213564703806
213561549498
213553530066
213569652270
213569812889
213549225197
213551206417
213553922101
213561631025
213561190903
213558477377
213559499661
213567538352
213564355336
213562211727
213568451142
213555682818
213556320874
213567901133
213549880407
213563962100
213559812183
213549383292
213552232055
213551492868
213566343457
213566814432
213566702585
213551275432
213559005685
213551330833
213567277145
213563301168
213564271634
213550702793
213551829767
213566409904
213552917321
213555881162
213561932793
213563176213
213550471791
213558040237
213556834402
213565565262
213569494515
213557558315
213552662588
213561193116
213563869941
213565985902
213567415423
213554718590
213569817195
213567328535
213564627574
213566732584
213554310668
213557137305
213558007343
213567353330
213553420853
213550748124
213557737515
213554363286
213563574850
213559744236
213552902261
213567336405
213560607771
213558771417
213552001787
213564754241
213560275021
213563402258
213553894075
213554244065
213557067308
213549210480
213555711913
213552664609
213569869790
213560815681
213565560922
213559082372
213554064911
213560577607
213562837659
213560557101
213559888298
213558619593
213549357314
213554918362
213557276404
213549350257
213564568255
213549197334
213569318960
213564488737
213550304694
213553952837
213558122292
213563734299
213557597456
213553975621
213567003748
213555909438
213550453497
213560128300
213567672608
213566974304
213558978884
213563370355
213559768043
213566125294
213549505217
213557251610
213565614549
213552009727
213560569834
213551195199
213559608003
213558067115
213560672217
213555745782
213561440280
213566952788
213560708815
213568945900
213556502806
213560328865
213556506166
213550072629
213567328452
213567130809
213564497538
213550546039
213557488164
213568494433
213552422337
213562679517
213555004017
213568347622
213551141170
213555787905
213550006844
213558480772
213567435506
213556541741
213551924397
213568218811
213558220679
213566380100
213566862108
213561944697
213556662524
213551217666
213556101572
213564705945
213556973322
213566704649
213550397536
213562222366
213557836461
213556988284
213554209768
213551820664
213553420283
213557377045
213553446534
213556992510
213566337367
213566383761
213563893474
213560050118
213551427203
213568268917
213569013013
213564606560
213564728390
213550207630
213549212181
213567208886
213558908882
213569998026
213559526290
213550000628
213554385224
213562848092
213550596664
213558650767
213559124694
213564300836
213557653352
213564739096
213560772871
213551976963
213566258357
213558478648
213559620466
213563421779
213551495072
213563154391
213553878559
213562795461
213557001542
213567535809
213568491421
213558180635
213567778207
213557077946
213560238594
213568825015
213560436347
213555407375
213564305749
213566701719
213555651082
213550625022
213551184938
213555468368
213552963908
213551277751
213563836044
213566668297
213569979864
213550218404
213562271981
213552553559
213559265237
213558312576
213558372803
213569608976
213563784496
213557086764
213563715049
213563034886
213567732669
213564792464
213560136821
213551826876
213557337586
213559379730
213555896564
213551977392
213568946485
213552891955
213555481934
213559573460
213560963200
213554314357
213569322641
213557238971
213564775526
213552943964
213563041390
213568558012
213561160663
213566962875
213554691295
213569964374
213561014220
213567822060
213562008899
213566743863
213549033078
213567066187
213567444805
213563032016
213562097437
213557700523
213561200030
213561155427
213550432849
213558292962
213561570951
213564002083
213554407191
213556240676
213557739145
213549922828
213568959481
213554890627
213556452846
213552173751
213553364208
213554407132
213558884517
213556124082
213549992310
213568934219
213554141511
213555182327
213561884766
213560269201
213558631344
213559483469
213551136961
213565661290
213554464891
213569210687
213557544100
213556068285
213560117419
213552863207
213551901763
213566506814
213560300623
213562756053
213551358002
213549683686
213550383019
213560535207
213556508037
213562358989
213558644588
213563233682
213565855870
213563500203
213559625344
213568919337
213559134283
213561286214
213561004876
213567069169
213568994322
213568997109
213559775668
213550810158
213559513941
213558577976
213562437116
213552043532
213559440037
213552946642
213566370459
213551723618
213564610391
213554272778
213555406698
213550183520
213561526624
213566368156
213568268593
213568142028
213551201039
213553276571
213549995650
213549076727
213563817839
213554434051
213561036439
213553072298
213560090622
213555541571
213549710856
213551563971
213566674262
213564720266
213550042783
213552606879
213557189426
213551082252
213550951593
213565931368
213567464868
213559730729
213559439593
213565498894
213567729402
213561446938
213552081314
213552783873
213560989319
213566473412
213565480505
213552616316
213562235679
213555463108
213565005731
213569198331
213566722562
213569786504
213568869312
213550758146
213563650212
213555956155
213565434839
213558976316
213564584167
213568810931
213556720278
213561989040
213553495452
213565947841
213564210875
213551630770
213554532524
213550067709
213554897928
213567223579
213567405944
213555073861
213561621331
213559754641
213563202032
213556301086
213557604276
213557083576
213553949338
213558790339
213563122122
213569642201
213555796855
213549434237
213562176148
213562737342
213565903901
213552672783
213568372966
213561570997
213559962519
213556603640
213550525300
213554122609
213568800548
213555662526
213569485092
213558370333
213557898195
213552042718
213551019948
213557285368
213551973183
213567123474
213564777720
213554585919
213568072983
213560095150
213560965866
213560983612
213556029346
213561753308
213563764615
213567016059
213562802391
213552886258
213554923023
213555427706
213566030196
213569466812
213549046665
213562880564
213558485855
213557982062
213563119277
213555461678
213559274153
213550606657
213552659708
213553592186
213556386739
213550992070
213559220118
213568376957
213558078730
213561673549
213558415003
213549656677
213559654035
213568736954
213554742317
213551712397
213550262772
213568117156
213569406430
213557915146
213559071299
213553234652
213551079750
213553665525
213562540667
213562877300
213553845096
213561665222
213557104246
213552792392
213551613410
213567559299
213558717103
213559217614
213559592192
213553997547
213551228145
213555592356
213560298779
213551107064
213553720432
213556290896
213561532169
213549842247
213553515537
213567261697
213550914126
213560543525
213569533105
213558574164
213552937470
213564347752
213560412663
213549198666
213562561175
213556864997
213569891251
213565848524
213564230437
213550212880
213551438763
213550346950
213566249685
213566389742
213556545074
213557767435
213551384334
213552245378
213561619003
213553520752
213558724546
213559895961
213549346916
213557985967
213551531353
213567065711
213566928968
213550869242
213556604525
213563506389
213566014786
213549924775
213565435393
213557963490
213549166842
213558010102
213558099817
213554178676
213562644940
213552901367
213569163299
213551852310
213555121132
213549102013
213564805409
213555931021
213563192923
213560444630
213565354198
213552163867
213563888100
213566391436
213561456873
213559576476
213559968259
213551527678
213566163351
213554079685
213552701328
213563431502
213564423613
213554869301
213562116897
213554042666
213556102290
213559147821
213565773617
213567122324
213563271364
213553487457
213552305268
213568186501
213557068244
213564267779
213556132896
213569704828
213554169058
213555963727
213550327862
213552503387
213564509742
213551999754
213552969505
213553674836
213560646442
213568604497
213552997187
213552333200
213555883721
213560881612
213549375508
213555614640
213564420951
213559065987
213567636176
213561341706
213566801960
213561134258
213568757556
213568490492
213569905376
213559085272
213550306091
213567993439
213558690713
213566078749
213562746684
213565930385
213567186799
213558119865
213552826528
213565420892
213557966413
213557303522
213550681006
213554358351
213566052762
213555324277
213565080298
213554786300
213564630927
213560473368
213549746709
213563477781
213560667109
213557297385
213562933397
213569624482
213564308084
213558561701
213559165364
213559141365
213564374622
213553721841
213551278968
213559258541
213559170049
213549978225
213553134617
213559502914
213559310367
213558988351
213551646743
213553016137
213562543312
213569955879
213564016265
213550723415
213552679205
213562763570
213558616697
213565511994
213562116720
213569693751
213557055266
213566511129
213567122762
213553058784
213556864930
213563275103
213557166308
213560069413
213565256853
213561560163
213566103572
213566704619
213554758435
213549285976
213557802994
213553197581
213563314148
213563826986
213562888542
213569062940
213554615279
213563635847
213562067493
213550813660
213557766223
213558862991
213554485821
213564553300
213550318696
213566767083
213562990972
213568108470
213553680610
213563810846
213560495774
213564501337
213564159992
213556899499
213566628671
213551233696
213553437055
213559858494
213562478681
213551581977
213549362135
213556346507
213566573782
213550333094
213549397873
213564025051
213551143426
213549644234
213560350056
213554856345
213565161139
213555454891
213559592543
213569670534
213558431725
213564815474
213559785369
213561876305
213568355662
213564320710
213557522244
213554002354
213560880688
213566492280
213567349818
213552626225
213554645755
213552761349
213560841254
213553943777
213555886923
213568570921
213555946231
213552438834
213562855629
213552988959
213562264494
213565676707
213559604779
213569104359
213561545959
213553621146
213569127338
213557659552
213561384397
213551111471
213557789974
213569559459
213558161165
213553269350
213561790657
213562732676
213554437072
213558899045
213565482356
213562531149
213562822805
213553951635
213552964990
213568190964
213558819397
213558970242
213549243162
213555931127
213565240247
213561334130
213552912981
213564099395
213550929431
213561628978
213554263652
213559761892
213567330918
213565237124
213549074008
213563692011
213556921510
213559305796
213559006169
213569641629
213565904014
213552518811
213561527429
213559192072
213550431755
213563193156
213562439139
213566918927
213561866599
213556980591
213558159704
213568861941
213568974789
213556678105
213549521990
213569798326
213565403346
213551320788
213560681104
213553372965
213555739046
213568066127
213566422131
213561044781
213559154528
213560545958
213568881965
213561879879
213560232376
213554971614
213566211348
213558173312
213568237477
213560965207
213563210249
213556942667
213560016136
213566627755
213567107291
213559698430
213555502002
213557199890
213559542914
213549457942
213563293763
213569557886
213568639532
213551490455
213555316090
213563733306
213568653027
213557131812
213568953517
213562318576
213560779180
213569347771
213553575280
213568175233
213550083205
213566577851
213552849412
213556874294
213568540222
213568070464
213568799504
213552423388
213569662182
213560829283
213567564886
213549069048
213561513060
213569514388
213550476906
213555396270
213558593529
213554947926
213564953856
213562927357
213569538512
213568854746
213551838240
213553355581
213566771073
213553704920
213560283315
213558671668
213559456851
213560970804
213560712118
213554018808
213552367007
213552109941
213554229223
213566258608
213566815845
213566160253
213560028913
213567256111
213564201344
213569180157
213566413101
213558592704
213549694578
213568979682
213551136780
213568225759
213556723548
213550946379
213555483897
213558333970
213550700257
213556344816
213558939670
213558469149
213565525708
213553266170
213569134434
213550786406
213554162090
213555382210
213560909241
213566019114
213553452690
213555122307
213563270786
213568743816
213551200004
213564201981
213554604194
213551834677
213552767737
213562590419
213549259096
213552866703
213565527134
213568016876
213559608494
213560136550
213565079543
213567734585
213563570730
213566063677
213555456533
213557410665
213565960400
213549759581
213553498407
213551911632
213549172595
213564808462
213559734392
213566889030
213560445830
213557194753
213558372833
213550537977
213551304186
213567851575
213568322362
213556705734
213549184077
213549221662
213564827174
213557861911
213565939087
213553738014
213553563887
213555664959
213559214638
213550444888
213560904789
213569297580
213551218009
213560820479
213563415973
213554743381
213563602595
213554050008
213561212951
213554253723
213558623990
213557416217
213556262797
213554272046
213560069158
213558146250
213552363223
213555067895
213561433482
213549676924
213563566837
213549857820
213557201979
213551233280
213565598339
213569476838
213559553187
213551174563
213564825728
213568715382
213557126038
213559287626
213549747930
213549445449
213566102237
213567504687
213558665811
213562566176
213561530111
213556018632
213569554644
213551269513
213558467183
213549054148
213556663648
213551646522
213557470802
213569545928
213553836828
213557154917
213563353236
213566260839
213552395340
213552499962
213559361259
213551519175
213555881674
213559825756
213562823713
213558331159
213550643677
213551630029
213559018830
213551354937
213554428432
213564880647
213552314674
213561987293
213568316232
213556551038
213557718272
213560252737
213555409615
213562367723
213561379478
213564668487
213559175126
213561072649
213551741772
213564658279
213562535797
213560224116
213559570139
213563973030
213565062726
213550821809
213566621804
213549467629
213569947108
213562790533
213564536167
213560105586
213568935504
213550546975
213567550859
213568640626
213568607170
213568912671
213559611025
213554541804
213558695835
213559135929
213569781863
213562182121
213551594309
213563917277
213563341566
213562848944
213559971313
213568438166
213558912961
213562949597
213567681887
213566921207
213552780430
213553576451
213555691674
213561404570
213557439732
213551436950
213563877289
213552729547
213567715800
213553781460
213569990705
213558350445
213553745938
213565298643
213549037547
213550705540
213555920758
213566264329
213558816616
213550804716
213566114125
213563983629
213553850792
213564984579
213561920917
213559287403
213550693741
213565671671
213563576180
213565743902
213566728909
213552831399
213563380165
213558955490
213564381041
213549794885
213568429146
213556156393
213563677031
213551316955
213551975935
213553682708
213551460977
213569793946
213560925166
213563851090
213567959851
213549902393
213551530134
213554781109
213554951603
213565578272
213561457637
213551532746
213552918058
213554006425
213568468809
213568179410
213566796639
213551096455
213553404646
213567266562
213558675584
213564127536
213552013441
213568594130
213551387401
213553695073
213562531382
213550213512
213560598880
213559200338
213566230391
213563107607
213562641154
213551961172
213567724895
213555327761
213565574009
213550667045
213566203642
213565828783
213556829232
213549068049
213564373613
213560573109
213566875189
213569120763
213553845129
213552786356
213554121204
213553941838
213553133919
213564386966
213563917055
213556224771
213558960923
213561056820
213559104462
213566336466
213554068570
213556581998
213568327356
213565093358
213560795667
213551836810
213551998400
213564377114
213551354495
213565343638
213563754769
213553738845
213560521775
213553424729
213550792749
213562484576
213554953282
213569775615
213566307951
213550446164
213565103751
213553569030
213552784124
213562857348
213568982940
213550590444
213555783828
213561693954
213567737750
213557902233
213549125865
213560660431
213554919381
213565674588
213562408863
213566948397
213566475332
213565380823
213559446209
213553697650
213568303371
213562511647
213561731029
213566953526
213559642346
213566909558
213562405554
213551724508
213561128657
213564054239
213557160464
213568466594
213551457361
213564459450
213565857157
213563010524
213567958750
213564621169
213556049100
213567401609
213554073731
213550303882
213553169659
213567901492
213554710385
213550406322
213557988010
213555565405
213569060214
213561904406
213557120535
213565019837
213565633304
213559331570
213552611512
213562399451
213550965164
213569561446
213566554349
213567578765
213554177261
213551429329
213560696242
213562580623
213561339662
213566886651
213557196242
213566924162
213551365086
213565131202
213562746138
213567548427
213560392200
213556671740
213557695470
213550879881
213565063054
213562559062
213563181028
213554593705
213562115605
213569850133
213558668647
213557948533
213560381926
213560368328
213551116146
213567965070
213554819908
213565716893
213555180485
213550087878
213558797896
213556920965
213567727780
213550324612
213563027526
213557994118
213566249722
213556525325
213563289382
213551362539
213559883053
213550738434
213559607356
213560705365
213565545636
213551134002
213566267356
213568592940
213561986269
213553092513
213556992222
213551301829
213558291561
213562078821
213552309954
213560654910
213554395600
213566448172
213555735576
213551675949
213556481170
213553405772
213561785611
213563604701
213566779108
213568082256
213555576626
213564365982
213566794318
213569540886
213568795661
213564783461
213565242481
213552391432
213560473006
213560312355
213568266242
213562026286
213568413532
213566063563
213568575556
213565357782
213553764762
213557308334
213564193196
213564329405
213563240958
213568891890
213555493146
213567482093
213565495552
213549334680
213549622522
213564058927
213553758208
213559428537
213567714218
213551576635
213561949663
213559254531
213558529661
213551461897
213558339935
213553779852
213564975896
213557849777
213567747022
213564671954
213561638918
213561938726
213565890435
213554441690
213556416553
213554704571
213559853771
213556251635
213566885597
213564619294
213561148982
213551098063
213564081259
213567970391
213557992552
213559157906
213560291492
213549647379
213558186730
213551531518
213556931710
213556789521
213551297469
213566839710
213556740258
213552359636
213554647040
213568507084
213567081662
213565467297
213549453776
213563616995
213560031827
213554673635
213566686640
213557635716
213550011039
213558495547
213552482349
213558708612
213553829406
213569068915
213569934615
213568004297
213561289315
213554444368
213568710944
213556086172
213559826115
213563993632
213567288137
213556719985
213560113093
213567093073
213567896844
213559250474
213566447869
213569457123
213553065391
213560993528
213564272709
213566472772
213563893376
213549044996
213563135493
213549598856
213555313525
213561257248
213562501633
213551452657
213560695296
213567720312
213557836783
213564067705
213567994294
213569773717
213569214362
213563655709
213562862728
213553352225
213563258782
213549426714
213562402320
213559885473
213567025368
213555965117
213553317220
213566788691
213564072874
213553816604
213559680558
213562722563
213564697580
213551549692
213563053800
213549345618
213555910376
213558668320
213558108366
213555253222
213558637623
213555457726
213563546298
213560231666
213563982012
213557207301
213568785831
213557929487
213551688014
213557564572
213569674946
213554864048
213564678071
213567735759
213551123321
213549070606
213554706689
213556905168
213563463194
213567028707
213559491734
213552855751
213553707586
213551985696
213558840914
213564526134
213561435891
213567073664
213564581596
213561079697
213562689332
213549582070
213564710449
213562909717
213566001435
213557857094
213558707080
213563104405
213552817738
213569617095
213564375486
213553412966
213551638657
213565242562
213561657591
213566352269
213549118438
213552259854
213551600128
213565648994
213566097371
213556264251
213550428905
213556393502
213549140916
213549112377
213560786150
213549602029
213551790347
213552220008
213560664037
213552343130
213558279019
213566381955
213551833341
213564246400
213551328397
213555341312
213564404157
213559132156
213556029824
213550965125
213564424257
213549596925
213559258326
213557142178
213559809385
213555979334
213555435004
213560389245
213567259897
213553361111
213565073760
213566078890
213564252360
213551957655
213557808139
213550282783
213554233509
213569038213
213568791080
213558077172
213564342553
213562035866
213549509230
213555773258
213558591408
213560767620
213567320889
213550450540
213563686442
213549331976
213565705749
213552674106
213566894037
213550690177
213563138044
213566004365
213560882890
213566650356
213568655026
213553764555
213567927945
213560623112
213555008701
213564531597
213562330066
213566054467
213551285270
213550173684
213568138197
213558882570
213549123632
213560424764
213569990068
213561749825
213557686732
213550716254
213550041622
213567931410
213558037955
213551491135
213569744899
213567643707
213565246835
213549576945
213561979462
213554903325
213552824362
213559866108
213558568881
213560024822
213561493293
213569612180
213559983220
213563402745
213551990225
213550595124
213552893855
213550621024
213553972437
213561407081
213555599115
213554722997
213566283397
213566305809
213550682056
213562428619
213565067877
213561321901
213567089341
213550726502
213555315990
213557591759
213561583698
213561919273
213569580161
213551011101
213559479040
213553526051
213555231726
213552115079
213561937903
213556024671
213566117297
213569111012
213556757651
213558519152
213549431379
213563310627
213557317459
213558854697
213549995894
213557646228
213564423983
213560543578
213567762332
213551616456
213550506422
213560151726
213564984578
213562473494
213559677842
213553914207
213551146327
213560571401
213569458050
213569886435
213558394338
213567027586
213568608925
213567115830
213559334583
213550748603
213557158509
213551614250
213566335983
213553694344
213569877053
213566598145
213567268725
213558544991
213562430981
213562605082
213563387201
213569467093
213551881670
213564892228
213561544054
213563059565
213560679446
213556013951
213553636251
213562641896
213563339398
213558988097
213563915958
213550514518
213559737711
213559775971
213550780865
213549276667
213552566697
213553641430
213550964948
213559308367
213565471188
213567626224
213569677808
213563401770
213549275758
213550283734
213567169836
213565955800
213553920851
213553546315
213555953381
213551853550
213551644209
213562405452
213563458982
213550468347
213561833077
213564307558
213565156324
213553506720
213550182470
213565992475
213556476249
213561258989
213556325461
213561426162
213568520273
213569821659
213558411054
213555076906
213552000627
213557598962
213564091552
213565607423
213554062734
213554276035
213555180450
213565957468
213551756268
213567913399
213567398333
213568989078
213565613041
213553824237
213567402784
213559138995
213560110349
213560575851
213558157355
213569219190
213566898966
213552748393
213561400432
213560944190
213550757117
213556689357
213551385371
213563506673
213557217118
213568019463
213569517935
213567370512
213565893733
213556756255
213560653962
213563547899
213549269547
213556508075
213552890425
213564583878
213564265065
213561277006
213553323707
213564998150
213549331425
213551901791
213552557049
213559678823
213562282583
213552897600
213557862742
213555446808
213568231544
213562130494
213549703388
213569677784
213555407786
213553695678
213560548782
213556394005
213556515388
213550785564
213561924117
213553328274
213566620932
213550560282
213564721639
213567079555
213557485078
213556052811
213554724734
213554682647
213568188150
213559754128
213552398100
213551106956
213565734543
213556067881
213565047174
213549869229
213563512846
213561214803
213557015461
213556629983
213549515510
213556044382
213557556375
213568635891
213550263568
213561598972
213559767409
213559657991
213550160841
213556288149
213552283604
213562001829
213559328741
213566776852
213554966603
213567834318
213551196698
213551284022
213559646725
213566487165
213567283749
213567859959
213563817952
213557705399
213552235072
213551119995
213558332404
213552610975
213566676032
213566868627
213565376644
213551006455
213564244208
213557570046
213558262345
213563175749
213556563637
213551666145
213551091872
213554031137
213563376401
213566194426
213559346651
213555499219
213555263260
213557910483
213569225046
213566395697
213563977487
213569844432
213557845172
213561569329
213556569792
213559154415
213550667385
213554308453
213561922351
213563243253
213558467575
213558273538
213554004879
213551011410
213551227459
213562214182
213564889370
213551935114
213555982082
213561760304
213564747313
213550489924
213563210057
213559633481
213566879655
213556668425
213567809988
213561754801
213564659014
213567751569
213562598419
213551214580
213549784173
213553475512
213551147884
213553714096
213567640457
213566473746
213552178037
213552824514
213560461921
213567353328
213553685521
213560053242
213567260175
213564185555
213549836538
213561622014
213552141781
213553941700
213568533656
213562985877
213559322047
213551232159
213549569268
213559848717
213568683601
213561919674
213554892435
213568034268
213563806810
213566299511
213552864137
213558939238
213560303836
213549893400
213563754634
213552050936
213555856868
213566741521
213561854771
213567250223
213554444519
213565356933
213556585364
213568317060
213551682729
213560507563
213549698270
213550819966
213561736320
213553888452
213549964054
213561989230
213559814933
213554049845
213561237033
213565440367
213569354392
213550855073
213562632421
213566504694
213552111005
213562664080
213556979160
213566589795
213564609637
213561227316
213560713510
213555550416
213559450036
213560435042
213552834165
213567231108
213551664739
213559863864
213561860420
213560188463
213552414446
213561241398
213556674261
213569532723
213549218697
213559615076
213564358889
213552239703
213566744050
213560681606
213549458294
213549342905
213549694067
213564246948
213561498620
213559759141
213558623356
213565301505
213560351584
213564558630
213559042285
213565616480
213569401207
213557784516
213567699561
213557829351
213562937634
213563361453
213564774380
213558249299
213560965575
213556541971
213553960305
213555988493
213563777159
213560427704
213554251954
213563332710
213555843276
213561978907
213549960210
213556833803
213555808218
213551713614
213559567287
213562032635
213562324145
213555430676
213569725893
213560122606
213555592612
213549792417
213565649257
213569737975
213557221520
213557546019
213559691550
213556843687
213563706321
213563322969
213557998931
213554117276
213567748692
213559843767
213563381044
213555825276
213568878966
213567962526
213555110872
213569768828
213554917637
213555917958
213559584682
213549767303
213568089929
213563462767
213569652274
213564556540
213550309448
213558018213
213567492166
213560863840
213563109281
213551753816
213549096789
213552043833
213549027818
213563379204
213549510280
213567097214
213550717321
213557619401
213550401370
213559547987
213555950127
213557031327
213559287857
213568096569
213563160429
213551591520
213568862335
213565165064
213559078390
213550199496
213558530291
213562320310
213550287922
213565527152
213556175131
213550403902
213555238172
213552332976
213555661634
213558341857
213565925334
213550115330
213557169759
213549035233
213560636569
213562483513
213566879830
213569729440
213550531070
213565098533
213565207281
213558082213
213569950636
213564318609
213567805052
213564289479
213564923127
213553550997
213555081141
213551136832
213558515047
213562641204
213565349204
213557955974
213564928107
213554593633
213551312866
213566891148
213568683272
213568453912
213557059483
213566024142
213558201186
213556183924
213549582676
213569445342
213563274005
213568732065
213550724475
213569632124
213558115747
213566346542
213569663881
213568944320
213555726341
213557504500
213569121688
213560899915
213568043087
213561756950
213561955917
213552627776
213565100820
213562704619
213556039497
213563271072
213556039224
213566578000
213557527374
213566766452
213555413141
213560837565
213562839274
213568108228
213557550291
213550836586
213565729886
213558841128
213565963665
213565729131
213566796858
213556201027
213551403859
213567567625
213563836629
213553818021
213553368513
213554741497
213553709662
213565972784
213559538599
213553169200
213555546932
213565376893
213550726980
213568255022
213561949764
213556146426
213551701921
213559900073
213556736499
213551111511
213561301684
213566270741
213559699242
213566399989
213561639136
213561784484
213561285510
213564451868
213560575407
213569717226
213559825477
213560502873
213561091831
213559024773
213552490647
213550159545
213562023113
213556557324
213551920632
213565986638
213552052056
213549502536
213558491328
213551014510
213561042324
213549220688
213567009421
213556800510
213553950549
213569254697
213561850702
213553707078
213552758687
213566399224
213550351958
213555050846
213559197219
213564245187
213560143393
213568062894
213558048017
213569084496
213565718928
213555639789
213561567932
213563528896
213555849802
213550605511
213559590782
213551042725
213557112335
213559282162
213550377520
213551826634
213568628838
213557649104
213561260073
213549470588
213569841163
213560423279
213566124217
213553958970
213559971418
213561266744
213565508030
213562618800
213559744297
213551436684
213552853110
213561974129
213560842975
213557050297
213554171476
213549372524
213561016434
213559509316
213553333799
213568252418
213569028186
213561239092
213560209335
213557893287
213563493322
213559628614
213560910101
213563119983
213561248634
213553440499
213555839379
213552847324
213568682696
213569905090
213553528702
213569319387
213565788153
213558478438
213557134418
213563911859
213553348596
213560487720
213558160615
213564000975
213552082356
213556167497
213564476446
213552336943
213563014473
213550447352
213551755413
213562113348
213568130231
213562655139
213554578937
213567028548
213563987829
213566499903
213549527235
213568792688
213561134793
213552585767
213561882400
213567728227
213560512598
213556698458
213569011295
213550152581
213557530200
213566685931
213567494525
213556438804
213549485025
213549752598
213568219822
213563773518
213557922683
213560079753
213549508212
213566804107
213558597473
213560685072
213566209523
213565111373
213562612246
213553838823
213567079739
213559580471
213563824579
213549807220
213566140187
213559575194
213562290061
213566996752
213554269172
213550743311
213564397360
213555105785
213559903512
213559310601
213554210269
213561431981
213555311091
213562330302
213564450362
213559494232
213559972834
213559309900
213565014868
213558383644
213555678953
213564657385
213561406787
213560449224
213557871852
213568438520
213561446875
213567969368
213555678998
213558491734
213559514981
213566423410
213569149868
213560373660
213563820180
213556369246
213566800984
213568209571
213556226027
213561643786
213556698923
213560191323
213554026603
213561918928
213564863204
213553786024
213561271929
213550925279
213557309377
213552453439
213566560763
213556594132
213559777675
213559548080
213551093398
213565398481
213558556679
213559119729
213549765671
213554540031
213563140446
213551982332
213567084429
213557789935
213549195399
213569622150
213553389881
213558347258
213550456655
213552296308
213563225684
213551504484
213550441983
213549146390
213551423001
213567618898
213556134687
213562172221
213568970059
213561811716
213551344676
213562238241
213559973693
213564218255
213556446414
213568114230
213558482810
213558542582
213558696660
213566795707
213563478734
213559818071
213563234790
213567916052
213568806260
213562100321
213560207359
213561387467
213558548406
213550354126
213555305758
213567388448
213549261548
213560861501
213567868083
213568054582
213562598572
213559205549
213551032627
213556403919
213569556912
213550732188
213568477130
213567149256
213558983039
213555749627
213564320091
213565066359
213561154260
213567984580
213558609475
213556944824
213569461858
213561137279
213567928853
213556214510
213566857567
213551071234
213554904293
213549002817
213561056860
213567126414
213553500434
213553971058
213560808832
213562832289
213555227296
213568790875
213552010826
213559690115
213560568139
213553989266
213549601735
213558871203
213554783598
213554289357
213550213330
213556598097
213550042293
213549719662
213551150500
213558824418
213562019046
213561019944
213558668190
213554628678
213550702803
213558915716
213549786776
213550520213
213569521273
213566895837
213554428143
213558493315
213557353462
213565259303
213559628534
213557027159
213564582719
213555857791
213562701292
213549235188
213562864506
213562599491
213563509427
213562914465
213563645652
213556757339
213554438441
213560777384
213554863838
213555555724
213555399273
213553563632
213563171641
213566847700
213551379511
213549912667
213562565232
213552117029
213554299554
213568546090
213566033090
213558268455
213561724548
213568143972
213556962742
213558151822
213564679304
213568528999
213552626897
213562234467
213551877603
213554548728
213554058039
213554431408
213561006131
213563485587
213556976336
213553080062
213563590377
213559506916
213553220618
213556294842
213556405140
213565463104
213564503571
213564173094
213551745937
213569217690
213565868165
213558414270
213557488364
213561231522
213551293011
213558710314
213555891149
213568396482
213568509451
213561737852
213562110024
213559864267
213552202025
213559524980
213564702374
213557200343
213559138402
213553446806
213569380637
213562615140
213566227671
213567836200
213567561509
213569169491
213560885028
213563451929
213562792342
213568136335
213549058565
213563599843
213560620781
213563448862
213554496299
213563169871
213563164414
213557499449
213559470566
213550305257
213551144537
213568130557
213565810032
213551792811
213568964296
213558433360
213569263773
213553375008
213559339873
213565293036
213569123821
213552265494
213561683833
213554911321
213550727155
213557375442
213562248146
213555119808
213558685996
213563051934
213554587018
213563607560
213551669537
213555096234
213550047465
213553243690
213561654504
213567761614
213564745575
213551333388
213569066867
213555067510
213567557225
213557209918
213563358204
213558189738
213565065347
213553156327
213555564961
213555603082
213555231298
213560742120
213560358310
213551542013
213564172092
213564580858
213556608974
213549491490
213568223660
213554393632
213565486209
213563615756
213562876564
213556232875
213561287202
213561746831
213561763740
213554152590
213555238435
213558664316
213566037915
213560822167
213563803407
213562764536
213568747040
213565893321
213555299437
213563847804
213549105152
213563398764
213549901148
213569728490
213556923495
213554706083
213562408329
213555596717
213567067572
213549937269
213567636789
213569379237
213569491233
213552121588
213554071984
213566808523
213558525868
213556696653
213555927276
213560611898
213560110632
213555044882
213558205053
213551000901
213561451837
213556134281
213555338344
213553960145
213566625516
213562246616
213565977127
213558720338
213562008186
213566641990
213568014865
213564860341
213553143111
213557158454
213561447223
213560689282
213569273905
213552202465
213560741115
213552678695
213566092676
213551255682
213568894383
213556184668
213567169244
213553101546
213562912834
213554265409
213550379632
213552011293
213563244729
213564493945
213560517259
213567671899
213550165164
213569862092
213564743547
213558650897
213559385271
213555769523
213560225374
213564739753
213567544238
213557851160
213550921793
213567260926
213553100850
213567089167
213563007542
213567093720
213558243544
213562644265
213562800050
213561062742
213562943119
213562282617
213565129052
213550659513
213562102086
213561329378
213564512040
213557844558
213563775444
213550489031
213565290608
213551669189
213559983372
213564330335
213567629143
213549629553
213550916741
213555657072
213562254628
213560675364
213566538261
213551370910
213559480360
213558873165
213559794744
213552990070
213560770010
213565527560
213550793048
213559642973
213563158276
213556001679
213562627407
213551587754
213562480085
213567297070
213558220908
213567293554
213554656537
213556956594
213554516594
213555526976
213565388233
213561793329
213560708033
213567182887
213558039243
213557317650
213566077171
213569635909
213549424206
213564988194
213563611040
213559828796
213563079715
213563458558
213560719316
213558001180
213555800603
213550340264
213558416195
213567432834
213551649166
213549961422
213567038771
213564742110
213550859633
213561530213
213550083012
213569624906
213568323075
213561889049
213563544724
213558302811
213552544730
213559369387
213563006841
213551361102
213565596579
213565103933
213566453714
213556683286
213556730138
213561784323
213564887347
213559360744
213552797942
213566095771
213559426782
213553964028
213553821422
213555777806
213560596897
213560910620
213565234268
213562377024
213555906740
213553283861
213551825395
213556439486
213564554052
213549092056
213561452307
213568435986
213569142763
213561716643
213562941853
213564323534
213557103722
213552730913
213549940352
213563335884
213569019659
213553638263
213552271282
213566336035
213565234320
213564347295
213558669717
213549420253
213564870569
213561806595
213562216346
213560147156
213569488912
213564751259
213559862216
213551341400
213558450824
213560599032
213558895267
213549696208
213568547200
213555037714
213567705401
213562898045
213551577687
213557310397
213566517157
213565622736
213555121441
213549307034
213553659854
213566732785
213569223545
213563615989
213568277384
213553956225
213569995781
213567062242
213562848756
213557052599
213561236396
213564982235
213555836130
213559838815
213556859553
213559053527
213569321678
213551599367
213556323617
213560589466
213568924311
213551437846
213564411508
213569946149
213556451920
213555697176
213550881799
213550933876
213558238525
213549454259
213560612223
213567357026
213563451593
213558588349
213549385845
213566172302
213554959201
213554748764
213564906295
213561269566
213551017393
213552933814
213563103139
213563902760
213550905133
213564990656
213559087221
213558994220
213565696718
213563675304
213561058102
213562098136
213550545006
213561403744
213550029106
213551200215
213552605748
213565551559
213550536266
213553666994
213550264964
213567957307
213553835861
213566559169
213556337715
213565193897
213559867173
213565300351
213553340797
213569886663
213550123946
213560665620
213558128758
213560442963
213568286959
213566001050
213551912946
213556988782
213555742480
213558861951
213560316315
213556506336
213561572279
213566799944
213551562342
213565047809
213554138475
213566390041
213569909482
213559655080
213568166567
213559630846
213567301686
213563555768
213554415879
213569323797
213566102700
213563113815
213567921876
213561905523
213558297259
213559714985
213554766096
213563180600
213567639216
213559901027
213563915151
213558065570
213562702777
213551510083
213555083569
213550001739
213559632389
213567124482
213567084748
213556862052
213554240760
213563279867
213557055502
213569849449
213554357477
213562969625
213564754309
213559680561
213568933459
213564400660
213564379081
213568675396
213555132108
213552925359
213568252523
213561739972
213563370566
213558864523
213562645963
213554272426
213561951575
213550203664
213567638170
213551817259
213562603097
213568877526
213549841327
213556946974
213554959335
213566980157
213553671603
213552508847
213552139501
213557390483
213549223168
213551928148
213561726731
213557908069
213562778473
213563605666
213549673551
213549342900
213554734413
213549526240
213552808180
213565170366
213561092389
213557626681
213569107630
213550033411
213569373134
213550583209
213565955453
213566308715
213551583202
213563499919
213557616652
213564799764
213556746373
213562117279
213561208472
213553406794
213551507708
213559211912
213560731482
213565224525
213556258496
213566485857
213551296774
213560416884
213550906500
213559477489
213566460710
213564650338
213567903864
213555451907
213564267204
213549245376
213552284239
213553987687
213558986733
213551251906
213563144573
213549296939
213563677475
213565381813
213549296700
213559414627
213551287809
213556275200
213552680866
213550347440
213569665364
213554165673
213557174415
213549897283
213558081707
213550099198
213549827236
213555475474
213563873182
213552895878
213556736128
213558968369
213569177084
213566502134
213567545506
213567347787
213567220847
213551139636
213562938463
213555389903
213567524656
213558837138
213553348573
213549404641
213563569066
213560655565
213557898591
213556309794
213549936047
213554867683
213568624234
213569881523
213558102625
213566597144
213552360014
213556382285
213564423334
213564441510
213552307473
213566409594
213552185682
213559836997
213557754684
213568753718
213563722025
213549128477
213556530552
213558626204
213556233966
213557997344
213554958331
213558464882
213550336254
213554697352
213563556039
213561830427
213556135074
213569493491
213565532942
213565296096
213551996825
213557585921
213554312190
213565284409
213563409188
213566843053
213553895345
213566291098
213555014088
213567254678
213560927784
213566909584
213558301507
213568309825
213561661899
213557519567
213555711088
213550721779
213549540470
213552918217
213555565560
213559307281
213558538631
213558880274
213566501890
213550932701
213559270888
213557893072
213552346170
213568230709
213556705515
213569698194
213564523327
213554417041
213561791034
213556298773
213549107255
213555253452
213565654832
213568924391
213549953285
213564920063
213565588750
213561129501
213554091455
213567581984
213569738464
213560464246
213552154189
213561312744
213567237373
213552235147
213559695556
213550929111
213561015822
213566954018
213566629817
213554409122
213551072255
213553477865
213569834472
213549616853
213563894860
213566771208
213556258231
213561417645
213566415972
213566456490
213555342223
213558140374
213554285366
213567628004
213552000085
213565597202
213553912530
213568948977
213554098573
213567272622
213562566563
213565279527
213566389040
213563221296
213561795970
213561032709
213561114503
213569687457
213557011160
213551956279
213568586560
213549689562
213569677954
213551980000
213556621154
213563153633
213558451950
213556983176
213550993329
213562003869
213565581186
213563396422
213561309333
213549697523
213560159955
213557518398
213549613688
213554371739
213560066256
213549991808
213564992843
213556515254
213563272689
213562158884
213568176300
213566302855
213550580215
213558189574
213551013768
213565028657
213549126525
213569499777
213554531076
213563589205
213569648725
213558043608
213565114798
213555038816
213554609818
213558295852
213560149567
213563128337
213566735339
213560889541
213554289854
213565157037
213561841951
213549964949
213556549836
213567971449
213549338780
213567544856
213559814701
213556515997
213559510683
213568419715
213564669439
213551223398
213566380362
213565867048
213569562921
213559480933
213567077657
213557908020
213552108975
213560499764
213553129210
213563130674
213564090279
213549885206
213565838590
213561325622
213565395937
213566909355
213555530181
213554493570
213550455684
213557786599
213553725938
213568981776
213550461425
213550910671
213564971775
213556426994
213562631251
213550256212
213567319440
213551008586
213550072202
213558250498
213559575017
213550365835
213555240808
213562046331
213559224603
213553785301
213563494664
213549657518
213555147096
213559643984
213554062206
213556135584
213552489015
213562534002
213568556962
213565115016
213561799672
213562869816
213558135548
213562096217
213559372053
213554301559
213558675337
213549081338
213561503364
213554225830
213556375259
213557372188
213569316276
213553824410
213549805475
213563051337
213555370171
213556719017
213568417337
213556246883
213551900061
213551958660
213562530160
213567762721
213555740843
213561493400
213561944039
213564129507
213550990929
213551135833
213566668265
213568271444
213566444320
213555689358
213550825295
213562905941
213555833697
213564797943
213564558225
213565247552
213559393046
213559219830
213569519899
213550900924
213565408726
213559227455
213553661395
213554529345
213559601766
213564090229
213561806449
213567169435
213553879015
213558712177
213554701610
213549556666
213558105898
213564660500
213564010541
213569722651
213568253177
213557678375
213560395555
213554805589
213555475651
213554806797
213569267812
213566729902
213569540986
213561889369
213553432513
213564833659
213561515919
213567011142
213565558563
213549246523
213558226535
213565489386
213561613370
213556089737
213565412261
213565823652
213551114981
213564793292
213561067933
213563921859
213557624105
213549330768
213552901692
213557505513
213554033167
213551459196
213553831946
213558032797
213568070538
213550563035
213554859649
213564153919
213562233184
213563370669
213558163908
213550994727
213566153002
213549843503
213549551765
213552259852
213556639957
213551608854
213558033925
213561791625
213550382330
213563858689
213555557952
213560060731
213551103723
213550563187
213553295775
213566683560
213563454625
213553841679
213550667601
213556779909
213569961907
213550317763
213556304365
213556541918
213555562192
213557029483
213551399498
213549288342
213556299640
213552301374
213553799990
213567816898
213555273089
213554285293
213552419977
213565158562
213556910252
213557645831
213569109438
213552433629
213552683990
213559153269
213557064115
213561602075
213566658449
213562655165
213555233623
213551884594
213552279038
213555581987
213568734547
213566138575
213549971263
213552768017
213555209161
213562589248
213562592738
213562295263
213560143348
213565226093
213554818309
213559801918
213554954308
213550665565
213567159495
213568749345
213560606418
213569085682
213556266843
213568779749
213560926901
213560900026
213569287673
213559083749
213567557335
213556480681
213564633570
213558010418
213558214857
213555620310
213565274222
213559237285
213550220639
213565610953
213557451422
213551769771
213558242038
213562321941
213559931790
213564874807
213549163617
213556822529
213560519473
213560033792
213557181935
213565508850
213559222800
213553384569
213554102611
213550294290
213568667447
213566266980
213557919872
213565649889
213549574490
213549335947
213568789921
213563367147
213569653367
213551576517
213556323337
213567612057
213569907249
213549414917
213558463148
213550268466
213550519446
213561264401
213557855777
213550319324
213565328806
213565632805
213552237072
213567129051
213559833667
213549647695
213560570989
213560587734
213565805930
213559289261
213561394449
213556432486
213567570891
213555935518
213554156079
213553342449
213564718444
213562141471
213550376053
213556299663
213557923298
213562319777
213560750041
213550111040
213566646574
213562611363
213555994768
213564248745
213559593083
213553885523
213554046430
213555029939
213559098842
213553040996
213557718469
213564070496
213555052085
213567533469
213554740948
213555779810
213552141534
213549138262
213563931610
213568668677
213557755981
213559029265
213566979517
213554904656
213561289013
213553114284
213554810601
213551907149
213556643484
213560187903
213553990903
213558319210
213556284858
213559285663
213568163220
213565241657
213568823563
213565427480
213561645207
213564319749
213559608358
213550934829
213558972145
213567476191
213553056884
213554319532
213551724781
213563771396
213566544506
213552114550
213552892922
213559876612
213565840066
213554750511
213558122392
213563958187
213563341639
213549437360
213553894731
213549554038
213561448797
213551211777
213558681483
213556647017
213562227672
213569054876
213560485199
213554701986
213560247769
213549457735
213553783438
213569491837
213551765623
213553837440
213565530464
213566471041
213562405411
213565333677
213552581720
213550572736
213565942303
213569052164
213550041078
213560390468
213567641684
213564689512
213560690539
213562167745
213555978961
213565017360
213558013959
213562027697
213554505330
213567331137
213564648487
213569750707
213558300989
213568972422
213556117037
213552259724
213550463760
213555082758
213567258814
213559817914
213554293786
213563496688
213563515457
213563111206
213567485155
213562525233
213566573937
213561682070
213558010438
213552724272
213553705795
213569859737
213555128553
213550512821
213565753600
213566926034
213557150402
213568021548
213562286170
213552648159
213563305084
213552351115
213567580542
213551146612
213556207994
213564389745
213551092760
213562932314
213557659724
213558813810
213559389832
213555798775
213569077945
213563820084
213557459195
213557183184
213566894147
213560072805
213555652545
213550759682
213550035214
213565877923
213569186338
213559085016
213568543030
213558939020
213551697980
213563278491
213552124207
213549998569
213560916325
213553895803
213559938547
213564091795
213567315130
213553052719
213564439204
213563362957
213568831557
213555796547
213559393783
213563707631
213559977600
213562281214
213555366924
213559970070
213558268596
213556356297
213567234617
213566653313
213557244056
213551122781
213561801963
213550867522
213558576330
213549550060
213569887444
213555858760
213552954501
213552509451
213554342101
213549753970
213554582514
213563326737
213555981433
213563463005
213562917298
213561686674
213565639792
213549568461
213549674358
213551919204
213552578841
213563536870
213568217510
213560554572
213553191068
213562960601
213554479630
213552205188
213568006242
213552470674
213559994591
213552402689
213550928062
213565171329
213563910760
213554529920
213567391769
213565468529
213558062024
213568974941
213568767517
213565545408
213566236140
213557022741
213559259250
213557954887
213567907721
213558990482
213569512181
213551787798
213557738050
213564594450
213551537907
213561871901
213551845385
213550270493
213568942236
213553007886
213568317177
213562754202
213550111181
213556545118
213560248171
213550146213
213549054999
213566598809
213561208271
213565437362
213568531396
213549479100
213564335675
213563105356
213557830171
213556133783
213567672844
213551657413
213561449629
213557866157
213561044607
213557222213
213563088931
213565227069
213558466963
213550899814
213562537520
213553168747
213567227003
213557369012
213559256993
213564143249
213550050148
213565380394
213562960061
213569054284
213559473776
213568527801
213553271398
213556772122
213549616695
213552404721
213554955466
213557062155
213566794960
213560907014
213554750817
213569533042
213552006626
213551702467
213566493067
213567769556
213569111569
213553345885
213552017586
213559822430
213563178677
213560978105
213559333765
213563174471
213553705215
213553511526
213556185905
213565335065
213561807668
213557691715
213554432309
213557276332
213561910037
213551613153
213560819446
213566924618
213551765765
213552185022
213558800192
213563332105
213556958604
213557906167
213559298664
213562883328
213557235437
213559148597
213569124112
213564483552
213568270229
213561967207
213551931472
213568569835
213569905151
213567017415
213558093912
213553022034
213565011278
213553128498
213554502145
213562048909
213567727052
213564054327
213560706538
213554873373
213560595415
213555859280
213550158331
213567187212
213563882169
213561140472
213549509094
213556123046
213556607543
213553998399
213567710262
213564725460
213563810172
213551758634
213550486212
213563708374
213559200638
213557004975
213569090640
213562982726
213549566216
213565963100
213554290857
213557361487
213558361677
213555462801
213562593493
213563452271
213550517918
213565907419
213564514720
213556591660
213550572027
213559004485
213564670504
213552701246
213569550541
213555550717
213563032355
213551004380
213558854863
213551713202
213558748760
213552309818
213562904552
213558800253
213558558997
213557868464
213553462680
213559782112
213558380162
213569921013
213569121246
213567969290
213555806454
213554824958
213563093183
213549614088
213549561583
213554928307
213568017379
213564296400
213563881425
213554696185
213550333335
213569929062
213551367138
213567078710
213564410082
213558011386
213550097702
213568884930
213557534736
213554421509
213568406765
213550734796
213555898094
213549833673
213561544940
213564367207
213553166939
213565680986
213557918563
213550864426
213553538195
213569686754
213565334566
213559550900
213558125980
213551537775
213550718069
213554157685
213565646513
213551959798
213552186046
213552495148
213568259300
213558387325
213566556539
213562133461
213561403722
213563018975
213569040722
213553044761
213556029969
213555130950
213558457676
213569370703
213552791496
213557335193
213567109112
213563180203
213553844928
213559391696
213564154868
213569072257
213566131189
213562470723
213556754573
213553151845
213550608361
213556295747
213551924299
213569447365
213550938482
213556606330
213563540294
213550362195
213568854893
213563425805
213552293244
213551957202
213551056893
213556912074
213551183325
213553815144
213563686738
213552244907
213564887663
213566184223
213567197526
213561175623
213566042059
213558122742
213562479872
213569602264
213552263209
213557967233
213568660473
213550183359
213551828208
213563667471
213566089194
213560018055
213567629255
213557876922
213563375640
213550444942
213556949276
213563458856
213563392308
213556312014
213552650715
213552683895
213564903680
213564786246
213558156986
213560488811
213569056569
213552372799
213553899044
213561663710
213551824140
213559896221
213560542242
213555338903
213561345025
213557932345
213567028651
213568053733
213565787371
213566749182
213550659825
213560938736
213565784782
213555582482
213555634166
213557720647
213559831352
213554249403
213554871727
213566336594
213551702389
213566992494
213550219608
213558440749
213555306877
213560765786
213565956906
213552297386
213549341275
213568040495
213565526690
213550983515
213553566762
213553615555
213553143033
213567725335
213554036129
213551105830
213556442091
213552692277
213559493860
213556811527
213561136709
213567649673
213551151633
213553850790
213566599448
213557868677
213557852564
213551384971
213569477385
213562935871
213551103785
213561457049
213566960998
213550051743
213560776286
213564694706
213566955512
213569533358
213558598087
213550633187
213566027258
213569042268
213564153351
213568344930
213554066029
213552790562
213560792687
213561290937
213567325331
213558904421
213559240992
213564784018
213563584131
213561246868
213562933489
213551194130
213569238272
213568805993
213555923165
213566801843
213550396013
213563764221
213551393351
213569211028
213556980039
213558749111
213566410891
213551489247
213559874820
213556569512
213556948649
213566723303
213569849915
213564595043
213569297255
213558435336
213551186713
213560732419
213557838431
213559225866
213554921506
213552211202
213561074342
213554003471
213552621581
213563369804
213569843402
213558272476
213551193827
213567912950
213565831455
213552936604
213562958426
213555128379
213561799311
213568924697
213549309835
213552321975
213569915668
213552045025
213565962376
213557844615
213569067949
213565684524
213556098116
213553541966
213555732308
213564306288
213553032936
213555356605
213558380725
213564565053
213565913029
213552335185
213549335045
213566441083
213564137068
213549918977
213563974398
213563116597
213564162735
213565120878
213568827877
213549536119
213562109032
213561638343
213551292814
213563230693
213566506382
213553620445
213562946022
213562540564
213555535662
213557629335
213552142683
213556781756
213563180458
213557798545
213558810258
213567989177
213557548227
213563804431
213568867568
213561660836
213568577297
213566935831
213564218568
213563095546
213556680497
213554600453
213556177937
213567385663
213559686162
213549770395
213565032505
213557178867
213562977582
213556926522
213559177015
213567826378
213559562836
213551917735
213569104022
213553842552
213553609871
213565331577
213558878252
213549974961
213554575722
213562489171
213555314749
213550480851
213561646988
213550583465
213552664645
213562759893
213549462934
213564156967
213560780238
213549884659
213562620184
213556833857
213568248097
213553265290
213568797480
213565386900
213567453281
213549248211
213549900948
213550143195
213563442318
213559487280
213566329075
213551279546
213553023380
213567880299
213553284839
213558903592
213568317840
213551882150
213560931909
213569824604
213555132558
213554163847
213568568944
213553229244
213559522342
213564363159
213567123622
213561456448
213552808772
213557269427
213565777492
213567951590
213550839146
213565587240
213567334160
213565953574
213557861565
213568451868
213553253377
213563625226
213554803718
213566887487
213550152856
213568181558
213559699414
213561472414
213556062002
213568722673
213553213522
213563424560
213551918358
213563199139
213557387958
213560263557
213551487969
213563384441
213563181359
213549679936
213551741402
213550791379
213557161981
213550349097
213560375319
213563489934
213549140554
213551611166
213565630307
213565998517
213565362617
213550086184
213563452027
213551960232
213567710053
213554993720
213567844186
213568519716
213553333899
213558739691
213550531571
213569344572
213564051070
213558530656
213552794162
213565260781
213565066807
213556145581
213562303971
213551336969
213565264278
213558963392
213556142114
213567874648
213563034500
213568082966
213553381503
213551228100
213552876548
213567055968
213551379646
213557568698
213562714788
213556811576
213556882664
213549946885
213557244255
213552257662
213560763737
213560784391
213556196396
213551764547
213555136246
213559468307
213552209450
213569772640
213559398071
213562193497
213549935493
213557658949
213552500741
213551130925
213553905862
213551801610
213558442475
213550576000
213554146066
213552919245
213549565834
213557389606
213556557612
213552491371
213554002239
213554894012
213567840604
213554980765
213550991828
213567718133
213561123697
213568337216
213568252933
213554681794
213567272600
213566671730
213563812159
213567870197
213552348584
213556302709
213555705119
213560027002
213567669433
213565271563
213562171491
213563029191
213556414245
213566733670
213551108428
213558495867
213566839376
213564765164
213560423719
213568796580
213567536610
213556726499
213558030278
213553669866
213566803289
213549775035
213555598807
213549582283
213566726580
213564936897
213562069777
213558372265
213560050540
213556623621
213558762222
213566049699
213550017309
213566914504
213560835084
213549463584
213549549969
213552168251
213559941501
213553462875
213566451067
213555582900
213554772188
213549197393
213553257803
213550303791
213563544146
213564755859
213552158355
213566459984
213559986363
213550663208
213560840000
213556025675
213565317662
213550353859
213558660805
213569827325
213553641927
213556952300
213559679787
213562924957
213568006155
213559599564
213561157204
213556781840
213563811482
213556110981
213557393094
213549915847
213560637235
213565896400
213568254269
213569989607
213557367203
213555234600
213563579763
213559492096
213563321716
213552209156
213567265021
213552753262
213560588173
213564042743
213560723747
213550751041
213550807291
213554748245
213564392905
213566423007
213561657448
213559292798
213567289877
213561122169
213558922193
213555693303
213555445051
213558800456
213549573056
213549889806
213555505816
213553812774
213554950744
213568866590
213556245637
213554013965
213568481798
213564622997
213552319814
213555324892
213565766369
213564026143
213558335943
213557174046
213554878822
213568505355
213553468494
213567921103
213566027288
213555853421
213559818813
213569269968
213566333562
213561174157
213560028489
213568001764
213560527573
213566369116
213565389862
213560780316
213551008142
213568463680
213550951909
213567445361
213557266281
213561719848
213551652874
213555040349
213567298974
213569901597
213555701070
213557385593
213566291193
213565863594
213555758616
213554912642
213551807135
213553733833
213565774418
213551072822
213552614150
213567371210
213565330654
213568084677
213568618627
213556873373
213549761448
213563299897
213562465808
213559812447
213564126688
213566800775
213564695206
213569101132
213567702622
213567839010
213558868441
213564922009
213558909049
213568135281
213555283808
213569481218
213554492921
213562938366
213554887365
213569122806
213566469711
213563348539
213556717628
213562072104
213560105868
213558864402
213553174494
213560006565
213564213736
213566047900
213562226333
213566628111
213568851760
213556030477
213564682569
213558458024
213564146667
213551722849
213566789869
213552656898
213555152346
213554081843
213567596203
213564925519
213558241623
213566582582
213554540757
213559387806
213553370170
213553041763
213561395271
213567842642
213563533423
213564505891
213551264722
213563397786
213566380305
213549706467
213551011003
213556879408
213551768356
213554616816
213561673075
213565090307
213561467559
213565727379
213552436291
213557576498
213568754662
213551042707
213569559326
213567770235
213561057995
213562345672
213562668297
213564285402
213549502054
213551402107
213557167277
213568137081
213567111020
213569779903
213565204478
213552702095
213549567122
213550739649
213561657956
213569992792
213554221827
213552864255
213561560763
213567676516
213553422656
213549327471
213562999625
213561956182
213549892868
213553489326
213557377383
213557816345
213557598089
213560260746
213567928013
213566689932
213549679525
213550231036
213551362983
213567672481
213564221564
213562105054
213554587297
213558902659
213569605821
213556857030
213568394079
213551281464
213562861576
213567888661
213554942292
213560290363
213553834807
213564464019
213552192761
213561567407
213557020485
213556009536
213555886899
213555284179
213564030161
213561347758
213562443460
213553054523
213567552243
213556544639
213555869176
213555512200
213569028931
213567719028
213553471944
213558270360
213556648588
213566537901
213559594456
213567324356
213555576947
213557910916
213555405808
213560002241
213566161246
213566642600
213552564940
213562454901
213563053941
213553231527
213565066670
213560647576
213560208615
213554756986
213550452171
213554553628
213569789847
213561263695
213558989011
213554480197
213552124964
213559166709
213555841135
213561645920
213550171214
213556745523
213554239151
213550306834
213558950499
213561185699
213568107925
213560473706
213561830990
213551900086
213555531894
213567262579
213553285023
213558069428
213552750615
213559278055
213556590744
213552187891
213550266150
213561881399
213566359788
213558945956
213569986317
213562885250
213559005746
213569514198
213568438583
213552649577
213549778284
213560776550
213552269664
213561711484
213550219032
213569850599
213565939328
213558825688
213559573886
213563972348
213553627119
213549092455
213554268805
213560521293
213551440394
213554693064
213549339422
213565415658
213556179891
213566644669
213552355687
213557847406
213565276097
213563956992
213569767401
213557624308
213559165574
213553978284
213560658268
213567121303
213552024246
213556192818
213569724396
213550733747
213556433484
213562227653
213560066596
213569762242
213553535698
213566324757
213557535466
213566650890
213569162174
213565911092
213565992481
213564350094
213553397199
213561896400
213569388929
213561310977
213552230092
213565546281
213557972727
213563128326
213550657131
213568038064
213564400037
213560159142
213556250402
213568224541
213567807538
213552868848
213554497261
213566042187
213554324262
213560755831
213568034832
213563636403
213553743580
213565735473
213562693345
213559667664
213558505739
213558587982
213561697924
213550764472
213556010007
213568473288
213561293292
213565994799
213558721062
213552616779
213553541299
213561438403
213553617482
213552865478
213560336177
213552052145
213556056190
213565097967
213554915863
213567430036
213567871161
213563614659
213566320275
213567767119
213559721189
213564393592
213563780068
213553273298
213555139817
213562104647
213565768515
213557501407
213560278244
213552348692
213569811690
213557340730
213566300808
213559981347
213555387444
213558915019
213550156474
213563818948
213565429204
213566324807
213557118721
213552715581
213549391222
213549468861
213557914812
213556697451
213551687094
213560410562
213551016360
213554688063
213553304516
213563910122
213554955433
213549623870
213549221039
213560047173
213564704717
213568635727
213559799663
213554400151
213568636866
213560271532
213569804481
213568268125
213559294835
213549361894
213550527373
213550235216
213559548896
213558861248
213552989203
213552363582
213553938964
213559577750
213551051618
213563603749
213568399306
213565211136
213552657441
213567339130
213553028339
213553662501
213558763431
213555609511
213569543360
213562785518
213564259890
213556597749
213551849642
213557454664
213551383447
213567581800
213563170463
213554495447
213563381200
213560552869
213552117762
213566162147
213556192989
213553225052
213553431181
213549299735
213556066394
213554232130
213556511856
213554956858
213555640160
213561126924
213556998637
213549093731
213555252467
213559930674
213567857678
213555278313
213549746135
213566243853
213559847051
213564979930
213567938267
213555111328
213567684138
213569667434
213554892566
213561063010
213560612734
213561521061
213563957109
213566139012
213552006465
213558839583
213555670449
213566460049
213564950719
213555512765
213557338967
213567194372
213566681134
213562697389
213552591714
213551485964
213553637166
213556223923
213565160663
213568326560
213569758243
213552955924
213567029266
213567388880
213555907177
213554977290
213562928950
213562483669
213567056072
213563678128
213556711393
213560964344
213555518342
213561452360
213557068237
213553027539
213556298715
213567159240
213563455496
213565215295
213558558887
213550061006
213563156361
213551336631
213552550248
213564933712
213550578520
213564774826
213549420996
213568499474
213562768268
213551884088
213563285237
213559050990
213552476490
213554037734
213549655181
213557163056
213566366457
213557646014
213567844850
213569981484
213554532618
213567062313
213569597886
213562937731
213566234611
213558476371
213549817710
213561259892
213559152699
213560734478
213565399878
213558032048
213557674804
213561671849
213552891621
213557379617
213549992882
213553518920
213567133804
213554674477
213558866854
213550465745
213558314014
213549466566
213561673540
213568923271
213566820536
213557702125
213563392998
213558166506
213550945080
213565806060
213557886169
213567763003
213558317089
213559834211
213559555851
213550966911
213562399300
213559068409
213551264095
213550423334
213559369514
213566386332
213552369945
213558563770
213558245914
213560132751
213556828364
213563601376
213554068877
213549253536
213565405665
213564226860
213558040431
213560395044
213565006017
213558821413
213552625266
213567545858
213550696709
213552716881
213551201879
213549018052
213563415700
213551504674
213554066898
213556749850
213553355381
213566407678
213566100741
213553964703
213552141773
213568126175
213564631583
213552830864
213563462421
213552941301
213565106603
213569344102
213563067060
213558308546
213558642225
213559840745
213568874259
213549283488
213554298409
213561781731
213566733273
213552458580
213559965673
213552583891
213558323398
213569686582
213563056940
213563728283
213564188229
213559927522
213559012498
213556356656
213561950961
213565530836
213550993488
213560711983
213562186397
213555323430
213550668705
213564623956
213564071724
213566566328
213561493016
213566745179
213549506975
213566213567
213553560498
213556613956
213556985974
213558907706
213558959564
213565218117
213563537475
213551610260
213564789920
213563838482
213552167594
213569133601
213555212975
213552016546
213561534012
213563949628
213562665548
213551311163
213550570141
213551379597
213550371530
213559480354
213560348449
213556644886
213568655501
213565624109
213554641688
213563757973
213567102578
213569132400
213552913631
213549736859
213567179853
213563721975
213569203948
213569384113
213556458694
213553052356
213549292620
213553024996
213552562365
213555972108
213560109184
213569978042
213561495545
213554259215
213559980030
213564667839
213568643988
213564671972
213566054395
213568042818
213564161842
213551289335
213562214274
213562725486
213560920578
213553217220
213550009543
213565224161
213560530120
213552074369
213562890495
213564758263
213565900551
213565428249
213567142562
213555101511
213561564686
213564802614
213552877666
213552647458
213557418515
213553134828
213568411432
213569911201
213551204358
213561571538
213564050095
213564463587
213549740223
213566619250
213565717670
213566027241
213564030368
213559277376
213555703832
213562817302
213555758868
213563449239
213564463302
213566525239
213562208913
213567892280
213554458584
213555385965
213568097200
213560020126
213566947841
213557514965
213554535299
213566317862
213563007893
213564374453
213566670346
213563399693
213553340864
213561972785
213566896180
213569477522
213561426010
213560383965
213551900247
213567441066
213567569091
213559810990
213567318716
213562431089
213551924952
213565431242
213568428992
213555827761
213550199405
213568899824
213566026798
213555681195
213557507688
213563725215
213551941520
213560616188
213560354503
213561603228
213566261253
213566674688
213551392706
213554965313
213561711740
213556977355
213564951041
213566736977
213552902822
213568364678
213561317998
213561518929
213568051824
213559771838
213553863500
213550045694
213549796648
213556669439
213550166537
213567078598
213556877431
213568730361
213549763463
213565767052
213551161332
213557626511
213565877746
213554647834
213549286104
213569757186
213553816664
213555443222
213561945639
213562330289
213555192111
213558973113
213562923118
213565909797
213562363152
213553074995
213569122510
213567540175
213553313041
213567413123
213560766291
213561304749
213564142249
213564531931
213552962918
213569250176
213567359105
213553569993
213549008480
213561214614
213555950931
213549559185
213550575385
213559484223
213563320539
213558060612
213555319513
213550755773
213569202227
213568463217
213563460809
213567856923
213569110823
213559797806
213551347483
213559327818
213560031948
213569282456
213554241944
213564826229
213563934934
213565622697
213553591624
213562163751
213552552259
213560520205
213550250540
213565918475
213564140154
213554350400
213566140480
213550265653
213563578786
213560454455
213551552351
213554843824
213564111806
213559008091
213557989697
213549208869
213563914317
213551847326
213566353456
213568832644
213562494487
213567261815
213568944891
213561047866
213566996268
213562996057
213552586247
213563678749
213569462377
213550449666
213561032708
213551876777
213555140358
213552036806
213553587286
213568348660
213559770867
213563976164
213566683677
213560555257
213562231874
213551924336
213558933828
213553571426
213563530898
213562930175
213560606312
213561821262
213553405368
213558073802
213567939471
213567149177
213565201021
213558960959
213567506471
213550176388
213557011180
213551788664
213562891786
213564133243
213560524925
213558917096
213560734929
213549664157
213556991622
213558892455
213564252403
213562519074
213561594921
213562337208
213566333411
213559008181
213556500251
213555256040
213553894919
213552738447
213562740603
213552554629
213565594672
213550109952
213555812722
213553216703
213554838708
213558077299
213551465939
213552615959
213562991973
213559010746
213556476665
213566926911
213567357235
213559087040
213568486711
213569440037
213556082397
213561770879
213550136741
213552417022
213549621437
213565952943
213551750434
213566789916
213552453607
213561536949
213567527431
213555963116
213561761790
213558011935
213559147643
213554541098
213556369222
213559800908
213550090754
213564959454
213555749287
213560502617
213565796538
213569728361
213552864899
213553437235
213560104225
213562330184
213549104979
213555584156
213563508324
213569038422
213567290096
213551286153
213563150448
213549702313
213562964415
213552895175
213569810875
213552507235
213553500813
213569244932
213568868067
213557815365
213559829408
213556511198
213561193089
213566253707
213553260328
213554950284
213561396301
213553593779
213557280192
213564843812
213559744122
213568774277
213561538615
213553325144
213564632387
213563566367
213562190109
213568035658
213551811391
213556363391
213558940752
213562830695
213568070313
213551948282
213553439443
213550806808
213554128333
213555653179
213567116530
213559780477
213554925030
213563992018
213563918809
213553891411
213566602892
213549642746
213563695293
213557748182
213551035364
213560386734
213569513514
213563688046
213557862256
213559610563
213567357942
213552337780
213569809088
213550121117
213569885420
213560389246
213552765076
213566452948
213554061280
213557175864
213563294532
213565970284
213551688852
213564212856
213568856412
213567632563
213569794148
213555011783
213553228689
213566303188
213569101415
213552577006
213555999463
213560008333
213554014649
213549258725
213564154655
213553888672
213555563981
213564720935
213561956196
213560254544
213562757036
213549304909
213560151777
213551795532
213549668036
213550895199
213561625105
213564291994
213561693584
213563660780
213550101752
213561650239
213559508613
213552993777
213560966140
213565816547
213559019646
213561471567
213564838393
213563465897
213561388183
213559897171
213566738584
213555579419
213560266009
213558999509
213551245720
213557414848
213566254313
213564938487
213550683612
213557397191
213551436359
213561713636
213567512039
213562112883
213567797015
213566933706
213555883675
213549617549
213551002117
213555121305
213560434521
213563876477
213566666177
213563032962
213552761270
213556983987
213565422636
213551165797
213566182773
213564077684
213567791056
213555524140
213568414659
213552829085
213563733530
213562645357
213549201580
213564544317
213566596738
213564691792
213568194993
213551471233
213564415873
213567612186
213555963219
213561920188
213569187925
213562090445
213550054059
213553030105
213565604532
213569289641
213567083710
213565501161
213559877926
213562080488
213559899713
213569202280
213567211991
213549872745
213567806916
213554056096
213563862556
213564563418
213559511138
213561407922
213558777711
213567181257
213551478189
213559490580
213566214044
213549813588
213564787994
213560364517
213550337875
213552934353
213551927425
213569309793
213554688571
213558834297
213561810638
213567337184
213551706756
213569265311
213562508522
213567447100
213549768323
213550321085
213569374917
213563955631
213561950568
213551169203
213552751450
213566775692
213559701273
213557815493
213564868355
213566201319
213567344447
213559628823
213557189076
213552969285
213554331583
213549819476
213560583080
213551777869
213554076832
213549919153
213552379395
213566228707
213550139731
213553549334
213552072040
213566994302
213561124471
213553834405
213559986448
213561367970
213557790616
213556639610
213561769657
213568155664
213563628438
213550776203
213563456081
213561666167
213559012401
213551598640
213559671788
213565747474
213553013179
213568665145
213550661644
213568148061
213560547969
213555582451
213551928553
213562729348
213555150066
213563525927
213569225418
213565514876
213551555639
213555730364
213556624324
213566647008
213549303405
213559734611
213550723647
213558790022
213563771478
213567332028
213557844048
213558565338
213559943635
213559370965
213553916857
213558447918
213554840715
213549599660
213555209149
213554722712
213563071630
213557085134
213556959682
213551537883
213557824041
213553090618
213556139092
213559596464
213550296010
213560052538
213552675190
213558977158
213566729488
213559716542
213557283359
213550037197
213562000271
213557939301
213565990169
213553162784
213552728784
213565511276
213568541885
213559257174
213550637101
213566802675
213568528768
213553196870
213553395565
213553472119
213557322303
213564219589
213557745682
213556235974
213550209759
213554656093
213559019580
213567973571
213553813217
213565833573
213550341786
213569916001
213564286882
213550444362
213552809284
213557247152
213567917708
213555501376
213557731372
213549008254
213560971953
213549900509
213566480424
213555605394
213553604413
213564268421
213562102695
213551127962
213559443259
213563319975
213565740740
213556501981
213556767833
213555247756
213557816506
213569716177
213554571969
213558924500
213551084531
213566469843
213566120637
213556309563
213563405220
213551325438
213554542157
213568003828
213550308931
213559779879
213567705044
213561336649
213564486778
213560186159
213559807829
213549800428
213562144229
213563046074
213563659967
213567766131
213562825192
213561183584
213561407776
213557677391
213552066302
213562287545
213563768192
213566361796
213563180544
213567019360
213567338087
213568770579
213562864640
213562252271
213554004342
213552479695
213563534251
213562426062
213555418565
213569559831
213554349038
213557601340
213567261910
213565616779
213556508259
213556196106
213550890948
213561371209
213558538151
213556760939
213569956882
213560703927
213564886988
213554704712
213551803315
213563383569
213557352800
213564658371
213567728065
213554448851
213557494753
213551332308
213553385024
213566334750
213562735583
213560024745
213549958713
213566018555
213569876301
213563541053
213553147202
213567689605
213564150929
213555922216
213551262773
213566409662
213567263680
213557694998
213567392543
213564145856
213556432529
213561255482
213554637544
213552161130
213556432790
213560910590
213565840011
213565613894
213566569096
213550338664
213556817573
213555480259
213562276433
213568183278
213553028656
213556385561
213566723699
213564425732
213549648217
213552477306
213558526774
213554067003
213557325462
213562059216
213567159236
213549373905
213551004729
213556447838
213569307128
213559032977
213559445656
213562270741
213554074846
213553923154
213551806820
213559106765
213556985404
213567489329
213566113590
213558736603
213566066179
213552953741
213559624737
213567279552
213567797618
213562263025
213553060754
213559262703
213559960291
213568809720
213569106359
213550387002
213569126106
213562490466
213562085602
213568474258
213550701789
213562634953
213567091660
213564401498
213560430588
213557343879
213559200290
213563776326
213561070256
213567942609
213555027506
213568164393
213565447822
213567688721
213556588540
213553344627
213563588179
213558619213
213566677670
213569297699
213559007828
213568325655
213553228696
213561001059
213568614205
213555241209
213550631119
213549671318
213553180398
213560118183
213555552958
213558977962
213566866292
213569466226
213568165648
213566464075
213565006705
213566523081
213563777773
213560117505
213568044216
213568949738
213556863228
213561552495
213551799676
213561512656
213569081654
213549861353
213554746874
213565326306
213562449383
213557967468
213549638638
213552865293
213562355263
213554199302
213558629062
213559312274
213559028714
213565600912
213562628373
213559214011
213568986240
213565624982
213551434641
213567914801
213558631938
213567827664
213569380520
213562518148
213564794872
213560953233
213569256957
213562472160
213558369993
213555656779
213562287095
213560491043
213554500084
213550338197
213563103345
213568001004
213558979059
213560646426
213565065185
213550326678
213565614873
213565486913
213568479686
213564977531
213551972876
213569694623
213564026688
213558635850
213562744704
213566138477
213551727990
213562074691
213551952393
213549282969
213554996939
213552236123
213551767432
213560478561
213555195222
213552250477
213557757145
213569881029
213565351803
213568893808
213569888895
213555403155
213566636207
213559663002
213569117415
213563326338
213560211846
213551253688
213565281725
213565494360
213566705563
213565190946
213553910086
213561034390
213556790740
213552098102
213565387116
213559194375
213564594243
213551195416
213558133605
213549449088
213552440746
213568033667
213555420782
213563734399
213554490017
213554226138
213551850157
213562731686
213555981379
213551232118
213566344791
213569291465
213557613616
213567471344
213558405871
213560301658
213553378195
213549896277
213569525911
213554256229
213567824062
213566253295
213561782955
213559578475
213558228349
213554849374
213560424503
213568360209
213557138993
213561940499
213564978952
213567036843
213549090518
213566811191
213564235440
213552339447
213552401035
213560135609
213562617867
213551645817
213552346669
213561782447
213569509070
213566905529
213549295207
213559440654
213568448539
213562547476
213555394020
213550348420
213566405390
213559436812
213564729913
213553993003
213555010724
213565141731
213554386636
213552944263
213555519331
213564116467
213565590897
213566627471
213562291705
213564701483
213559522067
213565972219
213561305986
213555405257
213552004813
213567512736
213555607321
213563200162
213552127985
213566997727
213567457093
213562844342
213564970260
213550570015
213567747208
213563986074
213565111729
213559485521
213563629208
213559147165
213550256045
213560222997
213563109950
213563228907
213558738898
213560255968
213554097709
213562421729
213560851617
213549248331
213566831946
213562592510
213561593274
213562367538
213569533039
213559987266
213563020980
213569351705
213568476948
213559426477
213563791076
213556691139
213559449914
213561967930
213567168581
213560370390
213557864442
213553189249
213565332270
213561901051
213564304516
213556263216
213556181311
213557264494
213557085387
213559370035
213550110294
213561215322
213564357325
213550055227
213554379673
213557147610
213557704256
213560422876
213564294515
213549421065
213549509991
213564368048
213561076129
213556163882
213562514198
213554067563
213558178429
213565254119
213569621403
213567913043
213553403991
213554644889
213561394867
213552535974
213560156576
213551483224
213550127891
213558908472
213563057437
213569909310
213567372057
213562719742
213557302246
213556712703
213559571900
213550782345
213563288909
213559637178
213551404982
213554871817
213560731995
213560945910
213557705754
213561035956
213553338686
213549867454
213555064960
213558437114
213554623039
213569429903
213556952414
213559711667
213553310474
213560260106
213550871879
213565240338
213556270647
213565213951
213553569554
213568526301
213549464103
213559978983
213553394291
213563837725
213563805408
213552679481
213559814356
213566902148
213565988765
213558316017
213556336640
213568930021
213553898236
213568501620
213553935769
213564409043
213569023725
213549591881
213555897322
213554428448
213555410101
213559711352
213549228591
213560326618
213553867485
213561827063
213550922500
213567964416
213560971073
213550978597
213567105688
213553279781
213561643490
213556541927
213567263320
213554127358
213551727411
213556200357
213564465386
213562694649
213557470804
213559632358
213556119014
213549103997
213550787881
213559302594
213567566802
213565301593
213565739992
213551103886
213558119685
213566628139
213569442203
213559131367
213568754833
213553201138
213561015028
213549909094
213549027678
213553262746
213561267702
213556866363
213550362763
213550038580
213569442504
213554844823
213555984703
213549296908
213549953265
213558946597
213554289176
213557568225
213553502757
213562042281
213567184380
213558561980
213560697237
213562910730
213558401362
213553337863
213556841520
213552536700
213563285222
213567404603
213554875956
213564805204
213550904318
213565521916
213553014261
213557924055
213551313891
213559040962
213552963886
213557646281
213551102077
213560197170
213554253942
213562904579
213550122632
213563344830
213560006187
213550602061
213558130627
213557889265
213559159858
213569484933
213566843014
213561364322
213566733559
213552607634
213568234424
213568338028
213558975131
213549861754
213567095110
213562005224
213563193684
213556798174
213569647043
213561138789
213564354033
213554211156
213561678312
213567449266
213559391883
213568420716
213558068520
213567908520
213551701462
213554743921
213562647222
213554183175
213564278638
213565750789
213555678140
213565512678
213564169694
213550837314
213569163005
213556169313
213568081334
213549438477
213552391822
213553093640
213564298787
213563108903
213550719199
213549169473
213569833190
213551830053
213563478298
213559103632
213559510938
213553813886
213561923214
213551933290
213560887156
213559134352
213549970783
213569738367
213552855667
213554194442
213555476203
213559521286
213556774149
213557770649
213559442158
213558380968
213563505142
213563874092
213568837389
213569643244
213559283024
213562034307
213567138686
213561807628
213551965378
213559862067
213567461508
213568254987
213550931286
213568710692
213553399452
213550060270
213569527344
213562730595
213555157641
213552596015
213552327623
213555673642
213553234333
213551862935
213559154115
213557088228
213562566727
213568249489
213564614953
213562276554
213560084837
213555012650
213556724452
213567880546
213555580856
213553222747
213566494289
213560058703
213569944575
213561223142
213562377642
213565407872
213552782943
213562024394
213560627479
213564989451
213560615603
213554658475
213565381528
213566737286
213550312444
213552434519
213556904520
213559010159
213565292915
213566575685
213549981899
213550489366
213564564183
213553718888
213559582265
213549655480
213564972820
213563276453
213562343648
213569195132
213555262793
213568645041
213555040841
213567171052
213549303751
213565903903
213565675400
213558081422
213563448150
213561171217
213565326143
213550207060
213567511995
213549349475
213562378615
213567930674
213565500157
213549563021
213562191297
213557376563
213567942471
213557381802
213557452895
213564304205
213553890094
213551474514
213562598819
213566755813
213562351876
213567589075
213561800283
213555234156
213557299629
213556483363
213567432985
213566035787
213555099200
213559415767
213565791640
213561218966
213563286397
213559909792
213551989804
213561812512
213552806893
213549602967
213565757397
213549430617
213566900009
213565838731
213558874613
213560841916
213566190370
213562015304
213566191460
213562322054
213568099622
213560681115
213555490939
213554094508
213568799904
213569432659
213559491003
213563883193
213568431392
213558853097
213555248435
213563280544
213557233543
213549116762
213564536837
213559354333
213555637414
213564240140
213550935217
213558662470
213560705735
213566839271
213564313013
213552404287
213553181663
213563297355
213561571721
213561456622
213552606256
213569544586
213555262480
213561540595
213564216987
213551442950
213551260917
213551467220
213564412454
213549308695
213554414731
213554424606
213557049977
213568353547
213559527990
213561146448
213567592103
213558746010
213563477742
213569894947
213551433072
213553924395
213558223335
213569233770
213566425434
213550926479
213555604457
213550478936
213553297926
213561770713
213561906276
213557118395
213552086924
213562258117
213551685788
213563380092
213553017609
213553961046
213552727777
213562753909
213553285345
213564185591
213554096212
213561989854
213565448161
213555113330
213567838350
213557875210
213549750705
213563524952
213558594032
213558391029
213549341018
213565749338
213556617080
213550118902
213562859355
213550592964
213568581504
213551086366
213568220154
213559797452
213553753061
213569942089
213558756879
213562864732
213551891722
213562980535
213565935752
213554867368
213554542975
213552131643
213554666063
213560450598
213567478180
213569489999
213567184379
213561093460
213553637168
213549401474
213553242450
213558602984
213554767435
213564528651
213554439035
213565717196
213561694597
213551197035
213557045645
213552523365
213555818837
213560985602
213564629816
213563337051
213552500860
213566604696
213564296236
213561912085
213562981769
213558339752
213564370275
213566690627
213549017048
213559687222
213549921703
213568144557
213568272480
213554019123
213559010303
213558766880
213569025279
213551830751
213560606834
213564578564
213562904914
213560752602
213556212439
213553356077
213549752361
213569087003
213560262549
213568197547
213549294517
213567735273
213550935642
213559909408
213554253496
213553780328
213554796467
213564885191
213560097883
213550288313
213555836736
213552278942
213551687448
213567786154
213561966413
213556940100
213549525557
213565538466
213549383183
213558367516
213552020523
213560122405
213567591701
213549926994
213568710941
213560997701
213556318724
213558214069
213565100221
213553984234
213557659498
213565404164
213558275092
213561319582
213552743418
213557277545
213552201376
213556455729
213559265433
213563870170
213555363055
213569832040
213560301138
213555570808
213558715956
213566928841
213556667363
213564598820
213562085244
213556825680
213561103108
213566820966
213554776586
213562482055
213563648353
213560361551
213556322908
213568025782
213565623885
213561263238
213549450280
213564703168
213563496769
213559266458
213561722191
213551771568
213567501634
213562783973
213559601138
213551859133
213567486762
213563992605
213555672975
213559195188
213552724311
213566468234
213555758054
213562807451
213566141876
213555507550
213554925923
213568130854
213550603968
213557653248
213564270891
213567708550
213549360334
213549598259
213559086756
213563396367
213557134510
213561746037
213560858514
213555626619
213557988818
213549663982
213557514608
213551345566
213550605481
213552440796
213560631182
213549435209
213554235249
213569009853
213557658894
213556020307
213556036095
213560915837
213565844018
213560485720
213566484436
213561944105
213556017591
213562815083
213552120174
213556215382
213555251000
213549828524
213555178582
213558994865
213565382131
213567874215
213550096020
213558015559
213552024754
213549580445
213561796949
213554747361
213566919690
213560486197
213565786941
213568422747
213553780702
213566154622
213553994738
213564254029
213568929801
213549044814
213554860146
213556835339
213563212411
213551562247
213556819712
213564925492
213549877985
213555087640
213552765971
213559887874
213554088496
213554324598
213560847452
213556650767
213552910318
213552791867
213561476765
213557689078
213560457970
213555585977
213564664692
213549289811
213556745175
213556209512
213550399535
213555045922
213562425259
213561654876
213567915706
213561853458
213554261329
213558831127
213559413076
213551421013
213557445778
213560097847
213554809966
213553232813
213562509348
213561291639
213566874431
213549386327
213550358078
213556543897
213555910373
213568194514
213560884078
213551219428
213557842230
213555164748
213562595388
213562177011
213552307484
213569367790
213552793323
213561326176
213569141027
213563604770
213562224866
213568596783
213558497432
213569316359
213565762927
213554044519
213562227290
213553942605
213551610309
213556176546
213559535402
213561256671
213562512974
213554184428
213557020083
213549198945
213553357987
213563629256
213557171421
213555419672
213551802658
213554569080
213565552736
213549707376
213557586742
213557558543
213561578335
213559986115
213567829367
213555346418
213559434067
213553587748
213558989168
213562716960
213565885347
213565942141
213553996730
213549850872
213556823838
213553348713
213559872871
213551623871
213557105307
213557754416
213549985658
213552580787
213565802751
213561586750
213560375378
213568973614
213566135923
213562690546
213562652507
213555150725
213564600905
213549811158
213553756273
213564559243
213566724125
213552316439
213565667142
213552445141
213568349636
213550077102
213556928108
213565831387
213559527084
213557557312
213560203242
213552612459
213556023450
213560323506
213552972632
213563313525
213554803999
213555580871
213560162944
213558811165
213551742781
213568330139
213563521602
213553312754
213565153468
213565981205
213551625232
213552470450
213563105579
213554610751
213560511803
213568768466
213568636784
213556464460
213550012486
213565866358
213552956035
213569363936
213560761241
213556320216
213566783525
213561646055
213567314785
213555524833
213549877908
213551856361
213554458608
213557338894
213555849386
213560427906
213555835692
213549317118
213562608316
213552251889
213560827699
213560566079
213553765569
213565043296
213551794899
213557721299
213566146379
213559134866
213564909326
213569562438
213559182200
213567720845
213560897081
213562490231
213566451588
213551159868
213561203574
213553960543
213562610667
213565467734
213558483652
213562961669
213565554657
213559899217
213566041199
213567534940
213561501668
213558202170
213564551578
213551004188
213561856921
213560693333
213552584583
213565128943
213563757366
213549896576
213565486783
213552733783
213568833861
213550143951
213559039452
213568106858
213560148351
213556805496
213569185952
213555649422
213559596453
213549521734
213559579855
213553372521
213551696595
213550803504
213566073133
213549815697
213565899509
213560379323
213569948092
213550781870
213551491286
213564979286
213565947648
213553636003
213552773455
213551174633
213554758593
213569970178
213556793197
213560816371
213565283179
213558253588
213561371064
213566846723
213569715465
213549855552
213560131578
213555662296
213554063632
213564085701
213569885676
213549352860
213551425828
213560507824
213556140505
213560702047
213560012784
213569644565
213561868386
213552372784
213567142475
213560318202
213560711663
213561453727
213561861903
213555106746
213549347258
213551758558
213563713955
213557963225
213554562330
213567693061
213557682165
213569424176
213569697474
213557377118
213569699224
213567908418
213555839577
213554467111
213557509129
213556462984
213557345507
213554744001
213557852648
213556638024
213562901376
213559080131
213561877808
213558338669
213551365047
213552627919
213559821671
213559198196
213559192271
213561624096
213555879696
213552158434
213567701819
213562009395
213568535052
213567376274
213560746373
213558595041
213559844038
213562372982
213555407635
213549408228
213565536537
213558750956
213566564647
213567626194
213554298741
213553733053
213562248807
213568413655
213569460583
213558803976
213561815390
213554117436
213554622671
213551433067
213561676635
213550468371
213558609000
213554656819
213567010262
213554847558
213566859239
213569158578
213558929840
213553315553
213557799895
213559943503
213565151731
213550471057
213562884081
213551899358
213557763533
213562172840
213556351142
213553464386
213550047150
213563319418
213549300764
213560242688
213558346652
213560727293
213555268530
213563803679
213564575505
213566124504
213550200543
213569496272
213566066431
213555390375
213560781495
213560193821
213556076664
213558242042
213560617649
213560443605
213559716724
213560585665
213559437258
213551809888
213557245313
213555095154
213556193963
213564672840
213559623198
213565114901
213555419743
213567244065
213554718158
213557994022
213565470932
213556073206
213562177900
213549962999
213562742666
213561507302
213551655078
213569399736
213549401287
213555960099
213555115420
213555993466
213555471718
213565320937
213559703315
213560114006
213557078332
213564283663
213559394330
213562789726
213569573019
213552566494
213554205284
213567630497
213566355634
213555606399
213568771158
213557865576
213549284004
213559037933
213565104238
213563422262
213553558654
213553861783
213549747348
213569389165
213557638398
213549501491
213558753657
213568662180
213557818492
213556667205
213560596836
213551540661
213551858365
213569624877
213562574488
213555980194
213555891546
213550739310
213552498835
213563894736
213559409122
213558967569
213557013796
213568013704
213569831513
213551901102
213563476578
213549055914
213558402958
213562764766
213559572794
213565416603
213549910570
213552995882
213552993234
213552336415
213558184802
213553084426
213551438389
213562856374
213555951453
213564639605
213549912264
213566251880
213568287856
213553868249
213565467235
213564392870
213564330450
213561058923
213550790836
213554956981
213557999698
213555765361
213553484368
213559728786
213549025704
213551340412
213562602249
213566635809
213565142215
213549967303
213554308893
213559767461
213565981569
213561515556
213550315020
213560933757
213567006090
213556277265
213555209991
213556117528
213553464216
213555040424
213554453138
213550536466
213549650789
213561477904
213556483088
213551215967
213569778812
213567129815
213559135613
213555423071
213566611122
213563803250
213557967095
213560832123
213557998912
213559313875
213569972987
213556437039
213561574682
213561748632
213559913321
213551054823
213557765592
213561023772
213549720207
213562553054
213563164602
213552877655
213569926768
213566845229
213551344812
213563501604
213559068108
213556552474
213566322467
213569469425
213563371877
213560642857
213559426459
213560080702
213559171921
213556996355
213557512533
213556066796
213566483777
213567677463
213549996236
213566554083
213568087457
213563520245
213552099785
213558308397
213558697839
213550566233
213551186624
213550824080
213554187523
213563445969
213554430742
213557765224
213549573296
213559933203
213549583661
213553308460
213557251450
213551100794
213550461437
213569363762
213550113371
213567161827
213564053407
213559899286
213565053131
213567289090
213566782949
213568399321
213555021693
213558259103
213565206104
213562437667
213568259458
213564244405
213555097250
213552596906
213555392293
213566733274
213566411708
213556141842
213560447142
213553857590
213559192740
213557632288
213569806712
213557180012
213550329160
213549095661
213569290899
213555361546
213560243314
213557553602
213556635631
213568346649
213568750268
213555622405
213556646580
213565294060
213563327428
213560126842
213557492674
213569217310
213549274167
213553438223
213555381759
213549456704
213566787499
213563399985
213549312143
213556436609
213551874016
213549711329
213568351234
213562368603
213556755635
213553412034
213550893094
213563741242
213564497943
213564666666
213552775929
213556490207
213568424640
213553941062
213557743629
213554301356
213569318515
213559999375
213551681914
213549165264
213560562072
213558429112
213551412276
213569605003
213566114106
213564169914
213554933819
213562027540
213563519065
213563048725
213552685553
213568411415
213550160392
213566904564
213562895994
213551108931
213563524509
213557986863
213562934170
213566819698
213561696066
213563193650
213549937810
213561265567
213569293058
213562603103
213554320054
213552707154
213568981360
213569153210
213557925445
213564543096
213551470023
213556461526
213567654291
213568625184
213567115650
213551374284
213555036589
213556105901
213567277152
213562867173
213556490444
213559540948
213563349842
213555179388
213554047172
213550841915
213567560035
213551161115
213564974211
213554862959
213564012698
213549731699
213553015713
213554220975
213560112115
213552479814
213562662684
213562489717
213565470060
213565279710
213562205036
213557886321
213566198106
213554986275
213569810196
213563256607
213567890925
213565081806
213559706073
213566191983
213549784434
213558236477
213561999150
213550446286
213557704074
213565283874
213561429370
213560520266
213556768193
213550113985
213563931587
213557023241
213555653784
213551698505
213562293629
213551664399
213556005122
213560324459
213567251108
213559784008
213557171155
213563037578
213567969956
213553019343
213559993802
213569787518
213556253887
213565372490
213549261279
213567064375
213555949314
213567419648
213551983601
213564827380
213561265238
213562961326
213550368911
213557569050
213553834393
213559222112
213568120239
213559504156
213559637396
213565391529
213566648261
213553768058
213569373277
213564284771
213564878956
213552583129
213561709395
213559791212
213551527289
213555547522
213552449410
213551635348
213564649641
213559857923
213565865305
213553433939
213567899184
213569703880
213565576437
213568538220
213552355226
213564641556
213550707237
213554158242
213558163953
213557610586
213568051212
213550113123
213560089591
213558225356
213559620721
213569010511
213556734066
213568690418
213560663055
213559269621
213556464263
213555937309
213563657898
213550070589
213569905942
213569259180
213552051697
213555579246
213559989808
213564189151
213564608403
213566211160
213551116872
213565836084
213554024197
213554064252
213556154475
213561730277
213553736853
213564210974
213556406459
213567614038
213567964835
213550682633
213562128298
213562360836
213554971073
213559207988
213567360252
213549760162
213566477121
213553812570
213558848938
213552717076
213549497606
213554941887
213557739515
213566020816
213551084054
213556687190
213567754543
213553192817
213563519084
213550857292
213564993161
213553726430
213562396461
213569125649
213560940417
213556454233
213554892329
213555478887
213558171590
213559149430
213562584358
213559194089
213552277272
213564246782
213566804384
213559682943
213555222460
213569520778
213564865030
213564801698
213561656805
213564490867
213558778715
213555633345
213559677288
213560033676
213560195699
213567618028
213553018731
213550308967
213562111651
213561410868
213558770448
213561953781
213565505898
213567825138
213551190919
213566996598
213558107912
213552958719
213568528672
213558410942
213555801515
213551225274
213563265401
213555447684
213555712292
213553912977
213553058398
213556139404
213568452282
213550739590
213554066351
213558915603
213568981359
213559693139
213566705125
213566354636
213550487614
213565916338
213559820335
213555713520
213569269592
213557253588
213556463449
213549340268
213559222761
213555250605
213568099232
213562191121
213567553037
213556227711
213558808964
213563961634
213566621353
213559152276
213567562095
213552135873
213565071298
213558201388
213556482221
213555137796
213559679398
213552081302
213550396918
213564295608
213562072773
213559825810
213551658283
213560528967
213561669644
213550460086
213553077871
213556978184
213563720166
213550851385
213553227954
213569667440
213562294701
213555705605
213567557629
213552755674
213565395253
213562341854
213556909746
213563018316
213563827795
213568724850
213550436283
213565929105
213557434867
213568691865
213560517870
213556536697
213551770158
213550014317
213559422571
213555937448
213554102585
213551665517
213553006886
213550645420
213568260193
213562103490
213553221388
213551961461
213555454658
213568368723
213554870013
213550665515
213555492461
213555038356
213558353906
213553597460
213565595958
213555445141
213563210765
213551409303
213568523241
213567040654
213564045418
213569279225
213569341636
213565767112
213564977603
213559507467
213557647566
213557203130
213565849212
213569976323
213565443150
213559082408
213550506172
213565948808
213569548967
213551256325
213551119185
213569541513
213554873913
213554951057
213553636573
213553498120
213564228310
213564586179
213551401258
213559592044
213562930194
213561106385
213559097688
213568974846
213551023284
213567898244
213549391979
213566445794
213551482489
213559369714
213564709575
213549206387
213557764173
213558321777
213564490075
213563580068
213553092238
213560860601
213569834547
213553877154
213551021495
213560158104
213568789863
213565894751
213553579577
213551300587
213562764685
213556015922
213567181417
213549951299
213552441964
213559554167
213549710168
213557599506
213559142539
213559098206
213562851888
213549277895
213561367837
213561193546
213549215345
213566849635
213551796506
213552015146
213559420293
213565992141
213568875329
213553892074
213552515217
213562396039
213568066442
213560425605
213555779903
213561099413
213554282078
213553201557
213566795953
213568620286
213559610227
213554104588
213558370356
213564584800
213553725285
213549885947
213550635688
213551952823
213552080769
213565879834
213563929475
213567151618
213549486342
213567425505
213560403665
213566963217
213557830733
213561312441
213556135025
213549488850
213555341907
213555826839
213562981322
213556993891
213561547268
213550163162
213567900344
213562576625
213557688266
213561184492
213558676599
213551162399
213557251488
213553058899
213550341019
213551062893
213569413039
213567930813
213556830487
213550632800
213560736840
213556810080
213557908587
213554920426
213551809928
213553505779
213558134244
213560653180
213567652111
213569343044
213566987997
213553691950
213554475705
213554826749
213558432533
213550150510
213562618596
213563058156
213551615750
213565795885
213564810968
213560231533
213553221552
213557368988
213556476114
213566384880
213566034964
213563065330
213559430671
213564192634
213551904428
213550588081
213552164911
213554961714
213558213099
213557885729
213558043850
213569334323
213560556803
213562068616
213559440866
213550003698
213561406960
213562512011
213552589674
213558730383
213562407317
213566410170
213549598049
213562241163
213562391474
213560636075
213553470539
213550358350
213555514941
213556857498
213559657723
213568359476
213562040370
213551502910
213559590896
213559256046
213564251652
213560561336
213564193724
213567419062
213559439247
213553723411
213552474867
213568820070
213569844919
213568911210
213561203885
213563063695
213556018951
213558707358
213550901225
213549794910
213567654516
213552262829
213556180549
213558968973
213559769998
213566999586
213567586303
213559029712
213553226454
213565266228
213549240726
213566611741
213552443366
213568196473
213550044560
213567579767
213568133441
213549681943
213558736684
213554409613
213551367687
213569724402
213569048740
213555586110
213552384893
213569901989
213551580889
213567600891
213565492634
213559455792
213560752921
213554337442
213568684675
213556058474
213561680034
213555150229
213559385016
213565193319
213560468933
213568176637
213560110920
213554077299
213549966907
213549615407
213551996398
213563730951
213568597163
213564305418
213550834927
213560446546
213566582692
213551714416
213563895842
213549407878
213549617920
213550111313
213557201576
213555815495
213553803709
213565601597
213551324776
213557027788
213557713553
213558529461
213568573471
213555565541
213551429256
213555320287
213553213214
213558370864
213562247684
213554463874
213549880122
213564109125
213560654231
213558391412
213568251138
213556681346
213553491651
213549049264
213555211572
213559424327
213555670228
213550361099
213559295216
213561070552
213549437706
213555225639
213569453215
213556704150
213564482666
213551883428
213558310391
213561310956
213552183273
213559192608
213555584690
213569145822
213556626136
213564741416
213563466622
213549808667
213562417796
213557449471
213557815765
213555802576
213565287249
213560705315
213556815462
213555274709
213563770717
213568251129
213552663135
213549484352
213557956023
213568263296
213561946272
213556978130
213565061632
213566827034
213558521639
213566322746
213561212661
213556056354
213565316231
213550000241
213567079342
213555638830
213556096210
213569210759
213557101379
213551160281
213565508777
213566270554
213563308218
213550171393
213566282188
213549641575
213550395684
213562475914
213555519988
213560983784
213549539014
213562916699
213562834111
213552759204
213557870252
213555854593
213561155261
213561611950
213549496662
213551147060
213559445253
213554660001
213555054258
213560984105
213569493375
213566470159
213556387961
213553333829
213556214325
213566562902
213562953735
213566425901
213563672441
213554264413
213569222461
213549004858
213556142924
213551955336
213560927787
213560850193
213565527161
213555401328
213560811521
213550998488
213550962426
213567524038
213555782857
213569347976
213569903992
213567473605
213567085345
213566244476
213558013780
213557216279
213558491732
213551907290
213563652303
213560924489
213551243275
213556544774
213557304891
213556135908
213553730886
213558059011
213566399915
213552843100
213550267393
213556565961
213565457813
213561925673
213566039264
213565377485
213554118169
213560723710
213551272748
213562148604
213560255542
213566920228
213561588806
213568601596
213553576154
213559749457
213555194234
213562450971
213568892845
213561093817
213565425731
213554928480
213561915810
213553804417
213569754629
213557932090
213565543273
213568299488
213566328385
213564965073
213564584322
213552023987
213554506570
213557560277
213553710977
213559070208
213565392191
213563837816
213552362936
213569184435
213551153799
213550370869
213554550905
213568826227
213562012859
213568183365
213549061561
213553229950
213554129161
213569995036
213567752844
213568159237
213563931849
213569161464
213566061708
213566761657
213568585346
213558510287
213556543391
213565453935
213550218318
213564863997
213552108571
213550191054
213567483415
213556090914
213559804232
213558768305
213556186044
213565181277
213556242412
213552352504
213554080549
213564250711
213551055116
213550181789
213561567487
213562066704
213552845425
213556058166
213555877494
213551859336
213549681087
213553585280
213568535734
213564100655
213568628648
213564398655
213568056098
213552643431
213564479837
213564135238
213567153952
213560151267
213568150840
213551695935
213564776460
213555169617
213568482989
213568561159
213568561639
213558425414
213555018110
213556760826
213549475472
213569072044
213566267557
213557865780
213561642471
213552869285
213563786568
213563725477
213559415594
213569069783
213558136015
213556420034
213554853362
213553703678
213555201558
213564669683
213561505009
213549828089
213563065314
213553818468
213557865625
213559367617
213558401663
213568444321
213563770077
213559344057
213564608894
213554582186
213568136288
213556838565
213560625796
213562982050
213562198957
213568612775
213560877257
213564159445
213564604850
213549131667
213569239119
213556137659
213557602637
213568943674
213553303257
213551027740
213566736506
213549972868
213557133264
213567232227
213549532069
213564950729
213562616314
213549314723
213560041534
213564341998
213558692442
213568709935
213559248557
213563114472
213558973487
213553443418
213551408062
213565054458
213565746724
213555681040
213561753073
213566601378
213558052991
213553088140
213555619405
213555012270
213552277462
213565753443
213564445422
213559683738
213549571173
213564194080
213569662438
213552779729
213562948320
213558777924
213550557943
213560339005
213554487693
213569680748
213559453238
213569638891
213565824913
213563345758
213557456671
213564131501
213560972563
213561489452
213565104629
213557372627
213563372181
213556526536
213556623165
213555553168
213552202796
213563154276
213564430480
213549970776
213555153588
213560588545
213558069306
213556443610
213566705741
213561147216
213552475208
213562328151
213558339752
213560981920
213560396287
213559855340
213564583019
213549221248
213556388917
213559440485
213561869263
213559494345
213549976224
213557393068
213550786077
213563947961
213564396257
213550233935
213562720451
213555056461
213557459428
213551922503
213555657759
213550675754
213556633536
213553736613
213568827792
213556918702
213565415968
213549036839
213563651178
213559605308
213562405256
213568414841
213553679351
213555737316
213551787807
213549422948
213553721233
213569291969
213567030750
213568579222
213562784610
213565047256
213555746173
213549964485
213561970660
213555416967
213566275782
213569103508
213560304419
213551643600
213553593775
213550550335
213560818896
213560822332
213567182385
213568675802
213556232237
213549838737
213555964614
213552443635
213562206781
213554639077
213556885393
213554764940
213553215470
213566071539
213566806797
213558097602
213567382921
213562678869
213557833124
213567710819
213559133852
213566439142
213564397005
213554271260
213561361510
213560785881
213565034516
213555145812
213558966717
213554531656
213553109820
213558773409
213554078584
213551427255
213563795837
213550972685
213563998780
213565041511
213554104676
213568054755
213554355922
213563147879
213549122170
213565634647
213557905780
213563080826
213560865725
213567127548
213568903418
213561837905
213560658002
213555351223
213565591069
213554216570
213561475077
213564856163
213560375354
213557522912
213564373412
213552535999
213550771773
213561929858
213553222696
213557526249
213549519432
213568328491
213555686646
213552696419
213549575591
213562056721
213553334892
213568084575
213569520899
213557037889
213554071446
213554496264
213554098209
213564156306
213564211369
213560451850
213555720772
213561726299
213555917303
213549256624
213561027903
213565883738
213565091181
213561774832
213568983813
213554440722
213554426032
213558961043
213564757313
213550147115
213552066171
213569032437
213569995554
213553370275
213550985972
213554450060
213560972782
213566086425
213552432040
213564976703
213553154157
213566899644
213555359335
213558040563
213563430881
213567173530
213568016299
213557787086
213551245364
213555935516
213568688394
213558208661
213568283837
213549439118
213558527177
213553151005
213563215753
213563167219
213550815884
213555497913
213552584269
213565630746
213560410571
213568508568
213564374866
213566920748
213565638819
213558789991
213557473123
213552796845
213558993953
213553526821
213557828034
213560410258
213569246641
213569132100
213552366242
213555740539
213561562557
213552287731
213551528118
213553719384
213555119056
213566559847
213556843240
213558779459
213568870812
213554457125
213555222713
213555258974
213568570210
213558557274
213554493647
213552615907
213553085560
213563061942
213551372969
213566738523
213566656459
213559593657
213557737155
213557993843
213567096934
213567669096
213554223365
213560659834
213568756524
213553987856
213557562085
213562606460
213552710574
213562197046
213549823332
213561067872
213562771547
213556443804
213552141954
213552335015
213551231027
213559082156
213562124308
213553494223
213562291628
213568095881
213558489450
213552304509
213551147671
213551571357
213561463286
213551199720
213568489222
213561017398
213564422378
213553209847
213556613239
213550758144
213567886300
213553596567
213567092331
213550183489
213567794227
213552703978
213557134414
213556977650
213553862607
213566173602
213556170885
213549329820
213562872098
213560451803
213554607433
213566739850
213555092445
213568122385
213565834873
213566281547
213551921070
213551145852
213567669345
213562074828
213556630252
213561172067
213566411577
213550608906
213564641465
213563963203
213560713099
213566345434
213565874221
213562082005
213564444633
213558849666
213562524260
213562461840
213554695754
213551629324
213566406217
213558902692
213561366512
213561474321
213557365928
213554211613
213550248220
213549165242
213566600834
213557804470
213555221068
213568294085
213559630767
213563471675
213551467925
213558356623
213569890643
213550456729
213561625452
213550670606
213555497614
213564567240
213569670657
213558552861
213569166928
213551352907
213553070524
213559880884
213558244391
213565553721
213556902611
213567201056
213565557139
213551008540
213559895077
213569614341
213554430727
213557082737
213555542416
213556516629
213550621011
213567734495
213553623134
213564052602
213562505347
213560216591
213566206961
213551138283
213554494400
213557959507
213566873101
213555057898
213558275312
213562547116
213567778052
213564688827
213567868072
213568819351
213558031568
213559252547
213551262434
213554729691
213553765232
213559063328
213555448247
213552213484
213568569814
213567795707
213551737207
213555801843
213557354108
213566622433
213556327164
213563600090
213558712242
213549067391
213550513987
213549744842
213551545982
213563548263
213557863747
213560140718
213558869051
213552569136
213568282092
213563331027
213567857636
213564367960
213552045941
213568724428
213560036091
213558208679
213554065717
213560790853
213569842625
213557119501
213551427326
213558178088
213561850788
213569276348
213567164154
213565055402
213559951258
213561550599
213561088354
213567942595
213554573864
213566717313
213560407187
213557441326
213567044171
213550401812
213559137012
213557881191
213558710806
213561340420
213563110005
213564890328
213549425911
213569357690
213549238585
213564525313
213552060981
213562460340
213556520175
213552916394
213554015561
213553811133
213552999238
213559654422
213552223477
213557520836
213569872123
213568087640
213559832229
213553948137
213550249912
213552997196
213562872079
213551860732
213554650250
213553570173
213563409172
213551973103
213549170400
213568994378
213557319977
213552056318
213553216800
213563764589
213569222862
213566187934
213564169886
213550260539
213567508658
213555224460
213549098195
213553971064
213558165152
213555180875
213559088969
213565445587
213555252256
213564376989
213562392259
213557699214
213557347016
213550630962
213553045859
213551355378
213561049363
213563966746
213559329106
213555853592
213552060944
213559393874
213564319058
213564360882
213559390424
213552558666
213566557543
213561451515
213560330444
213558800471
213557129471
213559430952
213568784104
213552415659
213556673416
213555998016
213563832812
213549211821
213553305963
213560348086
213560597219
213569717923
213552117281
213562829227
213555890989
213560058382
213567065111
213563163065
213556314422
213561599113
213561338196
213564492217
213562629028
213565824305
213549964645
213563156442
213568717432
213566793746
213556909486
213569958741
213552801729
213564642191
213550702300
213551826327
213552788641
213556221137
213563339190
213564235637
213561500180
213552130952
213564278156
213560617931
213568182044
213567044392
213564987236
213564946515
213556385066
213562886290
213558419303
213550588022
213564690517
213559989090
213558919171
213568584332
213565828843
213565316475
213555920457
213567697663
213554021230
213558047066
213549534584
213552307034
213556174053
213567029837
213564231689
213563335032
213549299082
213566204343
213549208498
213549286583
213550420059
213556487776
213552582248
213557566855
213568891330
213557201200
213566154598
213551342269
213554728848
213554736822
213553349988
213565014652
213567637937
213550000122
213563549632
213553365376
213557083529
213566937637
213567373296
213563146747
213553891732
213564066769
213555108803
213551394743
213558451224
213566877095
213557828531
213553559628
213568388579
213555332026
213568919670
213562015481
213567776316
213555141891
213566670291
213555782805
213563856309
213566166939
213551754818
213553933070
213563984229
213554575501
213566724380
213552418708
213549984814
213565889203
213557790352
213566486753
213568784815
213566369218
213553222496
213552400173
213566592011
213555968664
213558919445
213549442836
213563131177
213565664437
213565780434
213552988597
213564774999
213562221675
213550404021
213568768193
213564124115
213568759400
213553162914
213562156687
213549819431
213564321309
213565708128
213553926472
213568189280
213549361996
213568540760
213568479401
213565352446
213557320780
213562969265
213555658601
213559082098
213566870487
213561631097
213568282299
213569873915
213561291749
213565162931
213558806254
213554510405
213566640404
213567334901
213555853785
213569083957
213564753749
213551408570
213566441031
213554502604
213550732065
213549793356
213551210751
213560867670
213553019821
213565461968
213554820377
213561057049
213560232533
213549164155
213566319452
213568846147
213558201364
213555187822
213551361327
213562865872
213563962937
213556964174
213561827164
213555275262
213561193139
213558688560
213550654642
213560892539
213551435887
213564865672
213551488129
213561126697
213554073051
213556631535
213550343085
213549846364
213551983921
213569471960
213552645382
213552188554
213550333943
213565599498
213557486618
213562321586
213567468222
213560585104
213562930141
213559370701
213549383714
213559849822
213554207974
213565481440
213561486159
213552719437
213555291568
213556492821
213557029470
213559132608
213556488959
213565683649
213552828222
213556360890
213551560981
213568526611
213554962674
213568432958
213555306460
213561543151
213557384932
213568169085
213550509460
213565447793
213560339014
213558880756
213569862943
213558903578
213569146957
213569031891
213565029456
213562915403
213569978268
213568055705
213562089322
213558042176
213560225601
213551972376
213553307593
213566375725
213549986069
213549303607
213550559416
213559539675
213550504956
213566622097
213556539292
213562595152
213557181767
213568570496
213549996107
213559218958
213565633447
213561571237
213552847561
213556914346
213561701507
213554101611
213549223090
213565730798
213560846873
213550068228
213568881847
213567186306
213550841669
213553988482
213554966823
213568755372
213565675643
213562000376
213568610028
213564937388
213561587906
213560475587
213564836980
213549885644
213549712011
213556365967
213568108588
213551026680
213549635458
213554522922
213551500057
213553016928
213569548655
213568533669
213567164197
213551655996
213557991081
213558564367
213555719527
213569629822
213564730537
213549540756
213564311070
213558099576
213569719627
213550393371
213549277269
213562527477
213566896711
213559982868
213566230415
213554138296
213551838310
213561032992
213569819263
213556387714
213562895661
213553388581
213556683527
213555062376
213557659217
213562896043
213556160054
213563571663
213567105398
213565941948
213563472838
213560102186
213558266505
213567015910
213560058390
213553706087
213552368047
213556108651
213552014127
213563541747
213560931707
213562405588
213555946088
213552764372
213549178849
213563630403
213569199323
213566987307
213568482772
213561306970
213557072397
213555739663
213565414019
213555549678
213565803415
213559766442
213569949389
213567607793
213566800938
213554790790
213560173927
213560953108
213557176823
213558038734
213551265517
213561441244
213557709367
213563105482
213555432338
213567593466
213549926496
213556631875
213557840569
213560736210
213559301922
213560638167
213562421620
213567635821
213553934683
213549215956
213559789731
213553867650
213558089040
213561449163
213567347065
213558863742
213549452132
213565535406
213568443358
213562592293
213554359183
213559919594
213561809137
213559680704
213564351922
213555123767
213563123215
213554112620
213565272591
213557869878
213554778321
213568847897
213554704884
213562749374
213561389293
213559543222
213553821741
213563081944
213565846442
213561472453
213564886023
213552532540
213558596777
213552350303
213554869809
213562806925
213568190097
213558407637
213561967932
213549419803
213558160645
213559366385
213562359010
213556486007
213556469474
213567233768
213558546202
213556122275
213561612250
213555137749
213562294534
213569980467
213559998689
213555366877
213551686688
213552385385
213563132528
213563099531
213557389404
213561349541
213560290258
213567344709
213565126570
213559870554
213552861671
213561427913
213568621282
213557135596
213567636144
213552309770
213559468667
213551275812
213564249855
213550414337
213550619335
213553417923
213555113940
213556694361
213565651858
213549610010
213554279171
213567749478
213554565274
213555870012
213569497353
213557896324
213558708656
213559463064
213560939679
213566008858
213557687819
213553541854
213550504205
213553915350
213551499961
213558645903
213554770631
213562813576
213562106418
213549947796
213551865293
213566889784
213551928985
213559670129
213563102943
213554081436
213567215737
213567957879
213549017104
213549093034
213558504342
213550001921
213549168440
213563669489
213553147783
213569444050
213558268701
213551594260
213558909401
213558519675
213556672296
213562271477
213567419323
213550101124
213557451740
213555332284
213553007275
213552372662
213553302212
213556224275
213559111144
213567369940
213568008282
213566806627
213550794927
213562703197
213569544560
213567917683
213563799028
213561083613
213557885535
213557237358
213562684674
213551568288
213569388066
213551554811
213555950284
213552422457
213553830687
213569103276
213556533536
213563610064
213550222220
213565750330
213549869246
213560824285
213556292168
213551597911
213557368873
213558275547
213559574436
213558346816
213565971394
213555080175
213554339067
213568441520
213563122967
213558538929
213564975601
213557619744
213565238312
213564444627
213552369460
213554951406
213557159282
213560534160
213569765041
213568554540
213560464082
213551516267
213550236476
213560677795
213564225417
213569652357
213556479145
213563401145
213558495201
213552873418
213567800378
213562199148
213555863650
213562297947
213564545977
213554714995
213552592730
213551002784
213564112475
213562516446
213558557970
213565172713
213555206398
213550697161
213556816803
213552027078
213561242493
213564987322
213555869905
213552483216
213563415217
213555090564
213553347027
213558428236
213567749188
213563112978
213556368645
213567883792
213567755695
213569879379
213559109034
213559685575
213559320887
213559694230
213554280513
213557800548
213563348508
213556333221
213549192639
213549794070
213562075989
213563828808
213568889711
213557525705
213550986069
213561186951
213567452861
213556994012
213562600736
213555473302
213552419607
213552831230
213569222954
213561374755
213563054155
213569883415
213563336240
213560356052
213563641984
213549379108
213569576576
213566950938
213566955984
213554018839
213550366360
213556650273
213557961947
213551264016
213561763868
213552842199
213564026732
213566068654
213557767691
213569473124
213566112617
213567615773
213552644262
213553127671
213554306200
213562920186
213564203966
213557244066
213553164829
213557121766
213556726370
213558820707
213555994509
213568391568
213558701552
213563564647
213550364846
213552340543
213564084088
213560643172
213562654578
213560717621
213561246931
213550824299
213553823039
213550017553
213564103107
213568106368
213555674516
213565893525
213549708682
213569550931
213555254737
213569289336
213560273615
213556040094
213565270649
213560856037
213565333024
213562650308
213553912978
213555110441
213554085668
213551600188
213568108287
213564553644
213554574880
213556493134
213550074399
213555410613
213563411526
213562742555
213558048115
213566265972
213556647437
213565732238
213559097606
213557704925
213556994478
213561729236
213565355096
213557194728
213561664743
213557718405
213565460348
213566174901
213551246491
213549950626
213556542786
213557449352
213563344531
213563627662
213567860043
213560032941
213559020269
213553972931
213564050100
213559977344
213556158680
213555117562
213565128980
213554313156
213557498175
213551361967
213563396815
213566947172
213563904642
213553492451
213568127242
213553199652
213569228397
213565938510
213562487213
213553924094
213557279072
213557776069
213566777446
213557088874
213557310160
213569111141
213564781551
213559928637
213559877229
213551956667
213557933627
213569391512
213558045222
213550704497
213566914452
213557565951
213565726329
213564169235
213568028632
213559796337
213550280059
213551875366
213549602333
213559983656
213561314303
213565595857
213558994372
213552434999
213556938188
213557244254
213566769124
213567329510
213566611871
213561069089
213565244678
213557581113
213559290681
213560324877
213560156667
213567117461
213551404042
213567053914
213569153221
213569811973
213556630812
213569300614
213558350066
213555158658
213552495266
213556111891
213549107356
213560295209
213551553799
213561527861
213559344153
213561768263
213557666488
213560947159
213554513746
213549144367
213549667283
213549653775
213564872188
213567265154
213559132506
213565502558
213554572854
213551961775
213551418561
213553033415
213567518863
213549074054
213556881393
213551728902
213566488704
213554350827
213561131316
213554845177
213555587117
213551409909
213562282404
213563630847
213564696982
213568499092
213563358418
213558109077
213559855680
213567467916
213550096659
213562497388
213554325331
213566910897
213558692232
213565402175
213560030840
213553082039
213553694959
213567969179
213568225767
213567306427
213564782393
213569713292
213551101964
213561658030
213568442372
213562981643
213569426655
213554725528
213553090111
213560637737
213551931462
213557293613
213568983803
213557838507
213559763062
213555225318
213551209988
213569360014
213554728467
213567510442
213558861870
213567360667
213564900083
213554333587
213554165222
213561731612
213564838653
213553562553
213567063643
213550040491
213562247790
213568179665
213555099556
213569740424
213553851747
213567856073
213559819878
213549784334
213561914427
213561275005
213557055680
213552888131
213564139703
213558774906
213559520085
213566261909
213568800840
213552735829
213552734380
213557539157
213550177765
213556121857
213562608471
213554754762
213562209077
213550047793
213553553953
213558568752
213558662997
213549306201
213560000053
213555718500
213550232728
213561009599
213567863376
213568040549
213553593450
213549070351
213567249817
213549170317
213563047634
213551121469
213551301270
213554961246
213554983906
213560758656
213561464232
213557576649
213559658237
213549350801
213564984313
213568927551
213564136964
213567291573
213569343620
213566623516
213567952626
213557549393
213568073041
213552588653
213559976973
213555137661
213561422200
213550302421
213565722958
213565727467
213552268711
213568918807
213563384367
213553365101
213565942008
213552212143
213558770614
213553601847
213559924822
213552288038
213559519300
213549870751
213553729332
213556115654
213561659650
213553557309
213565700849
213565191865
213554954285
213550627923
213555237232
213561074464
213552168581
213563840930
213557619744
213563599809
213562937894
213550846410
213551822433
213563769197
213562891306
213556668836
213568772193
213563185990
213565388668
213567839347
213568814621
213559093110
213559868526
213557194726
213550813979
213561439682
213553302269
213566736080
213567251507
213561883969
213565105882
213549085650
213560489398
213569891995
213552316973
213552095240
213564604582
213564114069
213552643964
213557814710
213562589361
213567741840
213561507518
213569149108
213565868736
213552643862
213566451861
213557429104
213551113383
213551463341
213563390668
213549258023
213568597517
213566068568
213563026340
213561389965
213557866522
213569123600
213557686496
213550049640
213562163850
213563605770
213554032800
213565841561
213549908308
213556649568
213560747659
213550063816
213567979634
213561742460
213553576587
213554779420
213569139489
213557380758
213553974448
213562466105
213560276406
213565093931
213554246667
213562552318
213568252711
213553209569
213550516282
213554146007
213550849237
213550638001
213549992198
213552397548
213566395313
213552337378
213561324009
213558191592
213568156690
213562162394
213552976893
213558038831
213565506634
213567802458
213550257380
213551101026
213567826570
213559308210
213549301227
213559212160
213558692510
213560133965
213552476385
213567062277
213552893878
213564385421
213562515528
213560913434
213551488245
213549927272
213558177825
213562366729
213559035179
213552907813
213561103043
213566567362
213567722174
213554043578
213561494685
213551401564
213567244761
213556885425
213569728401
213562728490
213552678806
213556811225
213554925443
213564066818
213563105601
213565573673
213558444590
213553069909
213569077358
213563843600
213552453134
213561122990
213549280157
213556936600
213552386692
213565514672
213558175765
213567550745
213562934948
213569171280
213568386784
213556173711
213565485811
213556242381
213561232578
213568611568
213562844814
213567952923
213568528454
213569915501
213558659254
213554940590
213560302488
213569048590
213569283903
213567800155
213569516366
213552695126
213553015464
213562625674
213564555440
213557055585
213559092562
213561705539
213568416537
213569157731
213568624946
213555575154
213553198243
213562994413
213549048246
213558125658
213556239309
213568301301
213549706512
213557793599
213551472442
213550966725
213550642149
213556040054
213565592790
213550439554
213560221789
213555227525
213562032091
213560764025
213557689192
213553972761
213559285247
213565622528
213561733616
213557827751
213558165792
213562457028
213554049234
213564641866
213559689104
213565194445
213557996709
213553477234
213565223203
213552141117
213552467164
213549057406
213549295310
213552822509
213562201952
213558153362
213551733905
213565596584
213567702277
213553482748
213561036878
213558975036
213565914321
213560901916
213559352772
213562046853
213552810068
213557251280
213557466785
213556114627
213550741247
213568820841
213566602824
213563931140
213553892588
213550983023
213559771680
213557125994
213562773087
213555559541
213561654650
213554337170
213556510821
213558293278
213561635054
213554823127
213563263834
213561684613
213556433067
213563602459
213552577974
213556047971
213551030818
213569016582
213566742442
213554954485
213566884518
213549972396
213566049455
213556453668
213564818067
213557622583
213555958837
213559112835
213557010662
213555764102
213563247118
213554294999
213552252532
213568533239
213556743410
213564270073
213561111110
213567212101
213561628047
213564451389
213559973496
213564861446
213558257343
213551135711
213564169013
213561657493
213568587994
213562181080
213556307287
213565909598
213554907394
213552713684
213551402035
213554971979
213556923741
213557881034
213554895163
213557693830
213556591032
213565431839
213562618764
213558458934
213553110854
213561301885
213568092390
213567479506
213549800957
213559827114
213568400662
213557988667
213549369264
213558471060
213567522167
213563447815
213557716320
213552981672
213551273874
213552582323
213551796517
213555394075
213555076417
213568151337
213559534252
213567394855
213550566720
213555190759
213567148636
213563474882
213556276459
213560090272
213553994282
213549640361
213554609103
213558471033
213551293379
213555225454
213561217375
213563289336
213556916547
213552514014
213551206918
213561304868
213551071769
213561969680
213553351860
213567642482
213558148855
213554028856
213552495227
213565907554
213565920674
213560462496
213553449662
213551924530
213552713136
213564476507
213552347470
213564391974
213561858269
213555229023
213562345054
213556643402
213549294540
213567723399
213559943313
213562932842
213552032560
213555424679
213553046925
213558783995
213567278794
213559282398
213549364122
213562692939
213567834972
213555537963
213560469374
213561957890
213559067638
213557145716
213551845094
213564378901
213556150849
213551414791
213553437534
213569535260
213560304262
213568863534
213561850835
213561043585
213566943234
213549651591
213555458653
213560962670
213565614092
213557657667
213557822213
213566898983
213559185317
213556818408
213568686322
213554478995
213564934987
213559769589
213563690256
213558760470
213557337711
213550996400
213565917535
213550723357
213567673635
213562570963
213560126760
213566185707
213551266694
213562411112
213558249339
213568587862
213554824359
213560654253
213564639144
213568257621
213552358972
213564926948
213559681789
213550969243
213553952351
213552681088
213559624993
213550693341
213568812259
213556268941
213563857928
213562323937
213563233571
213562828062
213555869868
213550219919
213559356494
213554220942
213558756288
213551001114
213561504528
213569297675
213551027305
213561596397
213568841593
213562563531
213553098478
213563670382
213552207525
213559361975
213569509928
213566348911
213569754576
213564317228
213564118609
213562556370
213549476845
213560961923
213555650743
213561024546
213566443715
213549259427
213556158833
213553013743
213569116286
213566803666
213564996103
213559145390
213560290477
213569239085
213549293037
213562665185
213559647368
213551553166
213549101946
213560727666
213564141096
213568493758
213564335168
213567043415
213554199399
213563977750
213566489665
213553726473
213552946616
213559854703
213555750376
213565961380
213554099227
213559824621
213559966011
213550841805
213564865897
213554044694
213562598171
213555824809
213552647682
213557275368
213559054125
213549330265
213550229631
213555925252
213555829388
213567427276
213561726575
213557572331
213554796265
213554777186
213567713525
213552526000
213560261462
213568134033
213568737484
213561236153
213565175147
213565595569
213558791449
213550494384
213569685356
213556955110
213558960540
213568185182
213549232497
213568964002
213552452834
213559329124
213556320293
213556032557
213569073190
213558842368
213563802591
213566960922
213558623258
213555344997
213569688137
213562688999
213563773465
213567880954
213559062657
213568906384
213564108274
213556521603
213552712337
213552586058
213567955823
213569578700
213556807479
213551102349
213551209811
213561592227
213566090776
213566753677
213561230169
213569048755
213556957037
213554612056
213552438728
213564707321
213564363269
213560003433
213569296702
213564399814
213563031236
213562396651
213556155182
213563018416
213569202311
213549727980
213564396558
213557887697
213553940492
213565666202
213549284107
213551060512
213558761859
213553592792
213551163131
213562257727
213558951952
213550711049
213567634250
213565629170
213560667452
213558119474
213563608059
213550319080
213564638309
213564391234
213564947949
213560432914
213557040738
213565157047
213556272229
213564216242
213569706615
213561634072
213564257932
213558054856
213554589848
213560760014
213568869734
213551782913
213564481059
213553123907
213565036254
213557092089
213551967462
213567004674
213566007366
213554849673
213562904069
213553456418
213560310480
213565542966
213569551566
213562712495
213560708180
213567147400
213569201414
213565430115
213556595177
213568296535
213562698484
213559048247
213566721227
213559361766
213556870025
213557828648
213556012807
213563756234
213550937270
213557465052
213559474081
213563557904
213551727365
213549445095
213552654466
213569289724
213555495053
213566304429
213561423038
213554570328
213555175384
213569730099
213566067407
213556566958
213559670013
213552472447
213566285569
213558593826
213554166027
213554229213
213556117698
213556749820
213549216722
213568932589
213563711035
213560137780
213561446140
213555634351
213561344345
213554669730
213565683039
213569283594
213557812498
213552258870
213561142910
213568058061
213569719353
213553087860
213566638704
213563229409
213566327552
213563738588
213558503947
213549510793
213566358205
213566755773
213559015943
213568022754
213549662494
213551434294
213555201096
213549726255
213558038879
213554652127
213553301636
213562191339
213554271277
213555534720
213552868871
213566686516
213552948684
213562318225
213559016315
213565295067
213564487029
213549428693
213563689000
213552472800
213552144754
213565020918
213551254848
213558041373
213562532541
213549724167
213569890157
213567529976
213569483611
213569283013
213563760467
213551576413
213568448329
213567374103
213550666594
213553283914
213561363123
213550277637
213553109086
213550667525
213557054434
213552445155
213562399305
213557672380
213554016943
213561828818
213556584948
213557873485
213555167228
213568815497
213566913812
213551020968
213552649438
213561082384
213553140357
213563706855
213559920569
213565180957
213559350649
213557024351
213557918428
213567926983
213563919688
213553771247
213566180742
213565094443
213559605376
213568957891
213565080002
213563969571
213564136478
213561738259
213553145948
213555939430
213560922960
213562378135
213561624242
213556881857
213552612818
213564833373
213569163830
213559872026
213567236917
213566275261
213569056829
213564000388
213564167829
213559074041
213557817579
213563033996
213556748159
213552699002
213558912967
213569671406
213567883032
213563720923
213566676865
213553430435
213564011538
213568658479
213566294365
213556565690
213561489222
213559320339
213568078485
213566467966
213552092528
213553097546
213568939747
213553188813
213559985412
213552434942
213564522691
213566689140
213553692320
213552965756
213566190167
213566501418
213569136954
213560323938
213567080732
213566336072
213550250505
213559389182
213551241507
213563537569
213556041947
213565559221
213569545611
213554158565
213557780072
213556263365
213569734224
213563205771
213558044155
213558400926
213551460164
213549155284
213555980724
213549826399
213551563681
213567479633
213550726395
213552726881
213568476991
213560692258
213557368336
213563237088
213560299921
213554085379
213569175037
213564706762
213558405706
213555952046
213560969056
213562132713
213554993423
213569678946
213556658029
213555673374
213553505860
213559423500
213562288980
213563097443
213559508326
213559783238
213557125803
213549245914
213562872133
213551077516
213555418911
213557662433
213551560128
213566193858
213569827403
213556832895
213564580781
213564095501
213564493452
213569581292
213560808903
213564081193
213566373438
213557114551
213555708457
213558668816
213559259696
213549192047
213569730667
213549714649
213569234219
213558382171
213553173766
213560179527
213566173828
213551621065
213551016557
213554819915
213552880731
213549037161
213565157279
213566888228
213556293590
213560540092
213563267587
213552671669
213550759357
213569495854
213569411770
213554830579
213566351494
213551239824
213552223995
213566478935
213551556041
213569509710
213562575011
213551223666
213564434127
213558356189
213563849200
213556541201
213555448473
213568705346
213556040302
213556819951
213561047499
213563238672
213566834611
213549111424
213569143648
213555861478
213560671109
213554528509
213569534252
213555625538
213553281039
213556714430
213554252160
213552246521
213555616372
213568748166
213552300833
213562190156
213564737260
213552753777
213564501162
213549306253
213564785934
213551423421
213558074037
213555772131
213555455745
213556928226
213567480477
213559630670
213568829614
213556470070
213562957982
213556608937
213561638912
213563818628
213564950589
213560401266
213568068651
213568102136
213554962636
213550705955
213565253966
213567217702
213551369310
213558847944
213562794949
213551614944
213552701605
213558839628
213554900515
213549375517
213565495016
213560281186
213549949351
213550848300
213551419961
213559305291
213567842054
213563574932
213556668544
213549808079
213565722660
213561559419
213555457351
213563513705
213557880401
213568864953
213549943603
213565911064
213566510464
213563793782
213562874521
213554376017
213569692892
213565498103
213555643378
213549674190
213560019233
213552992167
213554690081
213569621237
213559058475
213568811448
213567750829
213555821380
213563976341
213559009020
213559943354
213567057172
213569419424
213553492703
213551019146
213553809041
213552327242
213563879007
213566068447
213567607822
213567334614
213557154271
213569432749
213556760340
213559476739
213550138701
213552213297
213552589147
213563503448
213565062087
213566259547
213558970916
213556133069
213569517097
213563466707
213565291091
213556762758
213556398129
213549278432
213559830857
213568621970
213554510519
213550456913
213560845712
213554428562
213553126616
213553862982
213550841037
213551280473
213561345182
213567553117
213559115937
213554657714
213552842171
213554800410
213557915627
213568463278
213567882086
213562764509
213568153698
213556937327
213566852139
213556699387
213565767899
213561183294
213560836932
213556422886
213558471308
213568618155
213565645299
213552677308
213557499412
213549374699
213552718795
213567086820
213554192430
213569442809
213563399196
213559824587
213565409652
213558785776
213556864581
213552004762
213557688460
213556664029
213562040016
213563252584
213556162113
213568415348
213553707394
213558769820
213564108411
213564303641
213566777574
213553687538
213566575923
213551532159
213560542028
213551937640
213558226687
213555628341
213565503403
213560385971
213565188845
213566775489
213565395017
213549531586
213565316492
213569245606
213552366527
213561126386
213565404661
213567996437
213567548847
213554152441
213565793227
213551566516
213562600088
213560441685
213563388355
213552520030
213567441931
213552519578
213557199635
213567490836
213567283821
213556256157
213554930169
213562440438
213569341302
213551169031
213555593380
213553123934
213563951909
213554941883
213567941734
213555343802
213565378646
213565123600
213568106531
213552326917
213551651505
213562732462
213560798240
213557261119
213561686740
213558193864
213562027087
213559151056
213557879953
213558092776
213565896082
213562840021
213559192370
213552554752
213568716135
213550581324
213562383873
213550284089
213564297754
213567082303
213566145581
213553964905
213569035078
213568887217
213567037490
213551027038
213550569047
213553171804
213562853085
213557136895
213563609441
213550117856
213563386031
213551497685
213555323937
213549427267
213550147642
213549847164
213566427564
213556890217
213559833675
213556933649
213554982429
213558473714
213550820276
213564892417
213557392835
213559108987
213567235793
213551931309
213549109326
213564731898
213568102118
213552407872
213550041763
213551313151
213558637369
213561003547
213568051959
213552708938
213554636455
213560165426
213564402525
213564107685
213563596996
213561332185
213561401207
213561366381
213552837561
213560925517
213569654155
213559415128
213558295406
213558505167
213563444252
213560732164
213550534412
213560106521
213558457575
213552631943
213550092576
213550589184
213559943666
213561922891
213556788480
213559287809
213558261972
213562124300
213550295140
213555356058
213557419716
213550903494
213561211989
213568730964
213564483932
213566410682
213560614447
213560276079
213563118861
213562912698
213556521837
213564683989
213564657271
213562408003
213556190849
213562272913
213556721765
213564197563
213563365029
213568941722
213567319922
213555462237
213562770199
213563461860
213569267631
213549503789
213563086988
213554273382
213561783357
213563343192
213551357842
213560269081
213568222260
213560013392
213557223126
213556150528
213567703986
213556298084
213564611145
213562214435
213549170359
213562223848
213561171340
213569345903
213566176204
213561820020
213553256040
213557057831
213560238050
213564964824
213552620501
213561213546
213563215147
213553228991
213565694411
213565028430
213561024675
213567542001
213560637422
213562982059
213560931261
213554520785
213567043860
213553456144
213560031064
213569019591
213553164518
213563237355
213554199696
213555216690
213564739954
213556536226
213567508929
213554046029
213555599814
213555084313
213549243599
213549411417
213564418523
213562308955
213569519778
213567424116
213558574105
213561987115
213559279135
213551504235
213564820591
213558768534
213556504976
213551156575
213567924238
213558994948
213558321084
213555916257
213558395493
213555881265
213551797933
213562682215
213551683417
213552660329
213569158711
213562630448
213560286948
213555390400
213560322739
213565214355
213560622385
213551534412
213566977685
213567143647
213554573271
213556130651
213553855617
213549958517
213555693355
213566429851
213564476560
213566152469
213554285216
213560277046
213553989031
213566028675
213550205983
213565238521
213563076500
213563080769
213562692485
213553535315
213564054207
213566979645
213555644962
213557081960
213564809804
213564272782
213555977496
213564386885
213563019685
213555019309
213559435823
213557723025
213551806853
213553202535
213551782183
213550981260
213554358309
213549718125
213565263851
213558678654
213560982052
213569154578
213569689498
213551848199
213549284189
213556517600
213565593682
213559352775
213554945889
213566277362
213566764845
213566743397
213557351591
213555650541
213556664451
213568288593
213567661654
213568643713
213559524904
213551078855
213550824802
213552624149
213567390288
213550761387
213556213696
213555082836
213551697354
213563365904
213561191092
213567361574
213567904894
213569808593
213550756991
213560417395
213568536507
213558020046
213558717054
213558811616
213564087162
213559520603
213553788792
213568341441
213567038426
213567721039
213568217411
213568981508
213557946245
213555787744
213551999887
213569189385
213549837220
213557328062
213558195628
213562756280
213565828155
213551024274
213550874040
213560837321
213569021930
213569935059
213555681238
213550366370
213564636492
213560901505
213554598784
213559502207
213561470970
213568673748
213560497389
213561182322
213549939877
213553203363
213565285245
213550164341
213557514663
213563244166
213564786123
213557155982
213563336422
213553034872
213557996952
213567399108
213561470590
213555637590
213559549571
213567006207
213569777156
213554762473
213569588030
213563418708
213558923381
213565325930
213554311706
213561958138
213569294844
213568609977
213549688691
213552137408
213551310664
213558413598
213549275115
213557489440
213568565324
213562156044
213561370442
213565461015
213558455928
213562520379
213562224254
213569646028
213555387685
213552537475
213553898275
213550241045
213568037107
213555118581
213569898297
213550280571
213565922900
213561048041
213551653923
213556849137
213559907075
213552396824
213564427538
213558030120
213564608893
213567756092
213557892085
213559457950
213552643267
213563897573
213565167648
213551823982
213568893328
213557721832
213553137023
213567350456
213561970078
213558822636
213562050038
213558378178
213554895025
213557729007
213561838322
213554892374
213565846504
213554958681
213561434252
213549442999
213558747561
213558622345
213557794784
213568961774
213560422373
213555315727
213551683534
213559425851
213563001616
213559936977
213557117991
213557654026
213549948089
213561248292
213552675990
213567011770
213549966366
213558682027
213560916895
213562306412
213566975700
213549076306
213564856227
213555816127
213553421913
213556010481
213567336854
213557229991
213554989685
213551078905
213568638071
213563505826
213557326777
213563893892
213563809124
213562190531
213562615108
213560408424
213551922683
213551627723
213551714798
213566564826
213549277922
213552270377
213560451324
213562874723
213562078431
213549055811
213560818583
213565677270
213557722049
213554954588
213566562054
213567562976
213562822069
213554949210
213557668315
213564135931
213560061676
213568527685
213556319888
213557859391
213569506947
213567968401
213559625430
213552661905
213553364720
213564005487
213558548082
213566129725
213568354899
213568568141
213554453228
213560745860
213551057257
213557527215
213551105993
213550412352
213560447573
213556892693
213562360762
213561787476
213551883461
213567706295
213556194430
213561386903
213557083695
213565778645
213554318746
213555443786
213562906163
213561751778
213560146056
213563606354
213553874401
213556708012
213561325936
213555635097
213564129944
213567848193
213558088935
213563384357
213557426948
213554656065
213568493068
213552987130
213569965931
213552119412
213565625873
213569571709
213555476473
213569722430
213553883752
213554109998
213560626055
213568564873
213556683556
213557985437
213565059392
213561256578
213568074268
213569961721
213551133309
213557081973
213549906248
213565776690
213550886064
213559505949
213558310187
213558866812
213551966888
213563248847
213561222360
213551525860
213558042529
213550954064
213558643163
213551976146
213562151325
213553028468
213562547427
213552676636
213567497574
213551906756
213565522433
213563195533
213556503843
213566883005
213554972954
213551569587
213565890395
213559307595
213567453030
213553895384
213555088077
213561520538
213556748379
213552063897
213560077113
213567207743
213562376845
213568130444
213565498971
213551225881
213552637575
213562325861
213564209606
213552883414
213552950707
213562089094
213562317159
213560906203
213550754232
213557013795
213569243460
213561356490
213569531747
213565522687
213550760957
213562323814
213566228573
213555710756
213567776574
213557016980
213549451257
213561711572
213557437999
213557448982
213561266016
213556366856
213560819059
213565847412
213569247935
213558240038
213568520594
213557576434
213557974900
213556548669
213560190201
213561915198
213549283294
213558702835
213554848817
213558726740
213565497966
213562779717
213555633661
213557343175
213561609750
213555207084
213565575082
213557809235
213561823545
213557844452
213558653971
213558770605
213557844767
213549054005
213569114066
213555202540
213561076126
213550706621
213553016956
213565783026
213560024697
213557076105
213564395206
213553613345
213551763399
213553224954
213549911635
213567451750
213560513185
213559419715
213566249634
213565910299
213564217370
213567358004
213565596645
213552917778
213553693118
213568548598
213558875484
213568715338
213553974235
213560261066
213560716858
213562921260
213568347527
213553928632
213556376803
213560572329
213551213526
213554917997
213561099602
213553935350
213558794254
213556125449
213552848270
213562542622
213567175273
213569258894
213567710439
213566791327
213562350667
213569544561
213568326393
213557739360
213552498457
213566314503
213552028984
213550800208
213554279028
213557614371
213557316553
213565628214
213569054262
213565656502
213560150831
213556880083
213555763809
213568610057
213560542984
213564232406
213552254565
213559836765
213552337256
213559609028
213558615421
213569673033
213557338297
213559866481
213559474584
213561157481
213569087243
213549679342
213559787685
213554231934
213559777757
213563842925
213552834298
213556451784
213564248963
213561082372
213567587517
213569703359
213559899462
213552502273
213555757210
213569789131
213567404049
213560272145
213550521203
213567862761
213566533340
213561164419
213550586150
213563876788
213564430888
213559215004
213565953489
213561483563
213556569124
213551394274
213558220058
213563626382
213556276699
213550581342
213560293854
213568732949
213567405306
213549460653
213549863374
213565196145
213564861579
213561817644
213559483375
213557399362
213562090096
213554761376
213550774758
213561519925
213566478921
213566135173
213553225117
213554574947
213554618082
213559284149
213551315411
213549315531
213565556450
213569413632
213566739834
213556651095
213563899286
213565602801
213562099574
213560586980
213559675366
213561568311
213554728334
213559569520
213567737652
213556612234
213567556939
213566724932
213551108295
213560174879
213562522986
213563249622
213557617326
213565149751
213565022021
213555866022
213568769738
213559851169
213568426688
213569821263
213552131970
213565734646
213556188322
213561577064
213562726461
213569398333
213561335551
213560213981
213554877070
213552011794
213553758411
213564199517
213555394559
213552325066
213561901558
213554563786
213568268568
213561664357
213559137731
213559878517
213561651952
213560130955
213568327323
213556325887
213566205075
213556151757
213565934497
213569145080
213559430734
213549556774
213550680293
213551668755
213561598689
213563201238
213564940377
213567174968
213564172470
213561634676
213558707301
213565336369
213568238080
213552475219
213569720225
213553764597
213557219120
213561025105
213565686058
213566035475
213561025688
213560696723
213566462043
213549236262
213556948719
213558751332
213558368151
213560637532
213563765266
213552628213
213551190495
213561945522
213552456177
213565134126
213554389031
213562364611
213555206460
213559741942
213556904826
213551272953
213550126785
213558920423
213557343446
213551524100
213567287912
213556177456
213560815393
213555552173
213549012177
213564773799
213560239965
213549674541
213567383543
213550215161
213564847653
213555815319
213551191336
213563569383
213569885148
213568271604
213550765940
213550072333
213556065143
213552568588
213566920280
213565117791
213568151322
213561503955
213550413343
213562514636
213563727817
213550795343
213563787745
213553615895
213564027556
213549120575
213567143048
213567708803
213550469829
213569697035
213564247142
213556034273
213554062295
213565721242
213558128340
213555471653
213552919896
213549235782
213549584311
213558194956
213554256710
213557463668
213556107998
213566481431
213562002076
213562354960
213568197216
213551439800
213566226236
213562336808
213562057884
213565832942
213559438108
213551006067
213559159533
213556109918
213550537295
213567014486
213568881011
213563458293
213562009576
213560873477
213560094922
213567779489
213550110153
213561178479
213553595983
213553877790
213557736407
213562415621
213551456236
213566717144
213553746898
213567530077
213562988950
213555196691
213554014370
213552342594
213559864255
213560785636
213556292617
213561568418
213567114143
213559827651
213556447967
213556900272
213555563868
213552280206
213560688819
213560118013
213553029580
213560809692
213568949859
213551565610
213567895666
213558822950
213564752584
213550972267
213562266696
213564366268
213559900203
213550253480
213558016697
213551128031
213564284924
213569167963
213563769242
213566775482
213552265386
213555497587
213549485995
213558915185
213549852136
213558640152
213550537161
213554869803
213550727136
213557836856
213549011427
213558781992
213560460025
213552902282
213561959279
213565879713
213568633089
213568496979
213552845245
213564074957
213562978545
213567849287
213558737742
213557261816
213554101328
213556764480
213569056687
213556724965
213549214818
213562296358
213561782746
213550758291
213565633139
213564102112
213560281680
213550304870
213564576409
213567869107
213560260297
213556936564
213560117953
213564500087
213562358785
213564954983
213561604144
213567366297
213568474777
213559576598
213563754017
213566874204
213552933535
213557626954
213549489707
213549896685
213554621844
213562089837
213553090543
213550768714
213553011569
213566933687
213551921129
213550140504
213569927185
213550531580
213569882374
213567975643
213551202936
213564031582
213566909378
213567750736
213551316616
213559492366
213568368254
213552936524
213566956920
213565610252
213561987288
213554378154
213549285446
213566475667
213552140838
213569138870
213562019619
213555168827
213558604296
213561308533
213552202417
213569899251
213552669883
213560224012
213554257290
213565876373
213564540086
213551942214
213563947471
213553969957
213567367616
213566724091
213560751289
213564628475
213559782198
213557387560
213566444602
213561042680
213552502121
213557694670
213565570032
213556019925
213557602704
213556345834
213560394516
213559035224
213566237728
213554584365
213563953278
213568011577
213562228007
213560295457
213565314158
213568974856
213551801247
213556307649
213561741511
213560350140
213549929801
213568880389
213557407376
213551390990
213561815509
213562575645
213563812059
213567811342
213561166134
213557585325
213551837024
213568212447
213556460524
213566058202
213553427546
213567843621
213556076026
213563870122
213563437839
213554999161
213560383846
213565364372
213559105869
213569264803
213565117452
213552939572
213550347084
213565437942
213554653713
213568431114
213549366702
213556659689
213564578246
213554818181
213556592053
213562640657
213553540016
213551426185
213549120332
213568643007
213560164606
213554578178
213556151093
213566852538
213553650609
213567936337
213561988100
213566694812
213552703512
213553968377
213559012853
213555744892
213552955656
213565484096
213564012438
213553751287
213555710627
213567773497
213557903578
213553795116
213569795128
213556286561
213568951132
213568091596
213549672260
213555002407
213554845190
213566445903
213559073123
213556364015
213569857044
213558812313
213554903379
213554037945
213551920081
213557343610
213555762398
213563473206
213554038097
213551504175
213556278786
213560688214
213569327430
213567131285
213555097609
213566241689
213564369068
213566229853
213565770738
213564547520
213554676189
213550008706
213554655217
213555840762
213564115194
213553647770
213550834882
213566350195
213559408630
213569523442
213559497328
213555981223
213568168887
213551933062
213568003677
213551624909
213567783609
213567791439
213558038762
213550485206
213550002511
213556386613
213555804725
213555833420
213550081933
213562621131
213556472275
213563709220
213566712234
213551812803
213553792200
213556167637
213566857143
213550604477
213560939404
213554282281
213553470335
213554322424
213550025450
213549799707
213565883522
213559918661
213568971610
213561036795
213550008551
213554622344
213569480996
213553067931
213555045644
213564411700
213557314888
213551949574
213552309157
213557378953
213552815574
213560974252
213569617527
213567308244
213562278229
213563358776
213554201121
213567717562
213558313406
213563070908
213558269287
213553032860
213564340450
213567281690
213569715652
213565829221
213553855564
213568701891
213562906811
213559408537
213561331549
213567428447
213550886901
213558055661
213569204049
213569994952
213561551606
213555277643
213550439504
213566611065
213549741046
213558778337
213559992758
213550668179
213559892979
213563529672
213560485890
213566406314
213568186104
213559485360
213564372029
213565303720
213560157849
213557236424
213554009194
213567667524
213562723460
213560098661
213565616405
213562917037
213569159714
213566902634
213560359563
213559348240
213568427751
213549963987
213555698408
213549799701
213551015693
213551811412
213557760555
213554671950
213566759907
213556409883
213566581259
213550260779
213561065574
213569617572
213565307767
213562334496
213563237170
213564912862
213550294253
213554667045
213557816671
213566522933
213565796254
213556099599
213564990515
213563617274
213565337665
213553954782
213551925456
213566357831
213569173281
213549326014
213556447387
213551396371
213562313466
213568425433
213552426664
213566267124
213553041158
213558369702
213551177091
213567986616
213559377150
213553439817
213569498579
213549915656
213565874081
213569959076
213559674919
213550061376
213559193223
213552739030
213554039732
213557151300
213565808293
213561547633
213559050158
213559333197
213552506228
213554967204
213556056105
213562310868
213553790734
213564413777
213558605274
213550975019
213557461995
213562925052
213554816066
213556205220
213564029419
213560636803
213558249435
213553978528
213556531600
213561447134
213550366969
213550869450
213563034508
213567778600
213566596839
213550092951
213556117977
213557372691
213562510692
213566056669
213562840236
213564164127
213553040700
213568840518
213564565532
213553022674
213560642695
213561021879
213552915283
213559279317
213558157360
213559539028
213562623894
213563726194
213564509958
213565771027
213555630569
213554443872
213568122005
213550245806
213564060003
213551346417
213566549926
213553772407
213565424631
213563521854
213551406821
213552403611
213558110787
213554383171
213553218343
213565467081
213551012665
213559263202
213553605059
213551298037
213554869598
213550699584
213569788141
213558280157
213564275564
213554888277
213562730448
213566457895
213561878911
213564824124
213565337339
213549903845
213559057621
213560971415
213560130671
213560124122
213562962222
213567210263
213553610657
213565229837
213555261886
213569317483
213564471655
213555355948
213560809615
213554442262
213552564082
213557401026
213550478153
213558115923
213561708851
213553810456
213562354995
213555459870
213556457672
213569478499
213566691319
213565476492
213560471208
213561346704
213565407668
213555499725
213555335195
213553757569
213554363876
213549979030
213556009822
213563823380
213567031932
213566075800
213550286058
213549205212
213560454592
213562336733
213555421874
213559707392
213552947619
213568116721
213551467173
213553462435
213552830807
213568695378
213549754703
213557940797
213559360520
213565275747
213551493057
213559607601
213558320351
213566550064
213551235979
213549117837
213553627592
213566165010
213555782331
213557354180
213561408915
213556288659
213563068789
213560659507
213549951996
213555509011
213559685078
213555300099
213559988372
213564559012
213569664358
213568576033
213558283219
213555437873
213568597099
213562010805
213561181563
213559344466
213552449391
213564401087
213562631654
213555086996
213559144459
213556962729
213549966802
213563586659
213554828802
213552249263
213550926944
213566619865
213557430500
213552738066
213555747402
213563532314
213560704779
213555519813
213563352040
213567189199
213552428355
213565365618
213553586243
213560350999
213552045158
213555200956
213550688403
213565455568
213562730368
213563185643
213549559257
213564647043
213550708797
213565151631
213554424694
213553530655
213569261744
213549062482
213569306423
213564666078
213567962024
213562371196
213558982885
213566217700
213565613011
213559014764
213568804102
213559039965
213563303537
213551943791
213563871004
213568045567
213563413918
213558206117
213560932879
213560929582
213550167791
213550161939
213561767946
213569076528
213562214424
213562750966
213550571281
213556387552
213557691708
213558272645
213550202486
213552984273
213551816403
213563839733
213560121486
213549877053
213565935445
213556983645
213557176699
213552865351
213554570533
213555037954
213560368971
213555082764
213564177430
213558369786
213562849734
213564446649
213558457897
213568285770
213556129270
213561510451
213569408982
213566421986
213549569829
213563001984
213559518496
213567695189
213561573346
213563015833
213560734631
213561597743
213560621470
213567738966
213558408771
213555138458
213569761239
213556592719
213550725957
213565703185
213561664818
213560907543
213553007586
213559402015
213555977628
213563327299
213557800830
213554967017
213565418385
213550730285
213569894993
213551656528
213568280711
213551639227
213553791571
213563180676
213553827725
213568062999
213560698801
213566890721
213549848759
213551096217
213550069101
213561871445
213564443115
213561700321
213560937224
213564567327
213560193880
213552294806
213557552380
213555270584
213569040864
213562220100
213561654777
213558232656
213569465616
213557876113
213554532432
213564847867
213555514246
213556287510
213557715086
213555776080
213568448518
213549533569
213551799218
213558446684
213563746767
213550691916
213560721489
213564153957
213559071332
213567972677
213566364981
213555644811
213563138094
213551796249
213552219739
213551818586
213560549344
213554573993
213562542214
213566229389
213562925476
213561356369
213549096980
213550576237
213559454857
213560114203
213551960864
213564647010
213553716219
213557093524
213550639799
213566671773
213550619336
213556324567
213554505645
213550337027
213563643706
213567131118
213551082794
213554745405
213550515352
213569327664
213560432017
213550280259
213569064880
213549124654
213549114633
213553753322
213549162261
213562449507
213559323267
213558824744
213553701777
213560979715
213560692841
213556488559
213554578303
213556835615
213564682884
213564955881
213551952367
213567660309
213566241944
213564046080
213562794749
213563562476
213569583893
213549273559
213561774788
213566063348
213565168012
213568416965
213569765196
213551569307
213563751021
213553773268
213550038321
213562312361
213552022785
213556697752
213554388272
213556812495
213569261116
213562366837
213566897060
213553835554
213553765417
213552670717
213569037308
213560367571
213565110051
213565948054
213563874224
213551398843
213562564517
213550569667
213549550006
213558425403
213567752658
213554452411
213564042535
213553121409
213550011372
213549229822
213561950566
213564336983
213567800206
213569749719
213558031832
213561139196
213557502213
213562191955
213566308247
213553014545
213559283045
213551224261
213552659712
213556709791
213560307153
213561525561
213563356862
213559314722
213557466970
213552106113
213552439442
213555098884
213566549891
213553020849
213556969447
213549918908
213549840689
213565518271
213552275782
213551278486
213553277091
213553038421
213562059322
213556140917
213550595115
213551949123
213564068946
213565221350
213567422849
213552864050
213559487056
213568566191
213566179813
213553384633
213560812575
213556945064
213565589889
213553935533
213557923975
213555185000
213569427436
213556259224
213557071777
213564492899
213551877637
213556941627
213567273010
213554627045
213562377001
213550872773
213569269431
213562342452
213549870299
213558075424
213568062342
213567227448
213560487575
213556582420
213569462891
213553239558
213568024946
213564830326
213566892757
213563052976
213566546436
213567516925
213564357991
213567125341
213555610161
213555342106
213566979572
213551288283
213558160172
213557696985
213549878257
213549839950
213550612834
213549651300
213567610791
213552537693
213565018639
213563728618
213569037838
213563273359
213556590783
213562112010
213555661844
213555497997
213559542350
213552076509
213559519567
213556081360
213560307902
213569186430
213557410729
213562894277
213554421174
213568573016
213569921832
213562354178
213567123244
213554538848
213567498711
213567529042
213550522486
213550947799
213550352304
213553954768
213567467802
213557503034
213560185211
213550106680
213567316793
213567249662
213563380223
213550498091
213565799607
213549809699
213568336339
213550425756
213550531949
213551438783
213553088856
213554260341
213564422309
213565118803
213568547731
213552138952
213557497489
213569307649
213568606433
213566430204
213553453972
213551008836
213555625568
213560226814
213556336024
213559586598
213551704574
213558235713
213562551973
213561405987
213568944161
213567044004
213557175779
213557684446
213549752103
213558860423
213557191891
213565967732
213564112865
213566398636
213563054860
213557126354
213561863296
213569900214
213552366691
213554427911
213564336799
213556407069
213562012691
213566736247
213557794599
213555458761
213563280576
213558311581
213565733405
213565682605
213558306844
213564743603
213561407427
213550470210
213554131844
213569804695
213566527463
213550430717
213568911071
213562678145
213565846234
213560146817
213567333957
213556052594
213568035602
213552299576
213560171970
213569518007
213567597752
213561382055
213557905473
213560934496
213555508790
213563029425
213562243444
213569301523
213555770609
213562819373
213563457005
213567890846
213553415624
213564097130
213565161505
213553096795
213557170895
213562753804
213558350145
213568482524
213556396215
213554959057
213553995447
213564099243
213558981588
213568912038
213558059024
213553154704
213559406955
213556479102
213553275178
213551871818
213553558572
213564126640
213556663224
213554433531
213554861217
213558347916
213567046770
213549613296
213549855818
213557947234
213556463236
213552637942
213557818280
213565369537
213567725056
213559958042
213567468577
213559308426
213565491821
213563974017
213549825555
213562028816
213564168156
213560279179
213558628864
213563169739
213558816459
213563772980
213568161414
213551302673
213551641989
213555074539
213563139368
213569311608
213565377591
213559888479
213555920667
213565994824
213565024591
213564707030
213564488893
213567725522
213550379184
213558562567
213566553453
213555930600
213561422030
213557046426
213552289696
213564904017
213551474517
213559511247
213557234967
213559674320
213554909501
213554842594
213560733451
213557961733
213560557194
213555088894
213549455839
213565177975
213556885131
213561633321
213558061295
213562280267
213564035668
213561958543
213565980746
213559369125
213549193680
213569010806
213559727747
213560471209
213559718747
213550310181
213550127001
213561052129
213552650608
213552684163
213555663809
213549615225
213551015335
213569786097
213558162366
213560757985
213557744634
213555530839
213566883128
213559094253
213555364850
213555319218
213561483738
213552817070
213553749704
213563140359
213557875747
213567830813
213564022805
213568414235
213554747366
213564664379
213562083794
213560746408
213566287942
213566933521
213560461771
213557579564
213564078092
213560337158
213555360881
213568148018
213569894557
213569236032
213557749509
213556758033
213553061617
213550573261
213569685679
213554490504
213554481140
213557531504
213562911795
213563402952
213549002465
213565272660
213559253151
213569311736
213557020595
213554565154
213553675415
213555580648
213560811954
213568343266
213556111522
213557569946
213551589363
213560762655
213550363886
213552374518
213564332791
213552272156
213565826044
213563347576
213554097138
213553728662
213567663953
213552008302
213562179300
213551684279
213557689944
213569847220
213549568773
213567094368
213562496302
213559456272
213568949264
213549884864
213569113628
213565539746
213568448321
213568277372
213564375623
213555772780
213554928623
213557732297
213554494794
213555195169
213556954443
213553988875
213549268063
213549552818
213558690393
213568311253
213556655153
213565645047
213560507863
213550934982
213550463228
213562029730
213552869171
213549369686
213565798935
213552369291
213557944211
213560566012
213566277398
213556077743
213560729344
213559856171
213554911533
213561635060
213562545674
213552703300
213553745391
213553374472
213553567148
213569352146
213561304946
213564996369
213567481585
213564989030
213559780036
213549030383
213553667118
213549954704
213558057328
213569584925
213554354300
213562167315
213549059612
213563011062
213550055160
213559011895
213560486163
213553259671
213560810577
213552217371
213560468569
213562422990
213558775965
213565545649
213565062853
213557024787
213565399402
213568294805
213564121321
213568495916
213569358257
213556627446
213558591124
213560041317
213558928392
213562110798
213551232295
213553255555
213561008372
213564531143
213558436967
213554476024
213557576763
213550072931
213553283453
213559833864
213553416674
213568441798
213569740399
213549101852
213554065142
213560817473
213552920073
213557817781
213567627421
213557314636
213566359401
213551897166
213556106277
213568898987
213562597450
213557424273
213553961925
213564810354
213552136366
213565075013
213553635664
213561955646
213564849325
213549112297
213564247884
213552687178
213556435428
213566620302
213560730126
213562792146
213561134255
213550566458
213557518036
213551265047
213566579443
213561560634
213560624050
213558395220
213561661131
213569036168
213555274772
213562917507
213555877144
213561065052
213560467789
213555257011
213557308693
213566213111
213564899542
213560393278
213563430052
213563749394
213562050912
213555681345
213561696155
213555453624
213553699653
213562653698
213550284481
213560504851
213569412453
213549054009
213549385261
213552794654
213568459105
213553135333
213557801856
213560436975
213551226203
213561404604
213565956899
213561795918
213568196670
213555160262
213552147188
213551397398
213561237137
213560946364
213558329572
213550701358
213568597983
213554576492
213559541815
213562934962
213569827742
213557303966
213565795007
213551990478
213566878240
213561196132
213567275422
213564747107
213557152399
213567293744
213557341894
213551053798
213550920408
213560417647
213549041982
213554215540
213554114503
213562741597
213562261494
213561272473
213561049129
213563746844
213556761691
213562433493
213553830298
213552848615
213565772735
213555221024
213550086680
213557407389
213560730950
213564410821
213563146129
213549006918
213550236516
213551520475
213559090357
213554702582
213567530551
213568872675
213569008823
213549324708
213569451935
213550173170
213558568762
213561264035
213557930269
213554457875
213556663290
213559746668
213565777830
213550688922
213567663607
213559151154
213550610647
213567435893
213560322679
213556725488
213563923486
213556884010
213550144642
213558679778
213558184272
213557713517
213564650811
213565452934
213556304490
213557946315
213555763072
213566494231
213556813256
213553879163
213553014467
213556101519
213555394061
213561847371
213559720708
213562965982
213557305173
213564667952
213567740860
213556545909
213566771984
213551850710
213550906140
213564148376
213561579086
213557737413
213555307115
213560702978
213568534294
213549312735
213553886671
213562232130
213557810849
213552640036
213565583593
213558379532
213556063487
213565955971
213555076115
213556260050
213555371290
213569633884
213551576119
213563710213
213565384068
213559473024
213555524260
213560992676
213563758608
213554607709
213569722672
213567843885
213558951275
213558054589
213550288303
213563089503
213561337547
213557976400
213568433975
213568892103
213565710523
213550657127
213567155991
213562291383
213557212334
213552672957
213550056592
213562986750
213553601129
213553808993
213552190903
213549008643
213557191520
213558716794
213555071259
213553961256
213554418326
213549321846
213560052870
213558250376
213555671883
213554404776
213550359047
213549365408
213552372139
213565635618
213558241403
213552586870
213568346946
213561018386
213564159732
213555095457
213549855734
213563703606
213562624126
213555574802
213566936184
213550436750
213562427314
213564907958
213568926047
213562707134
213562523714
213550408717
213553943634
213550974824
213560218221
213567769770
213549990892
213564476244
213551008276
213554702800
213552162549
213551039723
213555854965
213563256346
213550876342
213549682829
213559282645
213565310109
213556077665
213550163437
213552199423
213559462603
213562386499
213553122771
213557126975
213564636965
213557801197
213556214760
213567112230
213550171716
213556865169
213562699782
213553584116
213569294478
213558683062
213560764386
213569410057
213569705847
213550158892
213564387824
213558351773
213567281439
213559556143
213561471345
213551942163
213553302332
213556143633
213555544163
213565394977
213564920111
213557003677
213551949803
213555061478
213550292464
213559606411
213560864672
213552595719
213552956887
213569719881
213561631382
213552536064
213563942371
213559766914
213561614613
213550192414
213564315104
213566722786
213557148757
213564075771
213549015575
213557237265
213555448055
213569809103
213559197459
213554161255
213564232187
213559673261
213557469913
213552213771
213554682516
213564997684
213553446317
213568344335
213556093292
213565913468
213550868877
213568752187
213563816725
213563820707
213561333138
213566683425
213551746837
213563774743
213565112769
213556702600
213553548682
213558303116
213557882290
213562413799
213563125315
213553063136
213566136843
213554681292
213550115877
213560488065
213561696703
213560209509
213563111561
213558181177
213556319398
213560619290
213561044423
213566318970
213560927131
213569722595
213569384494
213553826454
213551381924
213552834970
213562171440
213560232861
213549622522
213562047271
213553919342
213563674252
213564203866
213557691655
213558728397
213550624577
213551071203
213561089819
213557163542
213564571356
213565325357
213560391029
213561008977
213558127765
213558067614
213562516878
213565573793
213561694119
213550610450
213567461966
213563801184
213563785284
213567124853
213562584135
213559752566
213554509929
213550567782
213568516029
213561202961
213564567458
213556660536
213566201462
213567191782
213552723377
213550506836
213553061011
213567227937
213552453923
213565860246
213559924677
213566705062
213563920610
213568274791
213562782988
213550682249
213569265217
213564765806
213549467716
213553163569
213559224034
213561010835
213558967493
213560478410
213560455870
213563642069
213549250444
213561068907
213549433021
213560496203
213564388060
213567884618
213561913758
213557398759
213563386231
213565543440
213567601486
213552107711
213553561856
213556815704
213556783279
213553616029
213565207320
213558117203
213563011892
213557638338
213552387864
213565393789
213556848223
213564023239
213569661702
213559354602
213557481502
213550019430
213559641676
213551235863
213552950303
213553453074
213552637669
213555438212
213558606610
213553849746
213552105659
213562875203
213551623971
213568431643
213553086219
213559674260
213566028528
213564187667
213567748668
213560336125
213554997807
213552377532
213559884174
213557524854
213560073215
213568202667
213561505809
213563480344
213563358314
213561743340
213567890939
213565518679
213562161927
213565505719
213554866487
213565961722
213563236332
213566180127
213565242398
213565105563
213553676422
213551361532
213560698940
213552924265
213559499458
213569767048
213555667441
213550105558
213563591657
213568260255
213566370458
213556233634
213568668019
213554869844
213555238938
213569285473
213563674071
213552724331
213559321450
213562946266
213551157155
213565984306
213550234923
213553702640
213553074174
213555765731
213561100823
213566091356
213553551134
213569783257
213566246232
213569196653
213555334744
213555769740
213563569238
213552681594
213566581757
213567202569
213552100192
213556655861
213569238422
213565955981
213554217258
213551299617
213568807688
213555393787
213549504720
213557112410
213564728450
213553719825
213551211227
213565466356
213551818813
213564228118
213568530729
213556649257
213558394019
213553903825
213549673462
213568633678
213565174489
213550503946
213569081403
213562599056
213554380943
213564476843
213564740571
213556573953
213554221977
213549578530
213569320136
213564735218
213568843547
213554139127
213551931785
213555309125
213560012792
213554370887
213567226460
213560846451
213561121098
213559439288
213557463603
213563205595
213560162210
213561172514
213564394342
213553395702
213554641691
213555069117
213564270876
213565634928
213553723762
213564849093
213557751292
213566566885
213566059916
213552218650
213569098269
213567505354
213554890604
213560822479
213550632141
213558042113
213557987210
213558440678
213549366116
213552625355
213559964374
213553189644
213566335032
213564900188
213566353208
213555587768
213569102828
213562469290
213555855227
213563129470
213557830702
213550312674
213561114530
213549945861
213551235954
213550384741
213559494249
213551340019
213560101436
213558697311
213552862216
213556739360
213569450508
213569469397
213552773980
213560310364
213559058348
213559936696
213553411555
213551375616
213556871187
213569583015
213568646838
213556052191
213554222189
213554268227
213561295321
213549349072
213551330422
213559533296
213558450782
213550050977
213562660661
213552990491
213550183034
213555599478
213563335811
213552114828
213553500554
213553757468
213557972183
213561263905
213569639305
213568578822
213561339789
213558961050
213559415212
213555796866
213560031175
213559606532
213564771429
213559866180
213550851216
213561812356
213565330270
213567394595
213567838455
213563553958
213567974475
213565688713
213554228091
213553641000
213567677977
213559498734
213556180480
213556499644
213556256808
213558280338
213568982050
213553832510
213554639168
213569308469
213564210689
213564030284
213566152855
213551315883
213563278723
213565941524
213568186670
213553518328
213568161115
213554747898
213563683492
213559094886
213568887214
213561909242
213553278261
213556240230
213557374689
213566459894
213553100227
213569212497
213552089074
213568250885
213561669893
213568642173
213549270604
213558793752
213569546002
213549934065
213553472829
213561833672
213556824086
213557770333
213552148425
213554900216
213550382645
213565636016
213564622286
213569021165
213569147456
213568586559
213560889345
213563181843
213550007964
213565788040
213551226047
213551946595
213558780024
213560185233
213550553471
213558842197
213551271490
213562665368
213553874159
213557421489
213569037484
213556230267
213554381615
213562045700
213554607332
213559028670
213566287386
213567717897
213562277481
213569779106
213556896309
213556838063
213565481752
213563971362
213568974732
213551259126
213553102826
213558786313
213552237102
213559894054
213560573816
213562587912
213556531013
213549108112
213560822036
213562225360
213559585538
213549237226
213553520707
213560379544
213553262638
213560337698
213561155262
213553387939
213558703303
213551883105
213558374837
213567215488
213555639816
213558605773
213556423364
213560852786
213567206774
213566903194
213554744204
213549404486
213565050460
213561629616
213566026802
213552368913
213559733643
213551886849
213569503036
213550071521
213566702706
213553457045
213555184545
213568780384
213565868579
213562428322
213568775528
213555793580
213569911442
213557242293
213567961087
213568381261
213560896958
213554091382
213561127150
213560595832
213563117537
213560387072
213564897699
213549759836
213568270974
213560512134
213564182170
213549710177
213564361165
213555089214
213553274945
213558986936
213569310248
213554798142
213552239025
213568526863
213566600874
213561656578
213563816160
213556038925
213550559571
213559410641
213556406600
213557457474
213566815454
213561284381
213569666298
213552204445
213566764616
213550829090
213558649436
213567384640
213561352260
213560672679
213552584529
213565566350
213565848237
213551901326
213551437406
213556146857
213562594479
213561571536
213554660661
213559918484
213555717666
213568324100
213555899922
213559978487
213555671760
213559609411
213556339605
213553151766
213562704552
213567450753
213553176268
213567407482
213562278225
213566369730
213566563671
213558381468
213551318924
213568232688
213564335659
213552119246
213563267344
213566421356
213556644858
213565583305
213554377428
213550623418
213554249933
213561528775
213561525127
213565128819
213553049532
213550323474
213558454758
213562601140
213568062158
213554192998
213553357891
213557200374
213560478233
213552015235
213551126395
213555915489
213555926326
213559670884
213562559279
213563768949
213555285104
213567811296
213566625344
213555122644
213556308548
213555234215
213556727408
213554930581
213549481359
213550729366
213559535131
213551725203
213569826076
213552958719
213557151518
213566418817
213553500878
213565472588
213567297731
213558664432
213566113999
213564689142
213563153337
213563203311
213551102718
213558069500
213550492400
213554420362
213556788339
213558438744
213556888558
213569801110
213549757293
213556925651
213559268834
213552518000
213569418625
213557536678
213565157768
213552178754
213550040158
213549521917
213558412386
213555292327
213555261694
213556461109
213565329896
213563527511
213559778825
213564895854
213553595194
213553947053
213568253906
213560742612
213564970566
213555061771
213552455489
213566373765
213559488875
213551264459
213568545719
213560118011
213565537112
213557574311
213565288132
213561479763
213557762335
213550146275
213554296648
213563142548
213555364406
213567950540
213558380242
213551807634
213552521127
213555820384
213567990185
213557864983
213555073236
213559272953
213566563299
213568371763
213552829593
213567617931
213569796639
213568510109
213559582933
213558136341
213564922120
213567143249
213562671673
213567347643
213561236541
213563712879
213550257106
213566810005
213556127793
213551118260
213553047195
213561032373
213561289447
213562627779
213569368964
213551465226
213555051254
213569463732
213551970821
213568112602
213551023028
213566548295
213565803729
213560018428
213559751421
213557435011
213551431513
213559944651
213564998428
213561087376
213563312865
213562718559
213566272692
213554420576
213551666059
213564338309
213551567988
213568091003
213569803429
213550724993
213565032476
213551120629
213555627824
213553907501
213569303498
213559094798
213563207827
213556416940
213564267929
213563335165
213568377925
213563113607
213557591083
213556087632
213554215976
213566185896
213558794057
213559559240
213555301883
213551571888
213560902968
213555054942
213550189934
213562487896
213559428652
213557962399
213568270851
213566839717
213560647182
213553963201
213564343615
213556406937
213556386499
213550796918
213569011121
213550511853
213568037419
213567204172
213551974230
213564249217
213568695994
213564007143
213569380076
213563548495
213550506352
213552779869
213559195744
213564798614
213562343106
213553359124
213555184588
213560014511
213563267859
213557471726
213552709614
213569455900
213563337921
213554804950
213549801246
213552031861
213549492741
213550183258
213564986173
213568386686
213558885744
213553551012
213553229485
213556656147
213549268417
213563016175
213554692307
213560166294
213562746648
213567575950
213556870993
213550128887
213566440659
213553403869
213564738230
213562165304
213562923810
213555357790
213560833791
213556124416
213558481520
213550016032
213567098172
213559326052
213565917566
213555249145
213550526000
213568734725
213558796808
213559859806
213559933970
213560671241
213564927062
213561484419
213564692473
213561455122
213552095517
213556848901
213561066083
213560709617
213569215671
213553784899
213551458002
213558838435
213562812207
213566185497
213556382824
213549963451
213552802559
213558192363
213554148977
213549194242
213566522232
213552283130
213564513676
213560157765
213558059876
213558158006
213552833300
213555330114
213560370087
213561444439
213566137487
213557305432
213558005631
213567611967
213564933997
213564374510
213549680640
213565660420
213569062462
213564125763
213560282957
213549965256
213568941758
213551963365
213563209043
213560568181
213559071822
213556335926
213549460674
213556285878
213557173740
213550872889
213552993050
213561720249
213558935159
213563742796
213564832485
213567247718
213565155323
213559086911
213554823344
213568737782
213554342035
213550073347
213566392388
213549565874
213569667537
213549826745
213561797099
213558311731
213559840670
213566529752
213565116447
213553985857
213561624493
213553530278
213554741886
213569492048
213555013889
213554120183
213555039064
213569665996
213567893001
213553890449
213555322630
213552195912
213565617757
213554412027
213558604839
213550059483
213564379590
213563570909
213568048138
213558903148
213554051647
213550486388
213551310302
213564245809
213553287795
213554775430
213560312933
213565416581
213555918999
213550757470
213555340216
213563222161
213562835994
213569908784
213564709813
213568371688
213564501772
213550994126
213564809164
213552996024
213559561027
213557061238
213550547437
213563606875
213561812092
213566509538
213569810129
213555590146
213564217605
213567917002
213557232677
213561549111
213559839177
213564241730
213555025867
213569864592
213554858577
213560541658
213568053612
213564904078
213565427617
213557057680
213563480965
213559866030
213554107192
213564898314
213558984028
213560243828
213568074722
213558708434
213563875883
213559635501
213550038870
213555601391
213558040085
213553728428
213562345871
213550349025
213568816690
213569814697
213563795205
213552997779
213564419954
213564942421
213564503468
213555499641
213564083576
213561644794
213556515714
213566916468
213562358456
213564421601
213555100838
213552784565
213551097374
213563708603
213549460001
213560695639
213561865116
213551292650
213556443992
213566608867
213561803130
213551829715
213556772889
213560546718
213567548625
213557790797
213553018006
213549254835
213566340759
213552668665
213569309004
213559668011
213549641598
213555738986
213551158471
213552911351
213549940957
213549407984
213559245294
213553115028
213558499102
213551322333
213568034452
213569734347
213559723640
213566311277
213549325879
213561379475
213551464899
213568396447
213555760160
213567427004
213557012195
213551475099
213567403323
213556547154
213561351199
213565030455
213561243610
213566125971
213559225056
213567030163
213562135498
213551078704
213555410755
213563600838
213566070230
213551831377
213562082873
213555223973
213552586589
213562723268
213568914043
213553771651
213567957843
213550456242
213564960981
213552700414
213566677100
213551453282
213557795318
213560091551
213556772446
213550939832
213565535447
213551072521
213555463504
213549176685
213561488856
213564511597
213564910342
213552588343
213567525464
213552561938
213559422825
213563824056
213569256356
213560415947
213568724216
213551796679
213564235459
213554244656
213562956402
213550780388
213569277643
213568193626
213553783402
213558158978
213555086410
213550548661
213563646957
213558970789
213551949346
213560271203
213557975807
213569737058
213559325477
213558865817
213566183798
213563493805
213558864742
213561982796
213554476892
213568559513
213550705117
213566566930
213560713810
213565054681
213562323343
213561898567
213555573474
213550050600
213564763085
213569010387
213549936480
213569286336
213567999545
213560111558
213566714133
213567921448
213562100603
213558027560
213553369190
213557505599
213550974840
213565128451
213559179485
213550095316
213560058943
213566967882
213562794802
213557259625
213555789545
213558000271
213568744188
213549318762
213554469876
213560327768
213559414305
213552643703
213568438103
213554311380
213564340818
213559463364
213565622968
213554264219
213559294618
213557344395
213568900633
213549921098
213569718146
213564192150
213549818929
213566043169
213550395276
213564049173
213558778128
213553078013
213569702130
213556596675
213561174353
213556793766
213569670383
213558878333
213563465699
213549350868
213561562260
213551861792
213568245713
213567866447
213555043610
213549173126
213554551923
213556893715
213563396718
213564868394
213566270971
213551957697
213553185717
213560015363
213552672184
213554123309
213568221985
213552045069
213563963185
213559745929
213564689749
213560872628
213555254814
213567349323
213564694174
213559580940
213565718861
213568275224
213555362692
213557095701
213569403329
213551939419
213557142442
213553512245
213563295882
213556993486
213561018561
213559641046
213560908762
213566481838
213560999625
213556001009
213563237478
213564641593
213569049575
213565466996
213552591681
213569420110
213551205104
213563902065
213552661948
213552077873
213553673774
213556355987
213568033926
213567579505
213549444919
213567243800
213550795554
213552529213
213550660415
213568110244
213561623949
213557158772
213561716159
213567689636
213563472302
213567269397
213550121293
213550936595
213551250165
213556518342
213560428447
213562789871
213556525436
213560773425
213561550574
213553940632
213569567455
213553170278
213566986947
213556037911
213569439303
213569684249
213559919232
213555876546
213569237071
213568661594
213553081758
213549993234
213565678431
213557990694
213560066194
213549198313
213553625568
213558193870
213549339177
213549735207
213568073844
213555456186
213551534716
213569127757
213559900786
213568568359
213556295608
213556840586
213563244790
213557140280
213567324951
213559667008
213569950706
213555954054
213564789873
213557275980
213557208140
213561402683
213551764822
213549341830
213561451627
213556708244
213568236549
213554764641
213552969073
213564193901
213565403932
213556105965
213562329871
213555516720
213563779251
213552913611
213562124890
213549151386
213555412905
213564536265
213562140495
213561092680
213560845650
213565106622
213560998042
213569191092
213568556566
213554423213
213555054472
213560982884
213550978229
213550039140
213567680809
213557879375
213550608976
213562847474
213557608430
213564172382
213560898461
213554348275
213557639374
213561101222
213559689084
213567512962
213551685106
213553182468
213562081677
213567211557
213559009895
213550605403
213569533019
213559990217
213569431320
213559853585
213566864240
213563213879
213564243669
213560231956
213563464824
213550077124
213567322814
213566518947
213550037879
213560046841
213550705870
213560447376
213567707783
213552237440
213563412440
213549231747
213559368658
213555548017
213553663274
213551299981
213565735605
213550819366
213552373684
213560938060
213555130827
213569329737
213557730984
213568969856
213555389942
213562304898
213560070728
213563721159
213569989956
213554180694
213556046041
213559885781
213552989388
213554982266
213569329594
213562239606
213552568456
213549030685
213567137263
213559149794
213565027585
213561376467
213559446806
213549473795
213567989774
213568977242
213551624533
213558185025
213551803451
213567523123
213559450038
213565170973
213559277083
213561197852
213552596365
213563269528
213565566442
213553383472
213568197374
213566285695
213552815860
213561100219
213566632965
213549977096
213562216616
213563057699
213567691229
213564082573
213567599056
213559416977
213554854872
213569807787
213554184087
213566120534
213562721107
213551167680
213554244490
213563409755
213549332837
213569733228
213567692627
213560947655
213552822578
213555968155
213552790601
213562617549
213568411173
213558149941
213554433846
213567046824
213562541019
213562564922
213557917526
213562311795
213556654453
213551098298
213557817192
213564977475
213568487187
213557587191
213554610461
213550337681
213568669159
213549392223
213564701324
213561122119
213550994486
213553793771
213569704863
213555051889
213566205361
213561807147
213558687843
213559758168
213566180642
213569692190
213556694472
213556776106
213569726078
213559722733
213556121089
213562388560
213556777005
213566939540
213557821625
213563014459
213552099092
213551918173
213552664053
213565442234
213557112328
213561208037
213560893396
213565451652
213551431818
213559879823
213557609946
213549881860
213565127395
213556368436
213567445093
213557936296
213557923222
213568496411
213565531920
213554753182
213564066668
213560078511
213556795346
213550435540
213559497901
213566573738
213549650784
213550740384
213560565784
213559309961
213549855289
213564860974
213569494401
213551615822
213551038103
213549000274
213561721787
213549944374
213568067129
213553640160
213550481393
213564794694
213565908202
213551236006
213556286766
213552561114
213568611815
213550654136
213554008705
213553351558
213567245120
213550530823
213567607804
213563506263
213558333733
213560420424
213549863737
213556712654
213569622779
213558761943
213563193726
213558147976
213552180746
213566130435
213552798672
213554068440
213559260420
213562626071
213569397098
213565482200
213568637322
213552164329
213554779622
213566221926
213550172940
213562515765
213555855538
213567007638
213568030637
213552907464
213557450574
213561860170
213556913100
213562979735
213552945406
213549049814
213566140082
213551975730
213559631960
213564557250
213565338480
213566340697
213549462721
213566925496
213560193628
213554115682
213558522150
213558051580
213566125660
213563859872
213565104275
213565292169
213552675176
213566527518
213551374648
213568866842
213561292286
213562201249
213551836404
213558348966
213549818198
213553119429
213568004796
213554962144
213550964664
213553742718
213556988671
213562378805
213549224987
213551336797
213550624325
213567523667
213555635900
213565197872
213565377994
213553088209
213555460808
213552732342
213561357301
213562114261
213559607645
213550372203
213569138171
213565792272
213569122697
213562955551
213565353568
213563144176
213566806134
213569537846
213556583927
213555007218
213562593591
213554687561
213561181898
213563585551
213558238436
213557132589
213553760753
213560838789
213564180809
213568703029
213549074802
213563864319
213551528456
213550201009
213550849952
213550645099
213561055545
213565575141
213550199294
213563550209
213562898276
213569951012
213555260441
213557383461
213553479097
213568930132
213569205330
213561248092
213552437673
213561490398
213557139852
213561343390
213554587526
213569269938
213559925249
213552900915
213549859868
213564020878
213569598215
213569538899
213549263057
213558694167
213550527192
213560747384
213567720573
213565739166
213559835456
213557074947
213554515877
213562823125
213557011453
213561136644
213552676499
213561351553
213553158109
213566912717
213560868230
213553815458
213550778780
213560652233
213552387713
213561009540
213562890406
213552666022
213564562469
213560576471
213563964668
213564716678
213554131291
213555716386
213568597171
213549567913
213561959566
213563619901
213558796515
213553382165
213566024120
213569523649
213567318836
213557761598
213553361505
213556145834
213559010612
213561526260
213568519455
213556188844
213552652827
213560835222
213567352689
213556378161
213558720241
213556156270
213564238035
213562127472
213562411242
213559285656
213568623569
213560884372
213562297599
213554390501
213563725182
213562512813
213559693840
213549298726
213559430271
213566602027
213558656024
213564605007
213549053930
213559456616
213561863330
213562730655
213549052146
213565185058
213569112971
213556051603
213557362668
213553501501
213558326294
213569080429
213567382599
213552653625
213569592298
213557253256
213568155161
213558226515
213556328555
213562026797
213550569960
213555213263
213557859558
213564311291
213554658824
213560325050
213563149528
213549119017
213569186939
213558798943
213568172066
213562694687
213550312908
213559969695
213558207097
213567609286
213562001632
213563879252
213566843670
213554255000
213569547485
213567776025
213567310841
213568970182
213563537928
213553964033
213552488631
213567256672
213562915717
213555871106
213554175395
213553863387
213564283613
213560503930
213562211358
213566880559
213557928250
213551740005
213555310162
213562826093
213564927655
213560572262
213559463057
213552443393
213551194585
213556577848
213552334794
213562101626
213550933763
213549601546
213562280198
213562653472
213567690906
213552737677
213567848108
213550515293
213556069200
213556766317
213562116466
213568792773
213549775884
213557170171
213558613012
213561887104
213550557815
213564470736
213552818164
213563261421
213555444939
213559563282
213550371160
213557377150
213560456219
213555917228
213558455207
213565411784
213550946096
213555572803
213558250420
213555136008
213557690828
213558299620
213557592973
213554044501
213562671577
213565017878
213551638562
213564091745
213561596390
213565186837
213562277108
213550448751
213564611643
213563099227
213553782540
213554579894
213562347542
213551946486
213552042162
213554854987
213564936570
213569111116
213565222140
213564097441
213560156776
213568294426
213553276835
213568787391
213554836850
213562712557
213557466119
213562176834
213564104969
213563604126
213565001250
213553823040
213557821878
213555072809
213549846190
213559212338
213556933723
213560029030
213555949356
213554431917
213564743536
213549343347
213553711908
213555630592
213550975977
213554005992
213563162779
213550051964
213557448807
213568173537
213569788363
213567266969
213553691166
213559096248
213567271316
213555256246
213569188521
213565888602
213566017966
213559321142
213556946344
213568819963
213550269765
213568410267
213568976624
213569864965
213559052575
213550940780
213565890699
213562297393
213567217285
213554899583
213558560746
213568485737
213568312373
213550301118
213564542990
213556496431
213554481912
213560108358
213563285827
213559176608
213550830626
213552589971
213566309907
213554505901
213553794888
213564421850
213566854183
213552157472
213555301995
213560605507
213551091448
213559449043
213559134339
213561736594
213561624983
213549190128
213562986462
213559433041
213562616724
213568948576
213567692326
213560690087
213552806313
213559069253
213551862671
213557690247
213561858865
213566069905
213569986508
213554070101
213556819737
213551000045
213561206364
213554497252
213563358190
213556913685
213549953090
213550711192
213564436985
213560551941
213554744164
213568633479
213561089185
213554791275
213564742444
213551263299
213550473868
213553215612
213559039075
213557280735
213562546810
213552754548
213557939996
213549022280
213564538992
213558606918
213557076956
213553901281
213563582378
213568732604
213555035595
213567123214
213553998438
213556881138
213559556703
213566218632
213556555540
213551522436
213554870350
213568251874
213567274291
213564186402
213563589565
213551989551
213566373723
213549166883
213555854142
213567951939
213566792061
213550110057
213551173421
213561428987
213549589616
213560316981
213559847327
213558188960
213549653271
213568049896
213556875970
213553729369
213559801681
213556180808
213551188930
213555147800
213552012228
213558780662
213568173698
213557030526
213555779941
213565969870
213551430876
213555182528
213563062076
213559828210
213567949137
213567064320
213561771899
213561241716
213557342468
213549729239
213551936942
213563356923
213554656215
213563927665
213565233884
213561446886
213551191470
213568634303
213558769610
213557011498
213563011314
213561378178
213566177397
213562690348
213557163324
213549860511
213563463204
213559493266
213562183655
213564236600
213568707141
213560489504
213568981798
213561084562
213564044173
213562315639
213558843559
213565474310
213562996489
213567137021
213552720983
213551417253
213568970019
213555421205
213564780218
213556896649
213557224574
213550489653
213555550012
213561563339
213557563794
213564631208
213551331038
213563906936
213554418694
213552287229
213561347183
213556044765
213551051411
213549426288
213557863164
213567621274
213561341835
213561155290
213569877785
213559611489
213556254618
213557355304
213569097896
213563778697
213556260075
213566553190
213568610252
213568339990
213556161757
213560352729
213559071843
213566066863
213566160043
213565170002
213553159429
213552317760
213552590411
213567367942
213558573888
213566490724
213558498838
213564036454
213557876928
213563004065
213556399942
213562503740
213566419035
213552724158
213558157633
213569460482
213561168028
213564054783
213557959153
213568795637
213558413512
213557757132
213562380224
213561614015
213567965204
213555786224
213558815966
213550520412
213551623953
213562352588
213568764687
213565065359
213563102886
213555926237
213568102846
213566781559
213566883876
213564384703
213551467586
213555080871
213564107647
213562666857
213549526533
213554507438
213563303018
213557199480
213553996796
213568365743
213567411886
213558729042
213558935185
213567877874
213569849138
213557047518
213551091121
213556371467
213552742121
213559918594
213567702167
213567015187
213559488232
213549065705
213556634784
213564555067
213568851283
213569174525
213567371055
213556132179
213557936901
213565210837
213565249861
213558957305
213551010916
213566410474
213555174109
213555332877
213550316449
213563342432
213567031950
213561088568
213560403439
213558296651
213565449400
213568169035
213568751357
213563241268
213561586241
213566988441
213563766739
213554634281
213559644954
213552509340
213553780846
213549513339
213555786941
213567963244
213561219742
213560272807
213555140541
213555927195
213566132786
213557556845
213561486787
213562208447
213567964067
213559867966
213568966273
213550922839
213559724886
213562564522
213564537232
213551320745
213564644697
213552623253
213565912148
213553915477
213562596351
213559974973
213567757317
213569065400
213561904362
213551506737
213558295351
213567740596
213565011241
213554648873
213564998242
213559353022
213557344636
213560722672
213555453977
213566594045
213566989104
213567734884
213558319197
213562273384
213560492982
213554921967
213551142601
213556066998
213560010550
213562315891
213560949608
213560857311
213550560564
213552501741
213557353271
213567590733
213556416665
213550862306
213560795183
213553992250
213567776402
213562095912
213558421778
213549738373
213564556782
213554243566
213557817829
213561287913
213553174898
213561286609
213560620279
213554962889
213565613890
213553345083
213567805765
213555265638
213556718860
213557904320
213556613749
213559735779
213568705820
213568493090
213551097112
213563562650
213554369621
213566912699
213558077163
213555840865
213559128220
213555760567
213568268758
213560197409
213551130957
213566841838
213557359274
213567342706
213550476971
213556349230
213561160638
213567971955
213551914532
213553459336
213568187259
213565034499
213552346860
213564056747
213566338729
213565859305
213550859812
213550428103
213555371277
213552529669
213558586870
213560305560
213568059771
213553540032
213563082425
213564025350
213552222003
213566547594
213568753213
213566569368
213569578923
213568454140
213566695821
213563649608
213557479124
213560203678
213554715222
213562724519
213569380638
213550209825
213564943172
213550841256
213556724748
213552428103
213560639422
213567185293
213551199184
213565781346
213560521122
213558599287
213558742306
213555120465
213549087512
213554704495
213552108340
213561672806
213569294674
213553499922
213564633009
213562008235
213556054430
213554553402
213564402417
213549698097
213556719771
213550396046
213552254359
213566557554
213557254830
213562848700
213555749466
213557470022
213564557112
213553722938
213567440481
213549013088
213566034069
213569323386
213559858522
213559216923
213558095390
213567088972
213564711983
213553852236
213565892567
213552672688
213564595714
213551440730
213552516783
213561295413
213564031901
213561245770
213553796179
213550099210
213562550239
213551945741
213560584972
213564321583
213564809380
213565833723
213549011675
213557643997
213549238680
213568146888
213554306735
213567478240
213555836564
213553725003
213561678879
213554267618
213564370075
213552300491
213550597386
213561872850
213557875196
213567159701
213555542323
213564473610
213568206722
213555481611
213558117769
213564555987
213555652084
213566521267
213563774619
213562912645
213549259676
213552547586
213558191729
213566162991
213555119236
213565207695
213563968697
213553425179
213563639279
213567691032
213559204750
213549466530
213554554509
213554503396
213551308114
213557773719
213565523519
213555616145
213554130291
213550917732
213558951918
213561224038
213559883474
213558083794
213550519882
213569497554
213552836537
213566831909
213565687678
213557705907
213563829405
213559120105
213556608917
213553963998
213564903101
213554857173
213556365839
213553491924
213568067194
213552482751
213561770295
213569939574
213549452101
213554835621
213552800599
213552971843
213566175052
213566860483
213561033750
213564544010
213564575540
213562746782
213552759522
213555784183
213566234400
213550559392
213563520298
213569132472
213550870197
213551601982
213554445400
213557533754
213565931898
213569561804
213557768745
213554622365
213566018556
213549018892
213569146168
213551219711
213559236237
213564648040
213561250962
213551211385
213559689918
213565150455
213566470894
213560505558
213556390824
213565821726
213555016272
213565483836
213565058126
213560397409
213560551767
213559444756
213561422432
213562408927
213552279352
213556421353
213549534664
213566736499
213557431113
213568428094
213562109106
213556542513
213559173160
213568074077
213556971637
213556624818
213563767351
213565282544
213562990315
213556151027
213562461864
213561463709
213567054552
213562161461
213561409566
213549418840
213551395792
213565124880
213555026466
213554075391
213554984393
213550425850
213565697135
213564693385
213551340268
213562649614
213559927188
213554044227
213554324940
213563111860
213563997842
213549997707
213563125451
213563160413
213556038833
213566355844
213559555214
213569747527
213562567961
213560701471
213561836334
213557862180
213567465459
213562626833
213554705263
213567635246
213553527008
213550164155
213567715156
213568670880
213559410956
213559675876
213569203002
213569186314
213569222344
213564550812
213549441700
213550188584
213567107727
213565976365
213558771728
213565152412
213563211818
213562491174
213551858857
213549292361
213560043602
213550209222
213560013342
213559371914
213558100331
213555867550
213563390693
213559310922
213551064896
213560332895
213559079991
213569843095
213568722738
213564259041
213561249411
213552285675
213568869050
213554127151
213563250923
213563178532
213552086491
213555411973
213562180845
213562162086
213567546682
213549723153
213554826020
213561837015
213550677232
213553751275
213567841443
213567527918
213557989701
213568557559
213564385735
213553195827
213562532937
213568053604
213563659834
213556666741
213552955069
213566766036
213556778267
213551059730
213563214064
213552868550
213552944941
213568663167
213551154554
213560078151
213565981623
213560508603
213557831041
213562562270
213554752387
213552683508
213569043106
213565406923
213560076123
213549561664
213549225619
213567409905
213551525796
213555236565
213561875323
213558907182
213569029060
213568705802
213553760279
213556716066
213566846244
213550296306
213562517419
213553131928
213569165026
213557462717
213564945861
213564296055
213558763573
213551419129
213561807658
213559372515
213563010474
213562333324
213549078177
213568165758
213558745382
213549356482
213557862689
213554920621
213564838600
213552302163
213554269446
213550334704
213552883363
213559605066
213565772878
213558621235
213561430352
213551293159
213556703695
213560368526
213569817083
213557060861
213564843035
213557591902
213562405984
213559017868
213556369686
213553241036
213562552286
213566682055
213555599951
213563728166
213569163595
213560046613
213554194161
213568850525
213557617186
213553218486
213556578974
213556341508
213568365406
213562349073
213561745786
213567091813
213555852149
213554771317
213560912788
213553019344
213553509384
213560621631
213569700374
213550534231
213554566992
213566421355
213560027269
213562660662
213556812533
213550095390
213563841687
213567644427
213562716364
213560972161
213568150363
213551397461
213557263196
213569051603
213553841258
213565848233
213562320045
213568002427
213558452532
213566052167
213551047394
213554784317
213569305908
213550350570
213563061301
213551493499
213560591711
213558882379
213568285502
213563724168
213554396354
213568429990
213557673575
213552531346
213569548332
213561539723
213566831702
213560540119
213557408239
213569205641
213565818615
213561209157
213554623754
213557078755
213559816064
213566454914
213555270431
213567191754
213552341442
213556772446
213551219635
213551372367
213562262001
213567172912
213567692123
213557332834
213551685582
213553587519
213565694964
213550087565
213564670039
213556224301
213569321020
213549123298
213551225468
213561340308
213554251338
213556734370
213569479478
213559655967
213555825649
213549322143
213559712134
213566937381
213565237342
213552323886
213557266039
213564160379
213562562514
213554456774
213558809398
213563329127
213557748170
213569813700
213549067404
213550127310
213565773231
213569679802
213560635567
213550297596
213562390376
213552556250
213567916831
213550301109
213557789950
213554416959
213559413907
213555369659
213552202494
213551882058
213564670800
213553886426
213553243277
213569128545
213555639209
213562862330
213566067113
213556085602
213556655922
213567957070
213565031963
213564374046
213550464134
213554343570
213555875019
213561136086
213565543904
213569117460
213563993182
213560988200
213569895931
213557005399
213554482164
213566539079
213568638220
213569806301
213569478379
213568736407
213561666416
213549337008
213566016673
213559770292
213560919133
213554528797
213557452967
213554906990
213552359796
213553779858
213557432388
213568726256
213558498213
213557023777
213552178541
213564570997
213563028351
213566608651
213562460754
213569149671
213558047915
213560593465
213566518645
213559565673
213549141714
213553228736
213566728954
213551419316
213552746677
213567924743
213561697891
213558611768
213567773498
213555794382
213568354265
213569866756
213559108796
213567902736
213562809512
213567119054
213568512671
213559265680
213551766550
213568668302
213552558528
213558755799
213550923157
213569966121
213569394195
213558825721
213569556970
213560377794
213556194640
213565451951
213562490972
213559981020
213564522659
213556226397
213563949217
213560446205
213567816416
213559532878
213558564500
213561961195
213563911161
213560157157
213563259600
213558263643
213555136921
213555042132
213559698039
213562102456
213561264391
213557447113
213550510905
213569628089
213560456420
213555064200
213569707432
213565920136
213559253068
213564666778
213560377608
213560417067
213549617894
213554884809
213550881608
213554116158
213560672413
213564386773
213566092099
213551808346
213552182156
213559877008
213549748758
213568840470
213557123112
213563161463
213561973494
213554156303
213565278241
213561519123
213557983155
213558425718
213552710118
213563556619
213564924879
213557750292
213566341812
213562055622
213550551458
213551289203
213565188822
213552941627
213568069473
213551663178
213554893006
213564685328
213564751591
213564251765
213562488830
213550295084
213557919219
213550474007
213549858440
213559183982
213560399108
213568021575
213557658170
213549983085
213565800561
213549218812
213554846950
213559119200
213567582039
213556882703
213549215681
213564110754
213550976486
213564205589
213562563933
213549202186
213556103148
213563535216
213569396649
213557158321
213560180733
213562745043
213551751892
213565656764
213563261119
213549364060
213564738318
213556427531
213560048506
213560345607
213554296437
213564493292
213556791888
213555565126
213553571340
213561781548
213552218929
213568515730
213558299329
213569368163
213568046203
213560700275
213562421769
213556110159
213569475422
213552437456
213557357699
213556697506
213564624325
213556065690
213552030431
213569842640
213565895961
213564905122
213564664735
213561362923
213563336261
213561357631
213566325620
213555064491
213557487239
213552963560
213549060693
213551298797
213552679763
213567091448
213554100355
213568025355
213564496991
213552069305
213557851832
213567002355
213557027821
213569145096
213569034817
213565416827
213553126231
213552105926
213562965650
213557784346
213555228993
213555577326
213561704204
213552134451
213565755255
213554126574
213556812372
213568747309
213552286072
213555454480
213564983872
213566514244
213550552639
213553093549
213558329183
213568172727
213558755514
213569072817
213564334655
213565514544
213558892782
213557316338
213569645105
213569428177
213568251508
213560746515
213557780873
213567605401
213565608051
213551420636
213568528884
213550416623
213566785798
213560291671
213550781425
213567462100
213569523913
213551890486
213554901047
213562615092
213566382361
213550874007
213555131915
213559945193
213566217379
213556720670
213555688453
213564132370
213552257091
213554428203
213552805585
213567470164
213559278572
213561368898
213564928151
213556504299
213555204897
213562353894
213552610812
213559544731
213561663026
213559632163
213560512079
213557515119
213562379903
213553017681
213566574809
213565651628
213564298135
213552135715
213549904884
213562232781
213553588800
213549691568
213557584687
213561859821
213551159889
213557812829
213560959095
213551450864
213569747024
213552275376
213554159310
213561755337
213563832668
213567397694
213556051967
213553138447
213553959114
213567639704
213565525675
213554514995
213566684458
213550526707
213560105723
213552997189
213558161210
213549106904
213565399424
213555590421
213549067705
213550611697
213555742251
213561183830
213552092606
213554597821
213556520911
213567626881
213566571415
213566042264
213557169510
213560212216
213557038226
213562248001
213569945972
213564674813
213568514437
213561131519
213557466541
213563798529
213568448486
213565367748
213560348076
213559787881
213564193572
213561312793
213550575599
213560448542
213558024132
213562101590
213555510126
213549702263
213559904689
213557766140
213557815502
213563012376
213552790914
213551011985
213569364503
213567696542
213552456748
213566767705
213564632981
213560997905
213555266290
213568112892
213559085358
213551525666
213549292177
213555044725
213550447536
213552859136
213550898301
213551875012
213552951101
213559621366
213569882627
213556510744
213569138432
213561408558
213565801950
213561893141
213558715799
213558109043
213552663094
213561851427
213558772487
213563103866
213566526777
213558707080
213549374039
213553790000
213551978450
213567709733
213566292112
213554644045
213569519186
213551346786
213565336386
213565494570
213554731509
213566799134
213553849343
213550265163
213563668285
213559587776
213567097080
213568845386
213561948814
213549903467
213549355555
213568757922
213564211447
213561818502
213567313112
213569672168
213567118395
213564770753
213551007163
213569614882
213566460223
213556637730
213553890327
213567297905
213549284342
213560883769
213567875191
213562355522
213557857370
213554854730
213558293720
213569816722
213549332358
213568155473
213557455600
213569123624
213564397561
213565009880
213551351403
213558876152
213552511897
213561200090
213569828952
213553311871
213554999302
213566016544
213560436179
213569371394
213550285250
213566072984
213561295254
213558239711
213561809952
213563474025
213563508329
213556248689
213555202559
213568271667
213553539492
213556899514
213569438058
213562132801
213566784433
213568617337
213566709227
213565446264
213549101638
213555642623
213563214430
213557277240
213569300827
213556316617
213554548017
213560617451
213562160792
213551786027
213564266043
213563804842
213568072174
213553453718
213557775569
213561085365
213556570574
213569430386
213557358871
213566259042
213569073573
213564897207
213550117642
213557730824
213558562405
213569360140
213555665796
213559836324
213552869928
213569068502
213563572185
213560962370
213564296038
213565989998
213554703547
213569008621
213555158001
213556892744
213559279292
213552452452
213563330087
213560262233
213565086360
213554193348
213567818897
213562250954
213553278847
213568135754
213560867327
213559110780
213553415533
213569597234
213555579919
213569137702
213554743577
213554615121
213555494183
213552883876
213559675957
213562086648
213549042634
213566424810
213551626376
213553048043
213560045260
213558438633
213559046316
213568203739
213550245199
213565745135
213556069092
213562234507
213568299608
213549261570
213560236203
213565591796
213567684209
213568537866
213562243646
213566266304
213565479550
213550250141
213555306336
213561682472
213558508513
213551407860
213565103425
213554543547
213551930508
213566694518
213550574149
213549111700
213552036362
213561610833
213560144891
213565630460
213558234031
213551399838
213553355290
213557156250
213560591973
213563055579
213567928277
213553705525
213567354714
213553858195
213559775247
213561319930
213558386080
213562968122
213554303196
213569152313
213560429769
213558921053
213561275649
213555124999
213549506136
213550518611
213565915163
213568213467
213552126538
213549909308
213562022775
213550594046
213549473902
213564126270
213568389961
213553834225
213561293228
213557432844
213560895155
213561900543
213561503211
213562347005
213551557766
213553837139
213561990510
213554975774
213559934123
213564531265
213566863147
213549798957
213562338870
213566333659
213555252571
213550680423
213555288812
213562091672
213567934398
213551518993
213560536445
213567182971
213563344079
213565062752
213568959679
213569241284
213567754298
213565904412
213554854349
213559368661
213558236104
213565368741
213559517980
213562301402
213560995741
213569918662
213561918129
213549672999
213554305119
213565843090
213549769389
213555144940
213549372603
213551278772
213556896149
213569823515
213555326354
213558758332
213558642004
213569129488
213565460800
213558860366
213561925319
213550170169
213549835325
213559885676
213565299439
213551171925
213554049340
213552088408
213565425765
213555553988
213553515270
213564052864
213553595732
213555191754
213555947643
213561559979
213550399912
213569128891
213568310903
213551996169
213554492147
213565798534
213552636862
213561720844
213552780621
213561017450
213564855654
213555318576
213561698300
213557490962
213563716218
213550436974
213562108711
213558692345
213549006473
213562656932
213565233491
213556020327
213556785963
213562626240
213557384041
213550907470
213563794364
213554967043
213550950638
213562917382
213565135641
213561625248
213569663336
213564740341
213566943362
213560636643
213560724663
213549393475
213554861602
213554647240
213564646692
213567725478
213568897794
213556655726
213549356900
213558615062
213567848125
213567117711
213563151196
213549825130
213566847510
213553685094
213552462138
213555724984
213549545468
213568927117
213568368825
213559552176
213558120693
213557547307
213565546716
213561966148
213550608023
213558602505
213558718663
213549348558
213558582727
213559695961
213569172426
213566759388
213558341634
213554361580
213556653765
213564828611
213560662295
213554710047
213560495931
213555841639
213560464137
213550564787
213555713768
213550105163
213549047297
213564628317
213567913673
213558652540
213563311586
213555944855
213554746391
213558569800
213562721823
213552650225
213559906127
213549147819
213559016760
213556929264
213557572198
213551030474
213568025460
213552641230
213550717829
213554952572
213569987841
213568917477
213559081689
213553754367
213555342998
213555396114
213556670186
213552041691
213554886804
213560981697
213555885447
213558727150
213560024503
213558198850
213560054820
213553334810
213559700978
213568765973
213553216770
213550803182
213561626465
213567075628
213569512917
213565402917
213553257681
213551662668
213566787559
213554063315
213561038417
213553717216
213556593796
213567849930
213558641422
213554744828
213564805325
213562678058
213551133376
213568405803
213564867738
213567813686
213550553946
213565190730
213552776606
213556536570
213549501130
213551732560
213561074436
213549958512
213553218353
213551861319
213569961360
213557601389
213563602651
213567413723
213568433489
213561663711
213558669171
213562035327
213555555474
213561348375
213562606971
213553003767
213566158889
213554626416
213555123348
213564193708
213559130102
213569527172
213549604345
213557062424
213558404666
213567701853
213550949294
213550709661
213562575546
213569075600
213554910349
213569193832
213567131511
213563014005
213549574943
213558800370
213563988112
213552779092
213557208512
213558681661
213564853102
213567353844
213550005476
213563656387
213562829421
213550938338
213569704154
213565919305
213561565953
213551220535
213569013976
213560597603
213564699032
213554682671
213555773603
213568624629
213563013118
213554238409
213555578831
213567136626
213565164304
213569697524
213569951415
213562579004
213560073081
213561718256
213559880577
213565427081
213561217118
213553799267
213566464046
213556861272
213549097387
213549855662
213568330270
213567878658
213553250583
213551007247
213564954602
213558501730
213556716602
213550397551
213556070000
213559724980
213556974565
213558552589
213560243492
213558819041
213557090963
213555872746
213568061880
213551201782
213550450319
213559127726
213559324024
213554450583
213561756164
213559672283
213558836763
213554125216
213551667081
213557429729
213553408100
213557514439
213566388671
213560500318
213562370374
213556342976
213556448751
213549564180
213549122894
213565215218
213555458229
213552458552
213568905947
213567612439
213559745613
213550628735
213564616553
213556479092
213562291665
213564142387
213553369656
213561282985
213557086817
213566847184
213552049374
213569915417
213556807039
213552779079
213558096353
213564721226
213560612029
213562902723
213567902137
213565427043
213552859429
213562066614
213561604577
213563644867
213566946976
213550746578
213569525261
213559848988
213558503967
213569520909
213569704104
213558238689
213550475813
213550078023
213552500065
213564837340
213553326514
213556928453
213566495449
213565038181
213560816775
213560993593
213567263427
213550703879
213556606419
213561570058
213564501868
213562315308
213549944900
213556530880
213567670845
213566711824
213551648166
213559700901
213552121762
213557529071
213568316297
213551025620
213565996689
213560222300
213565808172
213550397265
213560844353
213551041040
213567497508
213568382140
213556513321
213555249675
213550606731
213561061298
213552084395
213553288234
213555213411
213560147134
213559910625
213565574992
213549637039
213561072634
213565092067
213561045853
213555460171
213562113148
213566564936
213552060782
213569575261
213557167150
213551059828
213550516775
213551445070
213567163974
213551980483
213549867192
213557057559
213552349070
213552910202
213560506150
213549627276
213554004021
213553021436
213560942112
213561366944
213556262324
213552821805
213552562821
213552575274
213561838266
213558981613
213550480904
213564684012
213551814501
213565315470
213568579062
213556969525
213555470089
213560918726
213553466206
213559902305
213554777804
213558516590
213559997945
213550542402
213567955019
213558386831
213560960293
213564131993
213557198389
213565138453
213554139090
213568627728
213563832415
213564715067
213551629309
213549453063
213565770527
213553308630
213550078841
213560758389
213558293220
213565215490
213564998680
213551940635
213556190720
213568706715
213550492060
213557864117
213565146685
213552718371
213566120710
213562214837
213568531605
213556557228
213555763074
213557314754
213556393183
213552581561
213557455698
213568544086
213551470799
213551558190
213561702145
213560647711
213552458475
213551370264
213565842348
213559379921
213554782309
213557841930
213549447575
213556561059
213558948308
213565232749
213552681122
213561508464
213560126331
213551097165
213567381753
213551720883
213565025878
213553229947
213567275787
213549111115
213562838399
213564868033
213566187038
213556824663
213562681458
213549359958
213561029397
213549511869
213564536176
213557136101
213565919039
213565025144
213563012570
213551002489
213549782219
213566647187
213550217786
213569438288
213567542226
213564458997
213558780838
213554341525
213560358810
213553872035
213555412380
213565587627
213563270894
213554401560
213562002515
213552153077
213559841330
213563628966
213552341782
213560132613
213558099632
213569560939
213566343331
213560440456
213560794796
213561372455
213551472656
213565737661
213566191489
213568803769
213569580479
213567687093
213568057469
213550098530
213553332592
213556081098
213566482638
213549952449
213553959551
213560846881
213557060542
213553197848
213567345910
213566079654
213568755862
213555984373
213554178026
213567171832
213567671611
213561786409
213563582942
213555736087
213561807010
213559430194
213549951418
213557525616
213568688385
213551480119
213550338806
213560241580
213569354364
213555738600
213555708907
213551915685
213553729048
213561405598
213550197368
213553744560
213568880013
213563988980
213563164693
213559820090
213556152777
213553698320
213550009110
213564141246
213561878950
213565305456
213557860677
213552486540
213558082185
213560286337
213555960708
213554004988
213564568071
213567091333
213563318167
213555185068
213561135968
213565931146
213554103804
213566848438
213553449969
213557418247
213558246124
213567766668
213558558087
213550991335
213556321553
213565017678
213549498276
213559643645
213562035898
213560395359
213551633795
213559142130
213563939117
213560916930
213549744335
213551172647
213561048045
213551264708
213560034304
213552425093
213558188919
213569364952
213552428834
213563552912
213560457087
213561854122
213554972659
213564420763
213559164557
213566264710
213557890499
213563814748
213550948607
213560794953
213567337773
213551428921
213559366956
213565824107
213563483809
213558909737
213559858106
213564795254
213568154288
213553378724
213551416372
213559552573
213563656471
213556305346
213568231272
213558305784
213568385357
213567144248
213562931587
213565175668
213551002872
213558035936
213550397197
213556188825
213553179748
213555716350
213552209732
213558635574
213569207388
213557641460
213551107718
213566110362
213569014965
213549072785
213566740808
213555940337
213567213808
213554556724
213567390748
213550207866
213569220518
213560258189
213553380842
213550492269
213564899255
213569415247
213558840941
213564999651
213558084060
213557245615
213549184985
213567637006
213563161806
213563882488
213560580773
213556222600
213551041579
213563457280
213569837033
213560452409
213564293623
213553815262
213552910933
213564214921
213569717088
213564302765
213566550313
213566064760
213557651349
213561972510
213568445109
213557836319
213558243099
213550063316
213554552687
213552357080
213560011259
213551033086
213565502745
213565600965
213569744686
213549537459
213558066279
213561274676
213563719616
213555330231
213567078136
213556000286
213565112434
213554207237
213559007861
213569707555
213562538201
213560583015
213557846500
213566280881
213549355525
213568130953
213561505103
213560533606
213551018486
213565480723
213557752290
213553916100
213554752074
213558691368
213569089136
213562968498
213565561025
213568272705
213561189502
213565268370
213557914830
213562141553
213561660010
213554667725
213567207275
213551059444
213549629195
213565139534
213564601507
213567522982
213561984132
213551994457
213557048852
213566998519
213562606091
213569691099
213561375653
213550825649
213555344781
213550910123
213549338291
213549623465
213565992879
213551863790
213557804028
213569636965
213563721185
213566587781
213552140551
213569189620
213555348844
213553971827
213556357094
213568034521
213558892923
213564532938
213555241696
213556870548
213559925341
213550738221
213566849055
213566535680
213557530327
213552983666
213557606774
213558861057
213555489929
213562088391
213562936393
213552044768
213560400946
213562713170
213569043602
213561245730
213560789477
213563816211
213550724013
213557887931
213569679484
213558585867
213549182385
213554897939
213557641652
213556866611
213564827609
213559967165
213550988051
213569186294
213561646563
213553412219
213566591841
213551873998
213553674503
213569634963
213552826331
213561967456
213566848614
213565158584
213568024212
213568026011
213564450059
213554082516
213554838805
213551076832
213559867400
213555112564
213557964529
213565628179
213567072059
213554900756
213566526248
213567486967
213550539874
213558955632
213568959040
213554720505
213567810220
213560796084
213560484816
213552647038
213552328398
213556233789
213567184586
213565523659
213555463469
213559804100
213557407675
213566233596
213562804817
213549732784
213557165427
213558106802
213556450577
213560547200
213553052460
213567855906
213567838706
213552721817
213557301000
213554577249
213555206353
213561862992
213549235920
213563460753
213567152676
213561878847
213567617438
213560764021
213567892881
213554866563
213558853594
213569338483
213559833928
213568139451
213558815312
213564809419
213568729482
213563684248
213564336229
213561721424
213556352521
213549831010
213557440050
213569242562
213561791046
213565681154
213559053049
213565661466
213549673020
213550471169
213549975287
213557950408
213561093870
213554505709
213567623234
213562271406
213564686948
213554833136
213565682130
213551877324
213565431723
213561953211
213557675100
213553203595
213568197905
213550035531
213550999039
213566563824
213567764468
213552089430
213565568936
213554887529
213552799448
213569450776
213553912206
213556954963
213556156489
213554356663
213555789059
213561786649
213564427756
213551453476
213567222295
213568770433
213565742621
213563124113
213553439547
213549838384
213549406495
213552293608
213553194538
213563587310
213562056699
213567905767
213549824977
213565442653
213550051777
213557995065
213550150932
213565240960
213553013008
213549494638
213563991702
213564727945
213560010867
213557479944
213563053784
213551832289
213563123170
213551067030
213551945424
213558484657
213556734459
213567168778
213559623872
213551941157
213560438124
213566751018
213568395372
213555463159
213566767717
213550126368
213557979714
213565966659
213552556714
213562292982
213559160872
213559127843
213556499286
213559146351
213561889574
213562620972
213549288412
213555653234
213558815391
213551656036
213558178643
213563331298
213553490728
213550566403
213565870818
213568409227
213556877290
213560116982
213561831761
213549202438
213563804934
213553169966
213569766210
213551164773
213555805893
213555528056
213559754970
213551790579
213566405822
213564142817
213568511449
213549175215
213565819383
213560975636
213568134994
213557072265
213558294583
213563589515
213550512282
213561787373
213562717725
213553303465
213552188722
213549279719
213557761010
213552475282
213558150358
213568328148
213558943578
213557478473
213551597124
213555730365
213557465766
213568992143
213561476726
213557756031
213559538156
213562673069
213565943903
213553009597
213563855131
213569470784
213554747049
213564468184
213566263615
213550856713
213560813308
213559884228
213565478076
213564418252
213554845216
213560255890
213556535363
213561061119
213558560652
213555369484
213558173544
213569333222
213558436225
213565087439
213569067739
213559244873
213565064827
213550450733
213551011141
213553931862
213558159469
213560977013
213558118155
213550797163
213552591486
213557988607
213563624552
213552509513
213567434785
213568037510
213559617186
213564183706
213561847554
213550289032
213549854412
213556615045
213557050432
213554049866
213549010162
213552315590
213557569400
213552992220
213561106526
213556576678
213550566168
213549157799
213565254324
213569662605
213558851022
213552343595
213556983608
213556712428
213567556638
213552388879
213553487021
213567991631
213558263816
213565784691
213558557713
213566723958
213563461251
213556697036
213558849088
213549541547
213552128522
213549829982
213549043484
